unsigned char new_firmware_z1[] = {
  0x7f, 0x45, 0x4c, 0x46, 0x01, 0x01, 0x01, 0xff, 0x00, 0x00, 0x00, 0x00,
  0x00, 0x00, 0x00, 0x00, 0x02, 0x00, 0x69, 0x00, 0x01, 0x00, 0x00, 0x00,
  0x00, 0x31, 0x00, 0x00, 0x34, 0x00, 0x00, 0x00, 0x78, 0x71, 0x01, 0x00,
  0x01, 0x00, 0x00, 0x10, 0x34, 0x00, 0x20, 0x00, 0x06, 0x00, 0x28, 0x00,
  0x15, 0x00, 0x12, 0x00, 0x01, 0x00, 0x00, 0x00, 0x00, 0x00, 0x00, 0x00,
  0x0c, 0x30, 0x00, 0x00, 0x0c, 0x30, 0x00, 0x00, 0x62, 0x98, 0x00, 0x00,
  0x62, 0x98, 0x00, 0x00, 0x05, 0x00, 0x00, 0x00, 0x01, 0x00, 0x00, 0x00,
  0x01, 0x00, 0x00, 0x00, 0x64, 0x98, 0x00, 0x00, 0x70, 0xc8, 0x00, 0x00,
  0x70, 0xc8, 0x00, 0x00, 0xfd, 0x35, 0x00, 0x00, 0xfd, 0x35, 0x00, 0x00,
  0x04, 0x00, 0x00, 0x00, 0x01, 0x00, 0x00, 0x00, 0x01, 0x00, 0x00, 0x00,
  0x62, 0xce, 0x00, 0x00, 0x00, 0x11, 0x00, 0x00, 0x6e, 0xfe, 0x00, 0x00,
  0x50, 0x01, 0x00, 0x00, 0x98, 0x17, 0x00, 0x00, 0x06, 0x00, 0x00, 0x00,
  0x01, 0x00, 0x00, 0x00, 0x01, 0x00, 0x00, 0x00, 0xb2, 0xcf, 0x00, 0x00,
  0x98, 0x28, 0x00, 0x00, 0xbe, 0xff, 0x00, 0x00, 0x00, 0x00, 0x00, 0x00,
  0x02, 0x00, 0x00, 0x00, 0x06, 0x00, 0x00, 0x00, 0x01, 0x00, 0x00, 0x00,
  0x01, 0x00, 0x00, 0x00, 0xb2, 0xcf, 0x00, 0x00, 0xc0, 0xff, 0x00, 0x00,
  0xc0, 0xff, 0x00, 0x00, 0x40, 0x00, 0x00, 0x00, 0x40, 0x00, 0x00, 0x00,
  0x05, 0x00, 0x00, 0x00, 0x01, 0x00, 0x00, 0x00, 0x01, 0x00, 0x00, 0x00,
  0xf2, 0xcf, 0x00, 0x00, 0x00, 0x00, 0x01, 0x00, 0x00, 0x00, 0x01, 0x00,
  0x78, 0x4a, 0x00, 0x00, 0x78, 0x4a, 0x00, 0x00, 0x05, 0x00, 0x00, 0x00,
  0x01, 0x00, 0x00, 0x00, 0x55, 0x42, 0x20, 0x01, 0x35, 0xd0, 0x08, 0x5a,
  0x82, 0x45, 0x98, 0x28, 0x31, 0x40, 0x00, 0x31, 0x3f, 0x40, 0x50, 0x01,
  0x0f, 0x93, 0x08, 0x24, 0x92, 0x42, 0x98, 0x28, 0x20, 0x01, 0x2f, 0x83,
  0x9f, 0x4f, 0x6e, 0xfe, 0x00, 0x11, 0xf8, 0x23, 0x3f, 0x40, 0x48, 0x16,
  0x0f, 0x93, 0x07, 0x24, 0x92, 0x42, 0x98, 0x28, 0x20, 0x01, 0x1f, 0x83,
  0xcf, 0x43, 0x50, 0x12, 0xf9, 0x23, 0xb0, 0x13, 0xe4, 0x6a, 0xb0, 0x13,
  0x3a, 0x45, 0xb0, 0x13, 0xda, 0xaa, 0xb0, 0x13, 0x7c, 0x6d, 0x0e, 0x43,
  0x3f, 0x40, 0x3c, 0x11, 0xb0, 0x13, 0x8e, 0x6e, 0xb0, 0x13, 0x34, 0x50,
  0xb1, 0x13, 0x8a, 0x3d, 0xb0, 0x13, 0x2a, 0x51, 0xb0, 0x13, 0xf2, 0xbf,
  0xb0, 0x13, 0xf6, 0x6a, 0xb0, 0x13, 0xdc, 0x6e, 0xb0, 0x13, 0xc2, 0x68,
  0xb0, 0x13, 0x1c, 0x69, 0xb2, 0x90, 0x03, 0x00, 0x60, 0x11, 0x0e, 0x38,
  0x30, 0x12, 0x3a, 0xca, 0x30, 0x12, 0x3f, 0xca, 0x30, 0x12, 0x44, 0xca,
  0xb1, 0x13, 0x88, 0x3e, 0x31, 0x50, 0x06, 0x00, 0x3f, 0x40, 0x53, 0xca,
  0xb1, 0x13, 0xc4, 0x47, 0xb2, 0x90, 0x03, 0x00, 0x60, 0x11, 0x11, 0x38,
  0x30, 0x12, 0x3a, 0xca, 0x30, 0x12, 0x3f, 0xca, 0x30, 0x12, 0x44, 0xca,
  0xb1, 0x13, 0x88, 0x3e, 0x31, 0x50, 0x06, 0x00, 0x12, 0x12, 0x92, 0xc9,
  0x30, 0x12, 0x89, 0xca, 0xb1, 0x13, 0x88, 0x3e, 0x21, 0x52, 0xb2, 0x90,
  0x03, 0x00, 0x60, 0x11, 0x11, 0x38, 0x30, 0x12, 0x3a, 0xca, 0x30, 0x12,
  0x3f, 0xca, 0x30, 0x12, 0x44, 0xca, 0xb1, 0x13, 0x88, 0x3e, 0x31, 0x50,
  0x06, 0x00, 0x12, 0x12, 0xe4, 0xc9, 0x30, 0x12, 0x98, 0xca, 0xb1, 0x13,
  0x88, 0x3e, 0x21, 0x52, 0xb2, 0x90, 0x03, 0x00, 0x60, 0x11, 0x11, 0x38,
  0x30, 0x12, 0x3a, 0xca, 0x30, 0x12, 0x3f, 0xca, 0x30, 0x12, 0x44, 0xca,
  0xb1, 0x13, 0x88, 0x3e, 0x31, 0x50, 0x06, 0x00, 0x12, 0x12, 0x58, 0xc9,
  0x30, 0x12, 0xa3, 0xca, 0xb1, 0x13, 0x88, 0x3e, 0x21, 0x52, 0xb2, 0x90,
  0x03, 0x00, 0x60, 0x11, 0x11, 0x38, 0x30, 0x12, 0x3a, 0xca, 0x30, 0x12,
  0x3f, 0xca, 0x30, 0x12, 0x44, 0xca, 0xb1, 0x13, 0x88, 0x3e, 0x31, 0x50,
  0x06, 0x00, 0x30, 0x12, 0xcd, 0xab, 0x30, 0x12, 0xae, 0xca, 0xb1, 0x13,
  0x88, 0x3e, 0x21, 0x52, 0xb2, 0x90, 0x03, 0x00, 0x60, 0x11, 0x11, 0x38,
  0x30, 0x12, 0x3a, 0xca, 0x30, 0x12, 0x3f, 0xca, 0x30, 0x12, 0x44, 0xca,
  0xb1, 0x13, 0x88, 0x3e, 0x31, 0x50, 0x06, 0x00, 0x30, 0x12, 0x1a, 0x00,
  0x30, 0x12, 0xc8, 0xca, 0xb1, 0x13, 0x88, 0x3e, 0x21, 0x52, 0xb2, 0x90,
  0x03, 0x00, 0x60, 0x11, 0x11, 0x38, 0x30, 0x12, 0x3a, 0xca, 0x30, 0x12,
  0x3f, 0xca, 0x30, 0x12, 0x44, 0xca, 0xb1, 0x13, 0x88, 0x3e, 0x31, 0x50,
  0x06, 0x00, 0x12, 0x12, 0xe6, 0x14, 0x30, 0x12, 0xe8, 0xca, 0xb1, 0x13,
  0x88, 0x3e, 0x21, 0x52, 0xb2, 0x90, 0x03, 0x00, 0x60, 0x11, 0x0f, 0x38,
  0x30, 0x12, 0x3a, 0xca, 0x30, 0x12, 0x3f, 0xca, 0x30, 0x12, 0x44, 0xca,
  0xb1, 0x13, 0x88, 0x3e, 0x31, 0x50, 0x06, 0x00, 0x30, 0x12, 0xf5, 0xca,
  0xb1, 0x13, 0x88, 0x3e, 0x21, 0x53, 0xb2, 0x90, 0x03, 0x00, 0x60, 0x11,
  0x04, 0x38, 0x3f, 0x40, 0xe4, 0x24, 0xb0, 0x13, 0x1a, 0x61, 0xb2, 0x90,
  0x03, 0x00, 0x60, 0x11, 0x04, 0x38, 0x3f, 0x40, 0x0a, 0x00, 0xb1, 0x13,
  0x8a, 0x11, 0x3d, 0x42, 0x3e, 0x40, 0xe4, 0x24, 0x3f, 0x40, 0xb6, 0x27,
  0xb1, 0x13, 0x4c, 0x48, 0x0e, 0x43, 0x3f, 0x40, 0xee, 0x11, 0xb0, 0x13,
  0x8e, 0x6e, 0x7f, 0x43, 0xb1, 0x13, 0xe6, 0x19, 0x0b, 0x4f, 0xb2, 0x90,
  0x03, 0x00, 0x60, 0x11, 0x0f, 0x38, 0x30, 0x12, 0x3a, 0xca, 0x30, 0x12,
  0x3f, 0xca, 0x30, 0x12, 0x44, 0xca, 0xb1, 0x13, 0x88, 0x3e, 0x31, 0x50,
  0x06, 0x00, 0x30, 0x12, 0x0a, 0xcb, 0xb1, 0x13, 0x88, 0x3e, 0x21, 0x53,
  0xb2, 0x90, 0x03, 0x00, 0x60, 0x11, 0x08, 0x38, 0x0b, 0x93, 0x03, 0x24,
  0x0f, 0x4b, 0x2f, 0x53, 0x01, 0x3c, 0x0f, 0x43, 0xb0, 0x13, 0xe8, 0x60,
  0xb2, 0x90, 0x03, 0x00, 0x60, 0x11, 0x04, 0x38, 0x3f, 0x40, 0x0a, 0x00,
  0xb1, 0x13, 0x8a, 0x11, 0xb0, 0x13, 0xb0, 0x6b, 0x3f, 0x40, 0x7e, 0xc9,
  0xb0, 0x13, 0x3a, 0x3a, 0xb1, 0x13, 0x4e, 0x3d, 0xb0, 0x13, 0x98, 0x6d,
  0x0b, 0x4f, 0xb1, 0x13, 0x62, 0x3d, 0x4b, 0x93, 0xf9, 0x23, 0xb0, 0x13,
  0x22, 0x6c, 0xf6, 0x3f, 0x32, 0xd0, 0xf0, 0x00, 0xfd, 0x3f, 0x30, 0x40,
  0x7a, 0x33, 0x00, 0x13, 0x1b, 0x14, 0x0b, 0x43, 0x0a, 0x43, 0x07, 0x3c,
  0x5d, 0x03, 0x0c, 0x10, 0x02, 0x28, 0x0a, 0x5e, 0x0b, 0x6f, 0x0e, 0x5e,
  0x0f, 0x6f, 0x0c, 0x93, 0xf7, 0x23, 0x0d, 0x93, 0xf5, 0x23, 0x0e, 0x4a,
  0x0f, 0x4b, 0x1a, 0x16, 0x10, 0x01, 0x7c, 0x40, 0x10, 0x00, 0x0d, 0x4e,
  0x0e, 0x43, 0x0f, 0x5f, 0x0e, 0x6e, 0x0e, 0x9d, 0x02, 0x28, 0x0e, 0x8d,
  0x1f, 0xd3, 0x1c, 0x83, 0xf8, 0x23, 0x10, 0x01, 0xb0, 0x13, 0xa2, 0x33,
  0x0f, 0x4e, 0x10, 0x01, 0x0d, 0x43, 0x0f, 0x93, 0x04, 0x34, 0x3d, 0x40,
  0x03, 0x00, 0x3f, 0xe3, 0x1f, 0x53, 0x0e, 0x93, 0x03, 0x34, 0x5d, 0xe3,
  0x3e, 0xe3, 0x1e, 0x53, 0x0d, 0x12, 0xb0, 0x13, 0xa2, 0x33, 0x3d, 0x41,
  0x6d, 0xb3, 0x02, 0x24, 0x3e, 0xe3, 0x1e, 0x53, 0x5d, 0xb3, 0x02, 0x24,
  0x3f, 0xe3, 0x1f, 0x53, 0x10, 0x01, 0xb0, 0x13, 0xc4, 0x33, 0x0f, 0x4e,
  0x10, 0x01, 0x2b, 0x14, 0x79, 0x40, 0x20, 0x00, 0x0a, 0x4c, 0x0b, 0x4d,
  0x0c, 0x43, 0x0d, 0x43, 0x0e, 0x5e, 0x0f, 0x6f, 0x0c, 0x6c, 0x0d, 0x6d,
  0x0d, 0x9b, 0x06, 0x28, 0x02, 0x20, 0x0c, 0x9a, 0x03, 0x28, 0x0c, 0x8a,
  0x0d, 0x7b, 0x1e, 0xd3, 0x19, 0x83, 0xf2, 0x23, 0x29, 0x16, 0x10, 0x01,
  0xb0, 0x13, 0xfe, 0x33, 0x0e, 0x4c, 0x0f, 0x4d, 0x10, 0x01, 0x0b, 0x14,
  0x0b, 0x43, 0x0f, 0x93, 0x06, 0x34, 0x3b, 0x40, 0x03, 0x00, 0x3e, 0xe3,
  0x3f, 0xe3, 0x1e, 0x53, 0x0f, 0x63, 0x0d, 0x93, 0x05, 0x34, 0x5b, 0xe3,
  0x3c, 0xe3, 0x3d, 0xe3, 0x1c, 0x53, 0x0d, 0x63, 0xb0, 0x13, 0xfe, 0x33,
  0x6b, 0xb3, 0x04, 0x24, 0x3c, 0xe3, 0x3d, 0xe3, 0x1c, 0x53, 0x0d, 0x63,
  0x5b, 0xb3, 0x04, 0x24, 0x3e, 0xe3, 0x3f, 0xe3, 0x1e, 0x53, 0x0f, 0x63,
  0x0b, 0x16, 0x10, 0x01, 0xb0, 0x13, 0x36, 0x34, 0x0e, 0x4c, 0x0f, 0x4d,
  0x10, 0x01, 0x37, 0x14, 0x30, 0x12, 0x40, 0x00, 0x04, 0x48, 0x05, 0x49,
  0x06, 0x4a, 0x07, 0x4b, 0x08, 0x43, 0x09, 0x43, 0x0a, 0x43, 0x0b, 0x43,
  0x0c, 0x5c, 0x0d, 0x6d, 0x0e, 0x6e, 0x0f, 0x6f, 0x08, 0x68, 0x09, 0x69,
  0x0a, 0x6a, 0x0b, 0x6b, 0x0b, 0x97, 0x0e, 0x28, 0x08, 0x20, 0x0a, 0x96,
  0x0b, 0x28, 0x05, 0x20, 0x09, 0x95, 0x08, 0x28, 0x02, 0x20, 0x08, 0x94,
  0x05, 0x28, 0x08, 0x84, 0x09, 0x75, 0x0a, 0x76, 0x0b, 0x77, 0x1c, 0xd3,
  0x91, 0x83, 0x00, 0x00, 0xe5, 0x23, 0x21, 0x53, 0x34, 0x16, 0x10, 0x01,
  0x3b, 0x14, 0x18, 0x41, 0x14, 0x00, 0x19, 0x41, 0x16, 0x00, 0x1a, 0x41,
  0x18, 0x00, 0x1b, 0x41, 0x1a, 0x00, 0xb0, 0x13, 0x82, 0x34, 0x38, 0x16,
  0x10, 0x01, 0x3b, 0x14, 0x18, 0x41, 0x14, 0x00, 0x19, 0x41, 0x16, 0x00,
  0x1a, 0x41, 0x18, 0x00, 0x1b, 0x41, 0x1a, 0x00, 0xb0, 0x13, 0x82, 0x34,
  0x0c, 0x48, 0x0d, 0x49, 0x0e, 0x4a, 0x0f, 0x4b, 0x38, 0x16, 0x10, 0x01,
  0x4b, 0x14, 0x18, 0x41, 0x18, 0x00, 0x19, 0x41, 0x1a, 0x00, 0x1a, 0x41,
  0x1c, 0x00, 0x1b, 0x41, 0x1e, 0x00, 0xb0, 0x13, 0x82, 0x34, 0x17, 0x41,
  0x20, 0x00, 0x87, 0x48, 0x00, 0x00, 0x87, 0x49, 0x02, 0x00, 0x87, 0x4a,
  0x04, 0x00, 0x87, 0x4b, 0x06, 0x00, 0x47, 0x16, 0x10, 0x01, 0x3f, 0x14,
  0xf2, 0xb0, 0x40, 0x00, 0x23, 0x00, 0x15, 0x24, 0xe2, 0xb2, 0x23, 0x00,
  0x12, 0x20, 0x3f, 0x40, 0x54, 0x12, 0xb0, 0x13, 0xfc, 0xc6, 0x0f, 0x93,
  0x32, 0x24, 0x3d, 0x40, 0x20, 0x00, 0x0e, 0x43, 0x3f, 0x40, 0x54, 0x12,
  0xb0, 0x13, 0xe0, 0xc6, 0x5f, 0x42, 0x23, 0x00, 0x7f, 0xf0, 0xbf, 0xff,
  0x18, 0x3c, 0x5f, 0x42, 0x23, 0x00, 0x4f, 0x93, 0x1b, 0x34, 0xe2, 0xb2,
  0x23, 0x00, 0x18, 0x20, 0x3f, 0x40, 0x5c, 0x12, 0xb0, 0x13, 0xfc, 0xc6,
  0x0f, 0x93, 0x19, 0x24, 0x3d, 0x40, 0x20, 0x00, 0x0e, 0x43, 0x3f, 0x40,
  0x5c, 0x12, 0xb0, 0x13, 0xe0, 0xc6, 0x5f, 0x42, 0x23, 0x00, 0x7f, 0xf0,
  0x7f, 0x00, 0xc2, 0x4f, 0x23, 0x00, 0x3f, 0x40, 0x00, 0x11, 0xb0, 0x13,
  0xc4, 0x6e, 0x04, 0x3c, 0xb0, 0x13, 0x10, 0x41, 0x0f, 0x93, 0x03, 0x24,
  0xb1, 0xc0, 0xf0, 0x00, 0x10, 0x00, 0x3c, 0x16, 0x00, 0x13, 0x3f, 0x14,
  0x5f, 0x42, 0x2b, 0x00, 0x7f, 0xf0, 0x20, 0x00, 0x14, 0x24, 0x3f, 0x40,
  0x64, 0x12, 0xb0, 0x13, 0xfc, 0xc6, 0x0f, 0x93, 0x0e, 0x24, 0x3d, 0x40,
  0x20, 0x00, 0x0e, 0x43, 0x3f, 0x40, 0x64, 0x12, 0xb0, 0x13, 0xe0, 0xc6,
  0x3f, 0x40, 0x02, 0xc9, 0xb0, 0x13, 0xc8, 0xab, 0xb1, 0xc0, 0xf0, 0x00,
  0x10, 0x00, 0xc2, 0x43, 0x2b, 0x00, 0x3c, 0x16, 0x00, 0x13, 0x0f, 0x14,
  0x1f, 0x42, 0x1e, 0x01, 0xe2, 0xb3, 0x1c, 0x00, 0x06, 0x24, 0xd2, 0x53,
  0xbc, 0x24, 0x92, 0x42, 0x94, 0x01, 0xb6, 0x24, 0x05, 0x3c, 0xc2, 0x43,
  0xbc, 0x24, 0x92, 0x42, 0x94, 0x01, 0xbe, 0x24, 0x0f, 0x16, 0x00, 0x13,
  0x3f, 0x14, 0xb1, 0x13, 0x4e, 0x3d, 0x1f, 0x42, 0x2e, 0x01, 0x2f, 0x93,
  0x5d, 0x20, 0xb2, 0xb0, 0x20, 0x00, 0x60, 0x01, 0x0b, 0x24, 0x1e, 0x42,
  0x74, 0x01, 0x1f, 0x42, 0x70, 0x01, 0x1d, 0x42, 0x70, 0x01, 0x0f, 0x9d,
  0xfa, 0x23, 0x0e, 0x8f, 0x1e, 0x93, 0xf1, 0x27, 0x1f, 0x42, 0x70, 0x01,
  0x1e, 0x42, 0x70, 0x01, 0x0f, 0x9e, 0xfa, 0x23, 0x2a, 0x3c, 0xb2, 0x50,
  0x00, 0x01, 0x74, 0x01, 0x1e, 0x42, 0x76, 0x12, 0x1f, 0x42, 0x78, 0x12,
  0x1e, 0x53, 0x0f, 0x63, 0x82, 0x4e, 0x76, 0x12, 0x82, 0x4f, 0x78, 0x12,
  0x1e, 0x42, 0x76, 0x12, 0x1f, 0x42, 0x78, 0x12, 0x3e, 0xf0, 0x7f, 0x00,
  0x0f, 0xf3, 0x0e, 0x93, 0x0e, 0x20, 0x0f, 0x93, 0x0c, 0x20, 0x1e, 0x42,
  0x7a, 0x12, 0x1f, 0x42, 0x7c, 0x12, 0x1e, 0x53, 0x0f, 0x63, 0x82, 0x4e,
  0x7a, 0x12, 0x82, 0x4f, 0x7c, 0x12, 0xb0, 0x13, 0x2c, 0x51, 0x1f, 0x42,
  0x70, 0x01, 0x1e, 0x42, 0x70, 0x01, 0x0f, 0x9e, 0xfa, 0x23, 0x82, 0x4f,
  0x74, 0x12, 0x1f, 0x42, 0x74, 0x12, 0x1f, 0x82, 0x74, 0x01, 0x0f, 0x93,
  0xce, 0x37, 0xb0, 0x13, 0xde, 0x52, 0x0f, 0x93, 0x11, 0x24, 0xb0, 0x13,
  0xea, 0x52, 0x1c, 0x42, 0x76, 0x12, 0x1d, 0x42, 0x78, 0x12, 0x3c, 0xe3,
  0x3d, 0xe3, 0x0c, 0x5e, 0x0d, 0x6f, 0x0d, 0x93, 0x05, 0x34, 0xb0, 0x13,
  0x9e, 0x51, 0xb1, 0xc0, 0xf0, 0x00, 0x10, 0x00, 0xb1, 0x13, 0x74, 0x3d,
  0x3c, 0x16, 0x00, 0x13, 0x2f, 0x14, 0xf2, 0xb2, 0x07, 0x00, 0x19, 0x24,
  0x5e, 0x42, 0xc4, 0x24, 0x4e, 0x93, 0x06, 0x20, 0xe2, 0xd2, 0xd9, 0x00,
  0x5f, 0x42, 0x07, 0x00, 0x7f, 0xc2, 0x30, 0x3c, 0x5f, 0x42, 0x66, 0x24,
  0x4f, 0x4f, 0x4d, 0x4e, 0x8d, 0x11, 0x0f, 0x8d, 0x1f, 0x52, 0xc2, 0x24,
  0x6f, 0x4f, 0xc2, 0x4f, 0xdf, 0x00, 0x7e, 0x53, 0xc2, 0x4e, 0xc4, 0x24,
  0x23, 0x3c, 0x5f, 0x42, 0x07, 0x00, 0x6f, 0xf2, 0x1f, 0x24, 0x5f, 0x42,
  0x67, 0x24, 0x5d, 0x42, 0xde, 0x00, 0x4f, 0x4f, 0x5e, 0x42, 0xc1, 0x24,
  0x8e, 0x11, 0x0f, 0x8e, 0x1f, 0x52, 0xcc, 0x24, 0xcf, 0x4d, 0x00, 0x00,
  0x5f, 0x42, 0xc1, 0x24, 0x7f, 0x53, 0xc2, 0x4f, 0xc1, 0x24, 0x5f, 0x93,
  0x0b, 0x20, 0x5f, 0x42, 0x67, 0x24, 0x5f, 0x93, 0x02, 0x24, 0xe2, 0xd2,
  0xd9, 0x00, 0x5f, 0x42, 0x07, 0x00, 0x6f, 0xc2, 0xc2, 0x4f, 0x07, 0x00,
  0x2d, 0x16, 0x00, 0x13, 0x0f, 0x14, 0xf2, 0xb2, 0xdd, 0x00, 0x04, 0x24,
  0xe2, 0xd2, 0xd9, 0x00, 0xf2, 0xc2, 0xdd, 0x00, 0x0f, 0x16, 0x00, 0x13,
  0x3f, 0x14, 0xb1, 0x13, 0x4e, 0x3d, 0xb0, 0x13, 0xe0, 0xaa, 0xb0, 0x13,
  0x24, 0x6e, 0x0f, 0x93, 0x04, 0x24, 0x03, 0x38, 0xb1, 0xc0, 0xf0, 0x00,
  0x10, 0x00, 0xb1, 0x13, 0x74, 0x3d, 0x3c, 0x16, 0x00, 0x13, 0x3f, 0x14,
  0xe2, 0xb2, 0x65, 0x00, 0x03, 0x24, 0x5f, 0x42, 0x66, 0x00, 0x0c, 0x3c,
  0x5f, 0x42, 0x66, 0x00, 0x2e, 0x00, 0x7e, 0x22, 0xde, 0x03, 0x06, 0x24,
  0x4e, 0x13, 0x0f, 0x93, 0x03, 0x24, 0xb1, 0xc0, 0xf0, 0x00, 0x10, 0x00,
  0x3c, 0x16, 0x00, 0x13, 0x82, 0x43, 0x20, 0x01, 0x00, 0x13, 0x3f, 0x50,
  0x7f, 0xff, 0x2f, 0x93, 0x03, 0x2c, 0x5f, 0x42, 0x4c, 0x24, 0x10, 0x01,
  0x0f, 0x43, 0x10, 0x01, 0x21, 0x83, 0xc1, 0x4f, 0x00, 0x00, 0xc1, 0x4e,
  0x01, 0x00, 0x7f, 0x40, 0x53, 0x00, 0xb0, 0x13, 0x36, 0x5c, 0xb0, 0x13,
  0xa4, 0x5c, 0x4f, 0x93, 0xfc, 0x23, 0x0e, 0x41, 0x6f, 0x43, 0xb0, 0x13,
  0xd0, 0x5c, 0xb0, 0x13, 0xa4, 0x5c, 0x4f, 0x93, 0xfc, 0x23, 0x21, 0x53,
  0x10, 0x01, 0x1b, 0x14, 0x4b, 0x4f, 0x0a, 0x4e, 0x7f, 0x40, 0x53, 0x00,
  0xb0, 0x13, 0x36, 0x5c, 0xb0, 0x13, 0xa4, 0x5c, 0x4f, 0x93, 0xfc, 0x23,
  0x0e, 0x4a, 0x4f, 0x4b, 0xb0, 0x13, 0xd0, 0x5c, 0xb0, 0x13, 0xa4, 0x5c,
  0x4f, 0x93, 0xfc, 0x23, 0x1a, 0x16, 0x10, 0x01, 0x21, 0x83, 0xc1, 0x43,
  0x01, 0x00, 0xc1, 0x4f, 0x00, 0x00, 0x7f, 0x40, 0x53, 0x00, 0xb0, 0x13,
  0x36, 0x5c, 0xb0, 0x13, 0xa4, 0x5c, 0x4f, 0x93, 0xfc, 0x23, 0x0e, 0x41,
  0x5f, 0x43, 0xb0, 0x13, 0xd0, 0x5c, 0xb0, 0x13, 0xa4, 0x5c, 0x4f, 0x93,
  0xfc, 0x23, 0x7f, 0x40, 0x53, 0x00, 0xb0, 0x13, 0x00, 0x5c, 0xb0, 0x13,
  0xa4, 0x5c, 0x4f, 0x93, 0xfc, 0x23, 0x0e, 0x41, 0x1e, 0x53, 0x5f, 0x43,
  0xb0, 0x13, 0x66, 0x5c, 0xb0, 0x13, 0xa4, 0x5c, 0x4f, 0x93, 0xfc, 0x23,
  0x5f, 0x41, 0x01, 0x00, 0x21, 0x53, 0x10, 0x01, 0x0b, 0x14, 0x0b, 0x4f,
  0x7e, 0x90, 0x82, 0xff, 0x13, 0x20, 0x7f, 0x40, 0x30, 0x00, 0xb0, 0x13,
  0x48, 0x38, 0x4e, 0x4f, 0x1e, 0xb2, 0x50, 0x12, 0x03, 0x24, 0x2e, 0x00,
  0xb0, 0x24, 0x05, 0x3c, 0x1e, 0xb2, 0x52, 0x12, 0x05, 0x24, 0x2e, 0x00,
  0xac, 0x24, 0xde, 0x03, 0x01, 0x24, 0x4e, 0x13, 0x2f, 0x4b, 0x0f, 0x93,
  0x04, 0x24, 0x3f, 0x90, 0x3f, 0x01, 0x05, 0x20, 0x09, 0x3c, 0xbb, 0x40,
  0x3f, 0x01, 0x00, 0x00, 0x05, 0x3c, 0x8b, 0x43, 0x00, 0x00, 0x7f, 0x40,
  0x03, 0x00, 0x01, 0x3c, 0x5f, 0x43, 0x0b, 0x16, 0x10, 0x01, 0x21, 0x82,
  0x7f, 0x50, 0x32, 0x00, 0xc1, 0x4f, 0x02, 0x00, 0x7f, 0x40, 0x53, 0x00,
  0xb0, 0x13, 0x36, 0x5c, 0xb0, 0x13, 0xa4, 0x5c, 0x4f, 0x93, 0xfc, 0x23,
  0x0e, 0x41, 0x2e, 0x53, 0x5f, 0x43, 0xb0, 0x13, 0xd0, 0x5c, 0xb0, 0x13,
  0xa4, 0x5c, 0x4f, 0x93, 0xfc, 0x23, 0x7f, 0x40, 0x53, 0x00, 0xb0, 0x13,
  0x00, 0x5c, 0xb0, 0x13, 0xa4, 0x5c, 0x4f, 0x93, 0xfc, 0x23, 0x0e, 0x41,
  0x6f, 0x43, 0xb0, 0x13, 0x66, 0x5c, 0xb0, 0x13, 0xa4, 0x5c, 0x4f, 0x93,
  0xfc, 0x23, 0x5f, 0x41, 0x01, 0x00, 0x8f, 0x10, 0x6e, 0x41, 0x0f, 0xde,
  0x21, 0x52, 0x10, 0x01, 0xc2, 0x93, 0x4c, 0x24, 0x0a, 0x24, 0x0f, 0x93,
  0x05, 0x24, 0x2f, 0x93, 0x03, 0x24, 0x2f, 0x92, 0x01, 0x24, 0x03, 0x3c,
  0xb0, 0x13, 0xf2, 0x38, 0x10, 0x01, 0x3f, 0x43, 0x10, 0x01, 0x0b, 0x14,
  0xcf, 0x03, 0x60, 0x0f, 0xb0, 0x24, 0x60, 0x0f, 0xac, 0x24, 0xf2, 0xf0,
  0x3f, 0x00, 0x22, 0x00, 0xf2, 0xf0, 0x3f, 0x00, 0x26, 0x00, 0xf2, 0xf0,
  0x3f, 0x00, 0x41, 0x00, 0xb0, 0x13, 0xae, 0x5c, 0x3e, 0x40, 0x38, 0x12,
  0x7f, 0x40, 0x0f, 0x00, 0xb0, 0x13, 0x1e, 0x38, 0x3b, 0x40, 0x47, 0x12,
  0x0e, 0x4b, 0x7f, 0x40, 0x05, 0x00, 0xb0, 0x13, 0x1e, 0x38, 0x5e, 0x4b,
  0x05, 0x00, 0x7f, 0x40, 0x31, 0x00, 0xb0, 0x13, 0xf0, 0x37, 0x5e, 0x4b,
  0x06, 0x00, 0x7f, 0x40, 0x38, 0x00, 0xb0, 0x13, 0xf0, 0x37, 0x0e, 0x43,
  0x3f, 0x40, 0x00, 0x11, 0xb0, 0x13, 0x8e, 0x6e, 0x32, 0xc2, 0x03, 0x43,
  0xf2, 0xf0, 0x3f, 0x00, 0x24, 0x00, 0xf2, 0xd0, 0xc0, 0xff, 0x25, 0x00,
  0x32, 0xd2, 0xd2, 0x43, 0x4c, 0x24, 0x0b, 0x16, 0x10, 0x01, 0x32, 0xc2,
  0x03, 0x43, 0xf2, 0xf0, 0x3f, 0x00, 0x25, 0x00, 0x5e, 0x42, 0x52, 0x12,
  0x5e, 0xd2, 0x50, 0x12, 0x7e, 0xe3, 0x7f, 0x40, 0x2e, 0x00, 0xb0, 0x13,
  0xf0, 0x37, 0x5e, 0x42, 0x52, 0x12, 0x7e, 0xe3, 0x7f, 0x40, 0x2f, 0x00,
  0xb0, 0x13, 0xf0, 0x37, 0x32, 0xd2, 0xc2, 0x43, 0x4c, 0x24, 0x10, 0x01,
  0x0b, 0x14, 0x0b, 0x4e, 0x3f, 0x90, 0x81, 0x00, 0x0b, 0x20, 0x0e, 0x93,
  0x03, 0x24, 0xb0, 0x13, 0x6a, 0x39, 0x02, 0x3c, 0xb0, 0x13, 0xe2, 0x39,
  0xc2, 0x4b, 0x4c, 0x24, 0x0f, 0x43, 0x01, 0x3c, 0x3f, 0x43, 0x0b, 0x16,
  0x10, 0x01, 0x0b, 0x14, 0x0b, 0x4f, 0x03, 0x3c, 0x0e, 0x43, 0xb0, 0x13,
  0x8e, 0x6e, 0x3f, 0x4b, 0x0f, 0x93, 0xfa, 0x23, 0x0b, 0x16, 0x10, 0x01,
  0x3f, 0x50, 0x7f, 0xff, 0x2f, 0x93, 0x06, 0x2c, 0x5f, 0x42, 0x2d, 0x00,
  0x7f, 0xf0, 0x20, 0x00, 0x4f, 0x4f, 0x10, 0x01, 0x0f, 0x43, 0x10, 0x01,
  0xf2, 0xb0, 0x20, 0x00, 0x28, 0x00, 0x0a, 0x20, 0x3f, 0x40, 0x64, 0x12,
  0xb0, 0x13, 0xfc, 0xc6, 0x1e, 0x43, 0x0f, 0x93, 0x01, 0x24, 0x0e, 0x43,
  0x0f, 0x4e, 0x10, 0x01, 0x1f, 0x43, 0x10, 0x01, 0x3f, 0x90, 0x81, 0x00,
  0x20, 0x20, 0x5f, 0x42, 0x2d, 0x00, 0x0e, 0x93, 0x17, 0x24, 0x7f, 0xf0,
  0x20, 0x00, 0x1b, 0x20, 0x0d, 0x43, 0x0e, 0x43, 0x3f, 0x40, 0x64, 0x12,
  0xb0, 0x13, 0xe0, 0xc6, 0xf2, 0xd0, 0x20, 0x00, 0x2c, 0x00, 0xf2, 0xf0,
  0xdf, 0xff, 0x2e, 0x00, 0xf2, 0xf0, 0xdf, 0xff, 0x2a, 0x00, 0x5f, 0x42,
  0x2d, 0x00, 0x7f, 0xd0, 0x20, 0x00, 0x02, 0x3c, 0x7f, 0xf0, 0xdf, 0xff,
  0xc2, 0x4f, 0x2d, 0x00, 0x02, 0x3c, 0x0f, 0x43, 0x10, 0x01, 0x1f, 0x43,
  0x10, 0x01, 0xb0, 0x13, 0xc0, 0xbf, 0xd2, 0xd3, 0x1a, 0x00, 0xf2, 0xd0,
  0x20, 0x00, 0x1e, 0x00, 0xf2, 0xd0, 0x40, 0x00, 0x1e, 0x00, 0xd2, 0xd3,
  0x19, 0x00, 0x10, 0x01, 0x1f, 0x43, 0x10, 0x01, 0x1f, 0x43, 0x10, 0x01,
  0xd2, 0xc3, 0x19, 0x00, 0xf2, 0xb2, 0x03, 0x00, 0xfd, 0x27, 0xc2, 0x4f,
  0x6f, 0x00, 0xd2, 0xb3, 0x6d, 0x00, 0xfd, 0x23, 0xd2, 0xd3, 0x19, 0x00,
  0x10, 0x01, 0xd2, 0xc3, 0x19, 0x00, 0xf2, 0xb2, 0x03, 0x00, 0xfd, 0x27,
  0x3f, 0xd0, 0x40, 0x00, 0xc2, 0x4f, 0x6f, 0x00, 0xd2, 0xb3, 0x6d, 0x00,
  0xfd, 0x23, 0x5f, 0x42, 0x6e, 0x00, 0xc2, 0x43, 0x6f, 0x00, 0xe2, 0xb2,
  0x03, 0x00, 0xfd, 0x27, 0x5e, 0x42, 0x6e, 0x00, 0x4e, 0x4e, 0x8e, 0x10,
  0xc2, 0x43, 0x6f, 0x00, 0xe2, 0xb2, 0x03, 0x00, 0xfd, 0x27, 0x5f, 0x42,
  0x6e, 0x00, 0xd2, 0xd3, 0x19, 0x00, 0x4f, 0x4f, 0x0f, 0xde, 0x10, 0x01,
  0xd2, 0xc3, 0x19, 0x00, 0xf2, 0xb2, 0x03, 0x00, 0xfd, 0x27, 0xc2, 0x4f,
  0x6f, 0x00, 0xf2, 0xb2, 0x03, 0x00, 0xfd, 0x27, 0x0f, 0x4e, 0x8f, 0x10,
  0x4f, 0x4f, 0xc2, 0x4f, 0x6f, 0x00, 0xf2, 0xb2, 0x03, 0x00, 0xfd, 0x27,
  0xc2, 0x4e, 0x6f, 0x00, 0xd2, 0xb3, 0x6d, 0x00, 0xfd, 0x23, 0xf2, 0xb2,
  0x03, 0x00, 0xfd, 0x27, 0xc2, 0x43, 0x6f, 0x00, 0xd2, 0xb3, 0x6d, 0x00,
  0xfd, 0x23, 0xd2, 0xd3, 0x19, 0x00, 0x10, 0x01, 0x0b, 0x14, 0xd2, 0xc3,
  0x19, 0x00, 0xf2, 0xb2, 0x03, 0x00, 0xfd, 0x27, 0x0b, 0x4e, 0x3b, 0xd0,
  0x80, 0x00, 0xc2, 0x4b, 0x6f, 0x00, 0xf2, 0xb2, 0x03, 0x00, 0xfd, 0x27,
  0x5e, 0x03, 0x3e, 0xf0, 0xc0, 0x00, 0xc2, 0x4e, 0x6f, 0x00, 0x0c, 0x93,
  0x09, 0x24, 0x0d, 0x3c, 0xf2, 0xb2, 0x03, 0x00, 0xfd, 0x27, 0x0b, 0x5f,
  0xe2, 0x4b, 0x6f, 0x00, 0x5e, 0x53, 0x01, 0x3c, 0x4e, 0x43, 0x4b, 0x4e,
  0x0b, 0x9d, 0xf4, 0x2b, 0x0f, 0x3c, 0x4d, 0x4d, 0x0e, 0x43, 0x09, 0x3c,
  0xf2, 0xb2, 0x03, 0x00, 0xfd, 0x27, 0x4c, 0x4c, 0x0c, 0x5f, 0xd2, 0x4c,
  0xff, 0xff, 0x6f, 0x00, 0x1e, 0x53, 0x4c, 0x4d, 0x4c, 0x8e, 0xf4, 0x23,
  0xd2, 0xb3, 0x6d, 0x00, 0xfd, 0x23, 0xd2, 0xd3, 0x19, 0x00, 0x0b, 0x16,
  0x10, 0x01, 0x0b, 0x14, 0xd2, 0xc3, 0x19, 0x00, 0xf2, 0xb2, 0x03, 0x00,
  0xfd, 0x27, 0xf2, 0x40, 0x3e, 0x00, 0x6f, 0x00, 0x4d, 0x43, 0x07, 0x3c,
  0xf2, 0xb2, 0x03, 0x00, 0xfd, 0x27, 0x0b, 0x5f, 0xe2, 0x4b, 0x6f, 0x00,
  0x5d, 0x53, 0x4b, 0x4d, 0x0b, 0x9e, 0xf6, 0x2b, 0xd2, 0xb3, 0x6d, 0x00,
  0xfd, 0x23, 0xd2, 0xd3, 0x19, 0x00, 0x0b, 0x16, 0x10, 0x01, 0xd2, 0xc3,
  0x19, 0x00, 0xf2, 0xb2, 0x03, 0x00, 0xfd, 0x27, 0xc2, 0x43, 0x6f, 0x00,
  0xd2, 0xb3, 0x6d, 0x00, 0xfd, 0x23, 0x5f, 0x42, 0x6e, 0x00, 0xd2, 0xd3,
  0x19, 0x00, 0x10, 0x01, 0x5f, 0x42, 0x4d, 0x24, 0x4f, 0x93, 0x02, 0x20,
  0xe2, 0xd2, 0x25, 0x00, 0x3f, 0x40, 0x03, 0x00, 0xb0, 0x13, 0xf8, 0x3a,
  0xd2, 0x43, 0x51, 0x24, 0x10, 0x01, 0x5f, 0x42, 0x1c, 0x00, 0x5f, 0x03,
  0x1f, 0xf3, 0x10, 0x01, 0x5f, 0x42, 0x20, 0x00, 0x5f, 0x07, 0x1f, 0xf3,
  0x10, 0x01, 0x0b, 0x14, 0xb0, 0x13, 0xc6, 0xaa, 0x3b, 0x40, 0x34, 0xf3,
  0x0b, 0x8f, 0xb0, 0x13, 0x46, 0x3c, 0x7f, 0xf2, 0x05, 0x24, 0xb0, 0x13,
  0xc6, 0xaa, 0x0f, 0x5b, 0x0f, 0x93, 0xf7, 0x3b, 0x0b, 0x16, 0x10, 0x01,
  0x1b, 0x14, 0x4a, 0x4f, 0xb0, 0x13, 0xc6, 0xaa, 0x3b, 0x40, 0x34, 0xf3,
  0x0b, 0x8f, 0xb0, 0x13, 0x46, 0x3c, 0x4f, 0xba, 0x05, 0x20, 0xb0, 0x13,
  0xc6, 0xaa, 0x0f, 0x5b, 0x0f, 0x93, 0xf7, 0x3b, 0x1a, 0x16, 0x10, 0x01,
  0x0b, 0x14, 0xd2, 0xc3, 0x19, 0x00, 0xf2, 0xb2, 0x03, 0x00, 0xfd, 0x27,
  0xf2, 0x40, 0x7f, 0x00, 0x6f, 0x00, 0xd2, 0xb3, 0x6d, 0x00, 0xfd, 0x23,
  0x5d, 0x42, 0x6e, 0x00, 0x4d, 0x43, 0x0c, 0x3c, 0xc2, 0x43, 0x6f, 0x00,
  0xe2, 0xb2, 0x03, 0x00, 0xfd, 0x27, 0x5b, 0x42, 0x6e, 0x00, 0x4c, 0x4d,
  0x0c, 0x5f, 0xcc, 0x4b, 0x00, 0x00, 0x5d, 0x53, 0x4c, 0x4d, 0x0c, 0x9e,
  0xf1, 0x3b, 0x1f, 0x43, 0xb0, 0x13, 0x62, 0x45, 0xd2, 0xd3, 0x19, 0x00,
  0x0b, 0x16, 0x10, 0x01, 0x21, 0x83, 0x1e, 0x43, 0x0f, 0x41, 0xb0, 0x13,
  0xd8, 0x3c, 0x3f, 0x42, 0xb0, 0x13, 0xf8, 0x3a, 0x3f, 0x42, 0xb0, 0x13,
  0xf8, 0x3a, 0x21, 0x53, 0x10, 0x01, 0xc2, 0x43, 0x51, 0x24, 0xb0, 0x13,
  0x92, 0x3c, 0x3f, 0x40, 0x06, 0x00, 0xb0, 0x13, 0xf8, 0x3a, 0x5f, 0x42,
  0x4d, 0x24, 0x4f, 0x93, 0x02, 0x20, 0xe2, 0xc2, 0x25, 0x00, 0xe2, 0xb2,
  0x20, 0x00, 0x02, 0x20, 0xb0, 0x13, 0x24, 0x3d, 0x10, 0x01, 0xd2, 0x93,
  0x4e, 0x24, 0x0e, 0x20, 0xc2, 0x93, 0x4f, 0x24, 0x04, 0x24, 0xb0, 0x13,
  0x64, 0x3c, 0xc2, 0x43, 0x4f, 0x24, 0xc2, 0x93, 0x50, 0x24, 0x04, 0x24,
  0xb0, 0x13, 0x3e, 0x3d, 0xc2, 0x43, 0x50, 0x24, 0xf2, 0x53, 0x4e, 0x24,
  0x10, 0x01, 0x0b, 0x14, 0x4b, 0x4f, 0xd2, 0x53, 0x4e, 0x24, 0x3f, 0x40,
  0x11, 0x00, 0xb0, 0x13, 0x12, 0x3b, 0x0e, 0x4f, 0x4b, 0x93, 0x03, 0x24,
  0x3e, 0xd0, 0x00, 0x08, 0x02, 0x3c, 0x3e, 0xf0, 0xff, 0xf7, 0x3f, 0x40,
  0x11, 0x00, 0xb0, 0x13, 0x58, 0x3b, 0xb0, 0x13, 0x66, 0x3d, 0x0b, 0x16,
  0x10, 0x01, 0x0b, 0x14, 0x4b, 0x4f, 0xd2, 0x53, 0x4e, 0x24, 0x3f, 0x40,
  0x11, 0x00, 0xb0, 0x13, 0x12, 0x3b, 0x0e, 0x4f, 0x4b, 0x93, 0x03, 0x24,
  0x3e, 0xd0, 0x10, 0x00, 0x02, 0x3c, 0x3e, 0xf0, 0xef, 0xff, 0x3f, 0x40,
  0x11, 0x00, 0xb0, 0x13, 0x58, 0x3b, 0xb0, 0x13, 0x66, 0x3d, 0x0b, 0x16,
  0x10, 0x01, 0xd2, 0x53, 0x4e, 0x24, 0xc2, 0x4f, 0x4d, 0x24, 0x4f, 0x93,
  0x05, 0x24, 0xe2, 0xc2, 0x23, 0x00, 0xe2, 0xc2, 0x25, 0x00, 0x08, 0x3c,
  0xe2, 0xc2, 0x24, 0x00, 0xe2, 0xc2, 0x23, 0x00, 0xe2, 0xd2, 0x25, 0x00,
  0xe2, 0xc2, 0x23, 0x00, 0xb0, 0x13, 0x66, 0x3d, 0x10, 0x01, 0x1b, 0x14,
  0x21, 0x83, 0x0a, 0x4f, 0x0b, 0x4e, 0x3e, 0x90, 0x7e, 0x00, 0x16, 0x2c,
  0xd2, 0x53, 0x4e, 0x24, 0x3f, 0x40, 0x09, 0x00, 0xb0, 0x13, 0xf8, 0x3a,
  0x4f, 0x4b, 0x6f, 0x53, 0xc1, 0x4f, 0x00, 0x00, 0x1e, 0x43, 0x0f, 0x41,
  0xb0, 0x13, 0x0e, 0x3c, 0x0e, 0x4b, 0x0f, 0x4a, 0xb0, 0x13, 0x0e, 0x3c,
  0xb0, 0x13, 0x66, 0x3d, 0x0f, 0x43, 0x01, 0x3c, 0x1f, 0x43, 0x21, 0x53,
  0x1a, 0x16, 0x10, 0x01, 0xc2, 0x93, 0x51, 0x24, 0x0c, 0x20, 0xc2, 0x93,
  0x4e, 0x24, 0x03, 0x24, 0xd2, 0x43, 0x4f, 0x24, 0x06, 0x3c, 0xd2, 0x43,
  0x4e, 0x24, 0xb0, 0x13, 0x64, 0x3c, 0xb0, 0x13, 0x66, 0x3d, 0x1f, 0x43,
  0x10, 0x01, 0x3f, 0x90, 0x7d, 0x00, 0x01, 0x24, 0x2d, 0x2c, 0xd2, 0x53,
  0x4e, 0x24, 0xc2, 0x93, 0x4e, 0x12, 0x0a, 0x24, 0x3f, 0x40, 0x03, 0x00,
  0xb0, 0x13, 0xf8, 0x3a, 0x6f, 0x43, 0xb0, 0x13, 0xb4, 0x3c, 0x3f, 0x40,
  0x05, 0x00, 0x01, 0x3c, 0x2f, 0x42, 0xb0, 0x13, 0xf8, 0x3a, 0x3f, 0x40,
  0x16, 0x05, 0xe2, 0xb3, 0x1c, 0x00, 0x13, 0x24, 0xb0, 0x13, 0x46, 0x3c,
  0x7f, 0xf2, 0x04, 0x20, 0xb0, 0x13, 0x66, 0x3d, 0x2f, 0x43, 0x10, 0x01,
  0xb0, 0x13, 0x92, 0x3c, 0xc2, 0x93, 0x51, 0x24, 0x02, 0x20, 0xb0, 0x13,
  0x3e, 0x3d, 0xb0, 0x13, 0x66, 0x3d, 0x0f, 0x43, 0x10, 0x01, 0x3f, 0x53,
  0xe8, 0x23, 0xee, 0x3f, 0x1f, 0x43, 0x10, 0x01, 0x0b, 0x14, 0x0b, 0x4e,
  0xb0, 0x13, 0x1a, 0x3e, 0x0f, 0x4b, 0xb0, 0x13, 0x7e, 0x3e, 0x0b, 0x16,
  0x10, 0x01, 0xc2, 0x93, 0x51, 0x24, 0x13, 0x24, 0xc2, 0x93, 0x4e, 0x24,
  0x03, 0x24, 0xd2, 0x43, 0x50, 0x24, 0x0d, 0x3c, 0xd2, 0x43, 0x4e, 0x24,
  0xb0, 0x13, 0x46, 0x3c, 0x7f, 0xf2, 0x03, 0x24, 0xd2, 0x43, 0x50, 0x24,
  0x02, 0x3c, 0xb0, 0x13, 0x3e, 0x3d, 0xb0, 0x13, 0x66, 0x3d, 0x1f, 0x43,
  0x10, 0x01, 0x1b, 0x14, 0xc2, 0x93, 0x4e, 0x24, 0x01, 0x24, 0x13, 0x3c,
  0xd2, 0x43, 0x4e, 0x24, 0xc2, 0x93, 0x51, 0x24, 0x04, 0x20, 0xb0, 0x13,
  0x5c, 0x3e, 0x1a, 0x43, 0x01, 0x3c, 0x0a, 0x43, 0xc2, 0x93, 0x51, 0x24,
  0x08, 0x20, 0xb0, 0x13, 0x66, 0x3d, 0x0a, 0x93, 0x02, 0x24, 0xb0, 0x13,
  0xf6, 0x3e, 0x1b, 0x43, 0x0d, 0x3c, 0x6f, 0x43, 0xb0, 0x13, 0xb4, 0x3c,
  0x5b, 0x42, 0x20, 0x00, 0x5b, 0x0f, 0x1b, 0xf3, 0x0a, 0x93, 0x02, 0x24,
  0xb0, 0x13, 0xf6, 0x3e, 0xb0, 0x13, 0x66, 0x3d, 0x0f, 0x4b, 0x1a, 0x16,
  0x10, 0x01, 0x1b, 0x14, 0x21, 0x82, 0x0b, 0x4f, 0x0a, 0x4e, 0xe2, 0xb2,
  0x20, 0x00, 0x52, 0x24, 0xd2, 0x53, 0x4e, 0x24, 0x1e, 0x43, 0x0f, 0x41,
  0x2f, 0x53, 0xb0, 0x13, 0xd8, 0x3c, 0x5d, 0x41, 0x02, 0x00, 0x4d, 0x93,
  0x43, 0x38, 0x7d, 0x90, 0x03, 0x00, 0x40, 0x28, 0x4e, 0x4d, 0x2e, 0x83,
  0x0a, 0x9e, 0x3c, 0x28, 0x0f, 0x4b, 0xb0, 0x13, 0xd8, 0x3c, 0x2e, 0x43,
  0x0f, 0x41, 0xb0, 0x13, 0xd8, 0x3c, 0x5f, 0x41, 0x01, 0x00, 0x4f, 0x93,
  0x18, 0x34, 0x6e, 0x41, 0x7e, 0x50, 0xd3, 0xff, 0xc2, 0x4e, 0xb4, 0x24,
  0x7f, 0xf0, 0x7f, 0x00, 0xc2, 0x4f, 0xb8, 0x24, 0x5f, 0x42, 0x4d, 0x24,
  0x4f, 0x93, 0x0d, 0x20, 0x8e, 0x11, 0x6f, 0x42, 0xb0, 0x13, 0x9e, 0x6a,
  0x5e, 0x42, 0xb8, 0x24, 0x7f, 0x40, 0x03, 0x00, 0xb0, 0x13, 0x9e, 0x6a,
  0x02, 0x3c, 0xe1, 0x43, 0x02, 0x00, 0x5f, 0x42, 0x4d, 0x24, 0x4f, 0x93,
  0x0d, 0x20, 0xe2, 0xb2, 0x20, 0x00, 0x0a, 0x24, 0xf2, 0xb2, 0x20, 0x00,
  0x03, 0x20, 0xb0, 0x13, 0x24, 0x3d, 0x04, 0x3c, 0x3f, 0x40, 0x0c, 0x11,
  0xb0, 0x13, 0xc4, 0x6e, 0xb0, 0x13, 0x66, 0x3d, 0x5f, 0x41, 0x02, 0x00,
  0x2f, 0x83, 0x05, 0x3c, 0xb0, 0x13, 0x24, 0x3d, 0xb0, 0x13, 0x66, 0x3d,
  0x0f, 0x43, 0x21, 0x52, 0x1a, 0x16, 0x10, 0x01, 0x0b, 0x14, 0x0b, 0x4f,
  0x2f, 0x4f, 0x0f, 0x93, 0x04, 0x24, 0x3f, 0x90, 0x81, 0x03, 0x15, 0x20,
  0x1b, 0x3c, 0xbb, 0x40, 0x81, 0x03, 0x00, 0x00, 0x15, 0x3c, 0x7e, 0x90,
  0x82, 0xff, 0x12, 0x20, 0xb0, 0x13, 0x1c, 0x6a, 0xb0, 0x13, 0x66, 0x69,
  0x3e, 0x40, 0x80, 0x00, 0xb0, 0x13, 0x7a, 0x3f, 0xb0, 0x13, 0x4a, 0x69,
  0x80, 0x13, 0x62, 0xc9, 0xec, 0x3f, 0x8b, 0x43, 0x00, 0x00, 0x7f, 0x40,
  0x03, 0x00, 0x07, 0x3c, 0x5f, 0x43, 0x05, 0x3c, 0x5f, 0x42, 0x4d, 0x24,
  0x4f, 0x93, 0xe5, 0x27, 0xf9, 0x3f, 0x0b, 0x16, 0x10, 0x01, 0x0b, 0x14,
  0x0b, 0x4f, 0xd2, 0x53, 0x4e, 0x24, 0x82, 0x4f, 0x72, 0x12, 0xb0, 0x13,
  0x92, 0x3c, 0x0e, 0x4b, 0x5e, 0x06, 0x0e, 0x5b, 0x3e, 0x50, 0x2e, 0x41,
  0x3f, 0x40, 0x18, 0x00, 0xb0, 0x13, 0x58, 0x3b, 0xc2, 0x93, 0x51, 0x24,
  0x04, 0x24, 0x3f, 0x40, 0x03, 0x00, 0xb0, 0x13, 0xf8, 0x3a, 0xb0, 0x13,
  0x66, 0x3d, 0x1f, 0x43, 0x0b, 0x16, 0x10, 0x01, 0x0b, 0x14, 0x21, 0x82,
  0x81, 0x4f, 0x00, 0x00, 0x81, 0x4e, 0x02, 0x00, 0x0b, 0x4d, 0xd2, 0x53,
  0x4e, 0x24, 0x0c, 0x43, 0x2d, 0x43, 0x3e, 0x40, 0x68, 0x01, 0x0f, 0x41,
  0xb0, 0x13, 0x9c, 0x3b, 0x0c, 0x43, 0x2d, 0x43, 0x3e, 0x40, 0x6a, 0x01,
  0x0f, 0x41, 0x2f, 0x53, 0xb0, 0x13, 0x9c, 0x3b, 0x0b, 0x93, 0x07, 0x24,
  0x1c, 0x43, 0x3d, 0x42, 0x3e, 0x40, 0x60, 0x01, 0x0f, 0x4b, 0xb0, 0x13,
  0x9c, 0x3b, 0xb0, 0x13, 0x66, 0x3d, 0x21, 0x52, 0x0b, 0x16, 0x10, 0x01,
  0xe2, 0xc2, 0x23, 0x00, 0x3f, 0x40, 0x0c, 0x11, 0xb0, 0x13, 0xc4, 0x6e,
  0x92, 0x42, 0xb6, 0x24, 0x6c, 0x12, 0x1f, 0x43, 0x10, 0x01, 0x0b, 0x14,
  0x4b, 0x4f, 0xd2, 0x53, 0x4e, 0x24, 0x3f, 0x40, 0x15, 0x00, 0xb0, 0x13,
  0x12, 0x3b, 0x3f, 0xf0, 0xe0, 0xff, 0x0e, 0x4b, 0x3e, 0xf0, 0x1f, 0x00,
  0x0e, 0xdf, 0x3f, 0x40, 0x15, 0x00, 0xb0, 0x13, 0x58, 0x3b, 0xb0, 0x13,
  0x66, 0x3d, 0x0b, 0x16, 0x10, 0x01, 0x0b, 0x14, 0xd2, 0x53, 0x4e, 0x24,
  0x3f, 0x40, 0x15, 0x00, 0xb0, 0x13, 0x12, 0x3b, 0x0b, 0x4f, 0xb0, 0x13,
  0x66, 0x3d, 0x0f, 0x4b, 0x3f, 0xf0, 0x1f, 0x00, 0x0b, 0x16, 0x10, 0x01,
  0x1b, 0x14, 0xc2, 0x93, 0x4e, 0x24, 0x1c, 0x20, 0xd2, 0x43, 0x4e, 0x24,
  0xc2, 0x93, 0x51, 0x24, 0x04, 0x20, 0xb0, 0x13, 0x5c, 0x3e, 0x1a, 0x43,
  0x01, 0x3c, 0x0a, 0x43, 0x6f, 0x43, 0xb0, 0x13, 0xb4, 0x3c, 0x3f, 0x40,
  0x13, 0x00, 0xb0, 0x13, 0x12, 0x3b, 0x8f, 0x11, 0x0b, 0x4f, 0x3b, 0x50,
  0xd3, 0xff, 0x0a, 0x93, 0x02, 0x24, 0xb0, 0x13, 0xf6, 0x3e, 0xb0, 0x13,
  0x66, 0x3d, 0x01, 0x3c, 0x0b, 0x43, 0x0f, 0x4b, 0x1a, 0x16, 0x10, 0x01,
  0x1b, 0x14, 0x0b, 0x4e, 0x0e, 0x93, 0x86, 0x24, 0x3f, 0x90, 0x19, 0x00,
  0x85, 0x2c, 0x5f, 0x06, 0x00, 0x18, 0x5f, 0x4f, 0x70, 0xc8, 0xc0, 0x0f,
  0x3f, 0x40, 0x12, 0x00, 0xb0, 0x13, 0x12, 0x3b, 0x3f, 0xf2, 0x03, 0x24,
  0xab, 0x43, 0x00, 0x00, 0x07, 0x3c, 0x1f, 0x43, 0xc2, 0x93, 0x51, 0x24,
  0x01, 0x20, 0x0f, 0x43, 0x8b, 0x4f, 0x00, 0x00, 0x0f, 0x43, 0x6f, 0x3c,
  0x9e, 0x42, 0x72, 0x12, 0x00, 0x00, 0xfa, 0x3f, 0x8e, 0x43, 0x00, 0x00,
  0x3f, 0x40, 0x11, 0x00, 0xb0, 0x13, 0x12, 0x3b, 0x3f, 0xb0, 0x00, 0x08,
  0x02, 0x24, 0x9b, 0xd3, 0x00, 0x00, 0x3f, 0x40, 0x11, 0x00, 0xb0, 0x13,
  0x12, 0x3b, 0x3f, 0xf0, 0x10, 0x00, 0x02, 0x24, 0xab, 0xd3, 0x00, 0x00,
  0x5f, 0x42, 0x4d, 0x24, 0x4f, 0x93, 0x01, 0x20, 0xe1, 0x3f, 0xab, 0xd2,
  0x00, 0x00, 0xde, 0x3f, 0x8e, 0x43, 0x00, 0x00, 0xc2, 0x93, 0x4e, 0x12,
  0xd9, 0x27, 0x9e, 0x43, 0x00, 0x00, 0xd6, 0x3f, 0xb0, 0x13, 0x52, 0x41,
  0xbb, 0x40, 0xe7, 0xff, 0x00, 0x00, 0x0e, 0x43, 0x0d, 0x4e, 0x5d, 0x02,
  0x5c, 0x4d, 0x49, 0xc9, 0x0f, 0x9c, 0x04, 0x38, 0xdb, 0x4d, 0x48, 0xc9,
  0x00, 0x00, 0x19, 0x3c, 0x1e, 0x53, 0x3e, 0x92, 0xf3, 0x23, 0xc2, 0x3f,
  0xd2, 0x53, 0x4e, 0x24, 0x3f, 0x40, 0x13, 0x00, 0xb0, 0x13, 0x12, 0x3b,
  0x0a, 0x4f, 0xb0, 0x13, 0x66, 0x3d, 0x0f, 0x4a, 0x8f, 0x10, 0x8f, 0x11,
  0x3f, 0x50, 0xd3, 0xff, 0xb1, 0x3f, 0xb0, 0x13, 0x70, 0x41, 0xae, 0x3f,
  0xde, 0x42, 0xb4, 0x24, 0x00, 0x00, 0xab, 0x11, 0xab, 0x3f, 0xde, 0x42,
  0xb8, 0x24, 0x00, 0x00, 0xce, 0x43, 0x01, 0x00, 0xa5, 0x3f, 0xbe, 0x40,
  0x0b, 0x00, 0x00, 0x00, 0xa1, 0x3f, 0xbe, 0x40, 0x1a, 0x00, 0x00, 0x00,
  0x9d, 0x3f, 0xbe, 0x40, 0xe7, 0xff, 0x00, 0x00, 0x99, 0x3f, 0x8e, 0x43,
  0x00, 0x00, 0x96, 0x3f, 0xbe, 0x40, 0x7d, 0x00, 0x00, 0x00, 0x92, 0x3f,
  0x2f, 0x43, 0x01, 0x3c, 0x1f, 0x43, 0x1a, 0x16, 0x10, 0x01, 0xd2, 0x53,
  0x4e, 0x24, 0x4e, 0x4f, 0x8e, 0x10, 0x3f, 0x40, 0x13, 0x00, 0xb0, 0x13,
  0x58, 0x3b, 0xb0, 0x13, 0x66, 0x3d, 0x10, 0x01, 0x0b, 0x14, 0x21, 0x83,
  0x0b, 0x4e, 0x3f, 0x92, 0x9a, 0x2c, 0x5f, 0x06, 0x00, 0x18, 0x5f, 0x4f,
  0xd4, 0xc8, 0xc0, 0x0f, 0x1e, 0x93, 0x03, 0x20, 0xb0, 0x13, 0x5c, 0x3e,
  0x8e, 0x3c, 0x0e, 0x93, 0x03, 0x20, 0xb0, 0x13, 0xf6, 0x3e, 0x89, 0x3c,
  0x0f, 0x4e, 0x2f, 0x83, 0x2f, 0x93, 0x89, 0x2c, 0x0e, 0x41, 0x0f, 0x43,
  0xb0, 0x13, 0xb8, 0x41, 0x2b, 0x93, 0x27, 0x20, 0x2e, 0x41, 0x2e, 0x93,
  0x7c, 0x24, 0x5f, 0x43, 0x1e, 0x93, 0x01, 0x24, 0x4f, 0x43, 0xc2, 0x4f,
  0x52, 0x24, 0xb0, 0x13, 0x3e, 0x3d, 0x3f, 0x40, 0x12, 0x00, 0xb0, 0x13,
  0x12, 0x3b, 0x82, 0x4f, 0x6e, 0x12, 0x3e, 0x40, 0x0c, 0x05, 0x3f, 0x40,
  0x12, 0x00, 0xb0, 0x13, 0x58, 0x3b, 0x3f, 0x40, 0x2e, 0x00, 0xb0, 0x13,
  0x12, 0x3b, 0x82, 0x4f, 0x70, 0x12, 0x3e, 0x40, 0x00, 0x18, 0x3f, 0x40,
  0x2e, 0x00, 0xb0, 0x13, 0x58, 0x3b, 0x2f, 0x42, 0xb0, 0x13, 0xf8, 0x3a,
  0x58, 0x3c, 0xa1, 0x93, 0x00, 0x00, 0x55, 0x20, 0x3f, 0x40, 0x06, 0x00,
  0xb0, 0x13, 0xf8, 0x3a, 0x1e, 0x42, 0x70, 0x12, 0x3f, 0x40, 0x2e, 0x00,
  0xb0, 0x13, 0x58, 0x3b, 0x1e, 0x42, 0x6e, 0x12, 0x3f, 0x40, 0x12, 0x00,
  0xb0, 0x13, 0x58, 0x3b, 0xc2, 0x93, 0x52, 0x24, 0x42, 0x24, 0xb0, 0x13,
  0x64, 0x3c, 0x3f, 0x3c, 0x0f, 0x4e, 0x3f, 0x50, 0xf5, 0xff, 0x3f, 0x90,
  0x10, 0x00, 0x3d, 0x2c, 0x0f, 0x4e, 0xb0, 0x13, 0x8a, 0x40, 0x35, 0x3c,
  0x3e, 0xb0, 0xf8, 0xff, 0x36, 0x20, 0x4f, 0x4e, 0x5f, 0xf3, 0xb0, 0x13,
  0x8e, 0x3d, 0x0f, 0x4b, 0x5f, 0x03, 0x5f, 0xf3, 0xb0, 0x13, 0xbe, 0x3d,
  0x0f, 0x4b, 0x5f, 0x07, 0x5f, 0xf3, 0xb0, 0x13, 0xee, 0x3d, 0x23, 0x3c,
  0x3e, 0xb0, 0xfe, 0xff, 0x24, 0x20, 0x5b, 0xf3, 0xc2, 0x4b, 0x4e, 0x12,
  0x1c, 0x3c, 0x0f, 0x4e, 0x3f, 0x50, 0x19, 0x00, 0x3f, 0x90, 0x1a, 0x00,
  0x1a, 0x2c, 0x1f, 0x43, 0x0e, 0x4f, 0x5e, 0x02, 0x5e, 0x4e, 0x48, 0xc9,
  0x8e, 0x11, 0x0e, 0x9b, 0x03, 0x38, 0x1f, 0x53, 0x3f, 0x92, 0xf6, 0x23,
  0x5f, 0x02, 0x5f, 0x4f, 0x47, 0xc9, 0xb0, 0x13, 0x26, 0x41, 0x05, 0x3c,
  0x0f, 0x4e, 0x3f, 0x50, 0x2d, 0x00, 0xb0, 0x13, 0xd6, 0x42, 0x0f, 0x43,
  0x03, 0x3c, 0x1f, 0x43, 0x01, 0x3c, 0x2f, 0x43, 0x21, 0x53, 0x0b, 0x16,
  0x10, 0x01, 0x0b, 0x14, 0xb0, 0x13, 0xa2, 0x63, 0x0b, 0x4f, 0xb0, 0x13,
  0xd6, 0x3a, 0xe2, 0xc2, 0x25, 0x00, 0xe2, 0xc2, 0x24, 0x00, 0xe2, 0xc2,
  0x23, 0x00, 0x02, 0xdb, 0xf2, 0xd0, 0x20, 0x00, 0x1d, 0x00, 0x3f, 0x40,
  0xfa, 0x00, 0xb0, 0x13, 0x62, 0x45, 0xf2, 0xf0, 0xbf, 0xff, 0x1d, 0x00,
  0x3f, 0x40, 0x7f, 0x00, 0xb0, 0x13, 0x62, 0x45, 0xf2, 0xd0, 0x40, 0x00,
  0x1d, 0x00, 0x3f, 0x40, 0x7d, 0x00, 0xb0, 0x13, 0x62, 0x45, 0x1f, 0x43,
  0xb0, 0x13, 0xf8, 0x3a, 0x7f, 0x40, 0x40, 0x00, 0xb0, 0x13, 0xb4, 0x3c,
  0x5f, 0x43, 0xb0, 0x13, 0xbe, 0x3d, 0x5f, 0x43, 0xb0, 0x13, 0x8e, 0x3d,
  0x3f, 0x40, 0x11, 0x00, 0xb0, 0x13, 0x12, 0x3b, 0x0e, 0x4f, 0x3e, 0xd0,
  0x20, 0x00, 0x3f, 0x40, 0x11, 0x00, 0xb0, 0x13, 0x58, 0x3b, 0x3e, 0x40,
  0x00, 0x05, 0x3f, 0x40, 0x12, 0x00, 0xb0, 0x13, 0x58, 0x3b, 0x3f, 0x40,
  0x17, 0x00, 0xb0, 0x13, 0x12, 0x3b, 0x0e, 0x4f, 0x3e, 0xd0, 0x00, 0x20,
  0x3f, 0x40, 0x17, 0x00, 0xb0, 0x13, 0x58, 0x3b, 0x3e, 0x40, 0x7f, 0x00,
  0x3f, 0x40, 0x1c, 0x00, 0xb0, 0x13, 0x58, 0x3b, 0x0e, 0x43, 0x3f, 0x40,
  0x19, 0x00, 0xb0, 0x13, 0x58, 0x3b, 0x0e, 0x43, 0x3f, 0x40, 0x1a, 0x00,
  0xb0, 0x13, 0x58, 0x3b, 0x0d, 0x43, 0x0e, 0x43, 0x3f, 0x43, 0xb0, 0x13,
  0xc4, 0x40, 0x3f, 0x40, 0x1a, 0x00, 0xb0, 0x13, 0x8a, 0x40, 0x3f, 0x40,
  0xd3, 0xff, 0xb0, 0x13, 0xd6, 0x42, 0xb0, 0x13, 0x24, 0x3d, 0x4f, 0x43,
  0xb0, 0x13, 0xee, 0x3d, 0x0e, 0x43, 0x3f, 0x40, 0x0c, 0x11, 0xb0, 0x13,
  0x8e, 0x6e, 0x1f, 0x43, 0x0b, 0x16, 0x10, 0x01, 0x1e, 0x42, 0x76, 0x12,
  0x1f, 0x42, 0x78, 0x12, 0x1c, 0x42, 0x76, 0x12, 0x1d, 0x42, 0x78, 0x12,
  0x0e, 0x9c, 0xf6, 0x23, 0x0f, 0x9d, 0xf4, 0x23, 0x10, 0x01, 0x32, 0xc2,
  0x03, 0x43, 0xb2, 0x40, 0x04, 0x01, 0x60, 0x01, 0xb2, 0x40, 0x10, 0x00,
  0x64, 0x01, 0xb2, 0x40, 0x00, 0x01, 0x74, 0x01, 0xb2, 0xd0, 0x20, 0x00,
  0x60, 0x01, 0x82, 0x43, 0x76, 0x12, 0x82, 0x43, 0x78, 0x12, 0x32, 0xd2,
  0x10, 0x01, 0x02, 0x3c, 0x03, 0x43, 0x3f, 0x53, 0x0f, 0x93, 0xfc, 0x23,
  0x10, 0x01, 0x3b, 0x14, 0x08, 0x4e, 0x09, 0x4f, 0xb0, 0x13, 0x20, 0x45,
  0x0a, 0x4e, 0x0b, 0x4f, 0xb0, 0x13, 0x20, 0x45, 0x0e, 0x8a, 0x0f, 0x7b,
  0x0f, 0x99, 0xfa, 0x2b, 0x02, 0x20, 0x0e, 0x98, 0xf7, 0x2b, 0x38, 0x16,
  0x10, 0x01, 0x1e, 0x42, 0x7a, 0x12, 0x1f, 0x42, 0x7c, 0x12, 0x1c, 0x42,
  0x7a, 0x12, 0x1d, 0x42, 0x7c, 0x12, 0x0e, 0x9c, 0xf6, 0x23, 0x0f, 0x9d,
  0xf4, 0x23, 0x10, 0x01, 0x0e, 0x43, 0x3f, 0x40, 0xd6, 0x11, 0xb0, 0x13,
  0x8e, 0x6e, 0x10, 0x01, 0x4b, 0x14, 0x09, 0x4f, 0x58, 0x4f, 0x21, 0x00,
  0x28, 0x93, 0x03, 0x34, 0x38, 0x50, 0x03, 0x00, 0x02, 0x3c, 0x38, 0x40,
  0x05, 0x00, 0x4f, 0x48, 0x7f, 0xf0, 0x0f, 0x00, 0x1a, 0x43, 0x03, 0x24,
  0x7f, 0x53, 0xcf, 0x18, 0x0a, 0x5a, 0x3a, 0x53, 0x0b, 0x4a, 0x8b, 0x10,
  0x8b, 0x11, 0x8b, 0x10, 0x8b, 0x11, 0x07, 0x4b, 0x0a, 0x93, 0x02, 0x20,
  0x0b, 0x93, 0x0a, 0x24, 0xb0, 0x13, 0xc8, 0x6f, 0x0c, 0x4a, 0x0d, 0x4b,
  0x0e, 0x4f, 0x0f, 0x43, 0xb0, 0x13, 0x2c, 0x34, 0x0a, 0x4e, 0x07, 0x4f,
  0xa2, 0x92, 0x64, 0x11, 0x14, 0x38, 0x30, 0x12, 0x2e, 0xcb, 0x30, 0x12,
  0x33, 0xcb, 0x30, 0x12, 0x37, 0xcb, 0xb1, 0x13, 0x88, 0x3e, 0x31, 0x50,
  0x06, 0x00, 0x08, 0x12, 0x5f, 0x49, 0x21, 0x00, 0x0f, 0x12, 0x0a, 0x12,
  0x30, 0x12, 0x46, 0xcb, 0xb1, 0x13, 0x88, 0x3e, 0x31, 0x52, 0x09, 0x12,
  0x8c, 0x00, 0x76, 0x47, 0x0d, 0x4a, 0x0e, 0x47, 0x0f, 0x49, 0x3f, 0x50,
  0x0a, 0x00, 0xb0, 0x13, 0x96, 0x50, 0x21, 0x53, 0x47, 0x16, 0x10, 0x01,
  0x7b, 0x14, 0x09, 0x4f, 0x0a, 0x4e, 0x0b, 0x4d, 0x1e, 0x4e, 0x04, 0x00,
  0x08, 0x0e, 0x17, 0x4e, 0x04, 0x00, 0x56, 0x4d, 0x20, 0x00, 0xb2, 0x90,
  0x03, 0x00, 0x64, 0x11, 0x0f, 0x38, 0x30, 0x12, 0x2e, 0xcb, 0x30, 0x12,
  0x79, 0xcb, 0x30, 0x12, 0x37, 0xcb, 0xb1, 0x13, 0x88, 0x3e, 0x31, 0x50,
  0x06, 0x00, 0x30, 0x12, 0x7e, 0xcb, 0xb1, 0x13, 0x88, 0x3e, 0x21, 0x53,
  0xb2, 0x90, 0x03, 0x00, 0x64, 0x11, 0x04, 0x38, 0x0f, 0x4b, 0x2f, 0x53,
  0xb0, 0x13, 0x1a, 0x61, 0xb2, 0x90, 0x03, 0x00, 0x64, 0x11, 0x12, 0x38,
  0x54, 0x4b, 0x21, 0x00, 0x55, 0x4b, 0x20, 0x00, 0x7f, 0x40, 0x06, 0x00,
  0xb0, 0x13, 0xaa, 0x6a, 0x04, 0x12, 0x05, 0x12, 0x09, 0x12, 0x0f, 0x12,
  0x30, 0x12, 0x8e, 0xcb, 0xb1, 0x13, 0x88, 0x3e, 0x31, 0x50, 0x0a, 0x00,
  0x0e, 0x4a, 0x1f, 0x4b, 0x24, 0x00, 0xb0, 0x13, 0x5c, 0x60, 0x1f, 0x4a,
  0x02, 0x00, 0xb0, 0x13, 0x58, 0x6f, 0x1e, 0x4a, 0x04, 0x00, 0x3f, 0x40,
  0x28, 0x11, 0xb0, 0x13, 0xf8, 0x62, 0x0e, 0x4a, 0x3f, 0x40, 0x20, 0x11,
  0xb0, 0x13, 0xf8, 0x62, 0xa2, 0x92, 0x64, 0x11, 0x1b, 0x38, 0x30, 0x12,
  0x2e, 0xcb, 0x30, 0x12, 0x33, 0xcb, 0x30, 0x12, 0x37, 0xcb, 0xb1, 0x13,
  0x88, 0x3e, 0x31, 0x50, 0x06, 0x00, 0x3f, 0x40, 0x20, 0x11, 0xb0, 0x13,
  0x54, 0x63, 0x0a, 0x4f, 0x1f, 0x4b, 0x24, 0x00, 0xb0, 0x13, 0xcc, 0x60,
  0x0a, 0x12, 0x0f, 0x12, 0x30, 0x12, 0xb5, 0xcb, 0xb1, 0x13, 0x88, 0x3e,
  0x31, 0x50, 0x06, 0x00, 0x1f, 0x4b, 0x24, 0x00, 0xb0, 0x13, 0x46, 0x60,
  0x0f, 0x93, 0x08, 0x24, 0xcb, 0x43, 0x20, 0x00, 0xcb, 0x43, 0x21, 0x00,
  0x0f, 0x4b, 0xb0, 0x13, 0xb8, 0x45, 0x0f, 0x3c, 0x0f, 0x4b, 0x3f, 0x50,
  0x0a, 0x00, 0xb0, 0x13, 0xd2, 0x50, 0x0e, 0x4b, 0x3f, 0x40, 0x7e, 0x12,
  0xb0, 0x13, 0x5c, 0x60, 0x0e, 0x4b, 0x3f, 0x40, 0x18, 0x11, 0xb0, 0x13,
  0xf8, 0x62, 0x4c, 0x46, 0x0d, 0x49, 0x0e, 0x47, 0xcf, 0x08, 0xb0, 0x13,
  0x70, 0x62, 0x74, 0x16, 0x10, 0x01, 0x5b, 0x14, 0x21, 0x82, 0x0b, 0x4f,
  0x0f, 0x93, 0x02, 0x20, 0x80, 0x00, 0x52, 0x4a, 0x1f, 0x4f, 0x24, 0x00,
  0xb0, 0x13, 0x46, 0x60, 0x09, 0x4f, 0x0f, 0x93, 0x02, 0x20, 0x80, 0x00,
  0x52, 0x4a, 0xb2, 0x90, 0x03, 0x00, 0x64, 0x11, 0x0f, 0x38, 0x30, 0x12,
  0x2e, 0xcb, 0x30, 0x12, 0x79, 0xcb, 0x30, 0x12, 0x37, 0xcb, 0xb1, 0x13,
  0x88, 0x3e, 0x31, 0x50, 0x06, 0x00, 0x30, 0x12, 0xec, 0xcb, 0xb1, 0x13,
  0x88, 0x3e, 0x21, 0x53, 0xb2, 0x90, 0x03, 0x00, 0x64, 0x11, 0x04, 0x38,
  0x0f, 0x4b, 0x2f, 0x53, 0xb0, 0x13, 0x1a, 0x61, 0xb2, 0x90, 0x03, 0x00,
  0x64, 0x11, 0x15, 0x38, 0x1f, 0x4b, 0x24, 0x00, 0xb0, 0x13, 0xcc, 0x60,
  0x08, 0x4f, 0x5a, 0x4b, 0x20, 0x00, 0x7e, 0x40, 0x06, 0x00, 0x1f, 0x49,
  0x02, 0x00, 0xb0, 0x13, 0xb4, 0x6f, 0x08, 0x12, 0x0a, 0x12, 0x0f, 0x12,
  0x30, 0x12, 0x02, 0xcc, 0xb1, 0x13, 0x88, 0x3e, 0x31, 0x52, 0x1f, 0x49,
  0x02, 0x00, 0xb0, 0x13, 0x82, 0x6f, 0x3e, 0x40, 0xe4, 0x24, 0x7f, 0x40,
  0x0c, 0x00, 0xb0, 0x13, 0xb4, 0x6a, 0x1e, 0x43, 0x7f, 0x40, 0x07, 0x00,
  0xb0, 0x13, 0x9e, 0x6a, 0xb0, 0x13, 0xe2, 0x4c, 0x0f, 0x93, 0x1b, 0x34,
  0x92, 0x93, 0x64, 0x11, 0x02, 0x34, 0x80, 0x00, 0x48, 0x4a, 0x30, 0x12,
  0x2e, 0xcb, 0x30, 0x12, 0x1f, 0xcc, 0x30, 0x12, 0x37, 0xcb, 0xb1, 0x13,
  0x88, 0x3e, 0x31, 0x50, 0x06, 0x00, 0x7f, 0x40, 0x06, 0x00, 0xb0, 0x13,
  0xaa, 0x6a, 0x0f, 0x12, 0x30, 0x12, 0x23, 0xcc, 0xb1, 0x13, 0x88, 0x3e,
  0x21, 0x52, 0x80, 0x00, 0x48, 0x4a, 0xb0, 0x13, 0x50, 0x69, 0x56, 0x4f,
  0x02, 0x00, 0xb0, 0x13, 0xac, 0x69, 0x0a, 0x4f, 0xb0, 0x13, 0x50, 0x69,
  0x0e, 0x4a, 0x80, 0x13, 0x14, 0xc9, 0xb0, 0x13, 0xd6, 0x6a, 0x4a, 0x4f,
  0x27, 0x00, 0x28, 0xc9, 0x47, 0x13, 0x0f, 0x93, 0x01, 0x24, 0x11, 0x3c,
  0x4a, 0x4a, 0x0a, 0x93, 0x09, 0x24, 0xb0, 0x13, 0xac, 0x69, 0x80, 0x13,
  0x18, 0xc9, 0x0f, 0x93, 0x0a, 0x24, 0x2f, 0x93, 0xda, 0x20, 0x05, 0x3c,
  0x80, 0x13, 0x2c, 0xc9, 0x0f, 0x93, 0x01, 0x20, 0xf2, 0x3f, 0x1a, 0x43,
  0x3f, 0x3c, 0x0a, 0x93, 0x3c, 0x20, 0xb0, 0x13, 0xc6, 0xaa, 0x2a, 0x00,
  0x2c, 0xc9, 0x38, 0x40, 0xf3, 0xff, 0x08, 0x8f, 0x4a, 0x13, 0x0f, 0x93,
  0x04, 0x24, 0x47, 0x13, 0x0f, 0x93, 0x07, 0x20, 0x0c, 0x3c, 0xb0, 0x13,
  0xc6, 0xaa, 0x0f, 0x58, 0x0f, 0x93, 0xf4, 0x3b, 0xf6, 0x3f, 0xb0, 0x13,
  0xc6, 0xaa, 0x38, 0x40, 0xeb, 0xff, 0x08, 0x8f, 0x08, 0x3c, 0x4a, 0x13,
  0x0f, 0x93, 0xf7, 0x23, 0x80, 0x13, 0x24, 0xc9, 0x0f, 0x93, 0xf3, 0x27,
  0x06, 0x3c, 0x4a, 0x13, 0x0f, 0x93, 0x05, 0x24, 0x4a, 0x13, 0x0f, 0x93,
  0x08, 0x20, 0x2a, 0x43, 0x13, 0x3c, 0xb0, 0x13, 0xc6, 0xaa, 0x0f, 0x58,
  0x0f, 0x93, 0xf3, 0x3b, 0xf5, 0x3f, 0x3e, 0x40, 0x03, 0x00, 0x0f, 0x41,
  0x80, 0x13, 0x20, 0xc9, 0x1a, 0x43, 0x3f, 0x90, 0x03, 0x00, 0x04, 0x20,
  0xc1, 0x96, 0x02, 0x00, 0x01, 0x20, 0x0a, 0x43, 0x89, 0x93, 0x04, 0x00,
  0x12, 0x20, 0xa2, 0x93, 0x64, 0x11, 0x8f, 0x38, 0x30, 0x12, 0x2e, 0xcb,
  0x30, 0x12, 0x47, 0xcc, 0x30, 0x12, 0x37, 0xcb, 0xb1, 0x13, 0x88, 0x3e,
  0x31, 0x50, 0x06, 0x00, 0x3f, 0x40, 0x4c, 0xcc, 0xb1, 0x13, 0xc4, 0x47,
  0x80, 0x3c, 0xb2, 0x90, 0x03, 0x00, 0x64, 0x11, 0x0f, 0x38, 0x30, 0x12,
  0x2e, 0xcb, 0x30, 0x12, 0x79, 0xcb, 0x30, 0x12, 0x37, 0xcb, 0xb1, 0x13,
  0x88, 0x3e, 0x31, 0x50, 0x06, 0x00, 0x30, 0x12, 0x65, 0xcc, 0xb1, 0x13,
  0x88, 0x3e, 0x21, 0x53, 0xb2, 0x90, 0x03, 0x00, 0x64, 0x11, 0x04, 0x38,
  0x0f, 0x4b, 0x2f, 0x53, 0xb0, 0x13, 0x1a, 0x61, 0xb2, 0x90, 0x03, 0x00,
  0x64, 0x11, 0x12, 0x38, 0x57, 0x4b, 0x21, 0x00, 0x58, 0x4b, 0x20, 0x00,
  0x7f, 0x40, 0x06, 0x00, 0xb0, 0x13, 0xaa, 0x6a, 0x07, 0x12, 0x08, 0x12,
  0x0a, 0x12, 0x0f, 0x12, 0x30, 0x12, 0x8e, 0xcb, 0xb1, 0x13, 0x88, 0x3e,
  0x31, 0x50, 0x0a, 0x00, 0x1a, 0x93, 0x23, 0x24, 0x2a, 0x93, 0x03, 0x34,
  0x0a, 0x93, 0x07, 0x24, 0x3d, 0x3c, 0x2a, 0x93, 0x0c, 0x24, 0x3a, 0x90,
  0x03, 0x00, 0x38, 0x20, 0x42, 0x3c, 0xcb, 0x43, 0x21, 0x00, 0xdb, 0x53,
  0x20, 0x00, 0x0d, 0x4b, 0x0e, 0x49, 0x0f, 0x43, 0x32, 0x3c, 0x1e, 0x49,
  0x04, 0x00, 0xcb, 0x43, 0x21, 0x00, 0x5f, 0x4b, 0x20, 0x00, 0x5f, 0x53,
  0xcb, 0x4f, 0x20, 0x00, 0x5f, 0x9e, 0x06, 0x00, 0x1b, 0x28, 0x0d, 0x4b,
  0x0e, 0x49, 0x2f, 0x43, 0x22, 0x3c, 0x1e, 0x49, 0x04, 0x00, 0x5f, 0x4b,
  0x21, 0x00, 0x5f, 0x53, 0x7f, 0x90, 0x06, 0x00, 0x03, 0x2c, 0xcb, 0x4f,
  0x21, 0x00, 0x04, 0x3c, 0xcb, 0x43, 0x21, 0x00, 0xdb, 0x53, 0x20, 0x00,
  0xdb, 0x9e, 0x06, 0x00, 0x20, 0x00, 0x04, 0x28, 0x0d, 0x4b, 0x0e, 0x49,
  0x1f, 0x43, 0x0b, 0x3c, 0x0f, 0x4b, 0xb0, 0x13, 0xb8, 0x45, 0x1f, 0x49,
  0x02, 0x00, 0xb0, 0x13, 0x46, 0x6f, 0x0b, 0x3c, 0x0d, 0x4b, 0x0e, 0x49,
  0x0f, 0x4a, 0xb0, 0x13, 0x50, 0x46, 0x05, 0x3c, 0x3a, 0x40, 0x05, 0x00,
  0x6d, 0x3f, 0x2a, 0x42, 0x6b, 0x3f, 0x21, 0x52, 0x56, 0x16, 0x10, 0x01,
  0x5b, 0x14, 0xc7, 0x0f, 0x06, 0x4e, 0x7f, 0x40, 0x0d, 0x00, 0xb0, 0x13,
  0xc8, 0x6a, 0x08, 0x4f, 0xb0, 0x13, 0x64, 0x61, 0x1e, 0x43, 0x7f, 0x40,
  0x0b, 0x00, 0xb0, 0x13, 0x9e, 0x6a, 0x3f, 0x40, 0x7e, 0x12, 0xb0, 0x13,
  0x46, 0x60, 0x0c, 0x3c, 0x0e, 0x48, 0x0f, 0x4b, 0x2f, 0x53, 0xb0, 0x13,
  0x22, 0x60, 0x4f, 0x93, 0x02, 0x24, 0x80, 0x00, 0x96, 0x4c, 0x0f, 0x4b,
  0xb0, 0x13, 0xdc, 0x60, 0x0b, 0x4f, 0x0f, 0x93, 0xf1, 0x23, 0x80, 0x00,
  0xb0, 0x4c, 0x0e, 0x48, 0x0f, 0x4b, 0x2f, 0x53, 0xb0, 0x13, 0x1a, 0x60,
  0xcb, 0x43, 0x20, 0x00, 0xcb, 0x43, 0x21, 0x00, 0x0f, 0x4b, 0x3f, 0x50,
  0x22, 0x00, 0x8b, 0x4f, 0x24, 0x00, 0x8b, 0x43, 0x22, 0x00, 0xb0, 0x13,
  0x40, 0x60, 0x0e, 0x4b, 0x3f, 0x40, 0x7e, 0x12, 0xb0, 0x13, 0xa6, 0x60,
  0xe2, 0x3c, 0x3f, 0x40, 0x20, 0x11, 0xb0, 0x13, 0xba, 0x62, 0x0a, 0x4f,
  0x0f, 0x93, 0x93, 0x24, 0x3f, 0x40, 0x28, 0x11, 0xb0, 0x13, 0xba, 0x62,
  0x8a, 0x4f, 0x04, 0x00, 0x0f, 0x93, 0x75, 0x24, 0xb0, 0x13, 0xf8, 0x6e,
  0x8a, 0x4f, 0x02, 0x00, 0x19, 0x4a, 0x04, 0x00, 0x0f, 0x93, 0x57, 0x24,
  0x7f, 0x40, 0x05, 0x00, 0xb0, 0x13, 0xaa, 0x6a, 0x4f, 0x93, 0x03, 0x24,
  0xc9, 0x4f, 0x06, 0x00, 0x02, 0x3c, 0xf9, 0x42, 0x06, 0x00, 0x79, 0x07,
  0x00, 0x00, 0x89, 0x46, 0x04, 0x00, 0x0e, 0x4a, 0x1f, 0x4b, 0x24, 0x00,
  0xb0, 0x13, 0xa6, 0x60, 0xb2, 0x90, 0x03, 0x00, 0x64, 0x11, 0x0f, 0x38,
  0x30, 0x12, 0x2e, 0xcb, 0x30, 0x12, 0x79, 0xcb, 0x30, 0x12, 0x37, 0xcb,
  0xb1, 0x13, 0x88, 0x3e, 0x31, 0x50, 0x06, 0x00, 0x30, 0x12, 0x6c, 0xcc,
  0xb1, 0x13, 0x88, 0x3e, 0x21, 0x53, 0xb2, 0x90, 0x03, 0x00, 0x64, 0x11,
  0x03, 0x38, 0x0f, 0x48, 0xb0, 0x13, 0x1a, 0x61, 0xb2, 0x90, 0x03, 0x00,
  0x64, 0x11, 0x1b, 0x38, 0x3f, 0x40, 0x20, 0x11, 0xb0, 0x13, 0x54, 0x63,
  0x07, 0x4f, 0x1f, 0x4b, 0x24, 0x00, 0xb0, 0x13, 0xcc, 0x60, 0x08, 0x4f,
  0x7f, 0x40, 0x06, 0x00, 0xb0, 0x13, 0xaa, 0x6a, 0x09, 0x4f, 0xb0, 0x13,
  0x56, 0x69, 0x07, 0x12, 0x08, 0x12, 0x09, 0x12, 0x0f, 0x12, 0x30, 0x12,
  0x78, 0xcc, 0xb1, 0x13, 0x88, 0x3e, 0x31, 0x50, 0x0a, 0x00, 0x1f, 0x4b,
  0x24, 0x00, 0xb0, 0x13, 0x46, 0x60, 0x0a, 0x9f, 0x8f, 0x20, 0x0f, 0x4b,
  0xb0, 0x13, 0xb8, 0x45, 0x8b, 0x3c, 0x0e, 0x49, 0x3f, 0x40, 0x28, 0x11,
  0xb0, 0x13, 0xf8, 0x62, 0xa2, 0x93, 0x64, 0x11, 0x0e, 0x38, 0x30, 0x12,
  0x2e, 0xcb, 0x30, 0x12, 0x47, 0xcc, 0x30, 0x12, 0x37, 0xcb, 0xb1, 0x13,
  0x88, 0x3e, 0x31, 0x50, 0x06, 0x00, 0x3f, 0x40, 0xaf, 0xcc, 0xb1, 0x13,
  0xc4, 0x47, 0x0e, 0x4a, 0x3f, 0x40, 0x20, 0x11, 0xb0, 0x13, 0xf8, 0x62,
  0xa2, 0x93, 0x64, 0x11, 0x0e, 0x38, 0x30, 0x12, 0x2e, 0xcb, 0x30, 0x12,
  0x47, 0xcc, 0x30, 0x12, 0x37, 0xcb, 0xb1, 0x13, 0x88, 0x3e, 0x31, 0x50,
  0x06, 0x00, 0x3f, 0x40, 0xaf, 0xcc, 0xb1, 0x13, 0xc4, 0x47, 0x1f, 0x4b,
  0x24, 0x00, 0xb0, 0x13, 0xcc, 0x60, 0x0f, 0x93, 0x1c, 0x20, 0x0e, 0x4b,
  0x3f, 0x40, 0x7e, 0x12, 0xb0, 0x13, 0x5c, 0x60, 0x0e, 0x4b, 0x3f, 0x40,
  0x18, 0x11, 0xb0, 0x13, 0xf8, 0x62, 0x11, 0x3c, 0xa2, 0x93, 0x64, 0x11,
  0x0e, 0x38, 0x30, 0x12, 0x2e, 0xcb, 0x30, 0x12, 0x47, 0xcc, 0x30, 0x12,
  0x37, 0xcb, 0xb1, 0x13, 0x88, 0x3e, 0x31, 0x50, 0x06, 0x00, 0x3f, 0x40,
  0xdc, 0xcc, 0xb1, 0x13, 0xc4, 0x47, 0xa2, 0x93, 0x64, 0x11, 0x1b, 0x38,
  0x30, 0x12, 0x2e, 0xcb, 0x30, 0x12, 0x47, 0xcc, 0x30, 0x12, 0x37, 0xcb,
  0xb1, 0x13, 0x88, 0x3e, 0x31, 0x50, 0x06, 0x00, 0x3f, 0x40, 0xf0, 0xcc,
  0x0c, 0x3c, 0x30, 0x12, 0x2e, 0xcb, 0x30, 0x12, 0x47, 0xcc, 0x30, 0x12,
  0x37, 0xcb, 0xb1, 0x13, 0x88, 0x3e, 0x31, 0x50, 0x06, 0x00, 0x3f, 0x40,
  0x1b, 0xcd, 0xb1, 0x13, 0xc4, 0x47, 0x1c, 0x43, 0x3d, 0x40, 0x06, 0x00,
  0x0e, 0x46, 0xcf, 0x07, 0xb0, 0x13, 0x70, 0x62, 0x17, 0x3c, 0x1f, 0x4b,
  0x24, 0x00, 0xb0, 0x13, 0xcc, 0x60, 0x3f, 0x90, 0x07, 0x00, 0x01, 0x24,
  0xc1, 0x37, 0x15, 0x3f, 0xa2, 0x93, 0x64, 0x11, 0xde, 0x37, 0xeb, 0x3f,
  0x3f, 0x40, 0x18, 0x11, 0xb0, 0x13, 0xba, 0x62, 0x0b, 0x4f, 0x0f, 0x93,
  0x02, 0x24, 0x80, 0x00, 0xa2, 0x4a, 0xf2, 0x3f, 0x56, 0x16, 0x10, 0x01,
  0x3f, 0x40, 0x20, 0x11, 0xb0, 0x13, 0x84, 0x62, 0x3f, 0x40, 0x28, 0x11,
  0xb0, 0x13, 0x84, 0x62, 0x3f, 0x40, 0x18, 0x11, 0xb0, 0x13, 0x84, 0x62,
  0x10, 0x01, 0x1e, 0x43, 0x7f, 0x40, 0x0b, 0x00, 0xb0, 0x13, 0x9e, 0x6a,
  0x80, 0x13, 0x76, 0xc9, 0x10, 0x01, 0x80, 0x13, 0x7a, 0xc9, 0x10, 0x01,
  0x80, 0x13, 0x30, 0xc9, 0x10, 0x01, 0x80, 0x13, 0x34, 0xc9, 0x10, 0x01,
  0xb0, 0x13, 0x58, 0x4a, 0x10, 0x01, 0x0b, 0x14, 0x21, 0x83, 0x80, 0x13,
  0x72, 0xc9, 0x0b, 0x4f, 0x0e, 0x41, 0x3f, 0x40, 0x18, 0x00, 0x80, 0x13,
  0x38, 0xc9, 0x1f, 0x93, 0x12, 0x20, 0x92, 0x93, 0x64, 0x11, 0x1b, 0x38,
  0x30, 0x12, 0x48, 0xcd, 0x30, 0x12, 0x4d, 0xcd, 0x30, 0x12, 0x51, 0xcd,
  0xb1, 0x13, 0x88, 0x3e, 0x31, 0x50, 0x06, 0x00, 0x3f, 0x40, 0x60, 0xcd,
  0xb1, 0x13, 0xc4, 0x47, 0x0c, 0x3c, 0x0b, 0x93, 0x02, 0x34, 0x3b, 0x40,
  0x15, 0x00, 0x2f, 0x41, 0x3f, 0x90, 0x81, 0x00, 0x02, 0x38, 0x3f, 0x40,
  0x80, 0x00, 0x0f, 0x8b, 0x01, 0x3c, 0x0f, 0x43, 0x21, 0x53, 0x0b, 0x16,
  0x10, 0x01, 0x0b, 0x14, 0xb0, 0x13, 0x56, 0x69, 0x3f, 0x90, 0x03, 0x00,
  0x10, 0x20, 0xa2, 0x92, 0x64, 0x11, 0xea, 0x38, 0x30, 0x12, 0x48, 0xcd,
  0x30, 0x12, 0x93, 0xcd, 0x30, 0x12, 0x51, 0xcd, 0xb1, 0x13, 0x88, 0x3e,
  0x31, 0x50, 0x06, 0x00, 0x3f, 0x40, 0x97, 0xcd, 0x79, 0x3c, 0xb0, 0x13,
  0xf2, 0x4c, 0x0f, 0x93, 0x13, 0x34, 0x92, 0x93, 0x64, 0x11, 0xd6, 0x38,
  0x30, 0x12, 0x48, 0xcd, 0x30, 0x12, 0x4d, 0xcd, 0x30, 0x12, 0x51, 0xcd,
  0xb1, 0x13, 0x88, 0x3e, 0x31, 0x50, 0x06, 0x00, 0xb0, 0x13, 0x56, 0x69,
  0x0f, 0x12, 0x30, 0x12, 0xa3, 0xcd, 0x8e, 0x3c, 0x7f, 0x40, 0x0d, 0x00,
  0xb0, 0x13, 0xc8, 0x6a, 0x3e, 0x40, 0xe4, 0x24, 0xb0, 0x13, 0x22, 0x60,
  0x4f, 0x93, 0x3f, 0x20, 0xb0, 0x13, 0xd6, 0x6a, 0x4f, 0x93, 0x3b, 0x20,
  0xa2, 0x93, 0x64, 0x11, 0x0f, 0x38, 0x30, 0x12, 0x48, 0xcd, 0x30, 0x12,
  0xb7, 0xcd, 0x30, 0x12, 0x51, 0xcd, 0xb1, 0x13, 0x88, 0x3e, 0x31, 0x50,
  0x06, 0x00, 0x30, 0x12, 0xbc, 0xcd, 0xb1, 0x13, 0x88, 0x3e, 0x21, 0x53,
  0x30, 0x12, 0xbc, 0xcd, 0xb1, 0x13, 0x88, 0x3e, 0x21, 0x53, 0xb2, 0x90,
  0x03, 0x00, 0x64, 0x11, 0x06, 0x38, 0x7f, 0x40, 0x0d, 0x00, 0xb0, 0x13,
  0xc8, 0x6a, 0xb0, 0x13, 0x1a, 0x61, 0xb2, 0x90, 0x03, 0x00, 0x64, 0x11,
  0x04, 0x38, 0x3f, 0x40, 0xe4, 0x24, 0xb0, 0x13, 0x1a, 0x61, 0xa2, 0x93,
  0x64, 0x11, 0x8c, 0x38, 0x30, 0x12, 0x48, 0xcd, 0x30, 0x12, 0xb7, 0xcd,
  0x30, 0x12, 0x51, 0xcd, 0xb1, 0x13, 0x88, 0x3e, 0x31, 0x50, 0x06, 0x00,
  0x3f, 0x40, 0x0a, 0x00, 0xb1, 0x13, 0x8a, 0x11, 0x7d, 0x3c, 0x7f, 0x40,
  0x0c, 0x00, 0xb0, 0x13, 0xc8, 0x6a, 0x3e, 0x40, 0xe4, 0x24, 0xb0, 0x13,
  0x22, 0x60, 0x4f, 0x93, 0x12, 0x24, 0xa2, 0x93, 0x64, 0x11, 0x70, 0x38,
  0x30, 0x12, 0x48, 0xcd, 0x30, 0x12, 0xb7, 0xcd, 0x30, 0x12, 0x51, 0xcd,
  0xb1, 0x13, 0x88, 0x3e, 0x31, 0x50, 0x06, 0x00, 0x3f, 0x40, 0xca, 0xcd,
  0xb1, 0x13, 0xc4, 0x47, 0x61, 0x3c, 0xb0, 0x13, 0x7c, 0x61, 0x0f, 0x93,
  0x29, 0x24, 0xa2, 0x93, 0x64, 0x11, 0x0f, 0x38, 0x30, 0x12, 0x48, 0xcd,
  0x30, 0x12, 0xb7, 0xcd, 0x30, 0x12, 0x51, 0xcd, 0xb1, 0x13, 0x88, 0x3e,
  0x31, 0x50, 0x06, 0x00, 0x30, 0x12, 0xdf, 0xcd, 0xb1, 0x13, 0x88, 0x3e,
  0x21, 0x53, 0xa2, 0x93, 0x64, 0x11, 0x06, 0x38, 0x7f, 0x40, 0x0c, 0x00,
  0xb0, 0x13, 0xc8, 0x6a, 0xb0, 0x13, 0x1a, 0x61, 0xa2, 0x93, 0x64, 0x11,
  0x3f, 0x38, 0x7f, 0x40, 0x06, 0x00, 0xb0, 0x13, 0xaa, 0x6a, 0x0f, 0x12,
  0x30, 0x12, 0x06, 0xce, 0xb1, 0x13, 0x88, 0x3e, 0x21, 0x52, 0x34, 0x3c,
  0xb0, 0x13, 0xea, 0x61, 0xb2, 0x90, 0x03, 0x00, 0x64, 0x11, 0x0f, 0x38,
  0x30, 0x12, 0x48, 0xcd, 0x30, 0x12, 0x12, 0xce, 0x30, 0x12, 0x51, 0xcd,
  0xb1, 0x13, 0x88, 0x3e, 0x31, 0x50, 0x06, 0x00, 0x30, 0x12, 0x17, 0xce,
  0xb1, 0x13, 0x88, 0x3e, 0x21, 0x53, 0xb2, 0x90, 0x03, 0x00, 0x64, 0x11,
  0x06, 0x38, 0x7f, 0x40, 0x0c, 0x00, 0xb0, 0x13, 0xc8, 0x6a, 0xb0, 0x13,
  0x1a, 0x61, 0xb2, 0x90, 0x03, 0x00, 0x64, 0x11, 0x0f, 0x38, 0xb0, 0x13,
  0x56, 0x69, 0x0b, 0x4f, 0x7f, 0x40, 0x06, 0x00, 0xb0, 0x13, 0xaa, 0x6a,
  0x0b, 0x12, 0x0f, 0x12, 0x30, 0x12, 0x2d, 0xce, 0xb1, 0x13, 0x88, 0x3e,
  0x31, 0x50, 0x06, 0x00, 0x80, 0x13, 0xea, 0xc9, 0x0b, 0x16, 0x10, 0x01,
  0x21, 0x83, 0x0e, 0x41, 0x3f, 0x40, 0x18, 0x00, 0x80, 0x13, 0x38, 0xc9,
  0x0f, 0x93, 0x12, 0x24, 0x92, 0x93, 0x64, 0x11, 0x15, 0x38, 0x30, 0x12,
  0x48, 0xcd, 0x30, 0x12, 0x4d, 0xcd, 0x30, 0x12, 0x51, 0xcd, 0xb1, 0x13,
  0x88, 0x3e, 0x31, 0x50, 0x06, 0x00, 0x3f, 0x40, 0x41, 0xce, 0xb1, 0x13,
  0xc4, 0x47, 0x06, 0x3c, 0xb0, 0x13, 0x5a, 0x61, 0xb0, 0x13, 0xc8, 0x4c,
  0xb0, 0x13, 0xf8, 0x4c, 0x21, 0x53, 0x10, 0x01, 0x2b, 0x14, 0x0a, 0x4f,
  0x09, 0x4d, 0x2f, 0x4f, 0x0f, 0x93, 0x04, 0x24, 0x3f, 0x90, 0x4a, 0x00,
  0x3a, 0x20, 0x40, 0x3c, 0x3f, 0x40, 0x3c, 0x13, 0xb0, 0x13, 0x46, 0x60,
  0x0b, 0x4f, 0x09, 0x3c, 0x1d, 0x4b, 0x06, 0x00, 0x1e, 0x4b, 0x08, 0x00,
  0x0f, 0x4b, 0x2f, 0x53, 0xb0, 0x13, 0xac, 0x52, 0x2b, 0x4b, 0x0b, 0x93,
  0xf5, 0x23, 0xd2, 0x43, 0x65, 0x24, 0xba, 0x40, 0x4a, 0x00, 0x00, 0x00,
  0x27, 0x3c, 0x3f, 0x40, 0x3c, 0x13, 0xb0, 0x13, 0x46, 0x60, 0x0b, 0x4f,
  0x19, 0x3c, 0x0f, 0x4b, 0x2f, 0x53, 0x09, 0x9f, 0x14, 0x20, 0x0e, 0x4b,
  0x3f, 0x40, 0x3c, 0x13, 0xb0, 0x13, 0x5c, 0x60, 0x19, 0x42, 0x74, 0x15,
  0x92, 0x4b, 0x0e, 0x00, 0x74, 0x15, 0x3e, 0x0b, 0x10, 0x00, 0xde, 0x03,
  0x03, 0x24, 0x1f, 0x4b, 0x14, 0x00, 0x4e, 0x13, 0x82, 0x49, 0x74, 0x15,
  0xde, 0x3f, 0x2b, 0x4b, 0x0b, 0x93, 0xe5, 0x23, 0xda, 0x3f, 0x8a, 0x43,
  0x00, 0x00, 0x7f, 0x40, 0x03, 0x00, 0x06, 0x3c, 0x5f, 0x43, 0x04, 0x3c,
  0x7e, 0x90, 0x88, 0xff, 0xfb, 0x23, 0xd3, 0x3f, 0x29, 0x16, 0x10, 0x01,
  0xc2, 0x43, 0x65, 0x24, 0x3f, 0x40, 0x3c, 0x13, 0xb0, 0x13, 0x40, 0x60,
  0x0e, 0x43, 0x3f, 0x40, 0x30, 0x11, 0xb0, 0x13, 0x8e, 0x6e, 0x10, 0x01,
  0x2b, 0x14, 0x09, 0x4f, 0x0a, 0x4d, 0x0b, 0x4e, 0x9f, 0x41, 0x12, 0x00,
  0x0e, 0x00, 0x7f, 0x0c, 0x10, 0x00, 0x9f, 0x41, 0x10, 0x00, 0x14, 0x00,
  0xc2, 0x93, 0x65, 0x24, 0x0b, 0x24, 0x1b, 0x42, 0x74, 0x15, 0xb2, 0x40,
  0x30, 0x11, 0x74, 0x15, 0x2f, 0x53, 0xb0, 0x13, 0xac, 0x52, 0x82, 0x4b,
  0x74, 0x15, 0x04, 0x3c, 0x89, 0x4d, 0x06, 0x00, 0x89, 0x4e, 0x08, 0x00,
  0x0e, 0x49, 0x3f, 0x40, 0x3c, 0x13, 0xb0, 0x13, 0xa6, 0x60, 0x29, 0x16,
  0x10, 0x01, 0x12, 0x12, 0x74, 0x15, 0x11, 0x12, 0x08, 0x00, 0xb0, 0x13,
  0x4c, 0x50, 0x21, 0x52, 0x10, 0x01, 0x1b, 0x14, 0x0b, 0x4f, 0xc2, 0x93,
  0x65, 0x24, 0x0a, 0x24, 0x1a, 0x42, 0x74, 0x15, 0xb2, 0x40, 0x30, 0x11,
  0x74, 0x15, 0x2f, 0x53, 0xb0, 0x13, 0xbe, 0x52, 0x82, 0x4a, 0x74, 0x15,
  0x0e, 0x4b, 0x3f, 0x40, 0x3c, 0x13, 0xb0, 0x13, 0xa6, 0x60, 0x1a, 0x16,
  0x10, 0x01, 0x0b, 0x14, 0x0b, 0x4f, 0xc2, 0x93, 0x65, 0x24, 0x04, 0x24,
  0x2f, 0x53, 0xb0, 0x13, 0x00, 0x53, 0x04, 0x3c, 0x8f, 0x43, 0x0a, 0x00,
  0x8f, 0x43, 0x0c, 0x00, 0x0e, 0x4b, 0x3f, 0x40, 0x3c, 0x13, 0xb0, 0x13,
  0x5c, 0x60, 0x0b, 0x16, 0x10, 0x01, 0x0b, 0x14, 0x0b, 0x4f, 0xc2, 0x93,
  0x65, 0x24, 0x04, 0x24, 0x2f, 0x53, 0xb0, 0x13, 0xd0, 0x52, 0x0d, 0x3c,
  0x3f, 0x40, 0x3c, 0x13, 0xb0, 0x13, 0x46, 0x60, 0x03, 0x3c, 0x0f, 0x9b,
  0x05, 0x24, 0x2f, 0x4f, 0x0f, 0x93, 0xfb, 0x23, 0x1f, 0x43, 0x01, 0x3c,
  0x0f, 0x43, 0x0b, 0x16, 0x10, 0x01, 0x10, 0x01, 0x10, 0x01, 0x2b, 0x14,
  0x82, 0x93, 0x3e, 0x13, 0x05, 0x20, 0x82, 0x43, 0x40, 0x13, 0x82, 0x43,
  0x42, 0x13, 0x2d, 0x3c, 0xb0, 0x13, 0x20, 0x45, 0x1b, 0x42, 0x3e, 0x13,
  0x1c, 0x4b, 0x04, 0x00, 0x1d, 0x4b, 0x06, 0x00, 0x2c, 0x5b, 0x1d, 0x6b,
  0x02, 0x00, 0x0c, 0x8e, 0x0d, 0x7f, 0x19, 0x4b, 0x08, 0x00, 0x13, 0x3c,
  0x1a, 0x49, 0x04, 0x00, 0x1b, 0x49, 0x06, 0x00, 0x2a, 0x59, 0x1b, 0x69,
  0x02, 0x00, 0x0a, 0x8e, 0x0b, 0x7f, 0x0b, 0x9d, 0x04, 0x28, 0x0d, 0x9b,
  0x04, 0x28, 0x0a, 0x9c, 0x02, 0x2c, 0x0c, 0x4a, 0x0d, 0x4b, 0x19, 0x49,
  0x08, 0x00, 0x09, 0x93, 0xeb, 0x23, 0x0a, 0x4c, 0x0b, 0x4d, 0x0a, 0x5e,
  0x0b, 0x6f, 0x82, 0x4a, 0x40, 0x13, 0x82, 0x4b, 0x42, 0x13, 0x29, 0x16,
  0x10, 0x01, 0x3f, 0x40, 0x3c, 0x11, 0xb0, 0x13, 0xc4, 0x6e, 0x10, 0x01,
  0x2b, 0x14, 0x0a, 0x4f, 0x2f, 0x4f, 0x0f, 0x93, 0x04, 0x24, 0x3f, 0x90,
  0x59, 0x00, 0x4d, 0x20, 0x51, 0x3c, 0x82, 0x43, 0x3e, 0x13, 0xba, 0x40,
  0x59, 0x00, 0x00, 0x00, 0x5f, 0x43, 0x50, 0x3c, 0x1e, 0x4e, 0x08, 0x00,
  0x0e, 0x93, 0x01, 0x20, 0xf4, 0x3f, 0x8e, 0x9d, 0x0a, 0x00, 0xf8, 0x27,
  0x82, 0x4e, 0x3e, 0x13, 0x08, 0x3c, 0x8c, 0x9d, 0x0a, 0x00, 0x04, 0x20,
  0x9e, 0x4c, 0x08, 0x00, 0x08, 0x00, 0x01, 0x3c, 0x0e, 0x4c, 0x1c, 0x4e,
  0x08, 0x00, 0x0c, 0x93, 0xf4, 0x23, 0xe3, 0x3f, 0x7e, 0x90, 0x82, 0xff,
  0xe0, 0x23, 0x1b, 0x42, 0x3e, 0x13, 0x09, 0x43, 0x23, 0x3c, 0x0f, 0x4b,
  0xb0, 0x13, 0xfc, 0xc6, 0x0f, 0x93, 0x1b, 0x24, 0x0d, 0x4b, 0x7e, 0x40,
  0x88, 0xff, 0x1f, 0x4b, 0x0a, 0x00, 0xb0, 0x13, 0x32, 0x6e, 0x0f, 0x93,
  0x10, 0x20, 0x8b, 0x43, 0x0a, 0x00, 0x09, 0x93, 0x04, 0x24, 0x99, 0x4b,
  0x08, 0x00, 0x08, 0x00, 0x03, 0x3c, 0x92, 0x4b, 0x08, 0x00, 0x3e, 0x13,
  0x8b, 0x43, 0x08, 0x00, 0xb0, 0x13, 0x2e, 0x51, 0xde, 0x3f, 0xb0, 0x13,
  0x9e, 0x51, 0x09, 0x4b, 0x1b, 0x4b, 0x08, 0x00, 0x0b, 0x93, 0xdb, 0x23,
  0xb6, 0x3f, 0x8a, 0x43, 0x00, 0x00, 0x7f, 0x40, 0x03, 0x00, 0x06, 0x3c,
  0x7e, 0x90, 0x87, 0xff, 0xcb, 0x23, 0x1e, 0x42, 0x3e, 0x13, 0xb2, 0x3f,
  0x29, 0x16, 0x10, 0x01, 0x0b, 0x14, 0x0b, 0x4f, 0xb0, 0x13, 0x9e, 0x51,
  0x8b, 0x93, 0x0a, 0x00, 0x0d, 0x24, 0x1f, 0x42, 0x3e, 0x13, 0x08, 0x3c,
  0x0f, 0x9b, 0x04, 0x20, 0x9f, 0x42, 0x74, 0x15, 0x0a, 0x00, 0x0c, 0x3c,
  0x1f, 0x4f, 0x08, 0x00, 0x0f, 0x93, 0xf6, 0x23, 0x9b, 0x42, 0x74, 0x15,
  0x0a, 0x00, 0x9b, 0x42, 0x3e, 0x13, 0x08, 0x00, 0x82, 0x4b, 0x3e, 0x13,
  0xb0, 0x13, 0x2e, 0x51, 0x0b, 0x16, 0x10, 0x01, 0x0b, 0x14, 0x0b, 0x4f,
  0xb0, 0x13, 0xe0, 0xc6, 0x0f, 0x4b, 0xb0, 0x13, 0x6c, 0x52, 0x0b, 0x16,
  0x10, 0x01, 0x0b, 0x14, 0x0b, 0x4f, 0xb0, 0x13, 0x26, 0xc7, 0x0f, 0x4b,
  0xb0, 0x13, 0x6c, 0x52, 0x0b, 0x16, 0x10, 0x01, 0x1e, 0x43, 0x8f, 0x93,
  0x0a, 0x00, 0x01, 0x24, 0x0e, 0x43, 0x0f, 0x4e, 0x10, 0x01, 0x1f, 0x43,
  0x82, 0x93, 0x3e, 0x13, 0x01, 0x20, 0x0f, 0x43, 0x10, 0x01, 0x82, 0x93,
  0x3e, 0x13, 0x05, 0x24, 0x1e, 0x42, 0x40, 0x13, 0x1f, 0x42, 0x42, 0x13,
  0x10, 0x01, 0x0e, 0x43, 0x0f, 0x43, 0x10, 0x01, 0x0b, 0x14, 0x0b, 0x4f,
  0x1f, 0x42, 0x3e, 0x13, 0x0b, 0x9f, 0x05, 0x20, 0x92, 0x4b, 0x08, 0x00,
  0x3e, 0x13, 0x10, 0x3c, 0x0f, 0x4e, 0x0f, 0x93, 0x05, 0x24, 0x1e, 0x4f,
  0x08, 0x00, 0x0e, 0x9b, 0xf9, 0x23, 0x05, 0x3c, 0x8b, 0x43, 0x08, 0x00,
  0x8b, 0x43, 0x0a, 0x00, 0x06, 0x3c, 0x9f, 0x4b, 0x08, 0x00, 0x08, 0x00,
  0xb0, 0x13, 0x2e, 0x51, 0xf5, 0x3f, 0x0b, 0x16, 0x10, 0x01, 0x1f, 0x42,
  0x48, 0x11, 0x10, 0x01, 0x0b, 0x14, 0x0f, 0x93, 0x6b, 0x24, 0xef, 0x93,
  0x08, 0x00, 0x42, 0x20, 0x5c, 0x4f, 0x07, 0x00, 0x4c, 0x93, 0x07, 0x20,
  0xcf, 0x93, 0x09, 0x00, 0x1a, 0x20, 0xdf, 0x93, 0x04, 0x00, 0x17, 0x20,
  0x1a, 0x3c, 0x5b, 0x4f, 0x09, 0x00, 0x4b, 0x93, 0x04, 0x20, 0xcf, 0x93,
  0x04, 0x00, 0x13, 0x24, 0x51, 0x3c, 0x7c, 0x90, 0x03, 0x00, 0x07, 0x20,
  0x7b, 0x90, 0x03, 0x00, 0x0a, 0x20, 0xcf, 0x93, 0x04, 0x00, 0x09, 0x24,
  0x04, 0x3c, 0x6c, 0x93, 0x04, 0x20, 0x4b, 0x93, 0x04, 0x20, 0x0b, 0x43,
  0x03, 0x3c, 0x6b, 0x93, 0xfc, 0x23, 0x1b, 0x43, 0xcf, 0x93, 0x04, 0x00,
  0x2f, 0x20, 0x4c, 0x93, 0x06, 0x20, 0x5f, 0x4f, 0x09, 0x00, 0x6f, 0x83,
  0x6f, 0x93, 0x25, 0x28, 0x27, 0x3c, 0x6c, 0x93, 0x08, 0x20, 0x5f, 0x4f,
  0x09, 0x00, 0x6f, 0x93, 0x1e, 0x24, 0x7f, 0x90, 0x03, 0x00, 0x1b, 0x24,
  0x1d, 0x3c, 0x7c, 0x90, 0x03, 0x00, 0x1a, 0x20, 0xef, 0x93, 0x09, 0x00,
  0x14, 0x24, 0x16, 0x3c, 0xef, 0x93, 0x00, 0x00, 0x12, 0x24, 0xcf, 0x93,
  0x04, 0x00, 0x06, 0x20, 0x5b, 0x4f, 0x09, 0x00, 0x7b, 0xf0, 0x03, 0x00,
  0x1c, 0x43, 0x01, 0x20, 0x0c, 0x43, 0xff, 0xb0, 0x03, 0x00, 0x07, 0x00,
  0x07, 0x20, 0x0b, 0x43, 0x06, 0x3c, 0x1c, 0x43, 0x04, 0x3c, 0x0b, 0x43,
  0x0c, 0x43, 0x01, 0x3c, 0x1b, 0x43, 0x0e, 0x93, 0x02, 0x24, 0x8e, 0x4c,
  0x00, 0x00, 0x0d, 0x93, 0x07, 0x24, 0x8d, 0x4b, 0x00, 0x00, 0x04, 0x3c,
  0x7c, 0x90, 0x03, 0x00, 0xba, 0x27, 0xb5, 0x3f, 0x0b, 0x16, 0x10, 0x01,
  0x1b, 0x14, 0x21, 0x82, 0x0b, 0x4f, 0x0a, 0x4e, 0x3d, 0x40, 0x06, 0x00,
  0x0e, 0x43, 0x0f, 0x4a, 0xb1, 0x13, 0x1c, 0x4a, 0xdb, 0xb3, 0x15, 0x00,
  0x02, 0x20, 0xda, 0x43, 0x00, 0x00, 0xeb, 0x93, 0x18, 0x00, 0x11, 0x2c,
  0xfb, 0xb0, 0x03, 0x00, 0x17, 0x00, 0x0b, 0x24, 0xfb, 0xb0, 0x03, 0x00,
  0x19, 0x00, 0x07, 0x24, 0x9b, 0x9b, 0x1c, 0x00, 0x1e, 0x00, 0x03, 0x20,
  0xdb, 0x43, 0x14, 0x00, 0x02, 0x3c, 0xcb, 0x43, 0x14, 0x00, 0x0d, 0x41,
  0x0e, 0x41, 0x2e, 0x53, 0x0f, 0x4b, 0x3f, 0x50, 0x10, 0x00, 0xb0, 0x13,
  0x44, 0x53, 0x81, 0x93, 0x02, 0x00, 0x02, 0x24, 0xea, 0x43, 0x03, 0x00,
  0x81, 0x93, 0x00, 0x00, 0x02, 0x24, 0xea, 0x43, 0x01, 0x00, 0x5f, 0x4b,
  0x17, 0x00, 0x7f, 0xf0, 0x03, 0x00, 0x6f, 0x83, 0x6f, 0x93, 0x04, 0x2c,
  0x4f, 0x4f, 0x5f, 0x4f, 0xa6, 0xce, 0x01, 0x3c, 0x4f, 0x43, 0xca, 0x4f,
  0x02, 0x00, 0x5f, 0x4b, 0x19, 0x00, 0x7f, 0xf0, 0x03, 0x00, 0x6f, 0x83,
  0x6f, 0x93, 0x04, 0x2c, 0x4f, 0x4f, 0x5f, 0x4f, 0xa6, 0xce, 0x01, 0x3c,
  0x4f, 0x43, 0xca, 0x4f, 0x04, 0x00, 0x21, 0x52, 0x1a, 0x16, 0x10, 0x01,
  0x6f, 0x93, 0x08, 0x24, 0x3f, 0x42, 0x07, 0x3c, 0x0d, 0x4e, 0x0d, 0x5f,
  0xfd, 0x93, 0x00, 0x00, 0x02, 0x24, 0x08, 0x3c, 0x2f, 0x43, 0x3f, 0x53,
  0x0d, 0x4f, 0x1d, 0x53, 0x1d, 0x93, 0xf4, 0x37, 0x5f, 0x43, 0x10, 0x01,
  0x4f, 0x43, 0x10, 0x01, 0x31, 0x50, 0xfa, 0xff, 0x0e, 0x41, 0xb0, 0x13,
  0x24, 0x54, 0x6f, 0x41, 0x2f, 0x53, 0x5e, 0x41, 0x01, 0x00, 0x0f, 0x5e,
  0x5e, 0x41, 0x02, 0x00, 0x0f, 0x5e, 0x5e, 0x41, 0x03, 0x00, 0x0f, 0x5e,
  0x5e, 0x41, 0x04, 0x00, 0x0f, 0x5e, 0x5e, 0x41, 0x05, 0x00, 0x0f, 0x5e,
  0x31, 0x50, 0x06, 0x00, 0x10, 0x01, 0x5c, 0x4f, 0x01, 0x00, 0x1c, 0xf3,
  0x5c, 0x0a, 0x5d, 0x4f, 0x02, 0x00, 0x1d, 0xf3, 0x5d, 0x0e, 0x4c, 0xdd,
  0x6d, 0x4f, 0x7d, 0xf0, 0x07, 0x00, 0x4c, 0xdd, 0x5d, 0x4f, 0x03, 0x00,
  0x1d, 0xf3, 0x5d, 0x0e, 0x5d, 0x02, 0x4c, 0xdd, 0x5d, 0x4f, 0x04, 0x00,
  0x1d, 0xf3, 0x5d, 0x0e, 0x5d, 0x06, 0x4c, 0xdd, 0xce, 0x4c, 0x00, 0x00,
  0x5c, 0x4f, 0x09, 0x00, 0x5c, 0x0e, 0x5c, 0x06, 0x5d, 0x4f, 0x05, 0x00,
  0x5d, 0xf3, 0x4d, 0xdc, 0x5c, 0x4f, 0x06, 0x00, 0x1c, 0xf3, 0x5c, 0x02,
  0x4d, 0xdc, 0x5c, 0x4f, 0x07, 0x00, 0x3c, 0xf0, 0x03, 0x00, 0x5c, 0x06,
  0x4d, 0xdc, 0x5f, 0x4f, 0x08, 0x00, 0x3f, 0xf0, 0x03, 0x00, 0x5f, 0x0e,
  0x4d, 0xdf, 0xce, 0x4d, 0x01, 0x00, 0x10, 0x01, 0x4b, 0x14, 0x31, 0x50,
  0xfa, 0xff, 0x0a, 0x4f, 0x0b, 0x4e, 0x0e, 0x41, 0xb0, 0x13, 0x24, 0x54,
  0x0e, 0x4b, 0x0f, 0x4a, 0x3f, 0x50, 0x10, 0x00, 0xb0, 0x13, 0x26, 0x55,
  0xd1, 0x93, 0x00, 0x00, 0x06, 0x20, 0xdb, 0x4a, 0x1a, 0x00, 0x02, 0x00,
  0x7f, 0x40, 0x03, 0x00, 0x01, 0x3c, 0x6f, 0x43, 0xe1, 0x93, 0x01, 0x00,
  0x0f, 0x20, 0x4e, 0x4f, 0x0e, 0x5b, 0xde, 0x4a, 0x1c, 0x00, 0x00, 0x00,
  0x4e, 0x4f, 0x5e, 0x53, 0x4e, 0x4e, 0x0e, 0x5b, 0x1d, 0x4a, 0x1c, 0x00,
  0x8d, 0x10, 0xce, 0x4d, 0x00, 0x00, 0x6f, 0x53, 0x58, 0x41, 0x02, 0x00,
  0x4e, 0x43, 0x0d, 0x43, 0x4c, 0x48, 0x0c, 0x5a, 0x07, 0x3c, 0x07, 0x4c,
  0x07, 0x5d, 0x49, 0x49, 0x09, 0x5b, 0xe9, 0x47, 0x00, 0x00, 0x5e, 0x53,
  0x49, 0x4f, 0x49, 0x8d, 0x3d, 0x53, 0x4e, 0x98, 0xf4, 0x23, 0x4f, 0x5e,
  0xe1, 0x93, 0x03, 0x00, 0x0f, 0x20, 0x4e, 0x4f, 0x0e, 0x5b, 0xde, 0x4a,
  0x1e, 0x00, 0x00, 0x00, 0x4e, 0x4f, 0x5e, 0x53, 0x4e, 0x4e, 0x0e, 0x5b,
  0x1d, 0x4a, 0x1e, 0x00, 0x8d, 0x10, 0xce, 0x4d, 0x00, 0x00, 0x6f, 0x53,
  0x59, 0x41, 0x04, 0x00, 0x4e, 0x43, 0x0d, 0x43, 0x4c, 0x49, 0x0c, 0x5a,
  0x08, 0x3c, 0x08, 0x4c, 0x08, 0x5d, 0x4a, 0x4a, 0x0a, 0x5b, 0xda, 0x48,
  0x08, 0x00, 0x00, 0x00, 0x5e, 0x53, 0x4a, 0x4f, 0x4a, 0x8d, 0x3d, 0x53,
  0x4e, 0x99, 0xf3, 0x23, 0x4f, 0x5e, 0x4f, 0x4f, 0x31, 0x50, 0x06, 0x00,
  0x47, 0x16, 0x10, 0x01, 0x0b, 0x14, 0x31, 0x50, 0xf6, 0xff, 0x0b, 0x4e,
  0x6d, 0x4f, 0x4e, 0x4d, 0x7e, 0xf0, 0x07, 0x00, 0xc1, 0x4e, 0x00, 0x00,
  0x4e, 0x4d, 0x5e, 0x0b, 0x5e, 0xf3, 0xc1, 0x4e, 0x01, 0x00, 0x4e, 0x4d,
  0x5e, 0x0f, 0x5e, 0xf3, 0xc1, 0x4e, 0x02, 0x00, 0x4c, 0x4d, 0x5c, 0x0f,
  0x5c, 0x03, 0x5c, 0xf3, 0xc1, 0x4c, 0x03, 0x00, 0x4d, 0x4d, 0x5d, 0x0f,
  0x5d, 0x07, 0x5d, 0xf3, 0xc1, 0x4d, 0x04, 0x00, 0x5d, 0x4f, 0x01, 0x00,
  0x4f, 0x4d, 0x5f, 0xf3, 0xc1, 0x4f, 0x05, 0x00, 0x4f, 0x4d, 0x5f, 0x03,
  0x5f, 0xf3, 0xc1, 0x4f, 0x06, 0x00, 0x4f, 0x4d, 0x5f, 0x07, 0x7f, 0xf0,
  0x03, 0x00, 0xc1, 0x4f, 0x07, 0x00, 0x4f, 0x4d, 0x5f, 0x0f, 0x7f, 0xf0,
  0x03, 0x00, 0xc1, 0x4f, 0x08, 0x00, 0x4d, 0x4d, 0x5d, 0x0f, 0x5d, 0x07,
  0xc1, 0x4d, 0x09, 0x00, 0x3d, 0x40, 0x0a, 0x00, 0x0e, 0x41, 0x0f, 0x4b,
  0xb1, 0x13, 0x4c, 0x48, 0x31, 0x50, 0x0a, 0x00, 0x0b, 0x16, 0x10, 0x01,
  0x3b, 0x14, 0x31, 0x50, 0xf2, 0xff, 0x09, 0x4f, 0x08, 0x4e, 0x0a, 0x4d,
  0x2e, 0x93, 0xa1, 0x38, 0x0e, 0x41, 0xb0, 0x13, 0x68, 0x56, 0x3d, 0x40,
  0x0a, 0x00, 0x0e, 0x41, 0x0f, 0x4a, 0x3f, 0x50, 0x10, 0x00, 0xb1, 0x13,
  0x4c, 0x48, 0xc1, 0x93, 0x05, 0x00, 0x03, 0x24, 0x0b, 0x49, 0x2b, 0x53,
  0x06, 0x3c, 0xda, 0x49, 0x02, 0x00, 0x1a, 0x00, 0x0b, 0x49, 0x3b, 0x50,
  0x03, 0x00, 0x0d, 0x41, 0x3d, 0x50, 0x0a, 0x00, 0x0e, 0x41, 0x3e, 0x50,
  0x0c, 0x00, 0x0f, 0x41, 0xb0, 0x13, 0x44, 0x53, 0x5f, 0x41, 0x07, 0x00,
  0x4f, 0x93, 0x2d, 0x24, 0x81, 0x93, 0x0a, 0x00, 0x09, 0x24, 0x6d, 0x4b,
  0x5e, 0x4b, 0x01, 0x00, 0x8e, 0x10, 0x0d, 0x5e, 0x8a, 0x4d, 0x1c, 0x00,
  0x2b, 0x53, 0x02, 0x3c, 0x8a, 0x43, 0x1c, 0x00, 0x6f, 0x93, 0x0c, 0x20,
  0x3e, 0x40, 0x82, 0xc9, 0x0f, 0x4a, 0xb0, 0x13, 0x1a, 0x60, 0xda, 0x4b,
  0x01, 0x00, 0x00, 0x00, 0xea, 0x4b, 0x01, 0x00, 0x2b, 0x53, 0x18, 0x3c,
  0x7f, 0x90, 0x03, 0x00, 0x15, 0x20, 0x0e, 0x4b, 0x3e, 0x50, 0x07, 0x00,
  0x0f, 0x43, 0x0d, 0x4a, 0x0d, 0x5f, 0xed, 0x4e, 0x00, 0x00, 0x1f, 0x53,
  0x3e, 0x53, 0x3f, 0x92, 0xf8, 0x23, 0x3b, 0x52, 0x07, 0x3c, 0x3e, 0x40,
  0x82, 0xc9, 0x0f, 0x4a, 0xb0, 0x13, 0x1a, 0x60, 0x8a, 0x43, 0x1c, 0x00,
  0x5e, 0x41, 0x09, 0x00, 0x4e, 0x93, 0x33, 0x24, 0x81, 0x93, 0x0c, 0x00,
  0x0e, 0x24, 0x6f, 0x4b, 0x5d, 0x4b, 0x01, 0x00, 0x8d, 0x10, 0x0f, 0x5d,
  0x8a, 0x4f, 0x1e, 0x00, 0x2b, 0x53, 0x81, 0x93, 0x0a, 0x00, 0x06, 0x20,
  0x8a, 0x4f, 0x1c, 0x00, 0x03, 0x3c, 0x9a, 0x4a, 0x1c, 0x00, 0x1e, 0x00,
  0x6e, 0x93, 0x0d, 0x20, 0x3e, 0x40, 0x82, 0xc9, 0x0f, 0x4a, 0x3f, 0x52,
  0xb0, 0x13, 0x1a, 0x60, 0xda, 0x4b, 0x01, 0x00, 0x08, 0x00, 0xea, 0x4b,
  0x09, 0x00, 0x2b, 0x53, 0x18, 0x3c, 0x7e, 0x90, 0x03, 0x00, 0x15, 0x20,
  0x0e, 0x4a, 0x3f, 0x40, 0x07, 0x00, 0x0d, 0x4b, 0x0d, 0x5f, 0xee, 0x4d,
  0x08, 0x00, 0x3f, 0x53, 0x1e, 0x53, 0x3f, 0x93, 0xf8, 0x23, 0x3b, 0x52,
  0x08, 0x3c, 0x3e, 0x40, 0x82, 0xc9, 0x0f, 0x4a, 0x3f, 0x52, 0xb0, 0x13,
  0x1a, 0x60, 0x8a, 0x43, 0x1e, 0x00, 0x0f, 0x4b, 0x0f, 0x89, 0x0e, 0x48,
  0x0e, 0x8f, 0x8a, 0x4e, 0x36, 0x00, 0x8a, 0x4b, 0x34, 0x00, 0x08, 0x9f,
  0x01, 0x34, 0x0f, 0x43, 0x31, 0x50, 0x0e, 0x00, 0x38, 0x16, 0x10, 0x01,
  0x1b, 0x14, 0x31, 0x50, 0xc8, 0xff, 0xb0, 0x13, 0x56, 0x69, 0x0b, 0x4f,
  0xb0, 0x13, 0x66, 0x69, 0x0d, 0x41, 0x0e, 0x4b, 0xb0, 0x13, 0xf4, 0x56,
  0x0b, 0x4f, 0x0f, 0x93, 0x01, 0x20, 0x30, 0x3c, 0xb0, 0x13, 0x30, 0x69,
  0x0f, 0x93, 0x2c, 0x24, 0x5e, 0x41, 0x10, 0x00, 0x7f, 0x40, 0x0b, 0x00,
  0xb0, 0x13, 0x9e, 0x6a, 0x5e, 0x41, 0x13, 0x00, 0x7f, 0x40, 0x07, 0x00,
  0xb0, 0x13, 0x9e, 0x6a, 0xc1, 0x93, 0x17, 0x00, 0x2b, 0x24, 0x1a, 0x41,
  0x1c, 0x00, 0xb0, 0x13, 0x3e, 0x53, 0x0a, 0x9f, 0x19, 0x24, 0xb1, 0x93,
  0x1c, 0x00, 0x16, 0x24, 0xa2, 0x93, 0x62, 0x11, 0x11, 0x38, 0x30, 0x12,
  0xa8, 0xce, 0x30, 0x12, 0xb3, 0xce, 0x30, 0x12, 0xb8, 0xce, 0xb1, 0x13,
  0x88, 0x3e, 0x31, 0x50, 0x06, 0x00, 0x11, 0x12, 0x1e, 0x00, 0x30, 0x12,
  0xc7, 0xce, 0xb1, 0x13, 0x88, 0x3e, 0x21, 0x52, 0x3b, 0x43, 0x60, 0x3c,
  0x0e, 0x41, 0x5f, 0x41, 0x17, 0x00, 0xb0, 0x13, 0xcc, 0x54, 0x4f, 0x93,
  0x05, 0x20, 0x0e, 0x41, 0x7f, 0x40, 0x0d, 0x00, 0xb0, 0x13, 0xb4, 0x6a,
  0x0e, 0x41, 0x3e, 0x52, 0x7f, 0x40, 0x0c, 0x00, 0xb0, 0x13, 0xb4, 0x6a,
  0xc1, 0x93, 0x15, 0x00, 0x03, 0x20, 0x5e, 0x41, 0x1a, 0x00, 0x01, 0x3c,
  0x3e, 0x43, 0x7f, 0x40, 0x06, 0x00, 0xb0, 0x13, 0x9e, 0x6a, 0xb2, 0x90,
  0x03, 0x00, 0x62, 0x11, 0x12, 0x38, 0x30, 0x12, 0xa8, 0xce, 0x30, 0x12,
  0xe1, 0xce, 0x30, 0x12, 0xb8, 0xce, 0xb1, 0x13, 0x88, 0x3e, 0x31, 0x50,
  0x06, 0x00, 0x5f, 0x41, 0x10, 0x00, 0x0f, 0x12, 0x30, 0x12, 0xe6, 0xce,
  0xb1, 0x13, 0x88, 0x3e, 0x21, 0x52, 0xb2, 0x90, 0x03, 0x00, 0x62, 0x11,
  0x06, 0x38, 0x7f, 0x40, 0x0c, 0x00, 0xb0, 0x13, 0xc8, 0x6a, 0xb0, 0x13,
  0x1a, 0x61, 0xb2, 0x90, 0x03, 0x00, 0x62, 0x11, 0x04, 0x38, 0x3f, 0x40,
  0x20, 0x00, 0xb1, 0x13, 0x8a, 0x11, 0xb2, 0x90, 0x03, 0x00, 0x62, 0x11,
  0x06, 0x38, 0x7f, 0x40, 0x0d, 0x00, 0xb0, 0x13, 0xc8, 0x6a, 0xb0, 0x13,
  0x1a, 0x61, 0xb2, 0x90, 0x03, 0x00, 0x62, 0x11, 0x0d, 0x38, 0xb0, 0x13,
  0xac, 0x69, 0x0a, 0x4f, 0xb0, 0x13, 0x56, 0x69, 0x0a, 0x12, 0x0f, 0x12,
  0x0b, 0x12, 0x30, 0x12, 0xef, 0xce, 0xb1, 0x13, 0x88, 0x3e, 0x31, 0x52,
  0x0f, 0x4b, 0x31, 0x50, 0x38, 0x00, 0x1a, 0x16, 0x10, 0x01, 0x2b, 0x14,
  0xca, 0x0f, 0x49, 0x4e, 0x0b, 0x4d, 0xdf, 0x03, 0x02, 0x24, 0x0d, 0x93,
  0x13, 0x20, 0xb2, 0x90, 0x03, 0x00, 0x62, 0x11, 0x5d, 0x38, 0x30, 0x12,
  0xa8, 0xce, 0x30, 0x12, 0xe1, 0xce, 0x30, 0x12, 0xb8, 0xce, 0xb1, 0x13,
  0x88, 0x3e, 0x31, 0x50, 0x06, 0x00, 0x3f, 0x40, 0xfc, 0xce, 0xb1, 0x13,
  0xc4, 0x47, 0x4e, 0x3c, 0x7f, 0x40, 0x0b, 0x00, 0x4a, 0x13, 0xcb, 0x4f,
  0x10, 0x00, 0xcb, 0x43, 0x12, 0x00, 0x49, 0x93, 0x03, 0x24, 0xcb, 0x43,
  0x13, 0x00, 0x05, 0x3c, 0x7f, 0x40, 0x07, 0x00, 0x4a, 0x13, 0xcb, 0x4f,
  0x13, 0x00, 0xcb, 0x43, 0x15, 0x00, 0x7f, 0x42, 0x4a, 0x13, 0xcb, 0x4f,
  0x16, 0x00, 0xdb, 0x43, 0x18, 0x00, 0xcb, 0x43, 0x11, 0x00, 0x7f, 0x40,
  0x06, 0x00, 0x4a, 0x13, 0xcb, 0x4f, 0x1a, 0x00, 0xb0, 0x13, 0x3e, 0x53,
  0x8b, 0x4f, 0x1e, 0x00, 0x7f, 0x40, 0x09, 0x00, 0x4a, 0x13, 0x1f, 0x93,
  0x03, 0x20, 0xcb, 0x43, 0x19, 0x00, 0x03, 0x3c, 0xfb, 0x40, 0x03, 0x00,
  0x19, 0x00, 0xb0, 0x13, 0x3e, 0x53, 0x8b, 0x4f, 0x1c, 0x00, 0x7f, 0x40,
  0x0a, 0x00, 0x4a, 0x13, 0x1f, 0x93, 0x03, 0x20, 0xcb, 0x43, 0x17, 0x00,
  0x08, 0x3c, 0x49, 0x93, 0x03, 0x24, 0xeb, 0x43, 0x17, 0x00, 0x03, 0x3c,
  0xfb, 0x40, 0x03, 0x00, 0x17, 0x00, 0xeb, 0x93, 0x19, 0x00, 0x03, 0x24,
  0xeb, 0x93, 0x17, 0x00, 0x03, 0x20, 0xdb, 0x43, 0x14, 0x00, 0x02, 0x3c,
  0xcb, 0x43, 0x14, 0x00, 0x29, 0x16, 0x10, 0x01, 0x1b, 0x14, 0x31, 0x50,
  0xc8, 0xff, 0x0a, 0x4f, 0xb0, 0x13, 0x3e, 0x53, 0x3f, 0x93, 0x01, 0x20,
  0x82, 0x3c, 0x3d, 0x40, 0x38, 0x00, 0x0e, 0x43, 0x0f, 0x41, 0xb1, 0x13,
  0x1c, 0x4a, 0xb0, 0x13, 0xd6, 0x6a, 0x0d, 0x41, 0x4e, 0x4f, 0x8f, 0x00,
  0xaa, 0x6a, 0xb0, 0x13, 0x9e, 0x59, 0xb0, 0x13, 0xd6, 0x6a, 0x4f, 0x93,
  0x05, 0x24, 0xf1, 0x43, 0x00, 0x00, 0xf1, 0x43, 0x01, 0x00, 0x08, 0x3c,
  0x7f, 0x40, 0x0d, 0x00, 0xb0, 0x13, 0xc8, 0x6a, 0x0e, 0x4f, 0x0f, 0x41,
  0xb0, 0x13, 0x1a, 0x60, 0x7f, 0x40, 0x0c, 0x00, 0xb0, 0x13, 0xc8, 0x6a,
  0x0e, 0x4f, 0x0f, 0x41, 0x3f, 0x52, 0xb0, 0x13, 0x1a, 0x60, 0xb0, 0x13,
  0x66, 0x69, 0x81, 0x4f, 0x34, 0x00, 0xb0, 0x13, 0x56, 0x69, 0x81, 0x4f,
  0x36, 0x00, 0x0f, 0x41, 0xb0, 0x13, 0xf4, 0x54, 0x0b, 0x4f, 0x0a, 0x93,
  0x4d, 0x24, 0xb0, 0x13, 0xb8, 0x69, 0x0f, 0x93, 0x35, 0x24, 0xb0, 0x13,
  0x50, 0x69, 0x0e, 0x4f, 0x0f, 0x41, 0xb0, 0x13, 0x94, 0x55, 0xb2, 0x90,
  0x03, 0x00, 0x62, 0x11, 0x12, 0x38, 0x30, 0x12, 0xa8, 0xce, 0x30, 0x12,
  0xe1, 0xce, 0x30, 0x12, 0xb8, 0xce, 0xb1, 0x13, 0x88, 0x3e, 0x31, 0x50,
  0x06, 0x00, 0x5f, 0x41, 0x10, 0x00, 0x0f, 0x12, 0x30, 0x12, 0x3b, 0xcf,
  0xb1, 0x13, 0x88, 0x3e, 0x21, 0x52, 0xb2, 0x90, 0x03, 0x00, 0x62, 0x11,
  0x03, 0x38, 0x0f, 0x41, 0xb0, 0x13, 0x1a, 0x61, 0xb2, 0x90, 0x03, 0x00,
  0x62, 0x11, 0x22, 0x38, 0xb0, 0x13, 0xac, 0x69, 0x0a, 0x4f, 0xb0, 0x13,
  0x56, 0x69, 0x0a, 0x12, 0x0f, 0x12, 0x0b, 0x12, 0x30, 0x12, 0xef, 0xce,
  0xb1, 0x13, 0x88, 0x3e, 0x31, 0x52, 0x14, 0x3c, 0x92, 0x93, 0x62, 0x11,
  0x10, 0x38, 0x30, 0x12, 0xa8, 0xce, 0x30, 0x12, 0x45, 0xcf, 0x30, 0x12,
  0xb8, 0xce, 0xb1, 0x13, 0x88, 0x3e, 0x31, 0x50, 0x06, 0x00, 0x0b, 0x12,
  0x30, 0x12, 0x49, 0xcf, 0xb1, 0x13, 0x88, 0x3e, 0x21, 0x52, 0x3b, 0x43,
  0x0f, 0x4b, 0x31, 0x50, 0x38, 0x00, 0x1a, 0x16, 0x10, 0x01, 0x1f, 0x43,
  0xb0, 0x13, 0x74, 0x5a, 0x10, 0x01, 0x0f, 0x43, 0xb0, 0x13, 0x74, 0x5a,
  0x10, 0x01, 0x0b, 0x14, 0x0b, 0x4f, 0x2f, 0x4f, 0x0f, 0x93, 0x04, 0x24,
  0x3f, 0x90, 0x3c, 0x00, 0x15, 0x20, 0x1b, 0x3c, 0x3d, 0x40, 0x00, 0x05,
  0x0e, 0x43, 0x3f, 0x40, 0x44, 0x13, 0xb0, 0x13, 0xac, 0x52, 0x3f, 0x40,
  0x64, 0xcf, 0xb1, 0x13, 0xc4, 0x47, 0xbb, 0x40, 0x3c, 0x00, 0x00, 0x00,
  0x0a, 0x3c, 0x3f, 0x40, 0x44, 0x13, 0xb0, 0x13, 0xbe, 0x52, 0xf3, 0x3f,
  0x8b, 0x43, 0x00, 0x00, 0x7f, 0x40, 0x03, 0x00, 0x09, 0x3c, 0x5f, 0x43,
  0x07, 0x3c, 0x3f, 0x40, 0x44, 0x13, 0xb0, 0x13, 0xd0, 0x52, 0x0f, 0x93,
  0xf8, 0x27, 0xed, 0x3f, 0x0b, 0x16, 0x10, 0x01, 0xd2, 0x43, 0xd9, 0x00,
  0xf2, 0x40, 0x0f, 0x00, 0xd8, 0x00, 0xf2, 0x40, 0x81, 0xff, 0xd9, 0x00,
  0xd2, 0x42, 0x4f, 0x12, 0xda, 0x00, 0xd2, 0x42, 0x68, 0x24, 0xdb, 0x00,
  0x4f, 0x4f, 0x82, 0x4f, 0x7e, 0x01, 0xf2, 0xf0, 0xef, 0xff, 0xd9, 0x00,
  0xd2, 0xc3, 0xd9, 0x00, 0xf2, 0x42, 0xdc, 0x00, 0xe2, 0x42, 0x06, 0x00,
  0x10, 0x01, 0xd2, 0xd3, 0xd9, 0x00, 0xf2, 0xd0, 0x0f, 0x00, 0xd8, 0x00,
  0xf2, 0x40, 0x81, 0xff, 0xd9, 0x00, 0xd2, 0x42, 0x4f, 0x12, 0xda, 0x00,
  0xd2, 0x42, 0x68, 0x24, 0xdb, 0x00, 0x4f, 0x4f, 0x82, 0x4f, 0x7e, 0x01,
  0xd2, 0xc3, 0xd9, 0x00, 0xf2, 0x42, 0xdc, 0x00, 0xf2, 0x42, 0x06, 0x00,
  0x10, 0x01, 0xc2, 0x4f, 0x67, 0x24, 0xc2, 0x4f, 0xc1, 0x24, 0x82, 0x4e,
  0xcc, 0x24, 0xe2, 0xb3, 0xd9, 0x00, 0xfd, 0x23, 0xf2, 0xb2, 0xdd, 0x00,
  0xfa, 0x23, 0x5f, 0x42, 0x67, 0x24, 0x5f, 0x93, 0x0b, 0x20, 0x32, 0xc2,
  0x03, 0x43, 0xe2, 0xd3, 0xd9, 0x00, 0xe2, 0xb3, 0xd9, 0x00, 0xfd, 0x23,
  0xe2, 0xd2, 0xd9, 0x00, 0x32, 0xd2, 0x02, 0x3c, 0xe2, 0xd3, 0xd9, 0x00,
  0x4f, 0x43, 0x10, 0x01, 0x5f, 0x42, 0xdd, 0x00, 0x7f, 0xf0, 0x10, 0x00,
  0x10, 0x01, 0xf2, 0xd0, 0x06, 0x00, 0x33, 0x00, 0xf2, 0xd0, 0x06, 0x00,
  0x45, 0x00, 0xe2, 0xd2, 0x32, 0x00, 0xe2, 0xc3, 0x32, 0x00, 0xf2, 0xd0,
  0x06, 0x00, 0x12, 0x00, 0xf2, 0xd0, 0x06, 0x00, 0x31, 0x00, 0x10, 0x01,
  0xc2, 0x4f, 0x66, 0x24, 0xc2, 0x4f, 0xc4, 0x24, 0x82, 0x4e, 0xc2, 0x24,
  0xf2, 0xd0, 0x12, 0x00, 0xd9, 0x00, 0x10, 0x01, 0xf2, 0xd0, 0x70, 0x00,
  0x32, 0x00, 0xf2, 0xd0, 0x70, 0x00, 0x31, 0x00, 0x10, 0x01, 0x5e, 0x42,
  0x31, 0x00, 0x7e, 0xb0, 0x10, 0x00, 0x02, 0x24, 0x4f, 0x43, 0x02, 0x3c,
  0x7f, 0x40, 0x10, 0x00, 0x7e, 0xb0, 0x40, 0x00, 0x02, 0x24, 0x4d, 0x43,
  0x02, 0x3c, 0x7d, 0x40, 0x40, 0x00, 0x4f, 0xdd, 0x7e, 0xf0, 0x20, 0x00,
  0x02, 0x24, 0x4e, 0x43, 0x02, 0x3c, 0x7e, 0x40, 0x20, 0x00, 0x4f, 0xde,
  0x10, 0x01, 0x5e, 0x42, 0x31, 0x00, 0x7e, 0xf0, 0x8f, 0xff, 0x7f, 0xb0,
  0x10, 0x00, 0x02, 0x24, 0x4d, 0x43, 0x02, 0x3c, 0x7d, 0x40, 0x10, 0x00,
  0x4e, 0xdd, 0x7f, 0xb0, 0x40, 0x00, 0x02, 0x24, 0x4d, 0x43, 0x02, 0x3c,
  0x7d, 0x40, 0x40, 0x00, 0x4d, 0xde, 0x7f, 0xf0, 0x20, 0x00, 0x02, 0x24,
  0x4f, 0x43, 0x02, 0x3c, 0x7f, 0x40, 0x20, 0x00, 0x4f, 0xdd, 0xc2, 0x4f,
  0x31, 0x00, 0x10, 0x01, 0xb0, 0x13, 0xe4, 0x5c, 0x10, 0x01, 0x0b, 0x14,
  0x4b, 0x4f, 0xb0, 0x13, 0xf2, 0x5c, 0x4f, 0xdb, 0xb0, 0x13, 0x26, 0x5d,
  0x0b, 0x16, 0x10, 0x01, 0x0b, 0x14, 0x4b, 0x4f, 0xb0, 0x13, 0xf2, 0x5c,
  0x4f, 0xcb, 0xb0, 0x13, 0x26, 0x5d, 0x0b, 0x16, 0x10, 0x01, 0x3f, 0x40,
  0xce, 0x24, 0xb0, 0x13, 0xa6, 0x50, 0x3f, 0x40, 0x56, 0x11, 0xb0, 0x13,
  0x8a, 0x66, 0x0a, 0x3c, 0x5e, 0x4f, 0x08, 0x00, 0x5e, 0x03, 0xcf, 0x4e,
  0x08, 0x00, 0x0e, 0x4f, 0x3f, 0x40, 0x56, 0x11, 0xb0, 0x13, 0x3e, 0x66,
  0x0f, 0x93, 0xf4, 0x23, 0x10, 0x01, 0x0e, 0x4f, 0x3f, 0x40, 0x56, 0x11,
  0xb0, 0x13, 0xc0, 0x66, 0x10, 0x01, 0x0b, 0x14, 0x0b, 0x4f, 0x0f, 0x93,
  0x01, 0x20, 0x10, 0x3c, 0xb0, 0x13, 0x20, 0x45, 0x2e, 0x8b, 0x1f, 0x7b,
  0x02, 0x00, 0x1f, 0x93, 0x05, 0x28, 0x2f, 0x93, 0x07, 0x2c, 0x3e, 0x90,
  0x00, 0x2c, 0x04, 0x2c, 0x1f, 0x43, 0xeb, 0x92, 0x08, 0x00, 0x01, 0x2c,
  0x0f, 0x43, 0x0b, 0x16, 0x10, 0x01, 0x3b, 0x14, 0x08, 0x4f, 0x0b, 0x4e,
  0x0a, 0x4d, 0x0e, 0x93, 0x05, 0x24, 0x2e, 0x93, 0x03, 0x24, 0x3e, 0x90,
  0x06, 0x00, 0x64, 0x20, 0x0e, 0x48, 0x3f, 0x40, 0x56, 0x11, 0xb0, 0x13,
  0xc0, 0x66, 0x09, 0x4f, 0x0f, 0x93, 0x10, 0x20, 0x0b, 0x93, 0x5a, 0x20,
  0x0c, 0x43, 0x3d, 0x42, 0x0e, 0x48, 0x3f, 0x40, 0x56, 0x11, 0xb0, 0x13,
  0x60, 0x67, 0x09, 0x4f, 0x0f, 0x93, 0x50, 0x24, 0xbf, 0x40, 0xff, 0x7f,
  0x06, 0x00, 0x03, 0x3c, 0x3b, 0x90, 0x06, 0x00, 0x49, 0x24, 0xb0, 0x13,
  0x20, 0x45, 0x89, 0x4e, 0x00, 0x00, 0x89, 0x4f, 0x02, 0x00, 0x5f, 0x49,
  0x08, 0x00, 0x0f, 0x5a, 0x3f, 0x90, 0x11, 0x00, 0x02, 0x38, 0x3f, 0x40,
  0x10, 0x00, 0xc9, 0x4f, 0x08, 0x00, 0x2b, 0x93, 0x02, 0x20, 0x3a, 0x50,
  0x0c, 0x00, 0x0b, 0x4a, 0x5b, 0x0e, 0x5b, 0x0a, 0x0f, 0x49, 0xb0, 0x13,
  0xc6, 0x5d, 0x0f, 0x93, 0x03, 0x24, 0x7a, 0x40, 0x0a, 0x00, 0x02, 0x3c,
  0x7a, 0x40, 0x19, 0x00, 0x1c, 0x49, 0x04, 0x00, 0x0c, 0x93, 0x03, 0x20,
  0x89, 0x4b, 0x04, 0x00, 0x21, 0x3c, 0x4a, 0x4a, 0x3e, 0x40, 0x64, 0x00,
  0x0e, 0x8a, 0x0f, 0x4e, 0x8f, 0x10, 0x8f, 0x11, 0x8f, 0x10, 0x8f, 0x11,
  0x0d, 0x43, 0xb0, 0x13, 0x7c, 0x33, 0x02, 0x12, 0x32, 0xc2, 0x03, 0x43,
  0x82, 0x4b, 0x30, 0x01, 0x82, 0x4a, 0x38, 0x01, 0x1a, 0x42, 0x3a, 0x01,
  0x1b, 0x42, 0x3c, 0x01, 0x32, 0x41, 0x3c, 0x40, 0x64, 0x00, 0x0d, 0x43,
  0x0e, 0x5a, 0x0f, 0x6b, 0xb0, 0x13, 0xfe, 0x33, 0x89, 0x4e, 0x04, 0x00,
  0x38, 0x16, 0x10, 0x01, 0x3b, 0x14, 0x0a, 0x4f, 0x6f, 0x42, 0xb0, 0x13,
  0xaa, 0x6a, 0x0b, 0x4f, 0x0e, 0x4a, 0x3f, 0x40, 0x56, 0x11, 0xb0, 0x13,
  0xc0, 0x66, 0x09, 0x4f, 0x0f, 0x93, 0x0d, 0x20, 0x0c, 0x43, 0x3d, 0x42,
  0x0e, 0x4a, 0x3f, 0x40, 0x56, 0x11, 0xb0, 0x13, 0x60, 0x67, 0x09, 0x4f,
  0x0f, 0x93, 0x61, 0x24, 0xbf, 0x40, 0xff, 0x7f, 0x06, 0x00, 0x1d, 0x49,
  0x06, 0x00, 0x3d, 0x90, 0xff, 0x7f, 0x03, 0x20, 0x89, 0x4b, 0x06, 0x00,
  0x31, 0x3c, 0x0e, 0x4d, 0x8d, 0x10, 0x8d, 0x11, 0x8d, 0x10, 0x8d, 0x11,
  0x0f, 0x4d, 0x0c, 0x4e, 0x0d, 0x4f, 0x0c, 0x5c, 0x0d, 0x6d, 0x0c, 0x5e,
  0x0d, 0x6f, 0x0c, 0x5c, 0x0d, 0x6d, 0x0e, 0x4c, 0x0f, 0x4d, 0x6a, 0x42,
  0x0e, 0x5e, 0x0f, 0x6f, 0x7a, 0x53, 0xfc, 0x23, 0x0e, 0x8c, 0x0f, 0x7d,
  0x0d, 0x4b, 0x8d, 0x10, 0x8d, 0x11, 0x8d, 0x10, 0x8d, 0x11, 0x08, 0x4b,
  0x0c, 0x4b, 0x0c, 0x5c, 0x0d, 0x6d, 0x0a, 0x4c, 0x0b, 0x4d, 0x0a, 0x5a,
  0x0b, 0x6b, 0x0a, 0x5a, 0x0b, 0x6b, 0x0a, 0x5c, 0x0b, 0x6d, 0x3c, 0x40,
  0x64, 0x00, 0x0d, 0x43, 0x0e, 0x5a, 0x0f, 0x6b, 0xb0, 0x13, 0x36, 0x34,
  0x89, 0x4e, 0x06, 0x00, 0x89, 0x93, 0x04, 0x00, 0x22, 0x20, 0x1f, 0x49,
  0x06, 0x00, 0x3f, 0x90, 0xff, 0x7f, 0x19, 0x24, 0x3f, 0x50, 0x5a, 0x00,
  0x3f, 0x90, 0x1e, 0x00, 0x04, 0x34, 0x0f, 0x93, 0x04, 0x34, 0x0f, 0x43,
  0x02, 0x3c, 0x3f, 0x40, 0x1e, 0x00, 0x5f, 0x0e, 0x3e, 0x40, 0x1e, 0x00,
  0x5f, 0x0a, 0xb0, 0x13, 0xc4, 0x33, 0x3f, 0x50, 0x00, 0x01, 0x3f, 0x90,
  0x81, 0x01, 0x05, 0x28, 0x3f, 0x40, 0x80, 0x01, 0x02, 0x3c, 0x3f, 0x40,
  0x00, 0x01, 0x89, 0x4f, 0x04, 0x00, 0x38, 0x16, 0x10, 0x01, 0x0b, 0x14,
  0x3f, 0x40, 0x56, 0x11, 0xb0, 0x13, 0x8a, 0x66, 0x0a, 0x3c, 0x0e, 0x4b,
  0x3f, 0x40, 0x56, 0x11, 0xb0, 0x13, 0x12, 0x68, 0x0e, 0x4b, 0x3f, 0x40,
  0x56, 0x11, 0xb0, 0x13, 0x3e, 0x66, 0x0b, 0x4f, 0x0f, 0x93, 0xf3, 0x23,
  0x0b, 0x16, 0x10, 0x01, 0xce, 0x03, 0x3f, 0x40, 0x56, 0x11, 0xb0, 0x13,
  0x02, 0x66, 0x03, 0x12, 0x8c, 0x00, 0x8e, 0x5d, 0x3d, 0x40, 0x00, 0xc2,
  0x1e, 0x43, 0x3f, 0x40, 0xce, 0x24, 0xb0, 0x13, 0x96, 0x50, 0x21, 0x53,
  0x10, 0x01, 0x3d, 0x42, 0xb1, 0x13, 0x4c, 0x48, 0x10, 0x01, 0x3d, 0x42,
  0xb1, 0x13, 0x20, 0x48, 0x5e, 0x43, 0x0f, 0x93, 0x01, 0x24, 0x4e, 0x43,
  0x4f, 0x4e, 0x10, 0x01, 0x0e, 0x4f, 0x3f, 0x40, 0xe4, 0x24, 0xb0, 0x13,
  0x1a, 0x60, 0x10, 0x01, 0x8f, 0x43, 0x00, 0x00, 0x10, 0x01, 0x2f, 0x4f,
  0x10, 0x01, 0x2f, 0x4f, 0x0f, 0x93, 0x02, 0x20, 0x10, 0x01, 0x0f, 0x4e,
  0x2e, 0x4f, 0x0e, 0x93, 0xfc, 0x23, 0x10, 0x01, 0x0b, 0x14, 0x2d, 0x4f,
  0x0d, 0x93, 0x14, 0x24, 0x0c, 0x43, 0x01, 0x3c, 0x0d, 0x4b, 0x0d, 0x9e,
  0x0b, 0x20, 0x2e, 0x4d, 0x0c, 0x93, 0x03, 0x20, 0x8f, 0x4e, 0x00, 0x00,
  0x02, 0x3c, 0x8c, 0x4e, 0x00, 0x00, 0x8d, 0x43, 0x00, 0x00, 0x04, 0x3c,
  0x2b, 0x4d, 0x0c, 0x4d, 0x0b, 0x93, 0xee, 0x23, 0x0b, 0x16, 0x10, 0x01,
  0x1b, 0x14, 0x0b, 0x4f, 0x0a, 0x4e, 0xb0, 0x13, 0x5c, 0x60, 0xaa, 0x4b,
  0x00, 0x00, 0x8b, 0x4a, 0x00, 0x00, 0x1a, 0x16, 0x10, 0x01, 0x1b, 0x14,
  0x0a, 0x4f, 0x0b, 0x4e, 0xb0, 0x13, 0x5c, 0x60, 0x8b, 0x43, 0x00, 0x00,
  0x0f, 0x4a, 0xb0, 0x13, 0x4a, 0x60, 0x0f, 0x93, 0x03, 0x20, 0x8a, 0x4b,
  0x00, 0x00, 0x02, 0x3c, 0x8f, 0x4b, 0x00, 0x00, 0x1a, 0x16, 0x10, 0x01,
  0x2e, 0x4f, 0x0f, 0x43, 0x02, 0x3c, 0x1f, 0x53, 0x2e, 0x4e, 0x0e, 0x93,
  0xfc, 0x23, 0x10, 0x01, 0x0f, 0x93, 0x02, 0x24, 0x2f, 0x4f, 0x10, 0x01,
  0x0f, 0x43, 0x10, 0x01, 0x04, 0x14, 0x04, 0x41, 0x24, 0x52, 0x31, 0x50,
  0xd8, 0xff, 0x0d, 0x4f, 0x3e, 0x40, 0x28, 0x00, 0x0f, 0x44, 0x3f, 0x50,
  0xd4, 0xff, 0xb1, 0x13, 0x3a, 0x3c, 0x3f, 0x40, 0xd4, 0xff, 0x0f, 0x54,
  0x0f, 0x12, 0x30, 0x12, 0x87, 0xcf, 0xb1, 0x13, 0x88, 0x3e, 0x31, 0x50,
  0x2c, 0x00, 0x04, 0x16, 0x10, 0x01, 0x1b, 0x14, 0x0a, 0x4f, 0x0f, 0x93,
  0x0d, 0x20, 0x30, 0x12, 0x8a, 0xcf, 0xb1, 0x13, 0x88, 0x3e, 0x21, 0x53,
  0x14, 0x3c, 0x1b, 0xb3, 0x06, 0x20, 0x3f, 0x40, 0x2e, 0x00, 0xb1, 0x13,
  0x8a, 0x11, 0x01, 0x3c, 0x0b, 0x43, 0x0f, 0x4a, 0x0f, 0x5b, 0x6f, 0x4f,
  0x0f, 0x12, 0x30, 0x12, 0x99, 0xcf, 0xb1, 0x13, 0x88, 0x3e, 0x21, 0x52,
  0x1b, 0x53, 0x3b, 0x92, 0xec, 0x23, 0x1a, 0x16, 0x10, 0x01, 0xb0, 0x13,
  0xc8, 0x6f, 0xc2, 0x4f, 0x69, 0x24, 0x10, 0x01, 0x5e, 0x42, 0x69, 0x24,
  0x4f, 0x4e, 0x5f, 0x53, 0xc2, 0x4f, 0x69, 0x24, 0x4e, 0x4e, 0x7f, 0x40,
  0x06, 0x00, 0xb0, 0x13, 0x9e, 0x6a, 0x10, 0x01, 0x4b, 0x14, 0xb0, 0x13,
  0x20, 0x45, 0x0a, 0x4e, 0x0b, 0x4f, 0x09, 0x43, 0x7f, 0x40, 0x0c, 0x00,
  0xb0, 0x13, 0xc8, 0x6a, 0x0e, 0x49, 0x5e, 0x02, 0x08, 0x49, 0x58, 0x0e,
  0x08, 0x8e, 0x07, 0x48, 0x37, 0x50, 0xa0, 0x13, 0x0e, 0x47, 0xb0, 0x13,
  0x22, 0x60, 0x4f, 0x93, 0x19, 0x24, 0x7f, 0x40, 0x06, 0x00, 0xb0, 0x13,
  0xaa, 0x6a, 0x5e, 0x48, 0xac, 0x13, 0x0f, 0x9e, 0x02, 0x24, 0x0f, 0x43,
  0x14, 0x3c, 0x0e, 0x4a, 0x0f, 0x4b, 0x1e, 0x87, 0x08, 0x00, 0x1f, 0x77,
  0x0a, 0x00, 0x1d, 0x43, 0x0f, 0x93, 0x03, 0x20, 0x3e, 0x90, 0x01, 0x0a,
  0x01, 0x28, 0x0d, 0x43, 0x0f, 0x4d, 0x05, 0x3c, 0x19, 0x53, 0x39, 0x90,
  0x10, 0x00, 0xd2, 0x23, 0xea, 0x3f, 0x47, 0x16, 0x10, 0x01, 0x1b, 0x14,
  0x0a, 0x43, 0x7f, 0x40, 0x0c, 0x00, 0xb0, 0x13, 0xc8, 0x6a, 0x0d, 0x4a,
  0x5d, 0x02, 0x0e, 0x4a, 0x5e, 0x0e, 0x0e, 0x8d, 0x3e, 0x50, 0xa0, 0x13,
  0xb0, 0x13, 0x22, 0x60, 0x0b, 0x4a, 0x1b, 0x53, 0x4f, 0x93, 0x04, 0x20,
  0x0a, 0x4b, 0x3b, 0x90, 0x10, 0x00, 0xeb, 0x23, 0x2b, 0x83, 0x0f, 0x4b,
  0x5f, 0x02, 0x5b, 0x0e, 0x0b, 0x8f, 0x3b, 0x50, 0xa0, 0x13, 0x0a, 0x3c,
  0x3d, 0x40, 0x0e, 0x00, 0x0e, 0x4b, 0x0f, 0x4b, 0x3f, 0x50, 0x0e, 0x00,
  0xb1, 0x13, 0x4c, 0x48, 0x3b, 0x50, 0xf2, 0xff, 0x3b, 0x90, 0x92, 0x13,
  0xf3, 0x23, 0x7f, 0x40, 0x06, 0x00, 0xb0, 0x13, 0xaa, 0x6a, 0xc2, 0x4f,
  0xac, 0x13, 0xb0, 0x13, 0x20, 0x45, 0x82, 0x4e, 0xa8, 0x13, 0x82, 0x4f,
  0xaa, 0x13, 0x7f, 0x40, 0x0c, 0x00, 0xb0, 0x13, 0xc8, 0x6a, 0x0e, 0x4f,
  0x3f, 0x40, 0xa0, 0x13, 0xb0, 0x13, 0x1a, 0x60, 0x1a, 0x16, 0x10, 0x01,
  0x0b, 0x14, 0xcb, 0x0f, 0x0f, 0x4e, 0x0e, 0x4d, 0x0d, 0x4c, 0xdb, 0x03,
  0x01, 0x24, 0x4b, 0x13, 0x0b, 0x16, 0x10, 0x01, 0x0b, 0x14, 0x0b, 0x4f,
  0x1d, 0x4f, 0x02, 0x00, 0x0e, 0x43, 0x1f, 0x4f, 0x04, 0x00, 0xb1, 0x13,
  0x1c, 0x4a, 0x02, 0x12, 0x32, 0xc2, 0x03, 0x43, 0x92, 0x4b, 0x02, 0x00,
  0x32, 0x01, 0xa2, 0x4b, 0x38, 0x01, 0x1d, 0x42, 0x3a, 0x01, 0x32, 0x41,
  0x0e, 0x43, 0x1f, 0x4b, 0x06, 0x00, 0xb1, 0x13, 0x1c, 0x4a, 0x0b, 0x16,
  0x10, 0x01, 0x0d, 0x4f, 0x1c, 0x4f, 0x02, 0x00, 0x0e, 0x43, 0x16, 0x3c,
  0x1f, 0x4d, 0x04, 0x00, 0x0f, 0x5e, 0xcf, 0x93, 0x00, 0x00, 0x0f, 0x20,
  0xdf, 0x43, 0x00, 0x00, 0x02, 0x12, 0x32, 0xc2, 0x03, 0x43, 0x82, 0x4e,
  0x32, 0x01, 0xa2, 0x4d, 0x38, 0x01, 0x1f, 0x42, 0x3a, 0x01, 0x32, 0x41,
  0x1f, 0x5d, 0x06, 0x00, 0x10, 0x01, 0x1e, 0x53, 0x0e, 0x9c, 0xe8, 0x23,
  0x0f, 0x43, 0x10, 0x01, 0x0b, 0x14, 0x1c, 0x4f, 0x06, 0x00, 0x1b, 0x4f,
  0x02, 0x00, 0x0d, 0x43, 0x0d, 0x3c, 0x0c, 0x9e, 0x09, 0x20, 0x1d, 0x5f,
  0x04, 0x00, 0xcd, 0x93, 0x00, 0x00, 0x08, 0x24, 0xcd, 0x43, 0x00, 0x00,
  0x0f, 0x43, 0x05, 0x3c, 0x2c, 0x5f, 0x1d, 0x53, 0x0d, 0x9b, 0xf1, 0x23,
  0x3f, 0x43, 0x0b, 0x16, 0x10, 0x01, 0x1c, 0x4f, 0x06, 0x00, 0x0e, 0x9c,
  0x0f, 0x28, 0x02, 0x12, 0x32, 0xc2, 0x03, 0x43, 0xa2, 0x4f, 0x32, 0x01,
  0x92, 0x4f, 0x02, 0x00, 0x38, 0x01, 0x1d, 0x42, 0x3a, 0x01, 0x32, 0x41,
  0x0d, 0x5c, 0x1f, 0x43, 0x0e, 0x9d, 0x01, 0x28, 0x0f, 0x43, 0x10, 0x01,
  0x0b, 0x14, 0x0d, 0x4f, 0x1c, 0x4f, 0x02, 0x00, 0x0f, 0x43, 0x0e, 0x43,
  0x08, 0x3c, 0x1b, 0x4d, 0x04, 0x00, 0x0b, 0x5e, 0xcb, 0x93, 0x00, 0x00,
  0x01, 0x20, 0x1f, 0x53, 0x1e, 0x53, 0x0e, 0x9c, 0xf6, 0x23, 0x0b, 0x16,
  0x10, 0x01, 0x5f, 0x42, 0xfd, 0x10, 0xc2, 0x43, 0x56, 0x00, 0x7f, 0x93,
  0x07, 0x24, 0xd2, 0x42, 0xfd, 0x10, 0x57, 0x00, 0xd2, 0x42, 0xfc, 0x10,
  0x56, 0x00, 0x10, 0x01, 0xf2, 0x40, 0x8d, 0xff, 0x57, 0x00, 0xf2, 0x40,
  0x88, 0xff, 0x56, 0x00, 0x10, 0x01, 0x0f, 0x42, 0x32, 0xc2, 0x03, 0x43,
  0x3f, 0xf2, 0x10, 0x01, 0xb2, 0x40, 0x04, 0x02, 0x80, 0x01, 0xb2, 0x40,
  0x00, 0x51, 0x8e, 0x01, 0xb2, 0xd0, 0x20, 0x00, 0x80, 0x01, 0x92, 0xc3,
  0x8e, 0x01, 0x92, 0xb3, 0x8e, 0x01, 0xfd, 0x27, 0x1e, 0x42, 0x9e, 0x01,
  0x92, 0xc3, 0x8e, 0x01, 0x92, 0xb3, 0x8e, 0x01, 0xfd, 0x27, 0x1f, 0x42,
  0x9e, 0x01, 0x0f, 0x8e, 0x3f, 0x90, 0xf4, 0x00, 0x19, 0x24, 0x3f, 0x90,
  0xf5, 0x00, 0x0a, 0x28, 0xf2, 0x53, 0x56, 0x00, 0x5f, 0x42, 0x56, 0x00,
  0x7f, 0x93, 0xe5, 0x23, 0x5f, 0x42, 0x57, 0x00, 0x7f, 0x53, 0x09, 0x3c,
  0xd2, 0x53, 0x56, 0x00, 0x5f, 0x42, 0x56, 0x00, 0x4f, 0x93, 0xdb, 0x23,
  0x5f, 0x42, 0x57, 0x00, 0x5f, 0x53, 0xc2, 0x4f, 0x57, 0x00, 0xd5, 0x3f,
  0x82, 0x43, 0x80, 0x01, 0x10, 0x01, 0x32, 0xc2, 0x03, 0x43, 0xb1, 0x13,
  0x8a, 0x3d, 0xc2, 0x43, 0x25, 0x00, 0xc2, 0x43, 0x2d, 0x00, 0xb0, 0x13,
  0x7a, 0x63, 0xb0, 0x13, 0xac, 0x63, 0x32, 0xd2, 0x1f, 0x42, 0x6e, 0x11,
  0x1f, 0xb3, 0x03, 0x24, 0x1f, 0x53, 0x82, 0x4f, 0x6e, 0x11, 0x82, 0x43,
  0xec, 0x24, 0x10, 0x01, 0x0d, 0x4f, 0x0f, 0x93, 0x10, 0x24, 0x3e, 0x93,
  0x0e, 0x24, 0x02, 0x12, 0x32, 0xc2, 0x03, 0x43, 0x82, 0x4e, 0x32, 0x01,
  0x92, 0x4f, 0x02, 0x00, 0x38, 0x01, 0x1f, 0x42, 0x3a, 0x01, 0x32, 0x41,
  0x1f, 0x5d, 0x08, 0x00, 0x10, 0x01, 0x0f, 0x43, 0x10, 0x01, 0x0f, 0x93,
  0x0f, 0x24, 0x1f, 0x82, 0x76, 0x11, 0x5f, 0x01, 0x02, 0x12, 0x32, 0xc2,
  0x03, 0x43, 0x82, 0x4f, 0x32, 0x01, 0xb2, 0x40, 0xcd, 0xcc, 0x38, 0x01,
  0x1f, 0x42, 0x3a, 0x01, 0x32, 0x41, 0x10, 0x01, 0x3f, 0x43, 0x10, 0x01,
  0x0d, 0x4e, 0x0f, 0x93, 0x0a, 0x24, 0x0e, 0x93, 0x08, 0x24, 0x1e, 0x4f,
  0x02, 0x00, 0x1d, 0x8f, 0x08, 0x00, 0x0f, 0x4d, 0xb0, 0x13, 0xc4, 0x33,
  0x10, 0x01, 0x3f, 0x43, 0x10, 0x01, 0x2b, 0x14, 0x0a, 0x4f, 0x0b, 0x4e,
  0x09, 0x4c, 0x0e, 0x4d, 0x0f, 0x4b, 0xb0, 0x13, 0x98, 0x64, 0x0b, 0x93,
  0x1b, 0x24, 0x3f, 0x93, 0x19, 0x24, 0x0d, 0x4a, 0x0d, 0x5f, 0x2f, 0x4b,
  0x7f, 0xf0, 0x0f, 0x00, 0x1e, 0x43, 0x09, 0x93, 0x08, 0x24, 0x4f, 0x93,
  0x03, 0x24, 0x7f, 0x53, 0xcf, 0x18, 0x0e, 0x5e, 0xcd, 0xde, 0x00, 0x00,
  0x07, 0x3c, 0x4f, 0x93, 0x03, 0x24, 0x7f, 0x53, 0xcf, 0x18, 0x0e, 0x5e,
  0xcd, 0xce, 0x00, 0x00, 0x1f, 0x43, 0x01, 0x3c, 0x0f, 0x43, 0x29, 0x16,
  0x10, 0x01, 0x1b, 0x14, 0x0a, 0x4f, 0x0f, 0x93, 0x02, 0x20, 0x3a, 0x40,
  0x82, 0xc9, 0x3f, 0x40, 0x80, 0x14, 0xb0, 0x13, 0x46, 0x60, 0x0e, 0x3c,
  0x0e, 0x4b, 0x2e, 0x53, 0x0f, 0x4a, 0xb0, 0x13, 0x22, 0x60, 0x4f, 0x93,
  0x04, 0x24, 0x0f, 0x4b, 0xb0, 0x13, 0x72, 0x64, 0x07, 0x3c, 0x0f, 0x4b,
  0xb0, 0x13, 0xdc, 0x60, 0x0b, 0x4f, 0x0f, 0x93, 0xef, 0x23, 0x3f, 0x43,
  0x1a, 0x16, 0x10, 0x01, 0x0b, 0x14, 0x0b, 0x4f, 0xb0, 0x13, 0x98, 0x64,
  0x0b, 0x93, 0x0d, 0x24, 0x3f, 0x93, 0x0b, 0x24, 0x6e, 0x4b, 0x7e, 0xf0,
  0x0f, 0x00, 0x5f, 0x4f, 0x6a, 0x24, 0x03, 0x24, 0x7e, 0x53, 0xce, 0x18,
  0x0f, 0x11, 0x1f, 0xf3, 0x01, 0x3c, 0x0f, 0x43, 0x0b, 0x16, 0x10, 0x01,
  0x5b, 0x14, 0x0b, 0x4f, 0x46, 0x4e, 0x0a, 0x43, 0x19, 0x4a, 0x84, 0x14,
  0x09, 0x93, 0x14, 0x24, 0x37, 0x09, 0x04, 0x00, 0xd7, 0x03, 0x10, 0x24,
  0x0f, 0x4b, 0xb0, 0x13, 0x72, 0x64, 0x0e, 0x4f, 0x0f, 0x49, 0xb0, 0x13,
  0x48, 0x64, 0x08, 0x4f, 0x0e, 0x4f, 0x0f, 0x49, 0xb0, 0x13, 0x44, 0x65,
  0x1f, 0x93, 0x02, 0x20, 0x0f, 0x48, 0x47, 0x13, 0x2a, 0x53, 0x3a, 0x90,
  0x10, 0x00, 0xe4, 0x23, 0x0f, 0x4b, 0xb0, 0x13, 0x72, 0x64, 0xcf, 0x43,
  0x6a, 0x24, 0x0f, 0x4b, 0xb0, 0x13, 0x72, 0x64, 0xcf, 0x43, 0x72, 0x24,
  0x0e, 0x4b, 0x3f, 0x40, 0x80, 0x14, 0xb0, 0x13, 0x5c, 0x60, 0x46, 0x93,
  0x05, 0x24, 0x0e, 0x4b, 0x3f, 0x40, 0x70, 0x11, 0xb0, 0x13, 0xf8, 0x62,
  0x56, 0x16, 0x10, 0x01, 0x0f, 0x93, 0x0d, 0x24, 0x2e, 0x4f, 0x0e, 0x93,
  0x0a, 0x38, 0x3e, 0x92, 0x08, 0x34, 0x5e, 0x02, 0x1d, 0x43, 0x1f, 0x9e,
  0x84, 0x14, 0x01, 0x24, 0x0d, 0x43, 0x0f, 0x4d, 0x10, 0x01, 0x0f, 0x43,
  0x10, 0x01, 0x1b, 0x14, 0x0b, 0x4f, 0xca, 0x0e, 0xb0, 0x13, 0xe0, 0x65,
  0x0f, 0x93, 0x03, 0x24, 0x7b, 0x0a, 0x04, 0x00, 0x0f, 0x3c, 0x1f, 0x42,
  0x82, 0x14, 0x3f, 0x92, 0x0d, 0x2c, 0x8b, 0x4f, 0x00, 0x00, 0x0e, 0x4f,
  0x1e, 0x53, 0x82, 0x4e, 0x82, 0x14, 0x7b, 0x0a, 0x04, 0x00, 0x5f, 0x02,
  0x8f, 0x4b, 0x84, 0x14, 0x1f, 0x43, 0x01, 0x3c, 0x0f, 0x43, 0x1a, 0x16,
  0x10, 0x01, 0x1b, 0x14, 0x0a, 0x4f, 0x0b, 0x4e, 0x0e, 0x4b, 0x0f, 0x4a,
  0xb0, 0x13, 0x98, 0x64, 0x3f, 0x93, 0x07, 0x24, 0x0e, 0x4f, 0x5e, 0x02,
  0x5f, 0x0a, 0x0e, 0x5f, 0x1e, 0x52, 0x76, 0x11, 0x01, 0x3c, 0x0e, 0x43,
  0x0f, 0x4e, 0xb0, 0x13, 0xdc, 0x60, 0xb0, 0x13, 0x72, 0x64, 0x0e, 0x4f,
  0x0f, 0x4a, 0xb0, 0x13, 0x48, 0x64, 0x0b, 0x4f, 0x0f, 0x93, 0x06, 0x24,
  0x0e, 0x4f, 0x0f, 0x4a, 0xb0, 0x13, 0x44, 0x65, 0x0f, 0x93, 0xe0, 0x27,
  0x0f, 0x4b, 0x1a, 0x16, 0x10, 0x01, 0x1b, 0x14, 0x0a, 0x4f, 0x3f, 0x40,
  0x80, 0x14, 0xb0, 0x13, 0x46, 0x60, 0xb0, 0x13, 0x72, 0x64, 0x0e, 0x4f,
  0x0f, 0x4a, 0xb0, 0x13, 0x48, 0x64, 0x0b, 0x4f, 0x0e, 0x4f, 0x0f, 0x4a,
  0xb0, 0x13, 0x44, 0x65, 0x0f, 0x93, 0x05, 0x20, 0x0e, 0x4b, 0x0f, 0x4a,
  0xb0, 0x13, 0x3e, 0x66, 0x0b, 0x4f, 0x0f, 0x4b, 0x1a, 0x16, 0x10, 0x01,
  0x1b, 0x14, 0x0a, 0x4f, 0x0f, 0x4e, 0xb0, 0x13, 0x06, 0x65, 0x0e, 0x4f,
  0x0f, 0x4a, 0xb0, 0x13, 0x48, 0x64, 0x0b, 0x4f, 0x0e, 0x4f, 0x0f, 0x4a,
  0xb0, 0x13, 0x44, 0x65, 0x0f, 0x93, 0x01, 0x20, 0x0b, 0x43, 0x0f, 0x4b,
  0x1a, 0x16, 0x10, 0x01, 0x2b, 0x14, 0x0b, 0x4e, 0x09, 0x4d, 0xb0, 0x13,
  0xc0, 0x66, 0x0f, 0x93, 0x03, 0x24, 0x0b, 0x43, 0x5f, 0x43, 0x2c, 0x3c,
  0x0f, 0x4b, 0xb0, 0x13, 0x06, 0x65, 0x3f, 0x93, 0xf8, 0x23, 0x3f, 0x40,
  0x70, 0x11, 0xb0, 0x13, 0x54, 0x63, 0x0f, 0x93, 0xf2, 0x23, 0x3f, 0x40,
  0x80, 0x14, 0xb0, 0x13, 0x46, 0x60, 0x0a, 0x4f, 0x0b, 0x43, 0x14, 0x3c,
  0x0f, 0x4a, 0xb0, 0x13, 0x72, 0x64, 0xcf, 0x93, 0x72, 0x24, 0x0a, 0x20,
  0x0e, 0x4a, 0x2e, 0x53, 0x0b, 0x93, 0x02, 0x20, 0x0b, 0x4e, 0x04, 0x3c,
  0x0f, 0x4b, 0xb0, 0x13, 0x36, 0x9a, 0x0b, 0x4f, 0x0f, 0x4a, 0xb0, 0x13,
  0xdc, 0x60, 0x0a, 0x4f, 0x0a, 0x93, 0xea, 0x23, 0x5f, 0x43, 0x0b, 0x93,
  0x01, 0x20, 0x4f, 0x43, 0x09, 0x93, 0x02, 0x24, 0x89, 0x4b, 0x00, 0x00,
  0x29, 0x16, 0x10, 0x01, 0x3b, 0x14, 0x21, 0x83, 0x09, 0x4f, 0x0a, 0x4e,
  0x0f, 0x93, 0x01, 0x20, 0x4d, 0x3c, 0x0e, 0x93, 0x02, 0x20, 0x3a, 0x40,
  0x82, 0xc9, 0x0d, 0x41, 0x0e, 0x4a, 0x0f, 0x49, 0xb0, 0x13, 0xe8, 0x66,
  0x4f, 0x93, 0x42, 0x24, 0x0f, 0x4a, 0xb0, 0x13, 0x06, 0x65, 0x08, 0x4f,
  0x3f, 0x93, 0x1b, 0x20, 0x28, 0x41, 0x3f, 0x40, 0x70, 0x11, 0xb0, 0x13,
  0xba, 0x62, 0x0b, 0x4f, 0x0f, 0x93, 0x25, 0x20, 0x08, 0x93, 0x32, 0x24,
  0x0f, 0x48, 0xb0, 0x13, 0x06, 0x65, 0x3f, 0x93, 0x2d, 0x24, 0x0b, 0x4f,
  0x5b, 0x02, 0x5f, 0x0a, 0x0b, 0x5f, 0x1b, 0x52, 0x76, 0x11, 0x26, 0x24,
  0x4e, 0x43, 0x0f, 0x4b, 0xb0, 0x13, 0x70, 0x65, 0x12, 0x3c, 0x0e, 0x48,
  0x0f, 0x49, 0xb0, 0x13, 0x48, 0x64, 0x0b, 0x4f, 0x1d, 0x49, 0x02, 0x00,
  0x0e, 0x43, 0xb1, 0x13, 0x1c, 0x4a, 0x1c, 0x43, 0x0d, 0x4b, 0x0e, 0x49,
  0x3f, 0x40, 0x6a, 0x24, 0xb0, 0x13, 0xb6, 0x64, 0x10, 0x3c, 0x0e, 0x4b,
  0x3f, 0x40, 0x80, 0x14, 0xb0, 0x13, 0xa6, 0x60, 0x0f, 0x4b, 0xb0, 0x13,
  0x72, 0x64, 0x08, 0x4f, 0x0e, 0x4a, 0x0f, 0x4b, 0x2f, 0x53, 0xb0, 0x13,
  0x1a, 0x60, 0xdf, 0x3f, 0x0b, 0x43, 0x0f, 0x4b, 0x21, 0x53, 0x38, 0x16,
  0x10, 0x01, 0x2b, 0x14, 0x0b, 0x4f, 0x0a, 0x4e, 0x0c, 0x43, 0x0d, 0x4e,
  0x0e, 0x4f, 0x3f, 0x40, 0x6a, 0x24, 0xb0, 0x13, 0xb6, 0x64, 0x09, 0x4f,
  0x0c, 0x43, 0x0d, 0x4a, 0x0e, 0x4b, 0x3f, 0x40, 0x72, 0x24, 0xb0, 0x13,
  0xb6, 0x64, 0x0f, 0x49, 0x29, 0x16, 0x10, 0x01, 0x1c, 0x43, 0x0d, 0x4e,
  0x0e, 0x4f, 0x3f, 0x40, 0x72, 0x24, 0xb0, 0x13, 0xb6, 0x64, 0x10, 0x01,
  0x0c, 0x43, 0x0d, 0x4e, 0x0e, 0x4f, 0x3f, 0x40, 0x72, 0x24, 0xb0, 0x13,
  0xb6, 0x64, 0x10, 0x01, 0xb0, 0x13, 0x98, 0x64, 0x3f, 0x93, 0x0a, 0x24,
  0x0e, 0x4f, 0x5e, 0x02, 0x5f, 0x0a, 0x0e, 0x5f, 0x1e, 0x52, 0x76, 0x11,
  0x03, 0x24, 0x0f, 0x4e, 0x2f, 0x53, 0x10, 0x01, 0x0f, 0x43, 0x10, 0x01,
  0x2b, 0x14, 0x4a, 0x4f, 0x09, 0x4e, 0x3f, 0x40, 0xe4, 0x14, 0xb0, 0x13,
  0x46, 0x60, 0x15, 0x3c, 0x5a, 0x93, 0x07, 0x20, 0x3d, 0x0b, 0x06, 0x00,
  0xdd, 0x03, 0x0c, 0x24, 0x0f, 0x49, 0x4d, 0x13, 0x07, 0x3c, 0x4a, 0x93,
  0x07, 0x20, 0x3f, 0x0b, 0x02, 0x00, 0xdf, 0x03, 0x03, 0x24, 0x4f, 0x13,
  0x0f, 0x93, 0x07, 0x20, 0x0f, 0x4b, 0xb0, 0x13, 0xdc, 0x60, 0x0b, 0x4f,
  0x0f, 0x93, 0xe8, 0x23, 0x0f, 0x43, 0x29, 0x16, 0x10, 0x01, 0x80, 0x13,
  0x10, 0xc9, 0x80, 0x13, 0x5a, 0xc9, 0x80, 0x13, 0xe6, 0xc9, 0x10, 0x01,
  0x31, 0x50, 0xf4, 0xff, 0x0c, 0x43, 0x0d, 0x43, 0x3e, 0x40, 0x0c, 0x00,
  0x0f, 0x41, 0xb1, 0x13, 0x00, 0x3e, 0xf1, 0x90, 0xad, 0xff, 0x00, 0x00,
  0x14, 0x20, 0xf1, 0x90, 0xde, 0xff, 0x01, 0x00, 0x10, 0x20, 0x5f, 0x41,
  0x02, 0x00, 0x8f, 0x10, 0x5e, 0x41, 0x03, 0x00, 0x0f, 0xde, 0x82, 0x4f,
  0xe6, 0x14, 0x3d, 0x42, 0x0e, 0x41, 0x2e, 0x52, 0x3f, 0x40, 0x88, 0x28,
  0xb1, 0x13, 0x4c, 0x48, 0x02, 0x3c, 0x82, 0x43, 0xe6, 0x14, 0x31, 0x50,
  0x0c, 0x00, 0x10, 0x01, 0x3f, 0x40, 0xeb, 0x24, 0x6e, 0x4f, 0x5f, 0x4f,
  0xff, 0xff, 0x8f, 0x10, 0x0e, 0x5f, 0x82, 0x4e, 0xe6, 0x14, 0x10, 0x01,
  0x1e, 0x42, 0xea, 0x14, 0x0e, 0x9f, 0x07, 0x28, 0x82, 0x5f, 0xe8, 0x14,
  0x0e, 0x8f, 0x82, 0x4e, 0xea, 0x14, 0x1f, 0x43, 0x10, 0x01, 0x0f, 0x43,
  0x10, 0x01, 0x82, 0x4f, 0xea, 0x14, 0x10, 0x01, 0x3f, 0x40, 0xec, 0x14,
  0x10, 0x01, 0x1f, 0x42, 0xea, 0x14, 0x10, 0x01, 0x5f, 0x42, 0x82, 0x24,
  0x5f, 0x52, 0xe8, 0x14, 0x10, 0x01, 0xb0, 0x13, 0x5c, 0x69, 0x4f, 0x4f,
  0x3f, 0x50, 0xec, 0x14, 0x10, 0x01, 0x3b, 0x14, 0x08, 0x4f, 0x5b, 0x42,
  0x82, 0x24, 0x19, 0x42, 0xea, 0x14, 0x0a, 0x4b, 0x0a, 0x59, 0x3a, 0x90,
  0x81, 0x00, 0x0f, 0x2c, 0x0d, 0x4b, 0x3e, 0x40, 0xec, 0x14, 0xb1, 0x13,
  0x4c, 0x48, 0xb0, 0x13, 0x66, 0x69, 0x0d, 0x49, 0x0e, 0x4f, 0x0f, 0x48,
  0x0f, 0x5b, 0xb1, 0x13, 0x4c, 0x48, 0x0f, 0x4a, 0x01, 0x3c, 0x0f, 0x43,
  0x38, 0x16, 0x10, 0x01, 0xb0, 0x13, 0x5c, 0x69, 0x4f, 0x4f, 0x1f, 0x52,
  0xea, 0x14, 0x10, 0x01, 0x0b, 0x14, 0x0b, 0x4f, 0xb0, 0x13, 0xac, 0x69,
  0x0e, 0x4f, 0x0e, 0x5b, 0x3e, 0x90, 0x81, 0x00, 0x12, 0x2c, 0x0e, 0x4f,
  0x3e, 0x53, 0x0f, 0x4b, 0x3f, 0x50, 0xec, 0x14, 0x06, 0x3c, 0x0d, 0x4f,
  0x0d, 0x5e, 0xdd, 0x4e, 0xec, 0x14, 0x00, 0x00, 0x3e, 0x53, 0x0e, 0x93,
  0xf8, 0x37, 0xc2, 0x5b, 0x82, 0x24, 0x1f, 0x43, 0x01, 0x3c, 0x0f, 0x43,
  0x0b, 0x16, 0x10, 0x01, 0x3d, 0x40, 0x18, 0x00, 0x0e, 0x43, 0x3f, 0x40,
  0xfe, 0x24, 0xb1, 0x13, 0x1c, 0x4a, 0x3e, 0x40, 0x82, 0xc9, 0x3f, 0x40,
  0xee, 0x24, 0xb0, 0x13, 0x1a, 0x60, 0x3e, 0x40, 0x82, 0xc9, 0x3f, 0x40,
  0xf6, 0x24, 0xb0, 0x13, 0x1a, 0x60, 0x10, 0x01, 0x82, 0x43, 0xe8, 0x14,
  0x82, 0x43, 0xea, 0x14, 0xc2, 0x43, 0x82, 0x24, 0xb0, 0x13, 0xf4, 0x69,
  0x10, 0x01, 0x1b, 0x14, 0x0a, 0x4f, 0x0b, 0x4e, 0xb0, 0x13, 0x1c, 0x6a,
  0x3b, 0x90, 0x81, 0x00, 0x02, 0x28, 0x3b, 0x40, 0x80, 0x00, 0x0d, 0x4b,
  0x0e, 0x4a, 0x3f, 0x40, 0xec, 0x14, 0xb1, 0x13, 0x4c, 0x48, 0x82, 0x4b,
  0xea, 0x14, 0x0f, 0x4b, 0x1a, 0x16, 0x10, 0x01, 0x0b, 0x14, 0x0b, 0x4e,
  0x3d, 0x40, 0x18, 0x00, 0x3e, 0x40, 0xfe, 0x24, 0xb1, 0x13, 0x4c, 0x48,
  0x3d, 0x40, 0x10, 0x00, 0x3e, 0x40, 0xee, 0x24, 0x0f, 0x4b, 0xb1, 0x13,
  0x4c, 0x48, 0x0b, 0x16, 0x10, 0x01, 0x0b, 0x14, 0x0b, 0x4e, 0x3d, 0x40,
  0x18, 0x00, 0x0e, 0x4f, 0x3f, 0x40, 0xfe, 0x24, 0xb1, 0x13, 0x4c, 0x48,
  0x3d, 0x40, 0x10, 0x00, 0x0e, 0x4b, 0x3f, 0x40, 0xee, 0x24, 0xb1, 0x13,
  0x4c, 0x48, 0x0b, 0x16, 0x10, 0x01, 0x4f, 0x4f, 0x5f, 0x02, 0x8f, 0x4e,
  0xfe, 0x24, 0x1f, 0x43, 0x10, 0x01, 0x4f, 0x4f, 0x5f, 0x02, 0x1f, 0x4f,
  0xfe, 0x24, 0x10, 0x01, 0x4f, 0x4f, 0x3f, 0x50, 0xf4, 0xff, 0x5f, 0x0a,
  0x3f, 0x50, 0xee, 0x24, 0xb0, 0x13, 0x1a, 0x60, 0x1f, 0x43, 0x10, 0x01,
  0x4f, 0x4f, 0x3f, 0x50, 0xf4, 0xff, 0x5f, 0x0a, 0x3f, 0x50, 0xee, 0x24,
  0x10, 0x01, 0x3e, 0x40, 0x82, 0xc9, 0x3f, 0x40, 0xf6, 0x24, 0xb0, 0x13,
  0x22, 0x60, 0x10, 0x01, 0xb0, 0x13, 0x1a, 0x64, 0xb0, 0x13, 0x64, 0x5d,
  0x7f, 0x40, 0x10, 0x00, 0xb0, 0x13, 0x6a, 0x5d, 0x10, 0x01, 0x31, 0x82,
  0x3e, 0x40, 0x64, 0x00, 0x0f, 0x43, 0xb0, 0x13, 0x6e, 0x45, 0x3e, 0x40,
  0x45, 0x00, 0x0f, 0x43, 0xb1, 0x13, 0xbe, 0x11, 0xb1, 0x13, 0xe2, 0x3d,
  0x7f, 0x40, 0x10, 0x00, 0xb0, 0x13, 0x7c, 0x5d, 0xb0, 0x13, 0xd0, 0x68,
  0x5f, 0x42, 0x89, 0x28, 0x5f, 0xd2, 0x88, 0x28, 0x5f, 0xd2, 0x8a, 0x28,
  0x5f, 0xd2, 0x8b, 0x28, 0x5f, 0xd2, 0x8c, 0x28, 0x5f, 0xd2, 0x8d, 0x28,
  0x5f, 0xd2, 0x8e, 0x28, 0x5f, 0xd2, 0x8f, 0x28, 0x4f, 0x93, 0x16, 0x20,
  0xf2, 0x40, 0xc1, 0xff, 0x88, 0x28, 0xf2, 0x40, 0x0c, 0x00, 0x89, 0x28,
  0xc2, 0x43, 0x8a, 0x28, 0xc2, 0x43, 0x8b, 0x28, 0xc2, 0x43, 0x8c, 0x28,
  0xc2, 0x43, 0x8d, 0x28, 0x1f, 0x42, 0xe6, 0x14, 0x0e, 0x4f, 0x8e, 0x10,
  0xc2, 0x4e, 0x8e, 0x28, 0xc2, 0x4f, 0x8f, 0x28, 0x5e, 0x42, 0x8e, 0x28,
  0x5f, 0x42, 0x8f, 0x28, 0x0f, 0x5e, 0xb0, 0x13, 0xc2, 0x6f, 0x3d, 0x42,
  0x0e, 0x43, 0x0f, 0x41, 0xb1, 0x13, 0x1c, 0x4a, 0x3d, 0x42, 0x3e, 0x40,
  0x88, 0x28, 0x0f, 0x41, 0xb1, 0x13, 0x4c, 0x48, 0x0f, 0x41, 0xb0, 0x13,
  0x34, 0x60, 0xb0, 0x13, 0x36, 0x44, 0x1e, 0x43, 0x3f, 0x40, 0x81, 0x00,
  0x80, 0x13, 0xfa, 0xc8, 0x7f, 0x40, 0x70, 0x00, 0xb0, 0x13, 0x7c, 0x5d,
  0x31, 0x52, 0x10, 0x01, 0x0b, 0x14, 0x31, 0x82, 0xb0, 0x13, 0xac, 0x45,
  0x5b, 0x42, 0xe4, 0x24, 0x8b, 0x10, 0x5f, 0x42, 0xe5, 0x24, 0x0b, 0x5f,
  0x3d, 0x42, 0x0e, 0x43, 0x0f, 0x41, 0xb1, 0x13, 0x1c, 0x4a, 0x3e, 0x40,
  0xe4, 0x24, 0x0f, 0x41, 0xb0, 0x13, 0x1a, 0x60, 0x0d, 0x41, 0x0e, 0x4b,
  0x3f, 0x40, 0xcd, 0xab, 0xb0, 0x13, 0xc4, 0x40, 0xb2, 0x90, 0x03, 0x00,
  0x60, 0x11, 0x11, 0x38, 0x30, 0x12, 0x9e, 0xcf, 0x30, 0x12, 0xa1, 0xcf,
  0x30, 0x12, 0xa6, 0xcf, 0xb1, 0x13, 0x88, 0x3e, 0x31, 0x50, 0x06, 0x00,
  0x30, 0x12, 0xd3, 0xff, 0x30, 0x12, 0xb5, 0xcf, 0xb1, 0x13, 0x88, 0x3e,
  0x21, 0x52, 0x3d, 0x40, 0x00, 0x0f, 0x0e, 0x43, 0x3f, 0x40, 0x6c, 0x15,
  0xb0, 0x13, 0xe0, 0xc6, 0x31, 0x52, 0x0b, 0x16, 0x10, 0x01, 0x0b, 0x14,
  0xb0, 0x13, 0xa2, 0x63, 0x0b, 0x4f, 0xb0, 0x13, 0x24, 0x6e, 0x0f, 0x93,
  0x02, 0x24, 0x02, 0xdb, 0x1e, 0x3c, 0xb1, 0x13, 0x9a, 0x11, 0x4f, 0x93,
  0xfa, 0x23, 0x3f, 0x40, 0x6c, 0x15, 0xb0, 0x13, 0xfc, 0xc6, 0x0f, 0x93,
  0x08, 0x24, 0xb1, 0x13, 0x62, 0x3d, 0x3f, 0x40, 0x6c, 0x15, 0xb0, 0x13,
  0x26, 0xc7, 0xb0, 0x13, 0xac, 0x63, 0xb1, 0x13, 0x74, 0x3d, 0x82, 0x93,
  0xec, 0x24, 0x03, 0x24, 0x32, 0xd0, 0x18, 0x00, 0x02, 0x3c, 0x32, 0xd0,
  0xd8, 0x00, 0xb1, 0x13, 0x4e, 0x3d, 0x0b, 0x16, 0x10, 0x01, 0x1b, 0x14,
  0x0b, 0x4f, 0x4a, 0x4e, 0xdf, 0xb3, 0x0a, 0x00, 0x18, 0x24, 0x3c, 0x0f,
  0x04, 0x00, 0xdc, 0x03, 0x14, 0x24, 0x82, 0x4f, 0x74, 0x15, 0xef, 0x43,
  0x0a, 0x00, 0x3f, 0x52, 0x4c, 0x13, 0x8f, 0x11, 0x2f, 0x83, 0x2f, 0x93,
  0x03, 0x28, 0x7a, 0x90, 0x83, 0xff, 0x05, 0x20, 0x0e, 0x4b, 0x0f, 0x4b,
  0xb0, 0x13, 0xb6, 0x6c, 0x02, 0x3c, 0xdb, 0x43, 0x0a, 0x00, 0x1a, 0x16,
  0x10, 0x01, 0x3b, 0x14, 0x0b, 0x4f, 0x08, 0x4e, 0x19, 0x42, 0x74, 0x15,
  0x1a, 0x42, 0x76, 0x15, 0x0f, 0x4a, 0x01, 0x3c, 0x2f, 0x4f, 0x0f, 0x9b,
  0x03, 0x24, 0x0f, 0x93, 0xfb, 0x23, 0x33, 0x3c, 0x0b, 0x93, 0x31, 0x24,
  0xcb, 0x93, 0x0a, 0x00, 0x1c, 0x24, 0xcb, 0x43, 0x0a, 0x00, 0x09, 0x3c,
  0x0b, 0x9a, 0x06, 0x24, 0x0d, 0x4b, 0x7e, 0x40, 0x87, 0xff, 0x0f, 0x4a,
  0xb0, 0x13, 0x76, 0x6c, 0x2a, 0x4a, 0x0a, 0x93, 0xf5, 0x23, 0x3c, 0x0b,
  0x04, 0x00, 0xdc, 0x03, 0x0a, 0x24, 0x0b, 0x98, 0x08, 0x24, 0x82, 0x4b,
  0x74, 0x15, 0x0d, 0x43, 0x7e, 0x40, 0x83, 0xff, 0x0f, 0x4b, 0x3f, 0x52,
  0x4c, 0x13, 0x1f, 0x42, 0x76, 0x15, 0x0b, 0x9f, 0x0a, 0x20, 0xa2, 0x4b,
  0x76, 0x15, 0x09, 0x3c, 0x2e, 0x4f, 0x0e, 0x9b, 0x03, 0x20, 0xaf, 0x4b,
  0x00, 0x00, 0x03, 0x3c, 0x0f, 0x4e, 0x0f, 0x93, 0xf7, 0x23, 0x82, 0x49,
  0x74, 0x15, 0x38, 0x16, 0x10, 0x01, 0x0b, 0x14, 0xc2, 0x43, 0x83, 0x24,
  0x1b, 0x42, 0x76, 0x15, 0x0e, 0x3c, 0xcb, 0x93, 0x0b, 0x00, 0x0a, 0x24,
  0xdb, 0x43, 0x0a, 0x00, 0xcb, 0x43, 0x0b, 0x00, 0x0d, 0x43, 0x7e, 0x40,
  0x82, 0xff, 0x0f, 0x4b, 0xb0, 0x13, 0x76, 0x6c, 0x2b, 0x4b, 0x0b, 0x93,
  0xf0, 0x23, 0x0b, 0x16, 0x10, 0x01, 0x5f, 0x42, 0x84, 0x24, 0x4e, 0x4f,
  0x5e, 0x53, 0xc2, 0x4e, 0x84, 0x24, 0x10, 0x01, 0xf2, 0x40, 0x8a, 0xff,
  0x84, 0x24, 0xc2, 0x43, 0x85, 0x24, 0xc2, 0x43, 0x86, 0x24, 0xc2, 0x43,
  0x90, 0x28, 0x82, 0x43, 0x76, 0x15, 0x82, 0x43, 0x74, 0x15, 0x10, 0x01,
  0x2b, 0x14, 0x5f, 0x42, 0x83, 0x24, 0x4f, 0x93, 0x02, 0x24, 0xb0, 0x13,
  0x3e, 0x6d, 0x5d, 0x42, 0x86, 0x24, 0x4d, 0x93, 0x33, 0x24, 0x5e, 0x42,
  0x85, 0x24, 0x0c, 0x4e, 0x5c, 0x02, 0x0f, 0x4e, 0x5f, 0x0a, 0x0f, 0x8c,
  0x3f, 0x50, 0x78, 0x15, 0x6a, 0x4f, 0x19, 0x4f, 0x02, 0x00, 0x1f, 0x4f,
  0x04, 0x00, 0x1e, 0x53, 0x7e, 0xf0, 0x07, 0x00, 0xc2, 0x4e, 0x85, 0x24,
  0x7d, 0x53, 0xc2, 0x4d, 0x86, 0x24, 0x0f, 0x93, 0x12, 0x20, 0x1b, 0x42,
  0x76, 0x15, 0x0c, 0x3c, 0x5f, 0x42, 0x83, 0x24, 0x4f, 0x93, 0x02, 0x24,
  0xb0, 0x13, 0x3e, 0x6d, 0x0d, 0x49, 0x4e, 0x4a, 0x0f, 0x4b, 0xb0, 0x13,
  0x76, 0x6c, 0x2b, 0x4b, 0x0b, 0x93, 0xf2, 0x23, 0x09, 0x3c, 0x7a, 0x90,
  0x81, 0xff, 0x02, 0x20, 0xdf, 0x43, 0x0a, 0x00, 0x0d, 0x49, 0x4e, 0x4a,
  0xb0, 0x13, 0x76, 0x6c, 0x5f, 0x42, 0x83, 0x24, 0x5e, 0x42, 0x86, 0x24,
  0x4f, 0x4f, 0x0f, 0x5e, 0x29, 0x16, 0x10, 0x01, 0x5f, 0x42, 0x83, 0x24,
  0x5e, 0x42, 0x86, 0x24, 0x4f, 0x4f, 0x0f, 0x5e, 0x10, 0x01, 0x1b, 0x14,
  0x5b, 0x42, 0x86, 0x24, 0x7b, 0x92, 0x1b, 0x24, 0x4c, 0x4b, 0x5c, 0x52,
  0x85, 0x24, 0x3c, 0xf0, 0x07, 0x00, 0x0a, 0x4c, 0x5a, 0x02, 0x5c, 0x0a,
  0x0c, 0x8a, 0x3c, 0x50, 0x78, 0x15, 0xcc, 0x4e, 0x00, 0x00, 0x8c, 0x4d,
  0x02, 0x00, 0x8c, 0x4f, 0x04, 0x00, 0x4f, 0x4b, 0x5f, 0x53, 0xc2, 0x4f,
  0x86, 0x24, 0xc2, 0x9f, 0x90, 0x28, 0x05, 0x2c, 0xc2, 0x4f, 0x90, 0x28,
  0x02, 0x3c, 0x1f, 0x43, 0x01, 0x3c, 0x0f, 0x43, 0x1a, 0x16, 0x10, 0x01,
  0x0b, 0x14, 0x1b, 0x42, 0x74, 0x15, 0xb0, 0x13, 0x76, 0x6c, 0x82, 0x4b,
  0x74, 0x15, 0x0b, 0x16, 0x10, 0x01, 0x0b, 0x14, 0x1b, 0x42, 0x76, 0x15,
  0x0c, 0x4b, 0x01, 0x3c, 0x2c, 0x4c, 0x0c, 0x9f, 0x11, 0x24, 0x0c, 0x93,
  0xfb, 0x23, 0x0f, 0x93, 0x0d, 0x24, 0x8f, 0x4b, 0x00, 0x00, 0x82, 0x4f,
  0x76, 0x15, 0xdf, 0x43, 0x0a, 0x00, 0x8f, 0x43, 0x08, 0x00, 0x0d, 0x4e,
  0x7e, 0x40, 0x81, 0xff, 0xb0, 0x13, 0x7c, 0x6e, 0x0b, 0x16, 0x10, 0x01,
  0x0f, 0x93, 0x09, 0x24, 0x5e, 0x4f, 0x0a, 0x00, 0x7e, 0x53, 0x6e, 0x93,
  0x04, 0x2c, 0xdf, 0x43, 0x0b, 0x00, 0xd2, 0x43, 0x83, 0x24, 0x10, 0x01,
  0x3f, 0x40, 0x78, 0x11, 0xb0, 0x13, 0x84, 0x62, 0x3f, 0x40, 0x80, 0x11,
  0xb0, 0x13, 0x84, 0x62, 0x10, 0x01, 0x3f, 0x40, 0x80, 0x11, 0xb0, 0x13,
  0x54, 0x63, 0x10, 0x01, 0x1b, 0x14, 0x3f, 0x40, 0x80, 0x11, 0xb0, 0x13,
  0xba, 0x62, 0x0b, 0x4f, 0x0f, 0x93, 0x1c, 0x24, 0x3f, 0x40, 0x78, 0x11,
  0xb0, 0x13, 0xba, 0x62, 0x0a, 0x4f, 0x8b, 0x4f, 0x00, 0x00, 0x0f, 0x93,
  0x07, 0x20, 0x0e, 0x4b, 0x3f, 0x40, 0x80, 0x11, 0xb0, 0x13, 0xf8, 0x62,
  0x0b, 0x43, 0x0c, 0x3c, 0xb0, 0x13, 0x72, 0x69, 0x8a, 0x4f, 0x80, 0x00,
  0x0e, 0x4a, 0x3e, 0x50, 0x9a, 0x00, 0x0f, 0x4a, 0x3f, 0x50, 0x82, 0x00,
  0xb0, 0x13, 0x58, 0x6a, 0x0f, 0x4b, 0x1a, 0x16, 0x10, 0x01, 0x2f, 0x4f,
  0x0e, 0x4f, 0x3e, 0x50, 0x9a, 0x00, 0x3f, 0x50, 0x82, 0x00, 0xb0, 0x13,
  0x58, 0x6a, 0x10, 0x01, 0x0b, 0x14, 0x0b, 0x4f, 0x0e, 0x4f, 0x3f, 0x40,
  0x80, 0x11, 0xb0, 0x13, 0x2a, 0x63, 0x0f, 0x93, 0x0a, 0x24, 0x2e, 0x4b,
  0x3f, 0x40, 0x78, 0x11, 0xb0, 0x13, 0xf8, 0x62, 0x0e, 0x4b, 0x3f, 0x40,
  0x80, 0x11, 0xb0, 0x13, 0xf8, 0x62, 0x0b, 0x16, 0x10, 0x01, 0x0b, 0x14,
  0x0b, 0x4f, 0x0e, 0x4f, 0x3f, 0x40, 0x80, 0x11, 0xb0, 0x13, 0x2a, 0x63,
  0x0f, 0x93, 0x0e, 0x24, 0x2b, 0x4b, 0x1e, 0x4b, 0x80, 0x00, 0x0f, 0x4b,
  0xb0, 0x13, 0x2e, 0x6a, 0x0e, 0x4b, 0x3e, 0x50, 0x9a, 0x00, 0x0f, 0x4b,
  0x3f, 0x50, 0x82, 0x00, 0xb0, 0x13, 0x7a, 0x6a, 0x0b, 0x16, 0x10, 0x01,
  0x4e, 0x4e, 0x3e, 0x50, 0x41, 0x00, 0x5e, 0x02, 0x2e, 0x5f, 0x2f, 0x4e,
  0x10, 0x01, 0xb1, 0x13, 0x16, 0x48, 0x10, 0x01, 0xb1, 0x13, 0xf0, 0x47,
  0x10, 0x01, 0x1b, 0x14, 0x0a, 0x4f, 0x0b, 0x4e, 0xc2, 0x93, 0x97, 0x24,
  0x73, 0x20, 0xb1, 0x13, 0x06, 0x18, 0x0a, 0x93, 0x04, 0x20, 0x3d, 0x40,
  0x10, 0x00, 0x0e, 0x4f, 0x02, 0x3c, 0x3d, 0x42, 0x0e, 0x4a, 0x3f, 0x40,
  0x08, 0x1b, 0xb1, 0x13, 0x4c, 0x48, 0x0b, 0x93, 0x07, 0x20, 0x3e, 0x40,
  0xb6, 0x27, 0x3f, 0x40, 0x08, 0x1b, 0xb1, 0x13, 0xee, 0x1b, 0x07, 0x3c,
  0x3d, 0x42, 0x0e, 0x4b, 0x3e, 0x52, 0x3f, 0x40, 0x10, 0x1b, 0xb1, 0x13,
  0x4c, 0x48, 0x5c, 0x43, 0x0d, 0x43, 0x0e, 0x43, 0x3f, 0x40, 0x08, 0x1b,
  0xb1, 0x13, 0x6c, 0x1a, 0xb2, 0x90, 0x03, 0x00, 0x6c, 0x11, 0x0e, 0x38,
  0x30, 0x12, 0xce, 0xcf, 0x30, 0x12, 0xd2, 0xcf, 0x30, 0x12, 0xd7, 0xcf,
  0xb1, 0x13, 0x88, 0x3e, 0x31, 0x50, 0x06, 0x00, 0x3f, 0x40, 0xe6, 0xcf,
  0xb1, 0x13, 0xc4, 0x47, 0x3a, 0x40, 0x3a, 0x26, 0x0b, 0x43, 0x5f, 0x4a,
  0x26, 0x00, 0xca, 0x93, 0x14, 0x00, 0x2c, 0x24, 0x6f, 0x93, 0x2a, 0x2c,
  0xb2, 0x90, 0x03, 0x00, 0x6c, 0x11, 0x0f, 0x38, 0x30, 0x12, 0xce, 0xcf,
  0x30, 0x12, 0xd2, 0xcf, 0x30, 0x12, 0xd7, 0xcf, 0xb1, 0x13, 0x88, 0x3e,
  0x31, 0x50, 0x06, 0x00, 0x30, 0x12, 0xf6, 0xcf, 0xb1, 0x13, 0x88, 0x3e,
  0x21, 0x53, 0xb2, 0x90, 0x03, 0x00, 0x6c, 0x11, 0x0b, 0x38, 0x0e, 0x4b,
  0x5e, 0x02, 0x0f, 0x4e, 0x5f, 0x0e, 0x0f, 0x8e, 0x3f, 0x50, 0x16, 0x00,
  0x3f, 0x50, 0x3a, 0x26, 0xb0, 0x13, 0xe8, 0x60, 0xb2, 0x90, 0x03, 0x00,
  0x6c, 0x11, 0x04, 0x38, 0x3f, 0x40, 0x0a, 0x00, 0xb1, 0x13, 0x8a, 0x11,
  0x1b, 0x53, 0x3a, 0x50, 0x1e, 0x00, 0x3b, 0x90, 0x03, 0x00, 0xc9, 0x23,
  0xd2, 0x43, 0x97, 0x24, 0x1a, 0x16, 0x10, 0x01, 0x0b, 0x14, 0x0e, 0x43,
  0x0f, 0x43, 0xb0, 0x13, 0xce, 0x6f, 0x3f, 0x40, 0x3a, 0x26, 0x0b, 0x43,
  0x0e, 0x43, 0x5d, 0x4f, 0x26, 0x00, 0xcf, 0x93, 0x14, 0x00, 0x13, 0x24,
  0x5d, 0x93, 0x11, 0x20, 0xff, 0x90, 0xfe, 0xff, 0x16, 0x00, 0x04, 0x20,
  0xff, 0x90, 0x80, 0xff, 0x17, 0x00, 0x09, 0x24, 0x0d, 0x4e, 0x5d, 0x02,
  0x0b, 0x4d, 0x5b, 0x0e, 0x0b, 0x8d, 0x3b, 0x50, 0x16, 0x00, 0x3b, 0x50,
  0x3a, 0x26, 0x1e, 0x53, 0x3f, 0x50, 0x1e, 0x00, 0x3e, 0x90, 0x03, 0x00,
  0xe2, 0x23, 0x0f, 0x4b, 0xb1, 0x13, 0xbc, 0x19, 0x0b, 0x93, 0x02, 0x20,
  0x0f, 0x93, 0x21, 0x24, 0xb0, 0x13, 0xd4, 0xa8, 0x70, 0x12, 0x40, 0x00,
  0x3c, 0x40, 0x40, 0x00, 0x0d, 0x4f, 0x0e, 0x4b, 0x4f, 0x43, 0xb0, 0x13,
  0x62, 0x7e, 0x21, 0x53, 0xb0, 0x13, 0x9c, 0x77, 0xb2, 0x90, 0x03, 0x00,
  0x6c, 0x11, 0x21, 0x38, 0x30, 0x12, 0xce, 0xcf, 0x30, 0x12, 0xd2, 0xcf,
  0x30, 0x12, 0xd7, 0xcf, 0xb1, 0x13, 0x88, 0x3e, 0x31, 0x50, 0x06, 0x00,
  0x3f, 0x40, 0xfa, 0xcf, 0xb1, 0x13, 0xc4, 0x47, 0x12, 0x3c, 0x92, 0x93,
  0x6c, 0x11, 0x11, 0x38, 0x30, 0x12, 0xce, 0xcf, 0x30, 0x12, 0x10, 0xd0,
  0x30, 0x12, 0xd7, 0xcf, 0xb1, 0x13, 0x88, 0x3e, 0x31, 0x50, 0x06, 0x00,
  0x3f, 0x40, 0x14, 0xd0, 0xb1, 0x13, 0xc4, 0x47, 0x02, 0x3c, 0x0f, 0x43,
  0x01, 0x3c, 0x3f, 0x43, 0x0b, 0x16, 0x10, 0x01, 0xc2, 0x93, 0x20, 0x25,
  0x05, 0x24, 0x1f, 0x43, 0x92, 0x92, 0x2a, 0x25, 0x5a, 0x25, 0x01, 0x24,
  0x0f, 0x43, 0x10, 0x01, 0x0b, 0x14, 0x04, 0x14, 0x04, 0x41, 0x34, 0x52,
  0x31, 0x50, 0x9c, 0xff, 0x0b, 0x4f, 0xb0, 0x13, 0x90, 0x71, 0x0f, 0x93,
  0x68, 0x24, 0xb1, 0x13, 0x36, 0x29, 0x0f, 0x93, 0x52, 0x24, 0x51, 0x38,
  0xb2, 0x90, 0x03, 0x00, 0x6c, 0x11, 0x14, 0x38, 0x30, 0x12, 0xce, 0xcf,
  0x30, 0x12, 0xd2, 0xcf, 0x30, 0x12, 0xd7, 0xcf, 0xb1, 0x13, 0x88, 0x3e,
  0x31, 0x50, 0x06, 0x00, 0xb1, 0x13, 0x36, 0x29, 0x0b, 0x12, 0x0f, 0x12,
  0x30, 0x12, 0x33, 0xd0, 0xb1, 0x13, 0x88, 0x3e, 0x31, 0x50, 0x06, 0x00,
  0xb1, 0x13, 0xa2, 0x2b, 0x22, 0x3c, 0x0d, 0x4b, 0x3e, 0x40, 0x64, 0x00,
  0x0f, 0x44, 0x3f, 0x50, 0x94, 0xff, 0xb1, 0x13, 0xd8, 0x2c, 0xb2, 0x90,
  0x03, 0x00, 0x6c, 0x11, 0x13, 0x38, 0x30, 0x12, 0xce, 0xcf, 0x30, 0x12,
  0xd2, 0xcf, 0x30, 0x12, 0xd7, 0xcf, 0xb1, 0x13, 0x88, 0x3e, 0x31, 0x50,
  0x06, 0x00, 0x3f, 0x40, 0x94, 0xff, 0x0f, 0x54, 0x0f, 0x12, 0x30, 0x12,
  0x5a, 0xd0, 0xb1, 0x13, 0x88, 0x3e, 0x21, 0x52, 0x0f, 0x4b, 0xb1, 0x13,
  0xac, 0x2b, 0x0b, 0x4f, 0x0f, 0x93, 0xdb, 0x23, 0xb2, 0x90, 0x03, 0x00,
  0x6c, 0x11, 0x1f, 0x38, 0x30, 0x12, 0xce, 0xcf, 0x30, 0x12, 0xd2, 0xcf,
  0x30, 0x12, 0xd7, 0xcf, 0xb1, 0x13, 0x88, 0x3e, 0x31, 0x50, 0x06, 0x00,
  0x3f, 0x40, 0x65, 0xd0, 0x10, 0x3c, 0xb2, 0x90, 0x03, 0x00, 0x6c, 0x11,
  0x0e, 0x38, 0x30, 0x12, 0xce, 0xcf, 0x30, 0x12, 0xd2, 0xcf, 0x30, 0x12,
  0xd7, 0xcf, 0xb1, 0x13, 0x88, 0x3e, 0x31, 0x50, 0x06, 0x00, 0x3f, 0x40,
  0x78, 0xd0, 0xb1, 0x13, 0xc4, 0x47, 0x31, 0x50, 0x64, 0x00, 0x04, 0x16,
  0x0b, 0x16, 0x10, 0x01, 0x3b, 0x14, 0x4a, 0x4f, 0x09, 0x4e, 0x0b, 0x4d,
  0x08, 0x4c, 0x3d, 0x40, 0x0c, 0x01, 0x0e, 0x43, 0x3f, 0x40, 0x16, 0x25,
  0xb1, 0x13, 0x1c, 0x4a, 0x1b, 0x92, 0xc8, 0x11, 0x4f, 0x20, 0x44, 0x3c,
  0x30, 0x12, 0x89, 0xd0, 0x30, 0x12, 0x8d, 0xd0, 0x30, 0x12, 0x91, 0xd0,
  0xb1, 0x13, 0x88, 0x3e, 0x31, 0x50, 0x06, 0x00, 0x0b, 0x12, 0x30, 0x12,
  0xa0, 0xd0, 0xb1, 0x13, 0x88, 0x3e, 0x21, 0x52, 0x12, 0x3c, 0x92, 0x93,
  0x6c, 0x11, 0x01, 0x34, 0x0e, 0x3c, 0x30, 0x12, 0x89, 0xd0, 0x30, 0x12,
  0x8d, 0xd0, 0x30, 0x12, 0x91, 0xd0, 0xb1, 0x13, 0x88, 0x3e, 0x31, 0x50,
  0x06, 0x00, 0x3f, 0x40, 0xc9, 0xd0, 0xb1, 0x13, 0xc4, 0x47, 0x0f, 0x43,
  0x2d, 0x3c, 0xc2, 0x4a, 0x21, 0x25, 0xb2, 0x40, 0xa8, 0x11, 0x1e, 0x25,
  0xf2, 0x40, 0xf0, 0xff, 0x23, 0x25, 0xd2, 0x43, 0x20, 0x25, 0xb2, 0x43,
  0x5a, 0x25, 0xb2, 0x43, 0x5c, 0x25, 0xb2, 0x43, 0x58, 0x25, 0xf2, 0x40,
  0xf0, 0xff, 0x68, 0x25, 0xf2, 0x40, 0xf0, 0xff, 0x69, 0x25, 0x3d, 0x40,
  0x10, 0x00, 0x0e, 0x49, 0x3f, 0x40, 0x30, 0x25, 0xb1, 0x13, 0x4c, 0x48,
  0x1f, 0x43, 0x0e, 0x3c, 0x5d, 0x41, 0x16, 0x00, 0x1e, 0x41, 0x14, 0x00,
  0x0f, 0x48, 0xb0, 0x13, 0xd0, 0xa9, 0x0f, 0x93, 0xc4, 0x27, 0xd7, 0x3f,
  0x92, 0x93, 0x6c, 0x11, 0xaf, 0x37, 0xd1, 0x3f, 0x38, 0x16, 0x10, 0x01,
  0x1b, 0x14, 0x0b, 0x4f, 0xef, 0x93, 0x15, 0x00, 0x17, 0x28, 0xa2, 0x93,
  0x6c, 0x11, 0x01, 0x34, 0x73, 0x3c, 0x30, 0x12, 0x89, 0xd0, 0x30, 0x12,
  0xde, 0xd0, 0x30, 0x12, 0x91, 0xd0, 0xb1, 0x13, 0x88, 0x3e, 0x31, 0x50,
  0x06, 0x00, 0x5f, 0x4b, 0x15, 0x00, 0x0f, 0x12, 0x30, 0x12, 0xe3, 0xd0,
  0xb1, 0x13, 0x88, 0x3e, 0x21, 0x52, 0x60, 0x3c, 0x0a, 0x4f, 0x3a, 0x50,
  0x3a, 0x00, 0x5f, 0x12, 0x4f, 0x00, 0x5f, 0x4f, 0x4e, 0x00, 0x0f, 0x12,
  0x0c, 0x4a, 0x1d, 0x4b, 0x10, 0x00, 0x0e, 0x4b, 0x5f, 0x4b, 0x18, 0x00,
  0xb0, 0x13, 0x94, 0x72, 0x21, 0x52, 0x0f, 0x93, 0x9d, 0x24, 0xd2, 0x4b,
  0x15, 0x00, 0x22, 0x25, 0xd2, 0x4b, 0x50, 0x00, 0x16, 0x25, 0xd2, 0x4b,
  0x51, 0x00, 0x17, 0x25, 0xd2, 0x4b, 0x52, 0x00, 0x18, 0x25, 0xd2, 0x4b,
  0x53, 0x00, 0x19, 0x25, 0x92, 0x4b, 0x20, 0x00, 0x28, 0x25, 0x92, 0x4b,
  0x22, 0x00, 0x2a, 0x25, 0xd2, 0x4b, 0x1a, 0x00, 0x24, 0x25, 0xd2, 0x4b,
  0x1b, 0x00, 0x25, 0x25, 0xd2, 0x4b, 0x1c, 0x00, 0x26, 0x25, 0xd2, 0x4b,
  0x1d, 0x00, 0x2c, 0x25, 0x92, 0x4b, 0x1e, 0x00, 0x2e, 0x25, 0x82, 0x43,
  0x6c, 0x25, 0xd2, 0x4b, 0x16, 0x00, 0x64, 0x25, 0xd2, 0x4b, 0x14, 0x00,
  0x63, 0x25, 0xd2, 0x4b, 0x17, 0x00, 0x62, 0x25, 0xc2, 0x43, 0x65, 0x25,
  0x1f, 0x42, 0x1e, 0x25, 0x6f, 0x13, 0x3f, 0x40, 0x0d, 0xd1, 0xb0, 0x13,
  0xe8, 0xa2, 0xb0, 0x13, 0x44, 0xa5, 0xb2, 0x90, 0x03, 0x00, 0x6c, 0x11,
  0x23, 0x38, 0x10, 0x3c, 0x30, 0x12, 0x89, 0xd0, 0x30, 0x12, 0xde, 0xd0,
  0x30, 0x12, 0x91, 0xd0, 0xb1, 0x13, 0x88, 0x3e, 0x31, 0x50, 0x06, 0x00,
  0x3f, 0x40, 0x12, 0xd1, 0xb1, 0x13, 0xc4, 0x47, 0x0f, 0x43, 0x52, 0x3c,
  0x30, 0x12, 0x89, 0xd0, 0x30, 0x12, 0x2b, 0xd1, 0x30, 0x12, 0x91, 0xd0,
  0xb1, 0x13, 0x88, 0x3e, 0x31, 0x50, 0x06, 0x00, 0x5f, 0x42, 0x21, 0x25,
  0x0f, 0x12, 0x30, 0x12, 0x30, 0xd1, 0xb1, 0x13, 0x88, 0x3e, 0x21, 0x52,
  0xb2, 0x90, 0x03, 0x00, 0x6c, 0x11, 0x04, 0x38, 0x3f, 0x40, 0x30, 0x25,
  0xb0, 0x13, 0xe8, 0x60, 0xb2, 0x90, 0x03, 0x00, 0x6c, 0x11, 0x05, 0x38,
  0x30, 0x12, 0x5d, 0xd1, 0xb1, 0x13, 0x88, 0x3e, 0x21, 0x53, 0xb2, 0x90,
  0x03, 0x00, 0x6c, 0x11, 0x03, 0x38, 0x0f, 0x4a, 0xb0, 0x13, 0xe8, 0x60,
  0xb2, 0x90, 0x03, 0x00, 0x6c, 0x11, 0x0b, 0x38, 0x12, 0x12, 0x5a, 0x25,
  0x5f, 0x4b, 0x4e, 0x00, 0x0f, 0x12, 0x30, 0x12, 0x67, 0xd1, 0xb1, 0x13,
  0x88, 0x3e, 0x31, 0x50, 0x06, 0x00, 0xa2, 0x93, 0x6c, 0x11, 0x0e, 0x38,
  0x30, 0x12, 0x89, 0xd0, 0x30, 0x12, 0xde, 0xd0, 0x30, 0x12, 0x91, 0xd0,
  0xb1, 0x13, 0x88, 0x3e, 0x31, 0x50, 0x06, 0x00, 0x3f, 0x40, 0x75, 0xd1,
  0xb1, 0x13, 0xc4, 0x47, 0xb0, 0x13, 0x6a, 0xa6, 0x1f, 0x43, 0x04, 0x3c,
  0xa2, 0x93, 0x6c, 0x11, 0x9f, 0x37, 0xac, 0x3f, 0x1a, 0x16, 0x10, 0x01,
  0x2f, 0x92, 0x04, 0x2c, 0x5f, 0x02, 0x1f, 0x4f, 0x8a, 0xc9, 0x10, 0x01,
  0x3f, 0x40, 0xab, 0xd1, 0x10, 0x01, 0xc2, 0x93, 0x20, 0x25, 0x0a, 0x24,
  0x0f, 0x93, 0x08, 0x24, 0x3d, 0x40, 0x10, 0x00, 0x3e, 0x40, 0x30, 0x25,
  0xb1, 0x13, 0x4c, 0x48, 0x1f, 0x43, 0x10, 0x01, 0x0f, 0x43, 0x10, 0x01,
  0xb2, 0x90, 0x03, 0x00, 0x6c, 0x11, 0x0f, 0x38, 0x30, 0x12, 0x89, 0xd0,
  0x30, 0x12, 0x2b, 0xd1, 0x30, 0x12, 0x91, 0xd0, 0xb1, 0x13, 0x88, 0x3e,
  0x31, 0x50, 0x06, 0x00, 0x30, 0x12, 0xb3, 0xd1, 0xb1, 0x13, 0x88, 0x3e,
  0x21, 0x53, 0xb2, 0x90, 0x03, 0x00, 0x6c, 0x11, 0x04, 0x38, 0x3f, 0x40,
  0x30, 0x25, 0xb0, 0x13, 0xe8, 0x60, 0xb2, 0x90, 0x03, 0x00, 0x6c, 0x11,
  0x08, 0x38, 0x5f, 0x42, 0x21, 0x25, 0x0f, 0x12, 0x30, 0x12, 0xc0, 0xd1,
  0xb1, 0x13, 0x88, 0x3e, 0x21, 0x52, 0xb0, 0x13, 0x90, 0x71, 0x0f, 0x93,
  0x0e, 0x20, 0x5f, 0x42, 0x68, 0x25, 0x4f, 0x93, 0x02, 0x34, 0x5f, 0x53,
  0x03, 0x3c, 0x5f, 0x53, 0x7f, 0xf0, 0x7f, 0x00, 0xc2, 0x4f, 0x68, 0x25,
  0x4f, 0x43, 0xb0, 0x13, 0xbe, 0x95, 0xb0, 0x13, 0xce, 0x5f, 0xb0, 0x13,
  0x7c, 0x9f, 0xb1, 0x13, 0xa0, 0x2c, 0xb0, 0x13, 0xb0, 0xa6, 0xf2, 0xb0,
  0x40, 0x00, 0x55, 0x25, 0x04, 0x24, 0x3f, 0x40, 0x40, 0x25, 0xb0, 0x13,
  0x60, 0xa9, 0xc2, 0x43, 0x20, 0x25, 0x10, 0x01, 0xb2, 0x40, 0x03, 0x00,
  0x6c, 0x25, 0xb0, 0x13, 0x0c, 0xa7, 0x10, 0x01, 0x0b, 0x14, 0x0b, 0x4f,
  0xc2, 0x93, 0x20, 0x25, 0x54, 0x24, 0x1e, 0x42, 0x5e, 0x25, 0x1f, 0x42,
  0x60, 0x25, 0x3e, 0x93, 0x02, 0x20, 0x3f, 0x93, 0x4c, 0x24, 0x0c, 0x4b,
  0x0d, 0x43, 0x0d, 0x9f, 0x02, 0x28, 0x0b, 0x9e, 0x03, 0x2c, 0x0e, 0x8c,
  0x0f, 0x7d, 0x02, 0x3c, 0x0e, 0x43, 0x0f, 0x43, 0x82, 0x4e, 0x5e, 0x25,
  0x82, 0x4f, 0x60, 0x25, 0x0e, 0x93, 0x19, 0x20, 0x0f, 0x93, 0x17, 0x20,
  0xa2, 0x93, 0x6c, 0x11, 0x0e, 0x38, 0x30, 0x12, 0x89, 0xd0, 0x30, 0x12,
  0xde, 0xd0, 0x30, 0x12, 0x91, 0xd0, 0xb1, 0x13, 0x88, 0x3e, 0x31, 0x50,
  0x06, 0x00, 0x3f, 0x40, 0xcf, 0xd1, 0xb1, 0x13, 0xc4, 0x47, 0xb2, 0x40,
  0x03, 0x00, 0x6c, 0x25, 0xb0, 0x13, 0x0c, 0xa7, 0x22, 0x3c, 0x1f, 0x93,
  0x20, 0x2c, 0x3e, 0x90, 0x2c, 0x01, 0x1d, 0x2c, 0x82, 0x93, 0x56, 0x25,
  0x1a, 0x24, 0xa2, 0x93, 0x6c, 0x11, 0x11, 0x38, 0x30, 0x12, 0x89, 0xd0,
  0x30, 0x12, 0xde, 0xd0, 0x30, 0x12, 0x91, 0xd0, 0xb1, 0x13, 0x88, 0x3e,
  0x31, 0x50, 0x06, 0x00, 0x12, 0x12, 0x5e, 0x25, 0x30, 0x12, 0xed, 0xd1,
  0xb1, 0x13, 0x88, 0x3e, 0x21, 0x52, 0x1f, 0x42, 0x56, 0x25, 0xb0, 0x13,
  0x2c, 0x9b, 0xb0, 0x13, 0xa6, 0x92, 0x0b, 0x16, 0x10, 0x01, 0xc2, 0x93,
  0x20, 0x25, 0x0e, 0x24, 0x5d, 0x42, 0x54, 0x25, 0x5d, 0x0b, 0x0e, 0x4f,
  0x3f, 0x40, 0x30, 0x25, 0xb1, 0x13, 0x20, 0x48, 0x1e, 0x43, 0x0f, 0x93,
  0x01, 0x24, 0x0e, 0x43, 0x0f, 0x4e, 0x10, 0x01, 0x0f, 0x43, 0x10, 0x01,
  0x0b, 0x14, 0x0b, 0x4f, 0xc2, 0x93, 0x20, 0x25, 0x24, 0x24, 0xa2, 0x93,
  0x6c, 0x11, 0x10, 0x38, 0x30, 0x12, 0x89, 0xd0, 0x30, 0x12, 0xde, 0xd0,
  0x30, 0x12, 0x91, 0xd0, 0xb1, 0x13, 0x88, 0x3e, 0x31, 0x50, 0x06, 0x00,
  0x0b, 0x12, 0x30, 0x12, 0x27, 0xd2, 0xb1, 0x13, 0x88, 0x3e, 0x21, 0x52,
  0xb0, 0x13, 0x90, 0x71, 0x0f, 0x93, 0x02, 0x20, 0x82, 0x43, 0x6c, 0x25,
  0x1f, 0x42, 0x1e, 0x25, 0x6f, 0x13, 0xb0, 0x13, 0x7c, 0x9f, 0x3f, 0x40,
  0x3a, 0xd2, 0xb0, 0x13, 0xe8, 0xa2, 0xb0, 0x13, 0x0c, 0xa7, 0x0b, 0x16,
  0x10, 0x01, 0x0b, 0x14, 0x0b, 0x4f, 0xb0, 0x13, 0x90, 0x71, 0x0f, 0x93,
  0x32, 0x24, 0x5e, 0x42, 0x62, 0x25, 0x4e, 0x93, 0x02, 0x34, 0x5e, 0x53,
  0x03, 0x3c, 0x5e, 0x53, 0x7e, 0xf0, 0x7f, 0x00, 0xc2, 0x4e, 0x62, 0x25,
  0xf2, 0x40, 0xf0, 0xff, 0x23, 0x25, 0xa2, 0x93, 0x6c, 0x11, 0x15, 0x38,
  0x30, 0x12, 0x89, 0xd0, 0x30, 0x12, 0xde, 0xd0, 0x30, 0x12, 0x91, 0xd0,
  0xb1, 0x13, 0x88, 0x3e, 0x31, 0x50, 0x06, 0x00, 0x12, 0x12, 0x5a, 0x25,
  0x5f, 0x42, 0x62, 0x25, 0x0f, 0x12, 0x0b, 0x12, 0x30, 0x12, 0x47, 0xd2,
  0xb1, 0x13, 0x88, 0x3e, 0x31, 0x52, 0xb2, 0x90, 0x03, 0x00, 0x6c, 0x11,
  0x04, 0x38, 0x3f, 0x40, 0x7b, 0xd2, 0xb0, 0x13, 0xa2, 0x9d, 0x3f, 0x40,
  0x92, 0xd2, 0xb0, 0x13, 0xb0, 0x76, 0x0b, 0x16, 0x10, 0x01, 0xc2, 0x93,
  0x22, 0x25, 0x05, 0x20, 0x1f, 0x43, 0xc2, 0x93, 0x20, 0x25, 0x09, 0x20,
  0x07, 0x3c, 0xc2, 0x93, 0x20, 0x25, 0x04, 0x24, 0x1f, 0x43, 0xa2, 0x93,
  0x6c, 0x25, 0x01, 0x2c, 0x0f, 0x43, 0x10, 0x01, 0x1b, 0x14, 0xc2, 0x93,
  0x20, 0x25, 0x02, 0x20, 0x80, 0x00, 0x9c, 0x79, 0x1b, 0x42, 0x5a, 0x25,
  0xb0, 0x13, 0xfc, 0xa6, 0xb2, 0x90, 0x03, 0x00, 0x6c, 0x25, 0x1f, 0x20,
  0x0f, 0x43, 0xb0, 0x13, 0xc4, 0x9e, 0xb2, 0x43, 0x5a, 0x25, 0x3b, 0x93,
  0xe7, 0x24, 0xa2, 0x93, 0x6c, 0x11, 0x0e, 0x38, 0x30, 0x12, 0x89, 0xd0,
  0x30, 0x12, 0xde, 0xd0, 0x30, 0x12, 0x91, 0xd0, 0xb1, 0x13, 0x88, 0x3e,
  0x31, 0x50, 0x06, 0x00, 0x3f, 0x40, 0xa0, 0xd2, 0xb1, 0x13, 0xc4, 0x47,
  0x3f, 0x40, 0xc4, 0xd2, 0xb0, 0x13, 0xe8, 0xa2, 0xb0, 0x13, 0x6a, 0xa6,
  0xcf, 0x3c, 0xb0, 0x13, 0x90, 0x71, 0x0f, 0x93, 0xcb, 0x20, 0x1a, 0x42,
  0x56, 0x25, 0xb0, 0x13, 0xe4, 0x9f, 0xb0, 0x13, 0xc4, 0x9e, 0x1f, 0x42,
  0x56, 0x25, 0xb0, 0x13, 0x08, 0x9b, 0x82, 0x4f, 0x5a, 0x25, 0x1f, 0x42,
  0xca, 0x11, 0xb0, 0x13, 0x8a, 0x66, 0x1c, 0x3c, 0x0f, 0x4b, 0xb0, 0x13,
  0x08, 0x9b, 0x1f, 0x92, 0x5a, 0x25, 0x0d, 0x2c, 0x8b, 0x93, 0x00, 0x00,
  0x0e, 0x20, 0x8b, 0x93, 0x02, 0x00, 0x0b, 0x20, 0xb0, 0x13, 0x20, 0x45,
  0x8b, 0x4e, 0x00, 0x00, 0x8b, 0x4f, 0x02, 0x00, 0x04, 0x3c, 0x8b, 0x43,
  0x00, 0x00, 0x8b, 0x43, 0x02, 0x00, 0x0e, 0x4b, 0x1f, 0x42, 0xca, 0x11,
  0xb0, 0x13, 0x3e, 0x66, 0x0b, 0x4f, 0x0f, 0x93, 0xe1, 0x23, 0x0a, 0x93,
  0x04, 0x24, 0x92, 0x92, 0x58, 0x25, 0x5a, 0x25, 0x03, 0x2c, 0x92, 0x42,
  0x5a, 0x25, 0x58, 0x25, 0x1b, 0x42, 0x5c, 0x25, 0x3b, 0x93, 0x34, 0x24,
  0x1d, 0x42, 0x5a, 0x25, 0x3d, 0x93, 0x30, 0x24, 0x0e, 0x4d, 0x0f, 0x43,
  0x0c, 0x4b, 0x0d, 0x43, 0x0e, 0x8c, 0x0f, 0x7d, 0x0f, 0x93, 0x04, 0x34,
  0x3e, 0xe3, 0x3f, 0xe3, 0x1e, 0x53, 0x0f, 0x63, 0x0f, 0x93, 0x22, 0x38,
  0x03, 0x20, 0x3e, 0x90, 0x01, 0x02, 0x1e, 0x28, 0xa2, 0x93, 0x6c, 0x11,
  0x14, 0x38, 0x30, 0x12, 0x89, 0xd0, 0x30, 0x12, 0xde, 0xd0, 0x30, 0x12,
  0x91, 0xd0, 0xb1, 0x13, 0x88, 0x3e, 0x31, 0x50, 0x06, 0x00, 0x12, 0x12,
  0x5a, 0x25, 0x12, 0x12, 0x5c, 0x25, 0x30, 0x12, 0xd2, 0xd2, 0xb1, 0x13,
  0x88, 0x3e, 0x31, 0x50, 0x06, 0x00, 0x92, 0x42, 0x5a, 0x25, 0x5c, 0x25,
  0x3f, 0x40, 0xf2, 0xd2, 0xb0, 0x13, 0xe8, 0xa2, 0xc2, 0x93, 0x6b, 0x25,
  0x57, 0x24, 0x82, 0x93, 0x56, 0x25, 0x2f, 0x24, 0x0a, 0x93, 0x2a, 0x20,
  0x92, 0x43, 0x6c, 0x25, 0x3f, 0x40, 0x0a, 0xd3, 0xb0, 0x13, 0xe8, 0xa2,
  0xa2, 0x93, 0x6c, 0x11, 0x0f, 0x38, 0x30, 0x12, 0x89, 0xd0, 0x30, 0x12,
  0xde, 0xd0, 0x30, 0x12, 0x91, 0xd0, 0xb1, 0x13, 0x88, 0x3e, 0x31, 0x50,
  0x06, 0x00, 0x30, 0x12, 0x15, 0xd3, 0xb1, 0x13, 0x88, 0x3e, 0x21, 0x53,
  0xa2, 0x93, 0x6c, 0x11, 0x06, 0x38, 0x1f, 0x42, 0x56, 0x25, 0xb0, 0x13,
  0x2c, 0x9b, 0xb0, 0x13, 0xe8, 0x60, 0xa2, 0x93, 0x6c, 0x11, 0x04, 0x38,
  0x3f, 0x40, 0x24, 0xd3, 0xb1, 0x13, 0xc4, 0x47, 0xb0, 0x13, 0x4e, 0xa6,
  0xb0, 0x13, 0x64, 0xa3, 0x1b, 0x3c, 0x82, 0x43, 0x6c, 0x25, 0xa2, 0x93,
  0x6c, 0x11, 0x0e, 0x38, 0x30, 0x12, 0x89, 0xd0, 0x30, 0x12, 0xde, 0xd0,
  0x30, 0x12, 0x91, 0xd0, 0xb1, 0x13, 0x88, 0x3e, 0x31, 0x50, 0x06, 0x00,
  0x3f, 0x40, 0x35, 0xd3, 0xb1, 0x13, 0xc4, 0x47, 0x3f, 0x40, 0xc4, 0xd2,
  0xb0, 0x13, 0xe8, 0xa2, 0xb0, 0x13, 0x34, 0xa2, 0xb0, 0x13, 0x6a, 0xa6,
  0xb2, 0x90, 0x03, 0x00, 0x6c, 0x11, 0x04, 0x38, 0x3f, 0x40, 0x7a, 0xd3,
  0xb0, 0x13, 0xa2, 0x9d, 0xc2, 0x43, 0x6b, 0x25, 0x1f, 0x42, 0x1e, 0x25,
  0x5f, 0x13, 0x1c, 0x00, 0x1a, 0x16, 0x10, 0x01, 0x6b, 0x14, 0x0b, 0x4f,
  0x07, 0x4e, 0xc2, 0x93, 0x20, 0x25, 0x1e, 0x20, 0xb0, 0x13, 0x90, 0x71,
  0x0f, 0x93, 0x1a, 0x20, 0x0f, 0x47, 0xb0, 0x13, 0x5c, 0x73, 0x0f, 0x93,
  0x15, 0x20, 0xa2, 0x93, 0x6c, 0x11, 0x02, 0x34, 0x80, 0x00, 0xe0, 0x7c,
  0x30, 0x12, 0x89, 0xd0, 0x30, 0x12, 0xde, 0xd0, 0x30, 0x12, 0x91, 0xd0,
  0xb1, 0x13, 0x88, 0x3e, 0x31, 0x50, 0x06, 0x00, 0x3f, 0x40, 0x88, 0xd3,
  0xb1, 0x13, 0xc4, 0x47, 0x80, 0x00, 0xe0, 0x7c, 0xc2, 0x93, 0x20, 0x25,
  0x02, 0x20, 0x80, 0x00, 0xe0, 0x7c, 0xd7, 0x92, 0x21, 0x25, 0x18, 0x00,
  0x02, 0x24, 0x80, 0x00, 0xe0, 0x7c, 0x3d, 0x40, 0x10, 0x00, 0x0e, 0x47,
  0x3f, 0x40, 0x30, 0x25, 0xb1, 0x13, 0x20, 0x48, 0x0f, 0x93, 0x02, 0x24,
  0x80, 0x00, 0xe0, 0x7c, 0x97, 0x92, 0x2a, 0x25, 0x12, 0x00, 0x02, 0x2c,
  0x80, 0x00, 0xd2, 0x7c, 0x5e, 0x47, 0x17, 0x00, 0x5f, 0x42, 0x62, 0x25,
  0xb0, 0x13, 0x98, 0xa8, 0x0f, 0x93, 0x0c, 0x24, 0x97, 0x92, 0x2a, 0x25,
  0x12, 0x00, 0x02, 0x24, 0x80, 0x00, 0xd2, 0x7c, 0x3f, 0x40, 0x9b, 0xd3,
  0xb0, 0x13, 0xe8, 0xa2, 0x80, 0x00, 0xd2, 0x7c, 0xb7, 0x93, 0x12, 0x00,
  0x02, 0x24, 0xd2, 0x53, 0x67, 0x25, 0x5e, 0x42, 0x62, 0x25, 0x5f, 0x47,
  0x17, 0x00, 0xb0, 0x13, 0x98, 0xa8, 0x0f, 0x93, 0x6e, 0x24, 0x92, 0x92,
  0x2a, 0x25, 0x5a, 0x25, 0x21, 0x20, 0x92, 0x93, 0x6c, 0x11, 0x16, 0x38,
  0x30, 0x12, 0x89, 0xd0, 0x30, 0x12, 0x8d, 0xd0, 0x30, 0x12, 0x91, 0xd0,
  0xb1, 0x13, 0x88, 0x3e, 0x31, 0x50, 0x06, 0x00, 0x5f, 0x47, 0x17, 0x00,
  0x0f, 0x12, 0x5f, 0x42, 0x62, 0x25, 0x0f, 0x12, 0x30, 0x12, 0xb7, 0xd3,
  0xb1, 0x13, 0x88, 0x3e, 0x31, 0x50, 0x06, 0x00, 0xd2, 0x47, 0x17, 0x00,
  0x62, 0x25, 0x3f, 0x40, 0x05, 0xd4, 0xb0, 0x13, 0x06, 0x77, 0x49, 0x3c,
  0xa2, 0x93, 0x6c, 0x11, 0x16, 0x38, 0x30, 0x12, 0x89, 0xd0, 0x30, 0x12,
  0xde, 0xd0, 0x30, 0x12, 0x91, 0xd0, 0xb1, 0x13, 0x88, 0x3e, 0x31, 0x50,
  0x06, 0x00, 0x5f, 0x47, 0x17, 0x00, 0x0f, 0x12, 0x5f, 0x42, 0x62, 0x25,
  0x0f, 0x12, 0x30, 0x12, 0x1e, 0xd4, 0xb1, 0x13, 0x88, 0x3e, 0x31, 0x50,
  0x06, 0x00, 0xb0, 0x13, 0x90, 0x71, 0x0f, 0x93, 0x2c, 0x20, 0xa2, 0x93,
  0x6c, 0x11, 0x15, 0x38, 0x30, 0x12, 0x89, 0xd0, 0x30, 0x12, 0xde, 0xd0,
  0x30, 0x12, 0x91, 0xd0, 0xb1, 0x13, 0x88, 0x3e, 0x31, 0x50, 0x06, 0x00,
  0x12, 0x12, 0x5a, 0x25, 0x5f, 0x47, 0x17, 0x00, 0x0f, 0x12, 0x30, 0x12,
  0x60, 0xd4, 0xb1, 0x13, 0x88, 0x3e, 0x31, 0x50, 0x06, 0x00, 0xb2, 0x90,
  0x03, 0x00, 0x6c, 0x11, 0x04, 0x38, 0x3f, 0x40, 0x7b, 0xd2, 0xb0, 0x13,
  0xa2, 0x9d, 0xb0, 0x13, 0xb0, 0xa6, 0x0f, 0x43, 0xb0, 0x13, 0xc4, 0x9e,
  0x0f, 0x47, 0xb0, 0x13, 0x5c, 0x73, 0x3f, 0x40, 0x92, 0xd2, 0xb0, 0x13,
  0xb0, 0x76, 0x0d, 0x47, 0x1e, 0x43, 0x0f, 0x4b, 0xb0, 0x13, 0x0e, 0x92,
  0x0f, 0x93, 0x10, 0x20, 0x92, 0x93, 0x6c, 0x11, 0xc0, 0x38, 0x30, 0x12,
  0x89, 0xd0, 0x30, 0x12, 0x8d, 0xd0, 0x30, 0x12, 0x91, 0xd0, 0xb1, 0x13,
  0x88, 0x3e, 0x31, 0x50, 0x06, 0x00, 0x3f, 0x40, 0x95, 0xd4, 0x49, 0x3c,
  0x0f, 0x4b, 0xb0, 0x13, 0xd0, 0x9f, 0x06, 0x4f, 0x0f, 0x93, 0x03, 0x24,
  0x55, 0x4f, 0x06, 0x00, 0x02, 0x3c, 0x75, 0x40, 0xf0, 0xff, 0x0f, 0x4b,
  0xb0, 0x13, 0xd0, 0x9f, 0x0f, 0x93, 0x20, 0x20, 0x0f, 0x4b, 0xb1, 0x13,
  0xd0, 0x14, 0x0f, 0x93, 0xa1, 0x24, 0x0c, 0x47, 0x1d, 0x43, 0x0e, 0x4f,
  0x1f, 0x42, 0xca, 0x11, 0xb0, 0x13, 0x60, 0x67, 0x0f, 0x93, 0x12, 0x20,
  0x92, 0x93, 0x6c, 0x11, 0x95, 0x38, 0x30, 0x12, 0x89, 0xd0, 0x30, 0x12,
  0x8d, 0xd0, 0x30, 0x12, 0x91, 0xd0, 0xb1, 0x13, 0x88, 0x3e, 0x31, 0x50,
  0x06, 0x00, 0x3f, 0x40, 0xb3, 0xd4, 0xb1, 0x13, 0xc4, 0x47, 0x86, 0x3c,
  0x9f, 0x47, 0x12, 0x00, 0x04, 0x00, 0xdf, 0x47, 0x19, 0x00, 0x06, 0x00,
  0x82, 0x93, 0x5e, 0x25, 0x13, 0x20, 0x82, 0x93, 0x60, 0x25, 0x15, 0x24,
  0x0f, 0x3c, 0x30, 0x12, 0x89, 0xd0, 0x30, 0x12, 0x8d, 0xd0, 0x30, 0x12,
  0x91, 0xd0, 0xb1, 0x13, 0x88, 0x3e, 0x31, 0x50, 0x06, 0x00, 0x3f, 0x40,
  0xca, 0xd4, 0xb1, 0x13, 0xc4, 0x47, 0x67, 0x3c, 0x06, 0x93, 0x2f, 0x24,
  0x16, 0x92, 0x56, 0x25, 0x2c, 0x20, 0xb2, 0x90, 0x03, 0x00, 0x6c, 0x11,
  0x0e, 0x38, 0x30, 0x12, 0x89, 0xd0, 0x30, 0x12, 0x2b, 0xd1, 0x30, 0x12,
  0x91, 0xd0, 0xb1, 0x13, 0x88, 0x3e, 0x31, 0x50, 0x06, 0x00, 0x3f, 0x40,
  0xec, 0xd4, 0xb1, 0x13, 0xc4, 0x47, 0x1e, 0x42, 0x2e, 0x25, 0x0f, 0x43,
  0x0a, 0x4e, 0x0b, 0x4f, 0x7f, 0x40, 0x05, 0x00, 0x0a, 0x5a, 0x0b, 0x6b,
  0x7f, 0x53, 0xfc, 0x23, 0x08, 0x4a, 0x09, 0x4b, 0x6f, 0x42, 0x08, 0x58,
  0x09, 0x69, 0x7f, 0x53, 0xfc, 0x23, 0x0e, 0x48, 0x0f, 0x49, 0x0e, 0x8a,
  0x0f, 0x7b, 0x82, 0x4e, 0x5e, 0x25, 0x82, 0x4f, 0x60, 0x25, 0xc2, 0x93,
  0x22, 0x25, 0x33, 0x24, 0x06, 0x93, 0x31, 0x24, 0x16, 0x92, 0x56, 0x25,
  0x2e, 0x20, 0x45, 0x45, 0x0e, 0x45, 0x5f, 0x47, 0x19, 0x00, 0xb0, 0x13,
  0x98, 0xa8, 0x0f, 0x93, 0x26, 0x24, 0x5f, 0x42, 0x23, 0x25, 0x4f, 0x93,
  0x02, 0x34, 0x5f, 0x53, 0x03, 0x3c, 0x5f, 0x53, 0x7f, 0xf0, 0x7f, 0x00,
  0xc2, 0x4f, 0x23, 0x25, 0xa2, 0x93, 0x6c, 0x11, 0x16, 0x38, 0x30, 0x12,
  0x89, 0xd0, 0x30, 0x12, 0xde, 0xd0, 0x30, 0x12, 0x91, 0xd0, 0xb1, 0x13,
  0x88, 0x3e, 0x31, 0x50, 0x06, 0x00, 0x5f, 0x42, 0x23, 0x25, 0x0f, 0x12,
  0x5f, 0x47, 0x19, 0x00, 0x0f, 0x12, 0x05, 0x12, 0x30, 0x12, 0x00, 0xd5,
  0xb1, 0x13, 0x88, 0x3e, 0x31, 0x52, 0xb0, 0x13, 0x64, 0xa3, 0xb0, 0x13,
  0x9c, 0x77, 0x04, 0x3c, 0x92, 0x93, 0x6c, 0x11, 0x84, 0x37, 0xf9, 0x3f,
  0x65, 0x16, 0x10, 0x01, 0x0b, 0x14, 0x0b, 0x4f, 0x0e, 0x93, 0x05, 0x24,
  0x3f, 0x40, 0x36, 0xd5, 0xb0, 0x13, 0xe8, 0xa2, 0x1c, 0x3c, 0x0d, 0x43,
  0x3e, 0x40, 0x03, 0x00, 0xb0, 0x13, 0x0e, 0x92, 0x0f, 0x93, 0x15, 0x24,
  0xb2, 0x90, 0x03, 0x00, 0x6c, 0x11, 0x0e, 0x38, 0x30, 0x12, 0x89, 0xd0,
  0x30, 0x12, 0x2b, 0xd1, 0x30, 0x12, 0x91, 0xd0, 0xb1, 0x13, 0x88, 0x3e,
  0x31, 0x50, 0x06, 0x00, 0x3f, 0x40, 0x44, 0xd5, 0xb1, 0x13, 0xc4, 0x47,
  0x0f, 0x4b, 0xb0, 0x13, 0x1c, 0x93, 0x0b, 0x16, 0x10, 0x01, 0x1b, 0x14,
  0x0a, 0x4f, 0x0b, 0x4e, 0x5f, 0x4e, 0x23, 0x00, 0x4f, 0x93, 0x06, 0x20,
  0x0d, 0x4e, 0x0e, 0x4a, 0x0f, 0x43, 0xb1, 0x13, 0xc2, 0x29, 0x2e, 0x3c,
  0x7f, 0x93, 0x0f, 0x24, 0x4f, 0x4f, 0x02, 0x12, 0x32, 0xc2, 0x03, 0x43,
  0x92, 0x42, 0x2e, 0x25, 0x30, 0x01, 0x82, 0x4f, 0x38, 0x01, 0x1c, 0x42,
  0x3a, 0x01, 0x1d, 0x42, 0x3c, 0x01, 0x32, 0x41, 0x02, 0x3c, 0x3c, 0x43,
  0x3d, 0x43, 0x1d, 0x15, 0x0d, 0x4b, 0x0e, 0x4a, 0x0f, 0x43, 0xb1, 0x13,
  0x0a, 0x2a, 0x21, 0x52, 0x0f, 0x93, 0x12, 0x20, 0x92, 0x93, 0x6c, 0x11,
  0x17, 0x38, 0x30, 0x12, 0x89, 0xd0, 0x30, 0x12, 0x8d, 0xd0, 0x30, 0x12,
  0x91, 0xd0, 0xb1, 0x13, 0x88, 0x3e, 0x31, 0x50, 0x06, 0x00, 0x3f, 0x40,
  0x61, 0xd5, 0xb1, 0x13, 0xc4, 0x47, 0x08, 0x3c, 0xcb, 0x93, 0x25, 0x00,
  0x05, 0x34, 0x1e, 0x4b, 0x20, 0x00, 0x0f, 0x4a, 0xb0, 0x13, 0x9c, 0xa3,
  0x1a, 0x16, 0x10, 0x01, 0x2b, 0x14, 0x4b, 0x4f, 0x49, 0x4e, 0x4a, 0x4f,
  0x5e, 0x42, 0x69, 0x25, 0x0f, 0x4a, 0xb0, 0x13, 0x98, 0xa8, 0x0f, 0x93,
  0x02, 0x24, 0xc2, 0x4b, 0x69, 0x25, 0x5b, 0x92, 0x68, 0x25, 0x2e, 0x20,
  0x4b, 0x49, 0x8b, 0x11, 0x3b, 0xe3, 0x0b, 0x5b, 0x0b, 0x43, 0x0b, 0x6b,
  0x92, 0x93, 0x6c, 0x25, 0x08, 0x20, 0x0b, 0x93, 0x06, 0x24, 0xa2, 0x43,
  0x6c, 0x25, 0x3f, 0x40, 0x84, 0xd5, 0xb0, 0x13, 0xe8, 0xa2, 0xb0, 0x13,
  0xd0, 0xa3, 0x0b, 0x93, 0x19, 0x20, 0xa2, 0x93, 0x6c, 0x11, 0x13, 0x38,
  0x30, 0x12, 0x89, 0xd0, 0x30, 0x12, 0xde, 0xd0, 0x30, 0x12, 0x91, 0xd0,
  0xb1, 0x13, 0x88, 0x3e, 0x31, 0x50, 0x06, 0x00, 0x49, 0x49, 0x09, 0x12,
  0x0a, 0x12, 0x30, 0x12, 0x8e, 0xd5, 0xb1, 0x13, 0x88, 0x3e, 0x31, 0x50,
  0x06, 0x00, 0xb2, 0x40, 0x03, 0x00, 0x6c, 0x25, 0x29, 0x16, 0x10, 0x01,
  0x2b, 0x14, 0x0b, 0x4f, 0x0a, 0x4e, 0x09, 0x4c, 0x0d, 0x93, 0x02, 0x24,
  0xb0, 0x13, 0x44, 0xa3, 0x09, 0x93, 0x06, 0x24, 0x0b, 0x93, 0x04, 0x24,
  0x8b, 0x4a, 0x04, 0x00, 0xb0, 0x13, 0x9c, 0x77, 0x1f, 0x43, 0x29, 0x16,
  0x10, 0x01, 0x4b, 0x14, 0x4a, 0x4f, 0x09, 0x4e, 0x08, 0x4d, 0x07, 0x4c,
  0xc2, 0x93, 0x20, 0x25, 0x16, 0x24, 0x3d, 0x40, 0x10, 0x00, 0x3f, 0x40,
  0x30, 0x25, 0xb1, 0x13, 0x20, 0x48, 0x0f, 0x93, 0x09, 0x20, 0x5b, 0x42,
  0x62, 0x25, 0x5b, 0x53, 0xc2, 0x93, 0x62, 0x25, 0x05, 0x38, 0x7b, 0xf0,
  0x7f, 0x00, 0x02, 0x3c, 0x7b, 0x40, 0xf0, 0xff, 0xb0, 0x13, 0x30, 0x75,
  0x02, 0x3c, 0x7b, 0x40, 0xf0, 0xff, 0x51, 0x12, 0x1a, 0x00, 0x07, 0x12,
  0x0c, 0x48, 0x1d, 0x43, 0x0e, 0x49, 0x4f, 0x4a, 0xb0, 0x13, 0x94, 0x72,
  0x21, 0x52, 0xd2, 0x43, 0x22, 0x25, 0xb2, 0x40, 0x00, 0x04, 0x28, 0x25,
  0xb2, 0x40, 0x80, 0x00, 0x2a, 0x25, 0xf2, 0x42, 0x24, 0x25, 0xf2, 0x40,
  0x0c, 0x00, 0x25, 0x25, 0xc2, 0x43, 0x26, 0x25, 0xf2, 0x40, 0x1e, 0x00,
  0x2c, 0x25, 0xb2, 0x40, 0x3c, 0x00, 0x2e, 0x25, 0xc2, 0x43, 0x64, 0x25,
  0xc2, 0x43, 0x63, 0x25, 0xc2, 0x4b, 0x62, 0x25, 0xb2, 0x40, 0x80, 0x00,
  0x5a, 0x25, 0xb2, 0x43, 0x5e, 0x25, 0xb2, 0x43, 0x60, 0x25, 0xc2, 0x43,
  0x65, 0x25, 0xa2, 0x43, 0x6c, 0x25, 0x3f, 0x40, 0xcc, 0xd5, 0xb0, 0x13,
  0xe8, 0xa2, 0xb2, 0x90, 0x03, 0x00, 0x6c, 0x11, 0x12, 0x38, 0x30, 0x12,
  0x89, 0xd0, 0x30, 0x12, 0x2b, 0xd1, 0x30, 0x12, 0x91, 0xd0, 0xb1, 0x13,
  0x88, 0x3e, 0x31, 0x50, 0x06, 0x00, 0x5f, 0x42, 0x21, 0x25, 0x0f, 0x12,
  0x30, 0x12, 0xd6, 0xd5, 0xb1, 0x13, 0x88, 0x3e, 0x21, 0x52, 0xb2, 0x90,
  0x03, 0x00, 0x6c, 0x11, 0x04, 0x38, 0x3f, 0x40, 0x30, 0x25, 0xb0, 0x13,
  0xe8, 0x60, 0xb2, 0x90, 0x03, 0x00, 0x6c, 0x11, 0x07, 0x38, 0x12, 0x12,
  0x5a, 0x25, 0x30, 0x12, 0xff, 0xd5, 0xb1, 0x13, 0x88, 0x3e, 0x21, 0x52,
  0x47, 0x16, 0x10, 0x01, 0x3d, 0x40, 0x0c, 0x01, 0x0e, 0x43, 0x3f, 0x40,
  0x16, 0x25, 0xb1, 0x13, 0x1c, 0x4a, 0x10, 0x01, 0xc2, 0x93, 0xc4, 0x27,
  0x45, 0x20, 0xf2, 0x90, 0x63, 0x00, 0xe8, 0x27, 0x41, 0x20, 0xc2, 0x93,
  0xe7, 0x27, 0x03, 0x20, 0xe2, 0x92, 0xe9, 0x27, 0x16, 0x24, 0x92, 0x93,
  0x6c, 0x11, 0x3a, 0x38, 0x30, 0x12, 0x31, 0xd6, 0x30, 0x12, 0x35, 0xd6,
  0x30, 0x12, 0x39, 0xd6, 0xb1, 0x13, 0x88, 0x3e, 0x31, 0x50, 0x06, 0x00,
  0x5f, 0x42, 0xe9, 0x27, 0x0f, 0x12, 0x30, 0x12, 0x48, 0xd6, 0xb1, 0x13,
  0x88, 0x3e, 0x21, 0x52, 0x27, 0x3c, 0xc2, 0x93, 0x20, 0x25, 0x05, 0x24,
  0x5e, 0x42, 0x21, 0x25, 0x5e, 0x92, 0xeb, 0x27, 0x12, 0x24, 0x92, 0x93,
  0x6c, 0x11, 0x1c, 0x38, 0x30, 0x12, 0x31, 0xd6, 0x30, 0x12, 0x35, 0xd6,
  0x30, 0x12, 0x39, 0xd6, 0xb1, 0x13, 0x88, 0x3e, 0x31, 0x50, 0x06, 0x00,
  0x3f, 0x40, 0x79, 0xd6, 0xb1, 0x13, 0xc4, 0x47, 0x0d, 0x3c, 0x1d, 0x42,
  0x5a, 0x25, 0x4f, 0x4d, 0x8f, 0x10, 0x8d, 0x10, 0x4d, 0x4d, 0x0d, 0xdf,
  0x82, 0x4d, 0xec, 0x27, 0xc2, 0x4e, 0xeb, 0x27, 0x1f, 0x43, 0x10, 0x01,
  0x0f, 0x43, 0x10, 0x01, 0x2b, 0x14, 0x0b, 0x4f, 0x7d, 0x40, 0x2b, 0x00,
  0x1e, 0x42, 0xb2, 0x27, 0x3f, 0x40, 0xbe, 0x27, 0xb1, 0x13, 0x90, 0x3b,
  0x09, 0x4f, 0x3f, 0x40, 0xd6, 0x27, 0xb0, 0x13, 0x8a, 0x76, 0x0f, 0x93,
  0x01, 0x20, 0x6a, 0x3c, 0x3e, 0x40, 0x30, 0x25, 0x0f, 0x43, 0xb1, 0x13,
  0x3c, 0x29, 0x0a, 0x4f, 0x3e, 0x40, 0xd6, 0x27, 0x0f, 0x43, 0xb1, 0x13,
  0x3c, 0x29, 0x09, 0x93, 0x04, 0x24, 0xf9, 0x90, 0x03, 0x00, 0x02, 0x00,
  0x07, 0x24, 0x0f, 0x93, 0x46, 0x24, 0x0a, 0x93, 0x44, 0x24, 0x8f, 0x9a,
  0x10, 0x00, 0x41, 0x20, 0x5e, 0x42, 0xc5, 0x27, 0x3f, 0x40, 0x40, 0x00,
  0x0f, 0x8e, 0x0f, 0x12, 0x30, 0x12, 0xbe, 0xd6, 0xb1, 0x13, 0x88, 0x3e,
  0x21, 0x52, 0xb2, 0x90, 0x03, 0x00, 0x6c, 0x11, 0x03, 0x38, 0x0f, 0x4b,
  0xb0, 0x13, 0xe8, 0x60, 0x30, 0x12, 0xdb, 0xd6, 0xb1, 0x13, 0x88, 0x3e,
  0x21, 0x53, 0xb2, 0x90, 0x03, 0x00, 0x6c, 0x11, 0x04, 0x38, 0x3f, 0x40,
  0xd6, 0x27, 0xb0, 0x13, 0xe8, 0x60, 0x3d, 0x40, 0x10, 0x00, 0x3e, 0x40,
  0xd6, 0x27, 0x0f, 0x4b, 0xb1, 0x13, 0x4c, 0x48, 0xbb, 0x40, 0xfe, 0x80,
  0x00, 0x00, 0x8b, 0x43, 0x02, 0x00, 0x8b, 0x43, 0x04, 0x00, 0x8b, 0x43,
  0x06, 0x00, 0x30, 0x12, 0xdb, 0xd6, 0xb1, 0x13, 0x88, 0x3e, 0x21, 0x53,
  0xb2, 0x90, 0x03, 0x00, 0x6c, 0x11, 0x03, 0x38, 0x0f, 0x4b, 0xb0, 0x13,
  0xe8, 0x60, 0x3f, 0x40, 0x0a, 0x00, 0xb1, 0x13, 0x8a, 0x11, 0x1f, 0x43,
  0x12, 0x3c, 0xa2, 0x92, 0x6c, 0x11, 0x0e, 0x38, 0x30, 0x12, 0x31, 0xd6,
  0x30, 0x12, 0xe6, 0xd6, 0x30, 0x12, 0x39, 0xd6, 0xb1, 0x13, 0x88, 0x3e,
  0x31, 0x50, 0x06, 0x00, 0x3f, 0x40, 0xea, 0xd6, 0xb1, 0x13, 0xc4, 0x47,
  0x0f, 0x43, 0x29, 0x16, 0x10, 0x01, 0x7b, 0x14, 0x31, 0x50, 0xec, 0xff,
  0x7d, 0x40, 0x2b, 0x00, 0x1e, 0x42, 0xb2, 0x27, 0x3f, 0x40, 0xbe, 0x27,
  0xb1, 0x13, 0x90, 0x3b, 0x06, 0x4f, 0x0f, 0x93, 0x04, 0x24, 0xff, 0x90,
  0x03, 0x00, 0x02, 0x00, 0x12, 0x24, 0xb2, 0x90, 0x03, 0x00, 0x6c, 0x11,
  0x01, 0x34, 0x6a, 0x3c, 0x30, 0x12, 0x31, 0xd6, 0x30, 0x12, 0xf7, 0xd6,
  0x30, 0x12, 0x39, 0xd6, 0xb1, 0x13, 0x88, 0x3e, 0x31, 0x50, 0x06, 0x00,
  0x3f, 0x40, 0xfc, 0xd6, 0x8e, 0x3c, 0x5b, 0x4f, 0x03, 0x00, 0x5f, 0x4f,
  0x04, 0x00, 0x47, 0x4f, 0x57, 0x0f, 0xc1, 0x47, 0x10, 0x00, 0x7f, 0xf0,
  0x0f, 0x00, 0xc1, 0x4f, 0x12, 0x00, 0x58, 0x46, 0x01, 0x00, 0x58, 0x53,
  0x58, 0x0a, 0x38, 0xf0, 0xf8, 0x00, 0x57, 0x46, 0x05, 0x00, 0x57, 0x0f,
  0x44, 0x4f, 0x55, 0x41, 0x10, 0x00, 0x3a, 0x40, 0x10, 0x00, 0x0a, 0x85,
  0x0f, 0x48, 0x0f, 0x87, 0x0f, 0x54, 0x0e, 0x4a, 0x3f, 0x50, 0xe8, 0xff,
  0xb0, 0x13, 0xc4, 0x33, 0x49, 0x4f, 0x59, 0x53, 0xb2, 0x90, 0x03, 0x00,
  0x6c, 0x11, 0x18, 0x38, 0x30, 0x12, 0x31, 0xd6, 0x30, 0x12, 0xf7, 0xd6,
  0x30, 0x12, 0x39, 0xd6, 0xb1, 0x13, 0x88, 0x3e, 0x31, 0x50, 0x06, 0x00,
  0x07, 0x12, 0x08, 0x12, 0x04, 0x12, 0x05, 0x12, 0x4f, 0x4b, 0x0f, 0x12,
  0x4f, 0x49, 0x0f, 0x12, 0x30, 0x12, 0x0a, 0xd7, 0xb1, 0x13, 0x88, 0x3e,
  0x31, 0x50, 0x0e, 0x00, 0x4b, 0x93, 0x01, 0x20, 0x8c, 0x3c, 0x49, 0x9b,
  0x19, 0x2c, 0x92, 0x93, 0x6c, 0x11, 0x14, 0x38, 0x30, 0x12, 0x31, 0xd6,
  0x30, 0x12, 0x35, 0xd6, 0x30, 0x12, 0x39, 0xd6, 0xb1, 0x13, 0x88, 0x3e,
  0x31, 0x50, 0x06, 0x00, 0x49, 0x49, 0x09, 0x12, 0x4b, 0x4b, 0x0b, 0x12,
  0x30, 0x12, 0x60, 0xd7, 0xb1, 0x13, 0x88, 0x3e, 0x31, 0x50, 0x06, 0x00,
  0x0f, 0x43, 0x72, 0x3c, 0x49, 0x8b, 0x5b, 0x93, 0x03, 0x20, 0x57, 0x41,
  0x12, 0x00, 0x02, 0x3c, 0x57, 0x41, 0x10, 0x00, 0x49, 0x49, 0x02, 0x12,
  0x32, 0xc2, 0x03, 0x43, 0x82, 0x49, 0x32, 0x01, 0x82, 0x4a, 0x38, 0x01,
  0x1d, 0x42, 0x3a, 0x01, 0x32, 0x41, 0x0a, 0x4d, 0x3a, 0x52, 0x47, 0x47,
  0x3d, 0x50, 0x18, 0x00, 0x0f, 0x46, 0x3f, 0x80, 0xbe, 0x27, 0x0d, 0x5f,
  0x0d, 0x87, 0x3d, 0x90, 0x8d, 0x00, 0x12, 0x28, 0x92, 0x93, 0x6c, 0x11,
  0xdb, 0x3b, 0x30, 0x12, 0x31, 0xd6, 0x30, 0x12, 0x35, 0xd6, 0x30, 0x12,
  0x39, 0xd6, 0xb1, 0x13, 0x88, 0x3e, 0x31, 0x50, 0x06, 0x00, 0x3f, 0x40,
  0x8b, 0xd7, 0xb1, 0x13, 0xc4, 0x47, 0xcc, 0x3f, 0x0a, 0x56, 0x3b, 0x40,
  0x10, 0x00, 0x3d, 0x40, 0x10, 0x00, 0x3e, 0x40, 0xd6, 0x27, 0x0f, 0x41,
  0xb1, 0x13, 0x4c, 0x48, 0x0b, 0x87, 0x0f, 0x47, 0x3f, 0x50, 0x18, 0x00,
  0x0d, 0x4b, 0x0e, 0x4a, 0x3f, 0x50, 0xbe, 0x27, 0xb1, 0x13, 0x4c, 0x48,
  0x0d, 0x4b, 0x0e, 0x41, 0x0e, 0x57, 0x0f, 0x4a, 0xb1, 0x13, 0x4c, 0x48,
  0xf6, 0x53, 0x03, 0x00, 0xb2, 0x90, 0x03, 0x00, 0x6c, 0x11, 0x0f, 0x38,
  0x30, 0x12, 0x31, 0xd6, 0x30, 0x12, 0xf7, 0xd6, 0x30, 0x12, 0x39, 0xd6,
  0xb1, 0x13, 0x88, 0x3e, 0x31, 0x50, 0x06, 0x00, 0x30, 0x12, 0xa7, 0xd7,
  0xb1, 0x13, 0x88, 0x3e, 0x21, 0x53, 0xb2, 0x90, 0x03, 0x00, 0x6c, 0x11,
  0x04, 0x38, 0x3f, 0x40, 0xd6, 0x27, 0xb0, 0x13, 0xe8, 0x60, 0xb2, 0x90,
  0x03, 0x00, 0x6c, 0x11, 0x04, 0x38, 0x3f, 0x40, 0x0a, 0x00, 0xb1, 0x13,
  0x8a, 0x11, 0x1f, 0x43, 0x31, 0x50, 0x14, 0x00, 0x74, 0x16, 0x10, 0x01,
  0x6b, 0x14, 0x0a, 0x4f, 0x0b, 0x4f, 0x0b, 0x5e, 0xcf, 0x93, 0x01, 0x00,
  0x04, 0x20, 0xbb, 0x90, 0x63, 0x04, 0x00, 0x00, 0x1b, 0x24, 0x92, 0x93,
  0x6c, 0x11, 0xc7, 0x38, 0x30, 0x12, 0x31, 0xd6, 0x30, 0x12, 0x35, 0xd6,
  0x30, 0x12, 0x39, 0xd6, 0xb1, 0x13, 0x88, 0x3e, 0x31, 0x50, 0x06, 0x00,
  0x5f, 0x4b, 0x01, 0x00, 0x0f, 0x12, 0x6f, 0x4b, 0x0f, 0x12, 0x5f, 0x4a,
  0x01, 0x00, 0x0f, 0x12, 0x30, 0x12, 0xbd, 0xd7, 0xb1, 0x13, 0x88, 0x3e,
  0x31, 0x52, 0xaf, 0x3c, 0xc2, 0x93, 0x20, 0x25, 0x04, 0x24, 0xdb, 0x92,
  0x21, 0x25, 0x03, 0x00, 0x16, 0x24, 0x92, 0x93, 0x6c, 0x11, 0xa5, 0x38,
  0x30, 0x12, 0x31, 0xd6, 0x30, 0x12, 0x35, 0xd6, 0x30, 0x12, 0x39, 0xd6,
  0xb1, 0x13, 0x88, 0x3e, 0x31, 0x50, 0x06, 0x00, 0x5f, 0x4b, 0x03, 0x00,
  0x0f, 0x12, 0x30, 0x12, 0xfc, 0xd7, 0xb1, 0x13, 0x88, 0x3e, 0x21, 0x52,
  0x92, 0x3c, 0x59, 0x4b, 0x02, 0x00, 0x79, 0xb0, 0x20, 0x00, 0x12, 0x24,
  0x92, 0x93, 0x6c, 0x11, 0x8a, 0x38, 0x30, 0x12, 0x31, 0xd6, 0x30, 0x12,
  0x35, 0xd6, 0x30, 0x12, 0x39, 0xd6, 0xb1, 0x13, 0x88, 0x3e, 0x31, 0x50,
  0x06, 0x00, 0x3f, 0x40, 0x12, 0xd8, 0xb1, 0x13, 0xc4, 0x47, 0x7b, 0x3c,
  0x89, 0x11, 0x09, 0x59, 0x09, 0x43, 0x09, 0x69, 0x1a, 0x4b, 0x04, 0x00,
  0x4f, 0x4a, 0x8f, 0x10, 0x8a, 0x10, 0x4a, 0x4a, 0x0a, 0xdf, 0x7f, 0x40,
  0x0c, 0x00, 0xb0, 0x13, 0xc8, 0x6a, 0x0e, 0x4f, 0x1f, 0x42, 0xca, 0x11,
  0xb0, 0x13, 0xc0, 0x66, 0x05, 0x4f, 0x5c, 0x4b, 0x02, 0x00, 0x5c, 0x0f,
  0x5c, 0x07, 0x06, 0x4c, 0x16, 0xf3, 0x57, 0x43, 0x1a, 0x92, 0x5a, 0x25,
  0x01, 0x28, 0x47, 0x43, 0x09, 0x93, 0x04, 0x24, 0x47, 0x93, 0x04, 0x24,
  0x08, 0x43, 0x03, 0x3c, 0x47, 0x93, 0xfc, 0x27, 0x18, 0x43, 0xb2, 0x90,
  0x03, 0x00, 0x6c, 0x11, 0x0f, 0x38, 0x30, 0x12, 0x31, 0xd6, 0x30, 0x12,
  0xf7, 0xd6, 0x30, 0x12, 0x39, 0xd6, 0xb1, 0x13, 0x88, 0x3e, 0x31, 0x50,
  0x06, 0x00, 0x30, 0x12, 0x21, 0xd8, 0xb1, 0x13, 0x88, 0x3e, 0x21, 0x53,
  0xb2, 0x90, 0x03, 0x00, 0x6c, 0x11, 0x04, 0x38, 0x3f, 0x40, 0xc6, 0x27,
  0xb0, 0x13, 0xe8, 0x60, 0xb2, 0x90, 0x03, 0x00, 0x6c, 0x11, 0x05, 0x38,
  0x30, 0x12, 0x37, 0xd8, 0xb1, 0x13, 0x88, 0x3e, 0x21, 0x53, 0xb2, 0x90,
  0x03, 0x00, 0x6c, 0x11, 0x04, 0x38, 0x3f, 0x40, 0xd6, 0x27, 0xb0, 0x13,
  0xe8, 0x60, 0xb2, 0x90, 0x03, 0x00, 0x6c, 0x11, 0x16, 0x38, 0x1e, 0x42,
  0x5a, 0x25, 0x47, 0x47, 0x19, 0x93, 0x03, 0x20, 0x3f, 0x40, 0xb5, 0xd7,
  0x02, 0x3c, 0x3f, 0x40, 0xba, 0xd7, 0x08, 0x12, 0x06, 0x12, 0x0e, 0x12,
  0x0a, 0x12, 0x07, 0x12, 0x0f, 0x12, 0x30, 0x12, 0x3c, 0xd8, 0xb1, 0x13,
  0x88, 0x3e, 0x31, 0x50, 0x0e, 0x00, 0x08, 0x93, 0x03, 0x24, 0xfb, 0xd0,
  0x40, 0x00, 0x02, 0x00, 0x0c, 0x46, 0x0d, 0x48, 0x0e, 0x4a, 0x0f, 0x45,
  0xb0, 0x13, 0x3c, 0x7e, 0x01, 0x3c, 0x0f, 0x43, 0x65, 0x16, 0x10, 0x01,
  0x2b, 0x14, 0x21, 0x83, 0x5c, 0x43, 0x0d, 0x41, 0x1e, 0x42, 0xb2, 0x27,
  0x3f, 0x40, 0xbe, 0x27, 0xb1, 0x13, 0xf8, 0x3a, 0x0b, 0x4f, 0x0f, 0x93,
  0x43, 0x20, 0x5f, 0x43, 0x4e, 0x3c, 0x7f, 0x90, 0x2b, 0x00, 0x06, 0x24,
  0x4f, 0x93, 0x2d, 0x20, 0xfb, 0x90, 0x63, 0x00, 0x02, 0x00, 0x29, 0x20,
  0xe9, 0x4b, 0x00, 0x00, 0x5a, 0x4b, 0x01, 0x00, 0x1a, 0x53, 0x5a, 0x0a,
  0x0f, 0x4a, 0x3f, 0xe3, 0x1f, 0x53, 0xb1, 0x13, 0xae, 0x3a, 0x4f, 0x93,
  0x02, 0x20, 0x4f, 0x43, 0x36, 0x3c, 0x1e, 0x42, 0xb2, 0x27, 0x3e, 0x50,
  0xd8, 0xff, 0x3f, 0x40, 0xbe, 0x27, 0xb1, 0x13, 0xdc, 0x3a, 0x1d, 0x42,
  0xb2, 0x27, 0x0f, 0x4b, 0x3f, 0x80, 0xbe, 0x27, 0x0f, 0x9d, 0xef, 0x2f,
  0x3d, 0x50, 0xbe, 0x27, 0x0d, 0x8b, 0x0e, 0x4b, 0x0e, 0x5a, 0x0f, 0x4b,
  0xb1, 0x13, 0x34, 0x49, 0xe1, 0x49, 0x00, 0x00, 0x11, 0x3c, 0x1e, 0x42,
  0xb2, 0x27, 0x3e, 0x50, 0xbe, 0x27, 0x4c, 0x43, 0x0d, 0x41, 0x0e, 0x8b,
  0x0f, 0x4b, 0xb1, 0x13, 0xf8, 0x3a, 0x0b, 0x4f, 0x0f, 0x93, 0xbf, 0x27,
  0x09, 0x4f, 0x02, 0x3c, 0x39, 0x40, 0xc4, 0x27, 0x6f, 0x41, 0x7f, 0x90,
  0x06, 0x00, 0xb7, 0x27, 0x7f, 0x90, 0x11, 0x00, 0xb4, 0x27, 0x7f, 0x90,
  0x3a, 0x00, 0xb3, 0x23, 0xb0, 0x3f, 0x21, 0x53, 0x29, 0x16, 0x10, 0x01,
  0x7b, 0x14, 0x31, 0x50, 0xee, 0xff, 0xc2, 0x93, 0x20, 0x25, 0x02, 0x20,
  0x80, 0x00, 0x96, 0x89, 0xb2, 0x90, 0xfe, 0x80, 0xd6, 0x27, 0x02, 0x20,
  0x80, 0x00, 0x96, 0x89, 0xf2, 0x93, 0xd6, 0x27, 0x02, 0x20, 0x80, 0x00,
  0x96, 0x89, 0xb0, 0x13, 0x90, 0x71, 0x0f, 0x93, 0x02, 0x20, 0x80, 0x00,
  0xc0, 0x88, 0xb0, 0x13, 0xa8, 0x84, 0xb2, 0x90, 0x03, 0x00, 0x6c, 0x11,
  0x0f, 0x38, 0x30, 0x12, 0x31, 0xd6, 0x30, 0x12, 0xf7, 0xd6, 0x30, 0x12,
  0x39, 0xd6, 0xb1, 0x13, 0x88, 0x3e, 0x31, 0x50, 0x06, 0x00, 0x30, 0x12,
  0x84, 0xd8, 0xb1, 0x13, 0x88, 0x3e, 0x21, 0x53, 0xb2, 0x90, 0x03, 0x00,
  0x6c, 0x11, 0x04, 0x38, 0x3f, 0x40, 0xd6, 0x27, 0xb0, 0x13, 0xe8, 0x60,
  0xb2, 0x90, 0x03, 0x00, 0x6c, 0x11, 0x04, 0x38, 0x3f, 0x40, 0xb9, 0xd8,
  0xb1, 0x13, 0xc4, 0x47, 0x3f, 0x40, 0xd6, 0x27, 0xb0, 0x13, 0x8a, 0x76,
  0x0f, 0x93, 0x13, 0x20, 0xb2, 0x90, 0x03, 0x00, 0x6c, 0x11, 0x02, 0x34,
  0x80, 0x00, 0x96, 0x89, 0x30, 0x12, 0x31, 0xd6, 0x30, 0x12, 0xf7, 0xd6,
  0x30, 0x12, 0x39, 0xd6, 0xb1, 0x13, 0x88, 0x3e, 0x31, 0x50, 0x06, 0x00,
  0x3f, 0x40, 0xbb, 0xd8, 0x1a, 0x3c, 0x3e, 0x40, 0xd6, 0x27, 0x0f, 0x43,
  0xb1, 0x13, 0x3c, 0x29, 0x0a, 0x4f, 0x0f, 0x93, 0x16, 0x20, 0xb2, 0x90,
  0x03, 0x00, 0x6c, 0x11, 0x02, 0x34, 0x80, 0x00, 0x96, 0x89, 0x30, 0x12,
  0x31, 0xd6, 0x30, 0x12, 0xf7, 0xd6, 0x30, 0x12, 0x39, 0xd6, 0xb1, 0x13,
  0x88, 0x3e, 0x31, 0x50, 0x06, 0x00, 0x3f, 0x40, 0xee, 0xd8, 0xb1, 0x13,
  0xc4, 0x47, 0x80, 0x00, 0x96, 0x89, 0x3e, 0x40, 0x30, 0x25, 0x0f, 0x43,
  0xb1, 0x13, 0x3c, 0x29, 0x06, 0x4f, 0x0f, 0x93, 0x13, 0x20, 0x92, 0x93,
  0x6c, 0x11, 0x02, 0x34, 0x80, 0x00, 0x8c, 0x89, 0x30, 0x12, 0x31, 0xd6,
  0x30, 0x12, 0x35, 0xd6, 0x30, 0x12, 0x39, 0xd6, 0xb1, 0x13, 0x88, 0x3e,
  0x31, 0x50, 0x06, 0x00, 0x3f, 0x40, 0x15, 0xd9, 0x80, 0x00, 0x24, 0x89,
  0x3e, 0x40, 0xd6, 0x27, 0x0f, 0x43, 0xb1, 0x13, 0x78, 0x29, 0x0f, 0x93,
  0x13, 0x20, 0x92, 0x93, 0x6c, 0x11, 0x02, 0x34, 0x80, 0x00, 0x8c, 0x89,
  0x30, 0x12, 0x31, 0xd6, 0x30, 0x12, 0x35, 0xd6, 0x30, 0x12, 0x39, 0xd6,
  0xb1, 0x13, 0x88, 0x3e, 0x31, 0x50, 0x06, 0x00, 0x3f, 0x40, 0x2d, 0xd9,
  0x80, 0x00, 0x24, 0x89, 0x1b, 0x4a, 0x10, 0x00, 0x79, 0x40, 0x0f, 0x00,
  0x47, 0x43, 0x38, 0x40, 0xa8, 0xc9, 0x38, 0x3c, 0x0e, 0x4b, 0x0f, 0x41,
  0x68, 0x13, 0x4f, 0x49, 0x0d, 0x43, 0x0e, 0x41, 0x0e, 0x5d, 0xed, 0x9e,
  0xd6, 0x27, 0x03, 0x24, 0x0f, 0x9d, 0x06, 0x34, 0x06, 0x3c, 0x1d, 0x53,
  0x3d, 0x90, 0x10, 0x00, 0xf4, 0x23, 0x01, 0x3c, 0x49, 0x4d, 0xb2, 0x90,
  0x03, 0x00, 0x6c, 0x11, 0x0f, 0x38, 0x30, 0x12, 0x31, 0xd6, 0x30, 0x12,
  0xf7, 0xd6, 0x30, 0x12, 0x39, 0xd6, 0xb1, 0x13, 0x88, 0x3e, 0x31, 0x50,
  0x06, 0x00, 0x30, 0x12, 0x4e, 0xd9, 0xb1, 0x13, 0x88, 0x3e, 0x21, 0x53,
  0xb2, 0x90, 0x03, 0x00, 0x6c, 0x11, 0x03, 0x38, 0x0f, 0x41, 0xb0, 0x13,
  0xe8, 0x60, 0xb2, 0x90, 0x03, 0x00, 0x6c, 0x11, 0x04, 0x38, 0x3f, 0x40,
  0x0a, 0x00, 0xb1, 0x13, 0x8a, 0x11, 0x1b, 0x4b, 0x10, 0x00, 0x57, 0x53,
  0x0b, 0x93, 0x1b, 0x20, 0x4e, 0x47, 0x44, 0x49, 0x35, 0x40, 0x10, 0x00,
  0x05, 0x84, 0x7b, 0x40, 0x18, 0x00, 0x4b, 0x89, 0x0f, 0x4e, 0x3f, 0x53,
  0x02, 0x12, 0x32, 0xc2, 0x03, 0x43, 0xc2, 0x45, 0x32, 0x01, 0xc2, 0x4f,
  0x38, 0x01, 0x5f, 0x42, 0x3a, 0x01, 0x32, 0x41, 0x4b, 0x5f, 0x4f, 0x4b,
  0x7f, 0xf0, 0x07, 0x00, 0x05, 0x20, 0x48, 0x43, 0x05, 0x3c, 0x0b, 0x96,
  0xa9, 0x23, 0xe2, 0x3f, 0x78, 0x42, 0x48, 0x8f, 0x4b, 0x58, 0xb2, 0x90,
  0x03, 0x00, 0x6c, 0x11, 0x1b, 0x38, 0x30, 0x12, 0x31, 0xd6, 0x30, 0x12,
  0xf7, 0xd6, 0x30, 0x12, 0x39, 0xd6, 0x81, 0x4e, 0x16, 0x00, 0xb1, 0x13,
  0x88, 0x3e, 0x31, 0x50, 0x06, 0x00, 0x4f, 0x48, 0x0f, 0x12, 0x4f, 0x4b,
  0x0f, 0x12, 0x04, 0x12, 0x04, 0x12, 0x1e, 0x41, 0x18, 0x00, 0x0e, 0x12,
  0x30, 0x12, 0x57, 0xd9, 0xb1, 0x13, 0x88, 0x3e, 0x31, 0x50, 0x0c, 0x00,
  0x1d, 0x42, 0xb2, 0x27, 0x4b, 0x4b, 0x0f, 0x4b, 0x0f, 0x5d, 0x3f, 0x90,
  0x01, 0x05, 0x14, 0x28, 0x92, 0x93, 0x6c, 0x11, 0xdb, 0x38, 0x30, 0x12,
  0x31, 0xd6, 0x30, 0x12, 0x35, 0xd6, 0x30, 0x12, 0x39, 0xd6, 0xb1, 0x13,
  0x88, 0x3e, 0x31, 0x50, 0x06, 0x00, 0x0b, 0x12, 0x30, 0x12, 0x98, 0xd9,
  0xb1, 0x13, 0x88, 0x3e, 0x21, 0x52, 0xca, 0x3c, 0x1f, 0x42, 0x22, 0x24,
  0x3f, 0x50, 0x28, 0x00, 0x04, 0x4f, 0x34, 0x50, 0xbe, 0x27, 0x0f, 0x5b,
  0x3d, 0x50, 0xd8, 0xff, 0x0e, 0x44, 0x3f, 0x50, 0xbe, 0x27, 0xb1, 0x13,
  0x34, 0x49, 0x0d, 0x4b, 0x0e, 0x43, 0x0f, 0x44, 0xb1, 0x13, 0x1c, 0x4a,
  0xd2, 0x42, 0xc4, 0x27, 0xe6, 0x27, 0xf2, 0x40, 0x2b, 0x00, 0xc4, 0x27,
  0x0f, 0x4b, 0x3f, 0x82, 0x0f, 0x93, 0x02, 0x34, 0x0f, 0x4b, 0x3f, 0x53,
  0x5f, 0x09, 0xc2, 0x4f, 0xe7, 0x27, 0xf2, 0x40, 0x03, 0x00, 0xe8, 0x27,
  0xc2, 0x47, 0xe9, 0x27, 0x4f, 0x49, 0x5f, 0x0e, 0x4e, 0x49, 0x4e, 0x5f,
  0xc2, 0x4e, 0xea, 0x27, 0x4f, 0x48, 0x5f, 0x0e, 0xc2, 0x4f, 0xeb, 0x27,
  0x48, 0x48, 0x0f, 0x4b, 0x0f, 0x88, 0x08, 0x4f, 0x38, 0x50, 0xe6, 0x27,
  0x37, 0x40, 0xa8, 0xc9, 0x49, 0x49, 0x09, 0x51, 0x0d, 0x3c, 0x0e, 0x4a,
  0x0f, 0x41, 0x67, 0x13, 0x08, 0x85, 0x0d, 0x45, 0x0e, 0x49, 0x0f, 0x48,
  0xb1, 0x13, 0x4c, 0x48, 0x1a, 0x4a, 0x10, 0x00, 0x0a, 0x93, 0x03, 0x24,
  0x8a, 0x96, 0x10, 0x00, 0xf0, 0x23, 0x0e, 0x4a, 0x0f, 0x41, 0x80, 0x13,
  0xa8, 0xc9, 0x3d, 0x40, 0x10, 0x00, 0x0e, 0x41, 0x3f, 0x40, 0xd6, 0x27,
  0xb1, 0x13, 0x4c, 0x48, 0x0f, 0x4b, 0xb1, 0x13, 0xae, 0x3a, 0x1e, 0x42,
  0xb2, 0x27, 0x3e, 0x50, 0xd8, 0xff, 0x3f, 0x40, 0xbe, 0x27, 0xb1, 0x13,
  0xdc, 0x3a, 0x6b, 0x3c, 0x3f, 0x40, 0xc6, 0x27, 0xb1, 0x13, 0xbc, 0x19,
  0x0f, 0x93, 0x62, 0x24, 0xd2, 0x92, 0x3e, 0x26, 0xc5, 0x27, 0x5e, 0x20,
  0xb2, 0x90, 0x03, 0x00, 0x6c, 0x11, 0x0e, 0x38, 0x30, 0x12, 0x31, 0xd6,
  0x30, 0x12, 0xf7, 0xd6, 0x30, 0x12, 0x39, 0xd6, 0xb1, 0x13, 0x88, 0x3e,
  0x31, 0x50, 0x06, 0x00, 0x3f, 0x40, 0xdd, 0xd9, 0xb1, 0x13, 0xc4, 0x47,
  0x1d, 0x42, 0xb2, 0x27, 0x0f, 0x4d, 0x3f, 0x52, 0x3f, 0x90, 0x01, 0x05,
  0x12, 0x28, 0x92, 0x93, 0x6c, 0x11, 0x40, 0x38, 0x30, 0x12, 0x31, 0xd6,
  0x30, 0x12, 0x35, 0xd6, 0x30, 0x12, 0x39, 0xd6, 0xb1, 0x13, 0x88, 0x3e,
  0x31, 0x50, 0x06, 0x00, 0x3f, 0x40, 0xf8, 0xd9, 0xb1, 0x13, 0xc4, 0x47,
  0x31, 0x3c, 0x3d, 0x50, 0xd8, 0xff, 0x3e, 0x40, 0xe6, 0x27, 0x0f, 0x4e,
  0x3f, 0x52, 0xb1, 0x13, 0x34, 0x49, 0x3d, 0x42, 0x0e, 0x43, 0x3f, 0x40,
  0xe6, 0x27, 0xb1, 0x13, 0x1c, 0x4a, 0xd2, 0x42, 0xc4, 0x27, 0xe6, 0x27,
  0xc2, 0x43, 0xc4, 0x27, 0xf2, 0x40, 0x63, 0x00, 0xe8, 0x27, 0xe2, 0x42,
  0xe9, 0x27, 0x1e, 0x42, 0x5a, 0x25, 0x0f, 0x4e, 0x8f, 0x10, 0x4f, 0x4f,
  0x4e, 0x4e, 0x8e, 0x10, 0x0e, 0xdf, 0x82, 0x4e, 0xec, 0x27, 0xd2, 0x42,
  0x21, 0x25, 0xeb, 0x27, 0x3f, 0x42, 0xb1, 0x13, 0xae, 0x3a, 0x1e, 0x42,
  0xb2, 0x27, 0x3e, 0x50, 0xd8, 0xff, 0x3f, 0x40, 0xbe, 0x27, 0xb1, 0x13,
  0xdc, 0x3a, 0x02, 0x3c, 0x0f, 0x43, 0x04, 0x3c, 0xb0, 0x13, 0x70, 0x7f,
  0x01, 0x3c, 0x1f, 0x43, 0x31, 0x50, 0x12, 0x00, 0x74, 0x16, 0x10, 0x01,
  0x2b, 0x14, 0x0b, 0x4f, 0x0b, 0x5e, 0x5c, 0x4b, 0x03, 0x00, 0x0d, 0x43,
  0x0a, 0x4b, 0x79, 0x4a, 0x0e, 0x43, 0x0f, 0x43, 0x0f, 0x49, 0x8f, 0x10,
  0x0e, 0xdc, 0x0f, 0xdd, 0x0c, 0x43, 0x0d, 0x43, 0x6d, 0x4a, 0x0e, 0xdc,
  0x0f, 0xdd, 0x5c, 0x4b, 0x02, 0x00, 0x0d, 0x43, 0x4d, 0xec, 0x0d, 0xec,
  0x8d, 0x10, 0x4c, 0x4c, 0x8c, 0x10, 0x0e, 0xdc, 0x0f, 0xdd, 0x29, 0x16,
  0x10, 0x01, 0x0b, 0x14, 0x0f, 0x5e, 0x0e, 0x4d, 0x8e, 0x10, 0xcf, 0x4e,
  0x00, 0x00, 0xcf, 0x4d, 0x01, 0x00, 0x0b, 0x4f, 0x2b, 0x53, 0x0e, 0x4c,
  0x8e, 0x10, 0x8d, 0x10, 0x4e, 0xed, 0x0e, 0xed, 0xcb, 0x4e, 0x00, 0x00,
  0xcf, 0x4c, 0x03, 0x00, 0x0b, 0x16, 0x10, 0x01, 0x0e, 0x5f, 0x5d, 0x4e,
  0x01, 0x00, 0x6f, 0x4e, 0x8f, 0x10, 0x0f, 0xdd, 0x10, 0x01, 0x0f, 0x5e,
  0x0e, 0x4d, 0x8e, 0x10, 0xcf, 0x4e, 0x00, 0x00, 0xcf, 0x4d, 0x01, 0x00,
  0x10, 0x01, 0x1b, 0x14, 0x1e, 0x42, 0x22, 0x24, 0x3e, 0x50, 0x2c, 0x00,
  0x0f, 0x4e, 0x3f, 0x50, 0xbe, 0x27, 0x5e, 0x4e, 0xbe, 0x27, 0x5a, 0x4f,
  0x02, 0x00, 0x5b, 0x4f, 0x03, 0x00, 0xc2, 0x93, 0x20, 0x25, 0x03, 0x24,
  0x5e, 0x92, 0x21, 0x25, 0x12, 0x24, 0x92, 0x93, 0x6c, 0x11, 0x47, 0x38,
  0x30, 0x12, 0x36, 0xda, 0x30, 0x12, 0x3a, 0xda, 0x30, 0x12, 0x3e, 0xda,
  0xb1, 0x13, 0x88, 0x3e, 0x31, 0x50, 0x06, 0x00, 0x3f, 0x40, 0x4d, 0xda,
  0xb1, 0x13, 0xc4, 0x47, 0x38, 0x3c, 0xb2, 0x90, 0x03, 0x00, 0x6c, 0x11,
  0x20, 0x38, 0x30, 0x12, 0x36, 0xda, 0x30, 0x12, 0x76, 0xda, 0x30, 0x12,
  0x3e, 0xda, 0xb1, 0x13, 0x88, 0x3e, 0x31, 0x50, 0x06, 0x00, 0x4c, 0x4b,
  0x5e, 0x42, 0x68, 0x25, 0x4d, 0x4a, 0x4b, 0x93, 0x03, 0x38, 0x3f, 0x40,
  0x2d, 0xda, 0x02, 0x3c, 0x3f, 0x40, 0x31, 0xda, 0x0c, 0x12, 0x0e, 0x12,
  0x0e, 0x12, 0x0d, 0x12, 0x0f, 0x12, 0x30, 0x12, 0x7b, 0xda, 0xb1, 0x13,
  0x88, 0x3e, 0x31, 0x50, 0x0c, 0x00, 0xb2, 0x90, 0x03, 0x00, 0x6c, 0x11,
  0x04, 0x38, 0x3f, 0x40, 0xc6, 0x27, 0xb0, 0x13, 0xe8, 0x60, 0xb2, 0x90,
  0x03, 0x00, 0x6c, 0x11, 0x04, 0x38, 0x3f, 0x40, 0x0a, 0x00, 0xb1, 0x13,
  0x8a, 0x11, 0x4e, 0x4b, 0x4f, 0x4a, 0xb0, 0x13, 0xbc, 0x7d, 0xb1, 0x13,
  0x0e, 0x3c, 0x1a, 0x16, 0x10, 0x01, 0x4b, 0x14, 0x31, 0x50, 0xca, 0xff,
  0x3d, 0x40, 0x26, 0x00, 0x0e, 0x43, 0x0f, 0x41, 0xb1, 0x13, 0x1c, 0x4a,
  0x1b, 0x42, 0x22, 0x24, 0x0a, 0x4b, 0x3a, 0x50, 0x2c, 0x00, 0x5f, 0x4a,
  0xbe, 0x27, 0xc1, 0x4f, 0x22, 0x00, 0xc2, 0x93, 0x20, 0x25, 0x03, 0x24,
  0x5f, 0x92, 0x21, 0x25, 0x18, 0x24, 0x92, 0x93, 0x6c, 0x11, 0x02, 0x34,
  0x80, 0x00, 0x26, 0x8d, 0x30, 0x12, 0x36, 0xda, 0x30, 0x12, 0x3a, 0xda,
  0x30, 0x12, 0x3e, 0xda, 0xb1, 0x13, 0x88, 0x3e, 0x31, 0x50, 0x06, 0x00,
  0x5f, 0x41, 0x22, 0x00, 0x0f, 0x12, 0x30, 0x12, 0xc1, 0xda, 0xb1, 0x13,
  0x88, 0x3e, 0x21, 0x52, 0xee, 0x3c, 0x3d, 0x40, 0x10, 0x00, 0x3e, 0x40,
  0xc6, 0x27, 0x0f, 0x41, 0x3f, 0x50, 0x26, 0x00, 0xb1, 0x13, 0x4c, 0x48,
  0x3d, 0x40, 0x10, 0x00, 0x0e, 0x43, 0x0f, 0x41, 0xb1, 0x13, 0x1c, 0x4a,
  0x3a, 0x50, 0xbe, 0x27, 0x59, 0x42, 0xb2, 0x27, 0x79, 0x50, 0xd4, 0xff,
  0x49, 0x8b, 0xd1, 0x42, 0x2c, 0x25, 0x23, 0x00, 0x5f, 0x4a, 0x01, 0x00,
  0xc1, 0x4f, 0x25, 0x00, 0xd1, 0x4a, 0x03, 0x00, 0x20, 0x00, 0xc1, 0x43,
  0x21, 0x00, 0x7f, 0xf0, 0x40, 0x00, 0x0e, 0x24, 0x0b, 0x4a, 0x2b, 0x52,
  0x3d, 0x40, 0x10, 0x00, 0x0e, 0x4b, 0x3f, 0x40, 0x30, 0x25, 0xb1, 0x13,
  0x20, 0x48, 0x0f, 0x93, 0x05, 0x20, 0x3b, 0x40, 0x14, 0x00, 0x5b, 0x3c,
  0x2b, 0x42, 0x59, 0x3c, 0x92, 0x93, 0x6c, 0x11, 0x0f, 0x38, 0x30, 0x12,
  0x36, 0xda, 0x30, 0x12, 0x3a, 0xda, 0x30, 0x12, 0x3e, 0xda, 0xb1, 0x13,
  0x88, 0x3e, 0x31, 0x50, 0x06, 0x00, 0x30, 0x12, 0xee, 0xda, 0xb1, 0x13,
  0x88, 0x3e, 0x21, 0x53, 0x92, 0x93, 0x6c, 0x11, 0x03, 0x38, 0x0f, 0x4b,
  0xb0, 0x13, 0xe8, 0x60, 0x92, 0x93, 0x6c, 0x11, 0x9e, 0x38, 0x3f, 0x40,
  0x0b, 0xdb, 0xb1, 0x13, 0xc4, 0x47, 0x99, 0x3c, 0x0f, 0x4a, 0x0f, 0x5b,
  0x6e, 0x4f, 0x4e, 0x93, 0x31, 0x24, 0x59, 0x4f, 0x01, 0x00, 0x29, 0x53,
  0x7e, 0x90, 0x05, 0x00, 0x04, 0x24, 0x7e, 0x90, 0x06, 0x00, 0x29, 0x20,
  0x17, 0x3c, 0x58, 0x4f, 0x03, 0x00, 0xc1, 0x48, 0x24, 0x00, 0x3d, 0x40,
  0x10, 0x00, 0x0e, 0x43, 0x0f, 0x41, 0x3f, 0x50, 0x10, 0x00, 0xb1, 0x13,
  0x1c, 0x4a, 0x4d, 0x48, 0x3d, 0x50, 0x07, 0x00, 0x0e, 0x4b, 0x2e, 0x52,
  0x5d, 0x0b, 0x0e, 0x5a, 0x0f, 0x41, 0x3f, 0x50, 0x10, 0x00, 0x0d, 0x3c,
  0xd1, 0x4f, 0x05, 0x00, 0x23, 0x00, 0x39, 0x90, 0x14, 0x00, 0x0b, 0x38,
  0x0e, 0x4b, 0x3e, 0x50, 0x06, 0x00, 0x3d, 0x40, 0x10, 0x00, 0x0e, 0x5a,
  0x0f, 0x41, 0xb1, 0x13, 0x4c, 0x48, 0x01, 0x3c, 0x19, 0x43, 0x0b, 0x59,
  0x01, 0x3c, 0x47, 0x49, 0x0b, 0x97, 0xc4, 0x3b, 0xb2, 0x90, 0x03, 0x00,
  0x6c, 0x11, 0x18, 0x38, 0x30, 0x12, 0x36, 0xda, 0x30, 0x12, 0x76, 0xda,
  0x30, 0x12, 0x3e, 0xda, 0xb1, 0x13, 0x88, 0x3e, 0x31, 0x50, 0x06, 0x00,
  0xc1, 0x93, 0x23, 0x00, 0x03, 0x20, 0x3f, 0x40, 0xb7, 0xda, 0x02, 0x3c,
  0x3f, 0x40, 0xc0, 0xda, 0x0f, 0x12, 0x30, 0x12, 0x15, 0xdb, 0xb1, 0x13,
  0x88, 0x3e, 0x21, 0x52, 0xb2, 0x90, 0x03, 0x00, 0x6c, 0x11, 0x04, 0x38,
  0x3f, 0x40, 0xc6, 0x27, 0xb0, 0x13, 0xe8, 0x60, 0xb2, 0x90, 0x03, 0x00,
  0x6c, 0x11, 0x0b, 0x38, 0x5f, 0x41, 0x23, 0x00, 0x0f, 0x12, 0x11, 0x12,
  0x24, 0x00, 0x30, 0x12, 0x2c, 0xdb, 0xb1, 0x13, 0x88, 0x3e, 0x31, 0x50,
  0x06, 0x00, 0xb2, 0x90, 0x03, 0x00, 0x6c, 0x11, 0x05, 0x38, 0x0f, 0x41,
  0x3f, 0x50, 0x10, 0x00, 0xb0, 0x13, 0xe8, 0x60, 0xb2, 0x90, 0x03, 0x00,
  0x6c, 0x11, 0x08, 0x38, 0x5f, 0x41, 0x24, 0x00, 0x0f, 0x12, 0x30, 0x12,
  0x4d, 0xdb, 0xb1, 0x13, 0x88, 0x3e, 0x21, 0x52, 0xb2, 0x90, 0x03, 0x00,
  0x6c, 0x11, 0x03, 0x38, 0x0f, 0x41, 0xb0, 0x13, 0xe8, 0x60, 0xb2, 0x90,
  0x03, 0x00, 0x6c, 0x11, 0x04, 0x38, 0x3f, 0x40, 0x69, 0xdb, 0xb1, 0x13,
  0xc4, 0x47, 0x0e, 0x41, 0x0f, 0x41, 0x3f, 0x50, 0x26, 0x00, 0xb0, 0x13,
  0x32, 0x7d, 0xb1, 0x13, 0x0e, 0x3c, 0x31, 0x50, 0x36, 0x00, 0x47, 0x16,
  0x10, 0x01, 0x5b, 0x14, 0x31, 0x50, 0x98, 0xff, 0x3d, 0x40, 0x58, 0x00,
  0x0e, 0x43, 0x0f, 0x41, 0xb1, 0x13, 0x1c, 0x4a, 0xf1, 0x42, 0x1a, 0x00,
  0xf1, 0x40, 0x0c, 0x00, 0x1b, 0x00, 0xb1, 0x40, 0x80, 0x00, 0x22, 0x00,
  0xb1, 0x40, 0x00, 0x04, 0x20, 0x00, 0x91, 0x43, 0x10, 0x00, 0xf1, 0x40,
  0x1e, 0x00, 0x1d, 0x00, 0xb1, 0x40, 0x3c, 0x00, 0x1e, 0x00, 0x3d, 0x40,
  0x10, 0x00, 0x3e, 0x40, 0xc6, 0x27, 0x0f, 0x41, 0x3f, 0x50, 0x58, 0x00,
  0xb1, 0x13, 0x4c, 0x48, 0x1f, 0x42, 0x22, 0x24, 0x57, 0x42, 0xb2, 0x27,
  0x77, 0x50, 0xd4, 0xff, 0x47, 0x8f, 0x3f, 0x50, 0x2c, 0x00, 0x0b, 0x4f,
  0x3b, 0x50, 0xbe, 0x27, 0xd1, 0x4f, 0xbe, 0x27, 0x18, 0x00, 0xd1, 0x4b,
  0x01, 0x00, 0x17, 0x00, 0x2e, 0x43, 0x0f, 0x4b, 0xb0, 0x13, 0x08, 0x8a,
  0x81, 0x4f, 0x12, 0x00, 0x5f, 0x4b, 0x04, 0x00, 0x4e, 0x4f, 0x7e, 0xf0,
  0x80, 0xff, 0xc1, 0x4e, 0x14, 0x00, 0x0e, 0x4f, 0x3e, 0xf0, 0x38, 0x00,
  0x5e, 0x09, 0xc1, 0x4e, 0x15, 0x00, 0x7f, 0xf0, 0x07, 0x00, 0xc1, 0x4f,
  0x16, 0x00, 0xd1, 0x4b, 0x05, 0x00, 0x19, 0x00, 0x3d, 0x40, 0x10, 0x00,
  0x0e, 0x4b, 0x3e, 0x52, 0x0f, 0x41, 0xb1, 0x13, 0x4c, 0x48, 0x3a, 0x40,
  0x18, 0x00, 0x47, 0x47, 0x80, 0x00, 0xd4, 0x90, 0x0f, 0x4b, 0x0f, 0x5a,
  0x68, 0x4f, 0x48, 0x93, 0x04, 0x24, 0x59, 0x4f, 0x01, 0x00, 0x29, 0x53,
  0x01, 0x3c, 0x19, 0x43, 0x06, 0x49, 0x06, 0x5a, 0x07, 0x96, 0x15, 0x34,
  0x92, 0x93, 0x6c, 0x11, 0x02, 0x34, 0x80, 0x00, 0x7a, 0x91, 0x30, 0x12,
  0x36, 0xda, 0x30, 0x12, 0x3a, 0xda, 0x30, 0x12, 0x3e, 0xda, 0xb1, 0x13,
  0x88, 0x3e, 0x31, 0x50, 0x06, 0x00, 0x3f, 0x40, 0x7d, 0xdb, 0xb1, 0x13,
  0xc4, 0x47, 0x80, 0x00, 0x7a, 0x91, 0x78, 0x90, 0x03, 0x00, 0x7a, 0x24,
  0x68, 0x92, 0x05, 0x2c, 0x68, 0x93, 0x02, 0x24, 0x80, 0x00, 0xae, 0x90,
  0x08, 0x3c, 0x68, 0x92, 0xbf, 0x24, 0x78, 0x92, 0x02, 0x24, 0x80, 0x00,
  0xae, 0x90, 0x80, 0x00, 0x4c, 0x90, 0x39, 0x90, 0x06, 0x00, 0x13, 0x34,
  0xa2, 0x93, 0x6c, 0x11, 0x02, 0x34, 0x80, 0x00, 0x7a, 0x91, 0x30, 0x12,
  0x36, 0xda, 0x30, 0x12, 0xa2, 0xdb, 0x30, 0x12, 0x3e, 0xda, 0xb1, 0x13,
  0x88, 0x3e, 0x31, 0x50, 0x06, 0x00, 0x09, 0x12, 0x30, 0x12, 0xa7, 0xdb,
  0x50, 0x3c, 0x0e, 0x4b, 0x0e, 0x5a, 0x5c, 0x4e, 0x02, 0x00, 0xc1, 0x4c,
  0x50, 0x00, 0x5f, 0x4e, 0x03, 0x00, 0x5f, 0x02, 0x49, 0x4f, 0x0d, 0x4a,
  0x2d, 0x52, 0x0d, 0x5b, 0x6f, 0x4d, 0x4f, 0x5f, 0x0f, 0x43, 0x0f, 0x6f,
  0x49, 0xdf, 0xc1, 0x49, 0x51, 0x00, 0x6f, 0x4d, 0x5f, 0x0f, 0x7f, 0xf0,
  0x03, 0x00, 0xc1, 0x4f, 0x52, 0x00, 0x6d, 0x4d, 0x7d, 0xf0, 0x0f, 0x00,
  0xc1, 0x4d, 0x53, 0x00, 0xd1, 0x4e, 0x05, 0x00, 0x54, 0x00, 0x4c, 0x93,
  0x02, 0x20, 0x80, 0x00, 0xd2, 0x90, 0x7c, 0x90, 0x07, 0x00, 0x0a, 0x20,
  0x0e, 0x4a, 0x3e, 0x50, 0x06, 0x00, 0x0f, 0x4b, 0xb0, 0x13, 0x08, 0x8a,
  0x81, 0x4f, 0x56, 0x00, 0x80, 0x00, 0xd2, 0x90, 0x6c, 0x93, 0x07, 0x20,
  0xd1, 0x4e, 0x06, 0x00, 0x56, 0x00, 0xd1, 0x4e, 0x07, 0x00, 0x57, 0x00,
  0xec, 0x3c, 0xa2, 0x93, 0x6c, 0x11, 0x02, 0x34, 0x80, 0x00, 0x7a, 0x91,
  0x30, 0x12, 0x36, 0xda, 0x30, 0x12, 0xa2, 0xdb, 0x30, 0x12, 0x3e, 0xda,
  0xb1, 0x13, 0x88, 0x3e, 0x31, 0x50, 0x06, 0x00, 0x5f, 0x41, 0x50, 0x00,
  0x0f, 0x12, 0x30, 0x12, 0xd3, 0xdb, 0xb1, 0x13, 0x88, 0x3e, 0x21, 0x52,
  0x80, 0x00, 0x7a, 0x91, 0x39, 0x90, 0x09, 0x00, 0x13, 0x34, 0xa2, 0x93,
  0x6c, 0x11, 0x02, 0x34, 0x80, 0x00, 0x7a, 0x91, 0x30, 0x12, 0x36, 0xda,
  0x30, 0x12, 0xa2, 0xdb, 0x30, 0x12, 0x3e, 0xda, 0xb1, 0x13, 0x88, 0x3e,
  0x31, 0x50, 0x06, 0x00, 0x09, 0x12, 0x30, 0x12, 0x03, 0xdc, 0xe5, 0x3f,
  0x0f, 0x4b, 0x0f, 0x5a, 0x58, 0x4f, 0x02, 0x00, 0xc1, 0x48, 0x38, 0x00,
  0xd1, 0x4f, 0x03, 0x00, 0x39, 0x00, 0x0e, 0x4a, 0x2e, 0x52, 0x0f, 0x4b,
  0xb0, 0x13, 0xa0, 0x89, 0x81, 0x4e, 0x34, 0x00, 0x81, 0x4f, 0x36, 0x00,
  0x4d, 0x48, 0x3d, 0x50, 0x07, 0x00, 0x5d, 0x09, 0x0f, 0x4d, 0x3f, 0x50,
  0x07, 0x00, 0x0f, 0x99, 0x0a, 0x34, 0x78, 0x90, 0x81, 0xff, 0x07, 0x2c,
  0x0e, 0x4a, 0x3e, 0x52, 0x0e, 0x5b, 0x0f, 0x41, 0x3f, 0x50, 0x24, 0x00,
  0x83, 0x3c, 0xa2, 0x93, 0x6c, 0x11, 0x02, 0x34, 0x80, 0x00, 0x7a, 0x91,
  0x30, 0x12, 0x36, 0xda, 0x30, 0x12, 0xa2, 0xdb, 0x30, 0x12, 0x3e, 0xda,
  0xb1, 0x13, 0x88, 0x3e, 0x31, 0x50, 0x06, 0x00, 0x09, 0x12, 0x30, 0x12,
  0x42, 0xdc, 0xad, 0x3f, 0x39, 0x90, 0x10, 0x00, 0x11, 0x24, 0xa2, 0x93,
  0x6c, 0x11, 0xd3, 0x38, 0x30, 0x12, 0x36, 0xda, 0x30, 0x12, 0xa2, 0xdb,
  0x30, 0x12, 0x3e, 0xda, 0xb1, 0x13, 0x88, 0x3e, 0x31, 0x50, 0x06, 0x00,
  0x09, 0x12, 0x30, 0x12, 0x79, 0xdc, 0x99, 0x3f, 0x09, 0x4b, 0x09, 0x5a,
  0xd1, 0x49, 0x03, 0x00, 0x1a, 0x00, 0xd1, 0x49, 0x04, 0x00, 0x1b, 0x00,
  0xd1, 0x49, 0x05, 0x00, 0x1c, 0x00, 0x0e, 0x4a, 0x3e, 0x50, 0x06, 0x00,
  0x0f, 0x4b, 0xb0, 0x13, 0x08, 0x8a, 0x81, 0x4f, 0x20, 0x00, 0x0e, 0x4a,
  0x3e, 0x52, 0x0f, 0x4b, 0xb0, 0x13, 0x08, 0x8a, 0x81, 0x4f, 0x22, 0x00,
  0x0e, 0x4a, 0x3e, 0x50, 0x0a, 0x00, 0x0f, 0x4b, 0xb0, 0x13, 0x08, 0x8a,
  0x81, 0x4f, 0x10, 0x00, 0xd1, 0x49, 0x0d, 0x00, 0x1d, 0x00, 0x0e, 0x4a,
  0x3e, 0x50, 0x0e, 0x00, 0x0f, 0x4b, 0xb0, 0x13, 0x08, 0x8a, 0x81, 0x4f,
  0x1e, 0x00, 0x43, 0x3c, 0x39, 0x90, 0x20, 0x00, 0x11, 0x24, 0xa2, 0x93,
  0x6c, 0x11, 0x91, 0x38, 0x30, 0x12, 0x36, 0xda, 0x30, 0x12, 0xa2, 0xdb,
  0x30, 0x12, 0x3e, 0xda, 0xb1, 0x13, 0x88, 0x3e, 0x31, 0x50, 0x06, 0x00,
  0x09, 0x12, 0x30, 0x12, 0xb7, 0xdc, 0x57, 0x3f, 0x0f, 0x4b, 0x0f, 0x5a,
  0xd1, 0x4f, 0x02, 0x00, 0x4e, 0x00, 0xd1, 0x4f, 0x03, 0x00, 0x4f, 0x00,
  0x0e, 0x4a, 0x3e, 0x52, 0x0f, 0x4b, 0xb0, 0x13, 0xa0, 0x89, 0x81, 0x4e,
  0x4a, 0x00, 0x81, 0x4f, 0x4c, 0x00, 0x0e, 0x4a, 0x3e, 0x50, 0x10, 0x00,
  0x3d, 0x40, 0x10, 0x00, 0x0e, 0x5b, 0x0f, 0x41, 0x3f, 0x50, 0x3a, 0x00,
  0xb1, 0x13, 0x4c, 0x48, 0x12, 0x3c, 0xa2, 0x93, 0x6c, 0x11, 0x63, 0x38,
  0x30, 0x12, 0x36, 0xda, 0x30, 0x12, 0xa2, 0xdb, 0x30, 0x12, 0x3e, 0xda,
  0xb1, 0x13, 0x88, 0x3e, 0x31, 0x50, 0x06, 0x00, 0x48, 0x48, 0x08, 0x12,
  0x30, 0x12, 0xec, 0xdc, 0x28, 0x3f, 0x0a, 0x46, 0x0a, 0x97, 0x02, 0x34,
  0x80, 0x00, 0xec, 0x8d, 0xb2, 0x90, 0x03, 0x00, 0x6c, 0x11, 0x18, 0x38,
  0x30, 0x12, 0x36, 0xda, 0x30, 0x12, 0x76, 0xda, 0x30, 0x12, 0x3e, 0xda,
  0xb1, 0x13, 0x88, 0x3e, 0x31, 0x50, 0x06, 0x00, 0xf2, 0x93, 0xd6, 0x27,
  0x03, 0x20, 0x3f, 0x40, 0x6b, 0xdb, 0x02, 0x3c, 0x3f, 0x40, 0x75, 0xdb,
  0x0f, 0x12, 0x30, 0x12, 0x27, 0xdd, 0xb1, 0x13, 0x88, 0x3e, 0x21, 0x52,
  0xb2, 0x90, 0x03, 0x00, 0x6c, 0x11, 0x05, 0x38, 0x0f, 0x41, 0x3f, 0x50,
  0x58, 0x00, 0xb0, 0x13, 0xe8, 0x60, 0xb2, 0x90, 0x03, 0x00, 0x6c, 0x11,
  0x08, 0x38, 0x5f, 0x41, 0x18, 0x00, 0x0f, 0x12, 0x30, 0x12, 0x3f, 0xdd,
  0xb1, 0x13, 0x88, 0x3e, 0x21, 0x52, 0xb2, 0x90, 0x03, 0x00, 0x6c, 0x11,
  0x03, 0x38, 0x0f, 0x41, 0xb0, 0x13, 0xe8, 0x60, 0xb2, 0x90, 0x03, 0x00,
  0x6c, 0x11, 0x0d, 0x38, 0x11, 0x12, 0x14, 0x00, 0x5f, 0x41, 0x1b, 0x00,
  0x0f, 0x12, 0x5f, 0x41, 0x1b, 0x00, 0x0f, 0x12, 0x30, 0x12, 0x59, 0xdd,
  0xb1, 0x13, 0x88, 0x3e, 0x31, 0x52, 0x0e, 0x41, 0x0f, 0x41, 0x3f, 0x50,
  0x58, 0x00, 0xb0, 0x13, 0xa0, 0x79, 0xb1, 0x13, 0x0e, 0x3c, 0x31, 0x50,
  0x68, 0x00, 0x56, 0x16, 0x10, 0x01, 0xc2, 0x93, 0x20, 0x25, 0x12, 0x20,
  0xa2, 0x93, 0x6c, 0x11, 0x3b, 0x38, 0x30, 0x12, 0x36, 0xda, 0x30, 0x12,
  0xa2, 0xdb, 0x30, 0x12, 0x3e, 0xda, 0xb1, 0x13, 0x88, 0x3e, 0x31, 0x50,
  0x06, 0x00, 0x3f, 0x40, 0x79, 0xdd, 0xb1, 0x13, 0xc4, 0x47, 0x2c, 0x3c,
  0xb2, 0x90, 0x03, 0x00, 0x6c, 0x11, 0x0f, 0x38, 0x30, 0x12, 0x36, 0xda,
  0x30, 0x12, 0x76, 0xda, 0x30, 0x12, 0x3e, 0xda, 0xb1, 0x13, 0x88, 0x3e,
  0x31, 0x50, 0x06, 0x00, 0x30, 0x12, 0xa4, 0xdd, 0xb1, 0x13, 0x88, 0x3e,
  0x21, 0x53, 0xb2, 0x90, 0x03, 0x00, 0x6c, 0x11, 0x04, 0x38, 0x3f, 0x40,
  0xc6, 0x27, 0xb0, 0x13, 0xe8, 0x60, 0xb2, 0x90, 0x03, 0x00, 0x6c, 0x11,
  0x04, 0x38, 0x3f, 0x40, 0x0a, 0x00, 0xb1, 0x13, 0x8a, 0x11, 0x1e, 0x43,
  0xf2, 0x93, 0xd6, 0x27, 0x01, 0x24, 0x0e, 0x43, 0x3f, 0x40, 0xc6, 0x27,
  0xb0, 0x13, 0xe4, 0x7c, 0xb1, 0x13, 0x0e, 0x3c, 0x10, 0x01, 0x3b, 0x14,
  0x0a, 0x4f, 0x09, 0x4e, 0x08, 0x4d, 0xb1, 0x13, 0x64, 0x13, 0x0b, 0x4f,
  0x0f, 0x93, 0x40, 0x20, 0x7f, 0x40, 0x0c, 0x00, 0xb0, 0x13, 0xc8, 0x6a,
  0x08, 0x12, 0x09, 0x12, 0x5c, 0x43, 0x4d, 0x43, 0x0e, 0x4f, 0x0f, 0x4a,
  0xb1, 0x13, 0x3c, 0x12, 0x21, 0x52, 0x0b, 0x4f, 0x0f, 0x93, 0x30, 0x20,
  0x92, 0x93, 0x6c, 0x11, 0x0f, 0x38, 0x30, 0x12, 0x36, 0xda, 0x30, 0x12,
  0x3a, 0xda, 0x30, 0x12, 0x3e, 0xda, 0xb1, 0x13, 0x88, 0x3e, 0x31, 0x50,
  0x06, 0x00, 0x30, 0x12, 0xb9, 0xdd, 0xb1, 0x13, 0x88, 0x3e, 0x21, 0x53,
  0x92, 0x93, 0x6c, 0x11, 0x03, 0x38, 0x0f, 0x4a, 0xb0, 0x13, 0xe8, 0x60,
  0x92, 0x93, 0x6c, 0x11, 0x05, 0x38, 0x30, 0x12, 0xda, 0xdd, 0xb1, 0x13,
  0x88, 0x3e, 0x21, 0x53, 0x92, 0x93, 0x6c, 0x11, 0x06, 0x38, 0x7f, 0x40,
  0x0c, 0x00, 0xb0, 0x13, 0xc8, 0x6a, 0xb0, 0x13, 0x1a, 0x61, 0x92, 0x93,
  0x6c, 0x11, 0x04, 0x38, 0x3f, 0x40, 0x0a, 0x00, 0xb1, 0x13, 0x8a, 0x11,
  0x0f, 0x4b, 0x38, 0x16, 0x10, 0x01, 0x0b, 0x14, 0x0b, 0x4f, 0xb0, 0x13,
  0x9c, 0x77, 0x1f, 0x42, 0x22, 0x24, 0xcf, 0x43, 0xeb, 0x27, 0x3f, 0x50,
  0x2c, 0x00, 0xcf, 0x43, 0xbe, 0x27, 0x0b, 0x93, 0x02, 0x20, 0x3b, 0x40,
  0x22, 0x26, 0xb2, 0x90, 0x03, 0x00, 0x6c, 0x11, 0x0f, 0x38, 0x30, 0x12,
  0x36, 0xda, 0x30, 0x12, 0x76, 0xda, 0x30, 0x12, 0x3e, 0xda, 0xb1, 0x13,
  0x88, 0x3e, 0x31, 0x50, 0x06, 0x00, 0x30, 0x12, 0xdd, 0xdd, 0xb1, 0x13,
  0x88, 0x3e, 0x21, 0x53, 0xb2, 0x90, 0x03, 0x00, 0x6c, 0x11, 0x03, 0x38,
  0x0f, 0x4b, 0xb0, 0x13, 0xe8, 0x60, 0xb2, 0x90, 0x03, 0x00, 0x6c, 0x11,
  0x04, 0x38, 0x3f, 0x40, 0x0a, 0x00, 0xb1, 0x13, 0x8a, 0x11, 0x2c, 0x43,
  0x0d, 0x43, 0x3e, 0x40, 0x9b, 0x00, 0x0f, 0x4b, 0xb1, 0x13, 0xd6, 0x23,
  0x0b, 0x16, 0x10, 0x01, 0x4b, 0x14, 0x08, 0x4f, 0xb0, 0x13, 0x9c, 0x77,
  0xb0, 0x13, 0x50, 0xa7, 0x4f, 0x93, 0x04, 0x24, 0x08, 0x93, 0x02, 0x20,
  0x80, 0x00, 0xba, 0x95, 0x1f, 0x42, 0x22, 0x24, 0x3f, 0x50, 0x2c, 0x00,
  0x0b, 0x4f, 0x3b, 0x50, 0xbe, 0x27, 0xdf, 0x42, 0x21, 0x25, 0xbe, 0x27,
  0xdb, 0x42, 0x62, 0x25, 0x01, 0x00, 0xb0, 0x13, 0x50, 0xa7, 0x4f, 0x93,
  0x05, 0x24, 0xfb, 0x43, 0x02, 0x00, 0xfb, 0x43, 0x03, 0x00, 0x06, 0x3c,
  0x1d, 0x42, 0x5a, 0x25, 0x2e, 0x43, 0x0f, 0x4b, 0xb0, 0x13, 0x16, 0x8a,
  0xcb, 0x43, 0x04, 0x00, 0xc2, 0x93, 0x63, 0x25, 0x03, 0x24, 0xfb, 0x40,
  0x80, 0xff, 0x04, 0x00, 0x5f, 0x42, 0x22, 0x25, 0x5f, 0x0a, 0x5f, 0xdb,
  0x04, 0x00, 0x5e, 0x42, 0x64, 0x25, 0x7e, 0xf0, 0x07, 0x00, 0x4f, 0xde,
  0xcb, 0x4f, 0x04, 0x00, 0xdb, 0x42, 0x23, 0x25, 0x05, 0x00, 0xcb, 0x43,
  0x06, 0x00, 0xcb, 0x43, 0x07, 0x00, 0x3d, 0x40, 0x10, 0x00, 0x3e, 0x40,
  0x30, 0x25, 0x0f, 0x4b, 0x3f, 0x52, 0xb1, 0x13, 0x4c, 0x48, 0xb0, 0x13,
  0x50, 0xa7, 0x4f, 0x93, 0x4c, 0x20, 0x5e, 0x42, 0x16, 0x25, 0x4e, 0x93,
  0x48, 0x24, 0xeb, 0x43, 0x18, 0x00, 0xfb, 0x40, 0x06, 0x00, 0x19, 0x00,
  0xcb, 0x4e, 0x1a, 0x00, 0x5f, 0x42, 0x17, 0x25, 0x4d, 0x4f, 0x5d, 0x03,
  0xcb, 0x4d, 0x1b, 0x00, 0x4f, 0x4f, 0x5f, 0x0e, 0x5f, 0x0a, 0x5d, 0x42,
  0x18, 0x25, 0x5d, 0x0e, 0x4f, 0xdd, 0x5f, 0xd2, 0x19, 0x25, 0xcb, 0x4f,
  0x1c, 0x00, 0x7e, 0x90, 0x07, 0x00, 0x0a, 0x20, 0xeb, 0x43, 0x1d, 0x00,
  0x1d, 0x42, 0x1c, 0x25, 0x3e, 0x40, 0x1e, 0x00, 0x0f, 0x4b, 0xb0, 0x13,
  0x16, 0x8a, 0x0a, 0x3c, 0x6e, 0x93, 0x0b, 0x20, 0xeb, 0x43, 0x1d, 0x00,
  0xdb, 0x42, 0x1c, 0x25, 0x1e, 0x00, 0xdb, 0x42, 0x1d, 0x25, 0x1f, 0x00,
  0x3a, 0x40, 0x20, 0x00, 0x18, 0x3c, 0x92, 0x93, 0x6c, 0x11, 0xc7, 0x38,
  0x30, 0x12, 0x36, 0xda, 0x30, 0x12, 0x3a, 0xda, 0x30, 0x12, 0x3e, 0xda,
  0xb1, 0x13, 0x88, 0x3e, 0x31, 0x50, 0x06, 0x00, 0x5f, 0x42, 0x16, 0x25,
  0x0f, 0x12, 0x30, 0x12, 0xef, 0xdd, 0xb1, 0x13, 0x88, 0x3e, 0x21, 0x52,
  0xb4, 0x3c, 0x3a, 0x40, 0x18, 0x00, 0x09, 0x4b, 0x09, 0x5a, 0xe9, 0x42,
  0x00, 0x00, 0xf9, 0x40, 0x0e, 0x00, 0x01, 0x00, 0xc9, 0x43, 0x02, 0x00,
  0xd9, 0x42, 0x24, 0x25, 0x03, 0x00, 0xd9, 0x42, 0x25, 0x25, 0x04, 0x00,
  0xd9, 0x42, 0x26, 0x25, 0x05, 0x00, 0x1d, 0x42, 0x28, 0x25, 0x0e, 0x4a,
  0x3e, 0x50, 0x06, 0x00, 0x0f, 0x4b, 0xb0, 0x13, 0x16, 0x8a, 0x1d, 0x42,
  0x2a, 0x25, 0x0e, 0x4a, 0x3e, 0x52, 0x0f, 0x4b, 0xb0, 0x13, 0x16, 0x8a,
  0x1f, 0x42, 0x1e, 0x25, 0x1d, 0x4f, 0x20, 0x00, 0x0e, 0x4a, 0x3e, 0x50,
  0x0a, 0x00, 0x0f, 0x4b, 0xb0, 0x13, 0x16, 0x8a, 0xc9, 0x43, 0x0c, 0x00,
  0xd9, 0x42, 0x2c, 0x25, 0x0d, 0x00, 0x1d, 0x42, 0x2e, 0x25, 0x0e, 0x4a,
  0x3e, 0x50, 0x0e, 0x00, 0x0f, 0x4b, 0xb0, 0x13, 0x16, 0x8a, 0x07, 0x4a,
  0x37, 0x50, 0x10, 0x00, 0xc2, 0x93, 0x54, 0x25, 0x35, 0x24, 0x07, 0x5b,
  0xf7, 0x42, 0x00, 0x00, 0xf9, 0x40, 0x1e, 0x00, 0x11, 0x00, 0xd9, 0x42,
  0x54, 0x25, 0x12, 0x00, 0xd9, 0x42, 0x55, 0x25, 0x13, 0x00, 0x1c, 0x42,
  0x50, 0x25, 0x1d, 0x42, 0x52, 0x25, 0x0e, 0x4a, 0x3e, 0x50, 0x14, 0x00,
  0x0f, 0x4b, 0xb0, 0x13, 0xde, 0x89, 0x1c, 0x42, 0x50, 0x25, 0x1d, 0x42,
  0x52, 0x25, 0x0e, 0x4a, 0x3e, 0x50, 0x18, 0x00, 0x0f, 0x4b, 0xb0, 0x13,
  0xde, 0x89, 0x0f, 0x4a, 0x3f, 0x50, 0x1c, 0x00, 0x2d, 0x42, 0x0e, 0x43,
  0x0f, 0x5b, 0xb1, 0x13, 0x1c, 0x4a, 0x0f, 0x4a, 0x3f, 0x50, 0x20, 0x00,
  0x3d, 0x40, 0x10, 0x00, 0x3e, 0x40, 0x40, 0x25, 0x0f, 0x5b, 0xb1, 0x13,
  0x4c, 0x48, 0x07, 0x4a, 0x37, 0x50, 0x30, 0x00, 0xb0, 0x13, 0x50, 0xa7,
  0x4f, 0x93, 0x05, 0x20, 0x08, 0x93, 0x03, 0x20, 0x3b, 0x40, 0x22, 0x26,
  0x01, 0x3c, 0x0b, 0x48, 0xb2, 0x90, 0x03, 0x00, 0x6c, 0x11, 0x1b, 0x38,
  0x30, 0x12, 0x36, 0xda, 0x30, 0x12, 0x76, 0xda, 0x30, 0x12, 0x3e, 0xda,
  0xb1, 0x13, 0x88, 0x3e, 0x31, 0x50, 0x06, 0x00, 0x1e, 0x42, 0x5a, 0x25,
  0x08, 0x93, 0x03, 0x24, 0x3f, 0x40, 0x75, 0xdb, 0x02, 0x3c, 0x3f, 0x40,
  0x6b, 0xdb, 0x0e, 0x12, 0x0f, 0x12, 0x30, 0x12, 0x29, 0xde, 0xb1, 0x13,
  0x88, 0x3e, 0x31, 0x50, 0x06, 0x00, 0xb2, 0x90, 0x03, 0x00, 0x6c, 0x11,
  0x03, 0x38, 0x0f, 0x4b, 0xb0, 0x13, 0xe8, 0x60, 0xb2, 0x90, 0x03, 0x00,
  0x6c, 0x11, 0x04, 0x38, 0x3f, 0x40, 0x0a, 0x00, 0xb1, 0x13, 0x8a, 0x11,
  0x0c, 0x47, 0x1d, 0x43, 0x3e, 0x40, 0x9b, 0x00, 0x0f, 0x4b, 0xb1, 0x13,
  0xd6, 0x23, 0x47, 0x16, 0x10, 0x01, 0x3b, 0x14, 0x48, 0x4f, 0xb0, 0x13,
  0xd4, 0xa8, 0x09, 0x4f, 0x1f, 0x42, 0x56, 0x25, 0xb0, 0x13, 0x2c, 0x9b,
  0x0a, 0x4f, 0xb0, 0x13, 0x9c, 0x77, 0xc2, 0x93, 0x20, 0x25, 0x10, 0x20,
  0xa2, 0x93, 0x6c, 0x11, 0xe5, 0x38, 0x30, 0x12, 0x36, 0xda, 0x30, 0x12,
  0xa2, 0xdb, 0x30, 0x12, 0x3e, 0xda, 0xb1, 0x13, 0x88, 0x3e, 0x31, 0x50,
  0x06, 0x00, 0x3f, 0x40, 0x4b, 0xde, 0x12, 0x3c, 0x82, 0x93, 0x56, 0x25,
  0x12, 0x20, 0xa2, 0x93, 0x6c, 0x11, 0xd2, 0x38, 0x30, 0x12, 0x36, 0xda,
  0x30, 0x12, 0xa2, 0xdb, 0x30, 0x12, 0x3e, 0xda, 0xb1, 0x13, 0x88, 0x3e,
  0x31, 0x50, 0x06, 0x00, 0x3f, 0x40, 0x86, 0xde, 0xb1, 0x13, 0xc4, 0x47,
  0xc3, 0x3c, 0x09, 0x93, 0x05, 0x24, 0x0a, 0x93, 0x03, 0x24, 0xc2, 0x93,
  0x22, 0x25, 0x18, 0x20, 0xa2, 0x93, 0x6c, 0x11, 0xb9, 0x38, 0x30, 0x12,
  0x36, 0xda, 0x30, 0x12, 0xa2, 0xdb, 0x30, 0x12, 0x3e, 0xda, 0xb1, 0x13,
  0x88, 0x3e, 0x31, 0x50, 0x06, 0x00, 0x5f, 0x42, 0x22, 0x25, 0x0f, 0x12,
  0x0a, 0x12, 0x09, 0x12, 0x30, 0x12, 0xc2, 0xde, 0xb1, 0x13, 0x88, 0x3e,
  0x31, 0x52, 0xa4, 0x3c, 0x1f, 0x42, 0x22, 0x24, 0x3f, 0x50, 0x2c, 0x00,
  0x0b, 0x4f, 0x3b, 0x50, 0xbe, 0x27, 0xdf, 0x42, 0x21, 0x25, 0xbe, 0x27,
  0x48, 0x93, 0x03, 0x20, 0xcb, 0x43, 0x01, 0x00, 0x03, 0x3c, 0xfb, 0x40,
  0x80, 0xff, 0x01, 0x00, 0xcb, 0x43, 0x02, 0x00, 0xdb, 0x42, 0x68, 0x25,
  0x03, 0x00, 0xfb, 0x40, 0x05, 0x00, 0x04, 0x00, 0xfb, 0x40, 0x12, 0x00,
  0x05, 0x00, 0xcb, 0x43, 0x06, 0x00, 0xfb, 0x40, 0x80, 0xff, 0x07, 0x00,
  0x3d, 0x40, 0x10, 0x00, 0x0e, 0x49, 0x0f, 0x4b, 0x3f, 0x52, 0xb1, 0x13,
  0x4c, 0x48, 0xfb, 0x40, 0x06, 0x00, 0x18, 0x00, 0xfb, 0x40, 0x14, 0x00,
  0x19, 0x00, 0xcb, 0x43, 0x1a, 0x00, 0xcb, 0x43, 0x1b, 0x00, 0xcb, 0x43,
  0x1c, 0x00, 0xcb, 0x48, 0x1d, 0x00, 0x3d, 0x42, 0x3e, 0x40, 0x30, 0x25,
  0x0f, 0x4b, 0x3f, 0x50, 0x1e, 0x00, 0xb1, 0x13, 0x4c, 0x48, 0x3d, 0x42,
  0x0e, 0x4a, 0x3e, 0x52, 0x0f, 0x4b, 0x3f, 0x50, 0x26, 0x00, 0xb1, 0x13,
  0x4c, 0x48, 0xb2, 0x90, 0x03, 0x00, 0x6c, 0x11, 0x20, 0x38, 0x30, 0x12,
  0x36, 0xda, 0x30, 0x12, 0x76, 0xda, 0x30, 0x12, 0x3e, 0xda, 0xb1, 0x13,
  0x88, 0x3e, 0x31, 0x50, 0x06, 0x00, 0x4c, 0x48, 0x5d, 0x42, 0x6a, 0x25,
  0x5e, 0x42, 0x68, 0x25, 0x48, 0x93, 0x03, 0x20, 0x3f, 0x40, 0xb7, 0xda,
  0x02, 0x3c, 0x3f, 0x40, 0xc0, 0xda, 0x0c, 0x12, 0x0d, 0x12, 0x0e, 0x12,
  0x0f, 0x12, 0x30, 0x12, 0x1a, 0xdf, 0xb1, 0x13, 0x88, 0x3e, 0x31, 0x50,
  0x0a, 0x00, 0xb2, 0x90, 0x03, 0x00, 0x6c, 0x11, 0x03, 0x38, 0x0f, 0x49,
  0xb0, 0x13, 0xe8, 0x60, 0xb2, 0x90, 0x03, 0x00, 0x6c, 0x11, 0x05, 0x38,
  0x30, 0x12, 0x56, 0xdf, 0xb1, 0x13, 0x88, 0x3e, 0x21, 0x53, 0xb2, 0x90,
  0x03, 0x00, 0x6c, 0x11, 0x04, 0x38, 0x3f, 0x40, 0x30, 0x25, 0xb0, 0x13,
  0xe8, 0x60, 0xb2, 0x90, 0x03, 0x00, 0x6c, 0x11, 0x05, 0x38, 0x30, 0x12,
  0x5b, 0xdf, 0xb1, 0x13, 0x88, 0x3e, 0x21, 0x53, 0xb2, 0x90, 0x03, 0x00,
  0x6c, 0x11, 0x03, 0x38, 0x0f, 0x4a, 0xb0, 0x13, 0xe8, 0x60, 0xb2, 0x90,
  0x03, 0x00, 0x6c, 0x11, 0x04, 0x38, 0x3f, 0x40, 0x0a, 0x00, 0xb1, 0x13,
  0x8a, 0x11, 0x3c, 0x40, 0x2e, 0x00, 0x2d, 0x43, 0x3e, 0x40, 0x9b, 0x00,
  0x3f, 0x40, 0x30, 0x25, 0xb1, 0x13, 0xd6, 0x23, 0x38, 0x16, 0x10, 0x01,
  0x2b, 0x14, 0x0a, 0x4f, 0x49, 0x4e, 0x4b, 0x4d, 0xb0, 0x13, 0x9c, 0x77,
  0x1f, 0x42, 0x22, 0x24, 0x3f, 0x50, 0x2c, 0x00, 0x0d, 0x4f, 0x3d, 0x50,
  0xbe, 0x27, 0xdf, 0x42, 0x21, 0x25, 0xbe, 0x27, 0xcd, 0x43, 0x01, 0x00,
  0xcd, 0x49, 0x02, 0x00, 0xcd, 0x4b, 0x03, 0x00, 0xb2, 0x90, 0x03, 0x00,
  0x6c, 0x11, 0x1a, 0x38, 0x30, 0x12, 0x36, 0xda, 0x30, 0x12, 0x76, 0xda,
  0x30, 0x12, 0x3e, 0xda, 0xb1, 0x13, 0x88, 0x3e, 0x31, 0x50, 0x06, 0x00,
  0x49, 0x49, 0x4b, 0x93, 0x03, 0x38, 0x3f, 0x40, 0x2d, 0xda, 0x02, 0x3c,
  0x3f, 0x40, 0x31, 0xda, 0x09, 0x12, 0x0f, 0x12, 0x30, 0x12, 0x65, 0xdf,
  0xb1, 0x13, 0x88, 0x3e, 0x31, 0x50, 0x06, 0x00, 0xb2, 0x90, 0x03, 0x00,
  0x6c, 0x11, 0x03, 0x38, 0x0f, 0x4a, 0xb0, 0x13, 0xe8, 0x60, 0xb2, 0x90,
  0x03, 0x00, 0x6c, 0x11, 0x07, 0x38, 0x4b, 0x4b, 0x0b, 0x12, 0x30, 0x12,
  0x83, 0xdf, 0xb1, 0x13, 0x88, 0x3e, 0x21, 0x52, 0x2c, 0x42, 0x3d, 0x40,
  0x03, 0x00, 0x3e, 0x40, 0x9b, 0x00, 0x0f, 0x4a, 0xb1, 0x13, 0xd6, 0x23,
  0x29, 0x16, 0x10, 0x01, 0x3f, 0x40, 0x88, 0x11, 0xb1, 0x13, 0x06, 0x22,
  0x3f, 0x40, 0x90, 0x11, 0xb1, 0x13, 0x06, 0x22, 0x3f, 0x40, 0x98, 0x11,
  0xb1, 0x13, 0x06, 0x22, 0x3f, 0x40, 0xa0, 0x11, 0xb1, 0x13, 0x06, 0x22,
  0x10, 0x01, 0xc2, 0x43, 0x16, 0x25, 0x10, 0x01, 0xb0, 0x13, 0x36, 0x9b,
  0x0f, 0x93, 0x03, 0x24, 0x1f, 0x4f, 0x04, 0x00, 0x10, 0x01, 0x3f, 0x43,
  0x10, 0x01, 0xb0, 0x13, 0x78, 0x98, 0x1e, 0x43, 0x3f, 0x90, 0x00, 0x02,
  0x02, 0x24, 0x01, 0x28, 0x0e, 0x43, 0x0f, 0x4e, 0x10, 0x01, 0x1b, 0x14,
  0x0b, 0x4f, 0x0f, 0x93, 0x13, 0x24, 0x1a, 0x4f, 0x04, 0x00, 0xb0, 0x13,
  0x78, 0x98, 0x0c, 0x4f, 0x0d, 0x43, 0x0e, 0x4a, 0x0f, 0x43, 0x0c, 0x5e,
  0x0d, 0x6f, 0x1d, 0x93, 0x07, 0x2c, 0x3c, 0x93, 0x05, 0x2c, 0x0f, 0x4b,
  0xb0, 0x13, 0x78, 0x98, 0x0f, 0x5a, 0x01, 0x3c, 0x3f, 0x43, 0x1a, 0x16,
  0x10, 0x01, 0x2b, 0x14, 0x0b, 0x4f, 0xb0, 0x13, 0x9e, 0x98, 0x09, 0x4f,
  0x1f, 0x42, 0x56, 0x25, 0xb0, 0x13, 0x9e, 0x98, 0x0a, 0x4f, 0x8b, 0x93,
  0x00, 0x00, 0x03, 0x20, 0x8b, 0x93, 0x02, 0x00, 0x0f, 0x24, 0xb0, 0x13,
  0x20, 0x45, 0x2e, 0x8b, 0x1f, 0x7b, 0x02, 0x00, 0x1f, 0x93, 0x08, 0x28,
  0x03, 0x20, 0x3e, 0x90, 0x01, 0x2c, 0x04, 0x28, 0x0f, 0x43, 0x07, 0x3c,
  0x1f, 0x43, 0x05, 0x3c, 0x39, 0x50, 0xc0, 0x00, 0x0a, 0x99, 0xfa, 0x2b,
  0xf7, 0x3f, 0x29, 0x16, 0x10, 0x01, 0x1b, 0x14, 0x0a, 0x4f, 0xb0, 0x13,
  0x9e, 0x98, 0x0b, 0x4f, 0x0f, 0x4a, 0xb0, 0x13, 0x8a, 0x98, 0x0f, 0x93,
  0x07, 0x24, 0x1e, 0x43, 0x3b, 0x90, 0x01, 0x80, 0x01, 0x28, 0x0e, 0x43,
  0x0f, 0x4e, 0x01, 0x3c, 0x0f, 0x43, 0x1a, 0x16, 0x10, 0x01, 0x2b, 0x14,
  0x0b, 0x4f, 0x0f, 0x93, 0x19, 0x24, 0x1a, 0x42, 0x2a, 0x25, 0xb0, 0x13,
  0x9e, 0x98, 0x09, 0x4f, 0x0c, 0x4a, 0x0d, 0x43, 0x1e, 0x4b, 0x04, 0x00,
  0x0f, 0x43, 0x0e, 0x5c, 0x0f, 0x6d, 0x1f, 0x93, 0x02, 0x28, 0x3e, 0x43,
  0x0f, 0x43, 0x0d, 0x49, 0x0c, 0x43, 0x0c, 0x9f, 0x02, 0x28, 0x09, 0x9e,
  0x01, 0x2c, 0x0d, 0x4e, 0x0f, 0x4d, 0x01, 0x3c, 0x3f, 0x43, 0x29, 0x16,
  0x10, 0x01, 0x2b, 0x14, 0x0a, 0x4f, 0x0b, 0x4e, 0x0f, 0x93, 0x05, 0x24,
  0xb0, 0x13, 0x1e, 0x99, 0x19, 0x43, 0x0f, 0x93, 0x01, 0x20, 0x09, 0x43,
  0x0b, 0x93, 0x20, 0x24, 0x0f, 0x4b, 0xb0, 0x13, 0x1e, 0x99, 0x0f, 0x93,
  0x1f, 0x20, 0x1a, 0x3c, 0x0f, 0x4b, 0xb0, 0x13, 0xd2, 0x98, 0x0f, 0x93,
  0x13, 0x20, 0x1b, 0x92, 0x56, 0x25, 0x0a, 0x24, 0x0f, 0x4a, 0xb0, 0x13,
  0x9e, 0x98, 0x09, 0x4f, 0x0f, 0x4b, 0xb0, 0x13, 0x9e, 0x98, 0x09, 0x9f,
  0x07, 0x28, 0x12, 0x3c, 0x0f, 0x4a, 0xb0, 0x13, 0xd2, 0x98, 0x0f, 0x93,
  0xf1, 0x27, 0x0c, 0x3c, 0x0b, 0x4a, 0x0a, 0x3c, 0x09, 0x93, 0xfc, 0x23,
  0x0b, 0x43, 0x06, 0x3c, 0x09, 0x93, 0x04, 0x24, 0x1a, 0x92, 0x56, 0x25,
  0xe2, 0x23, 0xdc, 0x3f, 0x0f, 0x4b, 0x29, 0x16, 0x10, 0x01, 0xb2, 0x90,
  0x03, 0x00, 0x6c, 0x11, 0x0e, 0x38, 0x30, 0x12, 0x94, 0xdf, 0x30, 0x12,
  0x98, 0xdf, 0x30, 0x12, 0x9d, 0xdf, 0xb1, 0x13, 0x88, 0x3e, 0x31, 0x50,
  0x06, 0x00, 0x3f, 0x40, 0xac, 0xdf, 0xb1, 0x13, 0xc4, 0x47, 0x10, 0x01,
  0xb0, 0x13, 0xcc, 0x9a, 0x0f, 0x93, 0x05, 0x24, 0x1e, 0x42, 0x1e, 0x25,
  0x5e, 0x13, 0x14, 0x00, 0x10, 0x01, 0x3f, 0x43, 0x10, 0x01, 0x2b, 0x14,
  0x0a, 0x4f, 0x0b, 0x4e, 0x0f, 0x4e, 0xb0, 0x13, 0x20, 0x9a, 0x09, 0x4f,
  0x0f, 0x4a, 0xb0, 0x13, 0x20, 0x9a, 0x0f, 0x99, 0x01, 0x28, 0x0b, 0x4a,
  0x0f, 0x4b, 0x29, 0x16, 0x10, 0x01, 0x1f, 0x42, 0x28, 0x25, 0x0f, 0x93,
  0x0d, 0x24, 0x0c, 0x4f, 0x0d, 0x43, 0x1e, 0x42, 0x58, 0x25, 0x0f, 0x43,
  0x0e, 0x5c, 0x0f, 0x6d, 0x1f, 0x93, 0x02, 0x28, 0x3e, 0x43, 0x0f, 0x43,
  0x0f, 0x4e, 0x10, 0x01, 0x3f, 0x43, 0x10, 0x01, 0x1f, 0x92, 0xf8, 0x25,
  0x02, 0x20, 0x82, 0x43, 0xf8, 0x25, 0x1f, 0x92, 0xe0, 0x25, 0x02, 0x20,
  0x82, 0x43, 0xe0, 0x25, 0x0e, 0x4f, 0x1f, 0x42, 0xca, 0x11, 0xb0, 0x13,
  0x12, 0x68, 0xb0, 0x13, 0x0c, 0xa7, 0x10, 0x01, 0x0b, 0x14, 0x1f, 0x42,
  0xca, 0x11, 0xb0, 0x13, 0x8a, 0x66, 0x1f, 0x42, 0xca, 0x11, 0xb0, 0x13,
  0x8a, 0x66, 0x0b, 0x43, 0x06, 0x3c, 0x1b, 0x53, 0x0e, 0x4f, 0x1f, 0x42,
  0xca, 0x11, 0xb0, 0x13, 0x3e, 0x66, 0x0f, 0x93, 0xf8, 0x23, 0x0f, 0x4b,
  0x0b, 0x16, 0x10, 0x01, 0x0e, 0x4f, 0x1f, 0x42, 0xca, 0x11, 0xb0, 0x13,
  0xc0, 0x66, 0x10, 0x01, 0x0f, 0x93, 0x08, 0x24, 0x1e, 0x42, 0x1e, 0x25,
  0x3e, 0x0e, 0x0c, 0x00, 0xde, 0x03, 0x02, 0x24, 0x4e, 0x13, 0x10, 0x01,
  0x3f, 0x43, 0x10, 0x01, 0x0f, 0x93, 0x08, 0x24, 0x1e, 0x42, 0x1e, 0x25,
  0x3e, 0x0e, 0x04, 0x00, 0xde, 0x03, 0x02, 0x24, 0x4e, 0x13, 0x10, 0x01,
  0x3f, 0x43, 0x10, 0x01, 0x0f, 0x93, 0x08, 0x24, 0x1e, 0x42, 0x1e, 0x25,
  0x3e, 0x0e, 0x14, 0x00, 0xde, 0x03, 0x02, 0x24, 0x4e, 0x13, 0x10, 0x01,
  0x3f, 0x43, 0x10, 0x01, 0x0e, 0x4f, 0x1f, 0x42, 0xca, 0x11, 0xb0, 0x13,
  0x5c, 0x68, 0x10, 0x01, 0xb0, 0x13, 0x20, 0x9b, 0xb1, 0x13, 0xca, 0x14,
  0x10, 0x01, 0xb0, 0x13, 0x20, 0x9b, 0xb0, 0x13, 0xba, 0x5d, 0x10, 0x01,
  0xb0, 0x13, 0x36, 0x9b, 0xb0, 0x13, 0xc6, 0x5d, 0x10, 0x01, 0x3b, 0x14,
  0x08, 0x4f, 0xc2, 0x93, 0x20, 0x25, 0x2d, 0x24, 0x1f, 0x42, 0xca, 0x11,
  0xb0, 0x13, 0x8a, 0x66, 0x0b, 0x4f, 0x0a, 0x43, 0x23, 0x3c, 0x0f, 0x4b,
  0xb0, 0x13, 0x08, 0x9b, 0x09, 0x4f, 0x3f, 0x93, 0x17, 0x24, 0x1f, 0x92,
  0x2a, 0x25, 0x14, 0x28, 0xb0, 0x13, 0x56, 0x9a, 0x0f, 0x99, 0x10, 0x28,
  0x1a, 0x3c, 0x08, 0x93, 0x08, 0x20, 0x0e, 0x4b, 0x0f, 0x4a, 0x1d, 0x42,
  0x1e, 0x25, 0x5d, 0x13, 0x18, 0x00, 0x0a, 0x4f, 0x05, 0x3c, 0x0f, 0x4b,
  0xb0, 0x13, 0x40, 0x9b, 0x0f, 0x93, 0xf3, 0x23, 0x0e, 0x4b, 0x1f, 0x42,
  0xca, 0x11, 0xb0, 0x13, 0x3e, 0x66, 0x0b, 0x4f, 0x0b, 0x93, 0xdb, 0x23,
  0x0a, 0x3c, 0x0a, 0x43, 0x08, 0x3c, 0x0f, 0x4b, 0x1e, 0x42, 0x1e, 0x25,
  0x5e, 0x13, 0x0c, 0x00, 0x0f, 0x93, 0xee, 0x27, 0xde, 0x3f, 0x0f, 0x4a,
  0x38, 0x16, 0x10, 0x01, 0x7b, 0x14, 0x31, 0x50, 0xf4, 0xff, 0x06, 0x4f,
  0x07, 0x4e, 0x08, 0x4d, 0x0f, 0x43, 0xb0, 0x13, 0x4a, 0x9b, 0x81, 0x4f,
  0x00, 0x00, 0x0f, 0x48, 0xb0, 0x13, 0x36, 0x9b, 0x05, 0x4f, 0xb0, 0x13,
  0x20, 0x45, 0x0a, 0x4e, 0x0b, 0x4f, 0x0f, 0x48, 0xb0, 0x13, 0x2c, 0x9b,
  0x0d, 0x4f, 0x0e, 0x47, 0x0f, 0x46, 0xb1, 0x13, 0x3a, 0x3c, 0x09, 0x4f,
  0x0f, 0x97, 0xca, 0x34, 0x18, 0x92, 0x56, 0x25, 0x04, 0x20, 0xb1, 0x40,
  0x70, 0x00, 0x02, 0x00, 0x03, 0x3c, 0xb1, 0x40, 0x20, 0x00, 0x02, 0x00,
  0x0f, 0x45, 0xb0, 0x13, 0xc6, 0x5d, 0x0f, 0x93, 0x04, 0x24, 0xb1, 0x40,
  0x66, 0x00, 0x04, 0x00, 0x03, 0x3c, 0xb1, 0x40, 0x20, 0x00, 0x04, 0x00,
  0x0f, 0x48, 0xb0, 0x13, 0x08, 0x9b, 0x04, 0x4f, 0x3f, 0x93, 0x07, 0x24,
  0x1f, 0x92, 0x2a, 0x25, 0x04, 0x28, 0xb0, 0x13, 0x56, 0x9a, 0x0f, 0x94,
  0x9f, 0x2c, 0x3e, 0x40, 0x20, 0x00, 0x28, 0x91, 0x04, 0x20, 0xb1, 0x40,
  0x62, 0x00, 0x00, 0x00, 0x03, 0x3c, 0xb1, 0x40, 0x20, 0x00, 0x00, 0x00,
  0x98, 0x92, 0x2a, 0x25, 0x04, 0x00, 0x04, 0x20, 0xb1, 0x40, 0x72, 0x00,
  0x06, 0x00, 0x03, 0x3c, 0xb1, 0x40, 0x20, 0x00, 0x06, 0x00, 0x05, 0x93,
  0x03, 0x24, 0x54, 0x45, 0x08, 0x00, 0x01, 0x3c, 0x04, 0x43, 0x0f, 0x48,
  0x81, 0x4e, 0x0a, 0x00, 0xb0, 0x13, 0x08, 0x9b, 0x81, 0x4f, 0x08, 0x00,
  0x0f, 0x48, 0xb0, 0x13, 0xf0, 0x9a, 0x11, 0x12, 0x04, 0x00, 0x11, 0x12,
  0x08, 0x00, 0x1e, 0x41, 0x0e, 0x00, 0x0e, 0x12, 0x11, 0x12, 0x08, 0x00,
  0x11, 0x12, 0x10, 0x00, 0x04, 0x12, 0x11, 0x12, 0x16, 0x00, 0x0f, 0x12,
  0x18, 0x12, 0x04, 0x00, 0x30, 0x12, 0xb8, 0xdf, 0x0f, 0x47, 0x0f, 0x89,
  0x0f, 0x12, 0x0f, 0x46, 0x0f, 0x59, 0x0f, 0x12, 0xb1, 0x13, 0xf0, 0x3e,
  0x31, 0x50, 0x18, 0x00, 0x09, 0x5f, 0x09, 0x97, 0x61, 0x34, 0x05, 0x93,
  0x1f, 0x24, 0x2e, 0x45, 0x1f, 0x45, 0x02, 0x00, 0x0e, 0x93, 0x02, 0x20,
  0x0f, 0x93, 0x18, 0x24, 0x3c, 0x40, 0x00, 0x1e, 0x0d, 0x43, 0x04, 0x4a,
  0x05, 0x4b, 0x04, 0x8e, 0x05, 0x7f, 0x0e, 0x44, 0x0f, 0x45, 0xb0, 0x13,
  0xfe, 0x33, 0x0e, 0x12, 0x30, 0x12, 0xda, 0xdf, 0x0f, 0x47, 0x0f, 0x89,
  0x0f, 0x12, 0x0f, 0x46, 0x0f, 0x59, 0x0f, 0x12, 0xb1, 0x13, 0xf0, 0x3e,
  0x31, 0x52, 0x0c, 0x3c, 0x30, 0x12, 0xef, 0xdf, 0x0f, 0x47, 0x0f, 0x89,
  0x0f, 0x12, 0x0f, 0x46, 0x0f, 0x59, 0x0f, 0x12, 0xb1, 0x13, 0xf0, 0x3e,
  0x31, 0x50, 0x06, 0x00, 0x09, 0x5f, 0x09, 0x97, 0x31, 0x34, 0x2e, 0x48,
  0x1f, 0x48, 0x02, 0x00, 0x0e, 0x93, 0x02, 0x20, 0x0f, 0x93, 0x16, 0x24,
  0x3c, 0x40, 0x00, 0x1e, 0x0d, 0x43, 0x04, 0x4a, 0x05, 0x4b, 0x04, 0x8e,
  0x05, 0x7f, 0x0e, 0x44, 0x0f, 0x45, 0xb0, 0x13, 0xfe, 0x33, 0x0e, 0x12,
  0x30, 0x12, 0xf7, 0xdf, 0x07, 0x89, 0x07, 0x12, 0x06, 0x59, 0x06, 0x12,
  0xb1, 0x13, 0xf0, 0x3e, 0x31, 0x52, 0x0a, 0x3c, 0x30, 0x12, 0x0e, 0xe0,
  0x07, 0x89, 0x07, 0x12, 0x06, 0x59, 0x06, 0x12, 0xb1, 0x13, 0xf0, 0x3e,
  0x31, 0x50, 0x06, 0x00, 0x09, 0x5f, 0x08, 0x3c, 0x0f, 0x48, 0xb0, 0x13,
  0xd8, 0x9a, 0x0f, 0x93, 0x5c, 0x27, 0x3e, 0x40, 0x61, 0x00, 0x5b, 0x3f,
  0x0f, 0x49, 0x31, 0x50, 0x0c, 0x00, 0x74, 0x16, 0x10, 0x01, 0x7b, 0x14,
  0x04, 0x41, 0x34, 0x50, 0x20, 0x00, 0x31, 0x50, 0x86, 0xff, 0x84, 0x4f,
  0xde, 0xff, 0xc2, 0x93, 0x20, 0x25, 0x82, 0x24, 0x56, 0x42, 0x65, 0x25,
  0x18, 0x42, 0x5a, 0x25, 0x1f, 0x42, 0xca, 0x11, 0xb0, 0x13, 0x8a, 0x66,
  0x0b, 0x4f, 0xb2, 0x90, 0x03, 0x00, 0x6c, 0x11, 0x0f, 0x38, 0x30, 0x12,
  0x10, 0xe0, 0x30, 0x12, 0x14, 0xe0, 0x30, 0x12, 0x19, 0xe0, 0xb1, 0x13,
  0x88, 0x3e, 0x31, 0x50, 0x06, 0x00, 0x30, 0x12, 0x28, 0xe0, 0xb1, 0x13,
  0x88, 0x3e, 0x21, 0x53, 0xb2, 0x90, 0x03, 0x00, 0x6c, 0x11, 0x04, 0x38,
  0xb0, 0x13, 0xd4, 0xa8, 0xb0, 0x13, 0xe8, 0x60, 0xb2, 0x90, 0x03, 0x00,
  0x6c, 0x11, 0x46, 0x38, 0xb0, 0x13, 0xa0, 0x9a, 0x05, 0x4f, 0xb0, 0x13,
  0x56, 0x9a, 0x07, 0x4f, 0x1f, 0x42, 0x1e, 0x25, 0x19, 0x4f, 0x20, 0x00,
  0x5a, 0x42, 0x22, 0x25, 0x1f, 0x42, 0x6c, 0x25, 0xb0, 0x13, 0x00, 0x75,
  0x14, 0x12, 0xde, 0xff, 0x05, 0x12, 0x46, 0x46, 0x06, 0x12, 0x07, 0x12,
  0x08, 0x12, 0x09, 0x12, 0x0a, 0x12, 0x0f, 0x12, 0x30, 0x12, 0x3e, 0xe0,
  0xb1, 0x13, 0x88, 0x3e, 0x31, 0x50, 0x12, 0x00, 0x25, 0x3c, 0x0d, 0x4b,
  0x3e, 0x40, 0x78, 0x00, 0x0f, 0x44, 0x3f, 0x50, 0x66, 0xff, 0xb0, 0x13,
  0xc8, 0x9b, 0xb2, 0x90, 0x03, 0x00, 0x6c, 0x11, 0x13, 0x38, 0x30, 0x12,
  0x10, 0xe0, 0x30, 0x12, 0x14, 0xe0, 0x30, 0x12, 0x19, 0xe0, 0xb1, 0x13,
  0x88, 0x3e, 0x31, 0x50, 0x06, 0x00, 0x3f, 0x40, 0x66, 0xff, 0x0f, 0x54,
  0x0f, 0x12, 0x30, 0x12, 0x90, 0xe0, 0xb1, 0x13, 0x88, 0x3e, 0x21, 0x52,
  0x0e, 0x4b, 0x1f, 0x42, 0xca, 0x11, 0xb0, 0x13, 0x3e, 0x66, 0x0b, 0x4f,
  0x0b, 0x93, 0xd9, 0x23, 0xb2, 0x90, 0x03, 0x00, 0x6c, 0x11, 0x0e, 0x38,
  0x30, 0x12, 0x10, 0xe0, 0x30, 0x12, 0x14, 0xe0, 0x30, 0x12, 0x19, 0xe0,
  0xb1, 0x13, 0x88, 0x3e, 0x31, 0x50, 0x06, 0x00, 0x3f, 0x40, 0x99, 0xe0,
  0xb1, 0x13, 0xc4, 0x47, 0x31, 0x50, 0x7a, 0x00, 0x74, 0x16, 0x10, 0x01,
  0x0b, 0x14, 0x0b, 0x4f, 0x1f, 0x92, 0x56, 0x25, 0x55, 0x24, 0xb2, 0x90,
  0x03, 0x00, 0x6c, 0x11, 0x0f, 0x38, 0x30, 0x12, 0x10, 0xe0, 0x30, 0x12,
  0x14, 0xe0, 0x30, 0x12, 0x19, 0xe0, 0xb1, 0x13, 0x88, 0x3e, 0x31, 0x50,
  0x06, 0x00, 0x30, 0x12, 0xaa, 0xe0, 0xb1, 0x13, 0x88, 0x3e, 0x21, 0x53,
  0xb2, 0x90, 0x03, 0x00, 0x6c, 0x11, 0x06, 0x38, 0x1f, 0x42, 0x56, 0x25,
  0xb0, 0x13, 0x2c, 0x9b, 0xb0, 0x13, 0xe8, 0x60, 0xb2, 0x90, 0x03, 0x00,
  0x6c, 0x11, 0x05, 0x38, 0x30, 0x12, 0xba, 0xe0, 0xb1, 0x13, 0x88, 0x3e,
  0x21, 0x53, 0xb2, 0x90, 0x03, 0x00, 0x6c, 0x11, 0x05, 0x38, 0x0f, 0x4b,
  0xb0, 0x13, 0x2c, 0x9b, 0xb0, 0x13, 0xe8, 0x60, 0xb2, 0x90, 0x03, 0x00,
  0x6c, 0x11, 0x04, 0x38, 0x3f, 0x40, 0x0a, 0x00, 0xb1, 0x13, 0x8a, 0x11,
  0x1e, 0x42, 0x56, 0x25, 0x1f, 0x42, 0xca, 0x11, 0xb0, 0x13, 0x4c, 0x68,
  0x0e, 0x4b, 0x1f, 0x42, 0xca, 0x11, 0xb0, 0x13, 0x3c, 0x68, 0x1f, 0x42,
  0x56, 0x25, 0xb0, 0x13, 0x2c, 0x9b, 0xb1, 0x13, 0x58, 0x15, 0xb1, 0x13,
  0x00, 0x15, 0x0f, 0x4b, 0xb0, 0x13, 0x2c, 0x9b, 0x0d, 0x43, 0x0e, 0x43,
  0xb1, 0x13, 0x94, 0x15, 0x82, 0x4b, 0x56, 0x25, 0xd2, 0x43, 0x6b, 0x25,
  0x0b, 0x16, 0x10, 0x01, 0x0b, 0x14, 0xb2, 0x90, 0x03, 0x00, 0x6c, 0x11,
  0x0e, 0x38, 0x30, 0x12, 0x10, 0xe0, 0x30, 0x12, 0x14, 0xe0, 0x30, 0x12,
  0x19, 0xe0, 0xb1, 0x13, 0x88, 0x3e, 0x31, 0x50, 0x06, 0x00, 0x3f, 0x40,
  0xbf, 0xe0, 0xb1, 0x13, 0xc4, 0x47, 0x0f, 0x43, 0xb0, 0x13, 0xc4, 0x9e,
  0x1f, 0x42, 0xca, 0x11, 0xb0, 0x13, 0x8a, 0x66, 0x08, 0x3c, 0x0f, 0x4b,
  0xb0, 0x13, 0x7c, 0x9a, 0x0e, 0x4b, 0x1f, 0x42, 0xca, 0x11, 0xb0, 0x13,
  0x3e, 0x66, 0x0b, 0x4f, 0x0f, 0x93, 0xf5, 0x23, 0xb0, 0x13, 0x9c, 0x77,
  0x0b, 0x16, 0x10, 0x01, 0xb1, 0x13, 0x64, 0x13, 0xb1, 0x13, 0x4c, 0x13,
  0x0e, 0x4f, 0x1f, 0x42, 0xca, 0x11, 0xb0, 0x13, 0xc0, 0x66, 0x10, 0x01,
  0x0b, 0x14, 0xb0, 0x13, 0x90, 0x71, 0x0f, 0x93, 0x02, 0x24, 0x0b, 0x43,
  0x44, 0x3c, 0xb0, 0x13, 0x4a, 0x9b, 0x0b, 0x4f, 0x0f, 0x93, 0xf9, 0x27,
  0xb0, 0x13, 0x40, 0x9b, 0x0f, 0x93, 0x03, 0x24, 0x82, 0x43, 0xf8, 0x25,
  0x38, 0x3c, 0x82, 0x93, 0xf8, 0x25, 0x28, 0x20, 0xb2, 0x90, 0x03, 0x00,
  0x6c, 0x11, 0x0f, 0x38, 0x30, 0x12, 0x10, 0xe0, 0x30, 0x12, 0x14, 0xe0,
  0x30, 0x12, 0x19, 0xe0, 0xb1, 0x13, 0x88, 0x3e, 0x31, 0x50, 0x06, 0x00,
  0x30, 0x12, 0xd6, 0xe0, 0xb1, 0x13, 0x88, 0x3e, 0x21, 0x53, 0xb2, 0x90,
  0x03, 0x00, 0x6c, 0x11, 0x05, 0x38, 0x0f, 0x4b, 0xb0, 0x13, 0x2c, 0x9b,
  0xb0, 0x13, 0xe8, 0x60, 0xb2, 0x90, 0x03, 0x00, 0x6c, 0x11, 0x04, 0x38,
  0x3f, 0x40, 0x0a, 0x00, 0xb1, 0x13, 0x8a, 0x11, 0x82, 0x4b, 0xf8, 0x25,
  0xb0, 0x13, 0x2a, 0xa6, 0x1b, 0x92, 0x56, 0x25, 0x0a, 0x24, 0x1f, 0x43,
  0xb0, 0x13, 0x4a, 0x9b, 0x0f, 0x93, 0x04, 0x20, 0x82, 0x93, 0x56, 0x25,
  0x02, 0x20, 0xbb, 0x3f, 0x0b, 0x4f, 0x0f, 0x4b, 0x0b, 0x16, 0x10, 0x01,
  0x8e, 0x00, 0x7c, 0x9a, 0x1f, 0x42, 0xca, 0x11, 0xb0, 0x13, 0x02, 0x66,
  0x10, 0x01, 0xb0, 0x13, 0x9c, 0x77, 0x10, 0x01, 0xc2, 0x93, 0x20, 0x25,
  0x02, 0x24, 0xb0, 0x13, 0x30, 0x75, 0x10, 0x01, 0x1b, 0x14, 0xb0, 0x13,
  0xc8, 0x6f, 0x3e, 0x40, 0x80, 0x02, 0xb0, 0x13, 0xbc, 0x33, 0x0a, 0x4f,
  0x0b, 0x43, 0x03, 0x12, 0x8c, 0x00, 0x90, 0xa1, 0x0d, 0x4a, 0x0e, 0x4b,
  0x3d, 0x50, 0x40, 0x01, 0x0e, 0x63, 0x3f, 0x40, 0xca, 0x25, 0xb0, 0x13,
  0x96, 0x50, 0x21, 0x53, 0x1a, 0x16, 0x10, 0x01, 0x1b, 0x14, 0x5d, 0x42,
  0x65, 0x25, 0x7d, 0xf0, 0x1f, 0x00, 0x1e, 0x43, 0x0f, 0x43, 0x4d, 0x93,
  0x04, 0x24, 0x0e, 0x5e, 0x0f, 0x6f, 0x7d, 0x53, 0xfa, 0x3f, 0x7d, 0x40,
  0x07, 0x00, 0x0e, 0x5e, 0x0f, 0x6f, 0x7d, 0x53, 0xfc, 0x23, 0x3c, 0x40,
  0xe8, 0x03, 0x0d, 0x43, 0xb0, 0x13, 0xfe, 0x33, 0x82, 0x4e, 0x6e, 0x25,
  0x82, 0x4f, 0x70, 0x25, 0x0a, 0x4e, 0x0b, 0x4f, 0x12, 0xc3, 0x0b, 0x10,
  0x0a, 0x10, 0xb0, 0x13, 0xc8, 0x6f, 0x0c, 0x4a, 0x0d, 0x4b, 0x0e, 0x4f,
  0x0f, 0x43, 0xb0, 0x13, 0x7c, 0x33, 0x3c, 0x43, 0x0d, 0x43, 0xb0, 0x13,
  0xfe, 0x33, 0x0e, 0x5a, 0x0f, 0x6b, 0x82, 0x8e, 0x6e, 0x25, 0x82, 0x7f,
  0x70, 0x25, 0xd2, 0x43, 0x66, 0x25, 0xc2, 0x43, 0x67, 0x25, 0x03, 0x12,
  0x8c, 0x00, 0xc6, 0xa1, 0x0d, 0x4e, 0x0e, 0x4f, 0x3f, 0x40, 0x9e, 0x25,
  0xb0, 0x13, 0x96, 0x50, 0x21, 0x53, 0x1a, 0x16, 0x10, 0x01, 0x1f, 0x42,
  0xe0, 0x25, 0xb0, 0x13, 0x2c, 0x9b, 0x0f, 0x93, 0x02, 0x24, 0xb0, 0x13,
  0x1c, 0x93, 0x10, 0x01, 0xd2, 0x43, 0x6a, 0x25, 0xb0, 0x13, 0xa0, 0xa0,
  0x5f, 0x42, 0x68, 0x25, 0x4f, 0x93, 0x02, 0x34, 0x5f, 0x53, 0x03, 0x3c,
  0x5f, 0x53, 0x7f, 0xf0, 0x7f, 0x00, 0xc2, 0x4f, 0x68, 0x25, 0x5f, 0x42,
  0x2c, 0x25, 0xb0, 0x13, 0xbe, 0x95, 0x10, 0x01, 0xd2, 0x53, 0x6a, 0x25,
  0x5f, 0x42, 0x2c, 0x25, 0xb0, 0x13, 0xbe, 0x95, 0xf2, 0x90, 0x05, 0x00,
  0x6a, 0x25, 0x03, 0x2c, 0xb0, 0x13, 0xa0, 0xa0, 0x10, 0x01, 0x3f, 0x40,
  0x0c, 0xe1, 0xb0, 0x13, 0xb0, 0x76, 0x10, 0x01, 0x3f, 0x40, 0x0a, 0x26,
  0x4d, 0x43, 0x6e, 0x4f, 0x3f, 0x50, 0xf0, 0xff, 0xb0, 0x13, 0xb0, 0x97,
  0x10, 0x01, 0xb0, 0x13, 0x7a, 0x77, 0x0f, 0x93, 0x32, 0x24, 0xc2, 0x93,
  0x66, 0x25, 0x20, 0x24, 0xb0, 0x13, 0x90, 0x71, 0x0f, 0x93, 0x07, 0x20,
  0x5f, 0x42, 0x26, 0x25, 0x4f, 0x93, 0x03, 0x24, 0xc2, 0x9f, 0x67, 0x25,
  0x06, 0x2c, 0x92, 0x42, 0x5a, 0x25, 0x5c, 0x25, 0x0f, 0x43, 0xb0, 0x13,
  0x1c, 0x93, 0xc2, 0x43, 0x66, 0x25, 0x03, 0x12, 0x8c, 0x00, 0xc6, 0xa1,
  0x1d, 0x42, 0x6e, 0x25, 0x1e, 0x42, 0x70, 0x25, 0x3f, 0x40, 0x9e, 0x25,
  0xb0, 0x13, 0x96, 0x50, 0x21, 0x53, 0x10, 0x01, 0x5e, 0x42, 0x65, 0x25,
  0x4d, 0x4e, 0x5f, 0x42, 0x25, 0x25, 0x5c, 0x42, 0x24, 0x25, 0x0f, 0x5c,
  0x0d, 0x9f, 0x03, 0x34, 0x5e, 0x53, 0xc2, 0x4e, 0x65, 0x25, 0xb0, 0x13,
  0xd0, 0xa0, 0x10, 0x01, 0x1b, 0x14, 0x3f, 0x40, 0x58, 0x1b, 0xb0, 0x13,
  0xfa, 0x50, 0x0f, 0x93, 0x15, 0x24, 0xb0, 0x13, 0xc8, 0x6f, 0x3e, 0x40,
  0x00, 0x0f, 0xb0, 0x13, 0xbc, 0x33, 0x0a, 0x4f, 0x0b, 0x43, 0x03, 0x12,
  0x8c, 0x00, 0xc2, 0xa2, 0x0d, 0x4a, 0x0e, 0x4b, 0x3d, 0x50, 0x80, 0x07,
  0x0e, 0x63, 0x3f, 0x40, 0x58, 0x1b, 0xb0, 0x13, 0x96, 0x50, 0x21, 0x53,
  0x1a, 0x16, 0x10, 0x01, 0xc2, 0x93, 0x20, 0x25, 0x08, 0x24, 0x3f, 0x40,
  0x3c, 0x00, 0xb0, 0x13, 0xd4, 0x75, 0x3f, 0x40, 0x3c, 0x00, 0xb1, 0x13,
  0xb2, 0x2b, 0xc2, 0x93, 0x20, 0x25, 0x06, 0x24, 0x82, 0x93, 0x56, 0x25,
  0x03, 0x24, 0xb2, 0x93, 0x5a, 0x25, 0x02, 0x20, 0xb0, 0x13, 0x34, 0xa2,
  0xb0, 0x13, 0x9c, 0x77, 0xb2, 0x90, 0x03, 0x00, 0x6c, 0x11, 0x08, 0x38,
  0x3f, 0x40, 0x18, 0xe1, 0xb0, 0x13, 0xa2, 0x9d, 0x3f, 0x40, 0x18, 0xe1,
  0xb0, 0x13, 0xa4, 0x71, 0x3f, 0x40, 0x6e, 0x1b, 0xb0, 0x13, 0xa6, 0x50,
  0x10, 0x01, 0xb0, 0x13, 0x90, 0x71, 0x0f, 0x93, 0x0e, 0x20, 0xc2, 0x93,
  0x20, 0x25, 0x06, 0x24, 0x82, 0x93, 0x56, 0x25, 0x03, 0x24, 0xb2, 0x93,
  0x5a, 0x25, 0x05, 0x20, 0x0f, 0x43, 0xb0, 0x13, 0xa6, 0x92, 0xb0, 0x13,
  0x34, 0xa2, 0x10, 0x01, 0x0b, 0x14, 0x0b, 0x4f, 0xb0, 0x13, 0x7a, 0x77,
  0x0f, 0x93, 0x26, 0x24, 0x5e, 0x42, 0x65, 0x25, 0x4e, 0x93, 0x03, 0x24,
  0xc2, 0x9e, 0x25, 0x25, 0x1f, 0x2c, 0xb2, 0x90, 0x03, 0x00, 0x6c, 0x11,
  0x10, 0x38, 0x30, 0x12, 0x21, 0xe1, 0x30, 0x12, 0x25, 0xe1, 0x30, 0x12,
  0x2a, 0xe1, 0xb1, 0x13, 0x88, 0x3e, 0x31, 0x50, 0x06, 0x00, 0x0b, 0x12,
  0x30, 0x12, 0x39, 0xe1, 0xb1, 0x13, 0x88, 0x3e, 0x21, 0x52, 0xb0, 0x13,
  0x50, 0xa7, 0x4f, 0x93, 0x07, 0x20, 0xc2, 0x43, 0x67, 0x25, 0xd2, 0x42,
  0x25, 0x25, 0x65, 0x25, 0xb0, 0x13, 0xd0, 0xa0, 0x0b, 0x16, 0x10, 0x01,
  0xc2, 0x93, 0x20, 0x25, 0x0c, 0x24, 0x82, 0x4f, 0xe0, 0x25, 0x03, 0x12,
  0x8c, 0x00, 0x56, 0xa1, 0x0d, 0x43, 0x0e, 0x43, 0x3f, 0x40, 0xb4, 0x25,
  0xb0, 0x13, 0x96, 0x50, 0x21, 0x53, 0x10, 0x01, 0x1b, 0x14, 0xc2, 0x93,
  0x20, 0x25, 0x16, 0x24, 0xc2, 0x93, 0x22, 0x25, 0x13, 0x24, 0xb0, 0x13,
  0xc8, 0x6f, 0x0a, 0x4f, 0x3a, 0xf0, 0xff, 0x01, 0x0b, 0x43, 0x03, 0x12,
  0x8c, 0x00, 0x68, 0xa1, 0x0d, 0x4a, 0x0e, 0x4b, 0x3d, 0x50, 0x00, 0x01,
  0x0e, 0x63, 0x3f, 0x40, 0xca, 0x25, 0xb0, 0x13, 0x96, 0x50, 0x21, 0x53,
  0x1a, 0x16, 0x10, 0x01, 0x0b, 0x14, 0x0b, 0x4e, 0xc2, 0x93, 0x20, 0x25,
  0x13, 0x24, 0x3d, 0x40, 0x10, 0x00, 0x0e, 0x4f, 0x3f, 0x40, 0xfa, 0x25,
  0xb1, 0x13, 0x4c, 0x48, 0x82, 0x4b, 0x0a, 0x26, 0x03, 0x12, 0x8c, 0x00,
  0xb4, 0xa1, 0x0d, 0x43, 0x0e, 0x43, 0x3f, 0x40, 0x0c, 0x26, 0xb0, 0x13,
  0x96, 0x50, 0x21, 0x53, 0x0b, 0x16, 0x10, 0x01, 0x1b, 0x14, 0xc2, 0x93,
  0x20, 0x25, 0x39, 0x24, 0x5f, 0x42, 0x2c, 0x25, 0x7f, 0x93, 0x35, 0x24,
  0x4f, 0x4f, 0x02, 0x12, 0x32, 0xc2, 0x03, 0x43, 0x92, 0x42, 0x2e, 0x25,
  0x30, 0x01, 0x82, 0x4f, 0x38, 0x01, 0x1e, 0x42, 0x3a, 0x01, 0x1f, 0x42,
  0x3c, 0x01, 0x32, 0x41, 0x0a, 0x4e, 0x0b, 0x4f, 0x7f, 0x40, 0x07, 0x00,
  0x0a, 0x5a, 0x0b, 0x6b, 0x7f, 0x53, 0xfc, 0x23, 0xb0, 0x13, 0xc8, 0x6f,
  0x3e, 0x40, 0x00, 0x1e, 0xb0, 0x13, 0xbc, 0x33, 0x0c, 0x4f, 0x0d, 0x43,
  0x0e, 0x4c, 0x0f, 0x4d, 0x3e, 0x50, 0x00, 0x1e, 0x0f, 0x63, 0x0f, 0x9b,
  0x04, 0x28, 0x0b, 0x9f, 0x04, 0x28, 0x0e, 0x9a, 0x02, 0x2c, 0x0a, 0x8e,
  0x0b, 0x7f, 0x03, 0x12, 0x8c, 0x00, 0x68, 0xa1, 0x0d, 0x4a, 0x0e, 0x4b,
  0x3f, 0x40, 0xca, 0x25, 0xb0, 0x13, 0x96, 0x50, 0x21, 0x53, 0x1a, 0x16,
  0x10, 0x01, 0xb0, 0x13, 0xc8, 0x6f, 0x3e, 0x40, 0x00, 0x2d, 0xb0, 0x13,
  0xbc, 0x33, 0x0c, 0x4f, 0x0d, 0x43, 0x0e, 0x4c, 0x0f, 0x4d, 0x3e, 0x50,
  0x80, 0x16, 0x0f, 0x63, 0x10, 0x01, 0x5b, 0x14, 0xb0, 0x13, 0x20, 0x45,
  0x08, 0x4e, 0x09, 0x4f, 0xc2, 0x93, 0x20, 0x25, 0x61, 0x24, 0x17, 0x42,
  0xf8, 0x25, 0x07, 0x93, 0x5e, 0x20, 0x1f, 0x42, 0x56, 0x25, 0x0f, 0x93,
  0x07, 0x24, 0xb0, 0x13, 0x40, 0x9b, 0x0f, 0x93, 0x03, 0x20, 0x17, 0x42,
  0x56, 0x25, 0x53, 0x3c, 0xb0, 0x13, 0xc8, 0x6f, 0x3e, 0x40, 0x03, 0x00,
  0xb0, 0x13, 0xbc, 0x33, 0x1e, 0x42, 0xca, 0x11, 0x0f, 0x93, 0x1e, 0x24,
  0x0f, 0x4e, 0xb0, 0x13, 0x8a, 0x66, 0x0b, 0x4f, 0x3a, 0x43, 0x15, 0x3c,
  0x0f, 0x4b, 0xb0, 0x13, 0x40, 0x9b, 0x0f, 0x93, 0x0a, 0x20, 0x0f, 0x4b,
  0xb0, 0x13, 0x08, 0x9b, 0x07, 0x93, 0x03, 0x24, 0x0f, 0x9a, 0x01, 0x28,
  0x02, 0x3c, 0x0a, 0x4f, 0x07, 0x4b, 0x0e, 0x4b, 0x1f, 0x42, 0xca, 0x11,
  0xb0, 0x13, 0x3e, 0x66, 0x0b, 0x4f, 0x0b, 0x93, 0xe9, 0x23, 0x2b, 0x3c,
  0x0f, 0x4e, 0xb0, 0x13, 0x8a, 0x66, 0x06, 0x4f, 0x0a, 0x43, 0x0b, 0x43,
  0x20, 0x3c, 0x0f, 0x46, 0xb0, 0x13, 0x40, 0x9b, 0x0f, 0x93, 0x15, 0x20,
  0x0f, 0x46, 0xb0, 0x13, 0x36, 0x9b, 0x0f, 0x93, 0x10, 0x24, 0x0c, 0x48,
  0x0d, 0x49, 0x2c, 0x8f, 0x1d, 0x7f, 0x02, 0x00, 0x07, 0x93, 0x06, 0x24,
  0x0b, 0x9d, 0x04, 0x28, 0x0d, 0x9b, 0x05, 0x28, 0x0a, 0x9c, 0x03, 0x2c,
  0x0a, 0x4c, 0x0b, 0x4d, 0x07, 0x46, 0x0e, 0x46, 0x1f, 0x42, 0xca, 0x11,
  0xb0, 0x13, 0x3e, 0x66, 0x06, 0x4f, 0x06, 0x93, 0xde, 0x23, 0x01, 0x3c,
  0x07, 0x43, 0x0f, 0x47, 0x56, 0x16, 0x10, 0x01, 0xc2, 0x93, 0x20, 0x25,
  0x0c, 0x24, 0xb0, 0x13, 0x4e, 0xa4, 0x03, 0x12, 0x8c, 0x00, 0x64, 0xa5,
  0x0d, 0x4e, 0x0e, 0x4f, 0x3f, 0x40, 0xe2, 0x25, 0xb0, 0x13, 0x96, 0x50,
  0x21, 0x53, 0x10, 0x01, 0x1b, 0x14, 0xb0, 0x13, 0x6a, 0xa4, 0x0a, 0x4f,
  0xb0, 0x13, 0x2c, 0x9b, 0x0b, 0x4f, 0x0f, 0x93, 0x44, 0x24, 0x0f, 0x4a,
  0xb0, 0x13, 0x36, 0x9b, 0x0a, 0x4f, 0xb2, 0x90, 0x03, 0x00, 0x6c, 0x11,
  0x0f, 0x38, 0x30, 0x12, 0x21, 0xe1, 0x30, 0x12, 0x25, 0xe1, 0x30, 0x12,
  0x2a, 0xe1, 0xb1, 0x13, 0x88, 0x3e, 0x31, 0x50, 0x06, 0x00, 0x30, 0x12,
  0x59, 0xe1, 0xb1, 0x13, 0x88, 0x3e, 0x21, 0x53, 0xb2, 0x90, 0x03, 0x00,
  0x6c, 0x11, 0x03, 0x38, 0x0f, 0x4b, 0xb0, 0x13, 0xe8, 0x60, 0xb2, 0x90,
  0x03, 0x00, 0x6c, 0x11, 0x1e, 0x38, 0x0a, 0x93, 0x0b, 0x24, 0xb0, 0x13,
  0x20, 0x45, 0x3c, 0x40, 0x00, 0x1e, 0x0d, 0x43, 0x2e, 0x8a, 0x1f, 0x7a,
  0x02, 0x00, 0xb0, 0x13, 0xfe, 0x33, 0x01, 0x3c, 0x0e, 0x43, 0x82, 0x93,
  0xf8, 0x25, 0x03, 0x24, 0x3f, 0x40, 0x4f, 0xe1, 0x02, 0x3c, 0x3f, 0x40,
  0x58, 0xe1, 0x0e, 0x12, 0x0f, 0x12, 0x30, 0x12, 0x62, 0xe1, 0xb1, 0x13,
  0x88, 0x3e, 0x31, 0x50, 0x06, 0x00, 0x0f, 0x4b, 0xb0, 0x13, 0x1c, 0x93,
  0x12, 0x3c, 0xb2, 0x90, 0x03, 0x00, 0x6c, 0x11, 0x0e, 0x38, 0x30, 0x12,
  0x21, 0xe1, 0x30, 0x12, 0x25, 0xe1, 0x30, 0x12, 0x2a, 0xe1, 0xb1, 0x13,
  0x88, 0x3e, 0x31, 0x50, 0x06, 0x00, 0x3f, 0x40, 0x7a, 0xe1, 0xb1, 0x13,
  0xc4, 0x47, 0xb0, 0x13, 0x44, 0xa5, 0x1a, 0x16, 0x10, 0x01, 0xc2, 0x93,
  0x20, 0x25, 0x0e, 0x24, 0xb0, 0x13, 0xc8, 0x6f, 0x03, 0x12, 0x8c, 0x00,
  0x64, 0xa5, 0x0d, 0x4f, 0x3d, 0xf0, 0xff, 0x01, 0x0e, 0x43, 0x3f, 0x40,
  0xe2, 0x25, 0xb0, 0x13, 0x96, 0x50, 0x21, 0x53, 0x10, 0x01, 0xc2, 0x93,
  0x20, 0x25, 0x0a, 0x24, 0x3f, 0x40, 0x88, 0x25, 0xb0, 0x13, 0xfa, 0x50,
  0x0f, 0x93, 0x04, 0x20, 0x3f, 0x40, 0x88, 0x25, 0xb0, 0x13, 0xd2, 0x50,
  0x10, 0x01, 0xc2, 0x93, 0x20, 0x25, 0x11, 0x24, 0x3f, 0x40, 0x88, 0x25,
  0xb0, 0x13, 0xfa, 0x50, 0x0f, 0x93, 0x0b, 0x24, 0x03, 0x12, 0x8c, 0x00,
  0x94, 0xa0, 0x3d, 0x40, 0x00, 0x96, 0x0e, 0x43, 0x3f, 0x40, 0x88, 0x25,
  0xb0, 0x13, 0x96, 0x50, 0x21, 0x53, 0x10, 0x01, 0x03, 0x12, 0x8c, 0x00,
  0x70, 0xa2, 0x3d, 0x40, 0x00, 0x1e, 0x0e, 0x43, 0x3f, 0x40, 0x6e, 0x1b,
  0xb0, 0x13, 0x96, 0x50, 0x21, 0x53, 0xb0, 0x13, 0x34, 0xa2, 0x10, 0x01,
  0x0b, 0x14, 0x3b, 0x40, 0x72, 0x25, 0x0f, 0x4b, 0xb0, 0x13, 0xd2, 0x50,
  0x0f, 0x4b, 0x3f, 0x50, 0x16, 0x00, 0xb0, 0x13, 0xd2, 0x50, 0x0f, 0x4b,
  0x3f, 0x50, 0x2c, 0x00, 0xb0, 0x13, 0xd2, 0x50, 0x0f, 0x4b, 0x3f, 0x50,
  0x42, 0x00, 0xb0, 0x13, 0xd2, 0x50, 0x0f, 0x4b, 0x3f, 0x50, 0x58, 0x00,
  0xb0, 0x13, 0xd2, 0x50, 0x0f, 0x4b, 0x3f, 0x50, 0x70, 0x00, 0xb0, 0x13,
  0xd2, 0x50, 0x0f, 0x4b, 0x3f, 0x50, 0x9a, 0x00, 0xb0, 0x13, 0xd2, 0x50,
  0x0b, 0x16, 0x10, 0x01, 0xc2, 0x93, 0x20, 0x25, 0x04, 0x24, 0x3f, 0x40,
  0x72, 0x25, 0xb0, 0x13, 0xd2, 0x50, 0x10, 0x01, 0xc2, 0x93, 0x20, 0x25,
  0x0a, 0x24, 0x03, 0x12, 0x8c, 0x00, 0x8e, 0xa0, 0x0d, 0x43, 0x0e, 0x43,
  0x3f, 0x40, 0x72, 0x25, 0xb0, 0x13, 0x96, 0x50, 0x21, 0x53, 0x10, 0x01,
  0xc2, 0x93, 0x20, 0x25, 0x04, 0x24, 0x1f, 0x43, 0x82, 0x93, 0x6c, 0x25,
  0x01, 0x20, 0x0f, 0x43, 0x10, 0x01, 0xc2, 0x93, 0x20, 0x25, 0x04, 0x24,
  0x1f, 0x43, 0xa2, 0x93, 0x6c, 0x25, 0x01, 0x24, 0x0f, 0x43, 0x10, 0x01,
  0x10, 0x01, 0x10, 0x01, 0x5f, 0x42, 0x98, 0x24, 0x10, 0x01, 0x1b, 0x14,
  0x0b, 0x4f, 0x0a, 0x4e, 0x0f, 0x93, 0x10, 0x24, 0x0e, 0x93, 0x0e, 0x24,
  0x3d, 0x42, 0x3e, 0x40, 0x30, 0x25, 0xb1, 0x13, 0x4c, 0x48, 0x3d, 0x42,
  0x0e, 0x4a, 0x3e, 0x52, 0x0f, 0x4b, 0x3f, 0x52, 0xb1, 0x13, 0x4c, 0x48,
  0x1f, 0x43, 0x01, 0x3c, 0x0f, 0x43, 0x1a, 0x16, 0x10, 0x01, 0xb2, 0x90,
  0x03, 0x00, 0x6c, 0x11, 0x0e, 0x38, 0x30, 0x12, 0x94, 0xe1, 0x30, 0x12,
  0x98, 0xe1, 0x30, 0x12, 0x9d, 0xe1, 0xb1, 0x13, 0x88, 0x3e, 0x31, 0x50,
  0x06, 0x00, 0x3f, 0x40, 0xac, 0xe1, 0xb1, 0x13, 0xc4, 0x47, 0xb2, 0x40,
  0xff, 0x02, 0x22, 0x26, 0x82, 0x43, 0x24, 0x26, 0x82, 0x43, 0x26, 0x26,
  0x82, 0x43, 0x28, 0x26, 0x82, 0x43, 0x2a, 0x26, 0x82, 0x43, 0x2c, 0x26,
  0x82, 0x43, 0x2e, 0x26, 0xb2, 0x40, 0x00, 0x1a, 0x30, 0x26, 0x3f, 0x40,
  0x22, 0x26, 0xb1, 0x13, 0x24, 0x1a, 0xb0, 0x13, 0x60, 0x7f, 0xb0, 0x13,
  0x80, 0xa0, 0xb0, 0x13, 0x94, 0xa6, 0xb0, 0x13, 0x50, 0x98, 0xb1, 0x13,
  0x8c, 0x2b, 0x10, 0x01, 0x1b, 0x14, 0x0b, 0x4f, 0x0a, 0x4e, 0x3d, 0x40,
  0x10, 0x00, 0x0e, 0x43, 0xb1, 0x13, 0x1c, 0x4a, 0x5d, 0x4a, 0x14, 0x00,
  0x3d, 0x50, 0x07, 0x00, 0x5d, 0x0b, 0x0e, 0x4a, 0x0f, 0x4b, 0xb1, 0x13,
  0x4c, 0x48, 0x3e, 0x40, 0xb6, 0x27, 0x0f, 0x4b, 0xb1, 0x13, 0xee, 0x1b,
  0x1a, 0x16, 0x10, 0x01, 0x3b, 0x14, 0x08, 0x4f, 0x0a, 0x4e, 0x09, 0x4d,
  0xd2, 0x93, 0x20, 0x25, 0x35, 0x20, 0xb0, 0x13, 0xcc, 0x9a, 0x0b, 0x4f,
  0x0f, 0x93, 0x30, 0x24, 0x1f, 0x92, 0xf8, 0x25, 0x02, 0x20, 0x82, 0x43,
  0xf8, 0x25, 0xb2, 0x90, 0x03, 0x00, 0x6c, 0x11, 0x0f, 0x38, 0x30, 0x12,
  0x94, 0xe1, 0x30, 0x12, 0x98, 0xe1, 0x30, 0x12, 0x9d, 0xe1, 0xb1, 0x13,
  0x88, 0x3e, 0x31, 0x50, 0x06, 0x00, 0x30, 0x12, 0xb9, 0xe1, 0xb1, 0x13,
  0x88, 0x3e, 0x21, 0x53, 0xb2, 0x90, 0x03, 0x00, 0x6c, 0x11, 0x03, 0x38,
  0x0f, 0x48, 0xb0, 0x13, 0x1a, 0x61, 0xb2, 0x90, 0x03, 0x00, 0x6c, 0x11,
  0x0b, 0x38, 0x0f, 0x4b, 0xb0, 0x13, 0xf0, 0x9a, 0x0f, 0x12, 0x09, 0x12,
  0x0a, 0x12, 0x30, 0x12, 0xc9, 0xe1, 0xb1, 0x13, 0x88, 0x3e, 0x31, 0x52,
  0xb0, 0x13, 0x0c, 0xa7, 0x38, 0x16, 0x10, 0x01, 0x3f, 0x90, 0x80, 0x00,
  0x0b, 0x38, 0x3e, 0x90, 0x80, 0x00, 0x08, 0x34, 0x3e, 0x50, 0x00, 0x01,
  0x0e, 0x8f, 0x1f, 0x43, 0x3e, 0x90, 0x11, 0x00, 0x10, 0x34, 0x06, 0x3c,
  0x0e, 0x9f, 0x06, 0x34, 0x0f, 0x8e, 0x3f, 0x90, 0x10, 0x00, 0x08, 0x38,
  0x0f, 0x43, 0x10, 0x01, 0x0f, 0x9e, 0xfc, 0x37, 0x0e, 0x8f, 0x3e, 0x90,
  0x71, 0x00, 0xf8, 0x3b, 0x1f, 0x43, 0x10, 0x01, 0x4b, 0x14, 0xc2, 0x93,
  0x20, 0x25, 0x05, 0x24, 0x57, 0x42, 0x54, 0x25, 0x47, 0x93, 0x04, 0x20,
  0x01, 0x3c, 0x47, 0x43, 0x08, 0x43, 0x02, 0x3c, 0x38, 0x40, 0x40, 0x25,
  0x47, 0x47, 0x57, 0x0b, 0x3a, 0x40, 0x3a, 0x26, 0x0b, 0x43, 0x09, 0x43,
  0x5f, 0x4a, 0x26, 0x00, 0xca, 0x93, 0x14, 0x00, 0x24, 0x24, 0x5f, 0x93,
  0x22, 0x20, 0xfa, 0x90, 0xfe, 0xff, 0x16, 0x00, 0x04, 0x20, 0xfa, 0x90,
  0x80, 0xff, 0x17, 0x00, 0x1a, 0x24, 0x08, 0x93, 0x0f, 0x24, 0x0f, 0x49,
  0x5f, 0x02, 0x0e, 0x4f, 0x5e, 0x0e, 0x0e, 0x8f, 0x3e, 0x50, 0x16, 0x00,
  0x0d, 0x47, 0x3e, 0x50, 0x3a, 0x26, 0x0f, 0x48, 0xb1, 0x13, 0x20, 0x48,
  0x0f, 0x93, 0x09, 0x20, 0x0f, 0x49, 0x5f, 0x02, 0x0b, 0x4f, 0x5b, 0x0e,
  0x0b, 0x8f, 0x3b, 0x50, 0x16, 0x00, 0x3b, 0x50, 0x3a, 0x26, 0x19, 0x53,
  0x3a, 0x50, 0x1e, 0x00, 0x39, 0x90, 0x03, 0x00, 0xd1, 0x23, 0x0f, 0x4b,
  0x47, 0x16, 0x10, 0x01, 0x0b, 0x14, 0x31, 0x50, 0xf0, 0xff, 0x0e, 0x4f,
  0x0f, 0x41, 0xb0, 0x13, 0xec, 0xa7, 0x0f, 0x41, 0xb1, 0x13, 0xbc, 0x19,
  0x0b, 0x4f, 0x0f, 0x93, 0x25, 0x24, 0xb2, 0x90, 0x03, 0x00, 0x6c, 0x11,
  0x0f, 0x38, 0x30, 0x12, 0x94, 0xe1, 0x30, 0x12, 0x98, 0xe1, 0x30, 0x12,
  0x9d, 0xe1, 0xb1, 0x13, 0x88, 0x3e, 0x31, 0x50, 0x06, 0x00, 0x30, 0x12,
  0xf1, 0xe1, 0xb1, 0x13, 0x88, 0x3e, 0x21, 0x53, 0xb2, 0x90, 0x03, 0x00,
  0x6c, 0x11, 0x03, 0x38, 0x0f, 0x41, 0xb0, 0x13, 0xe8, 0x60, 0xb2, 0x90,
  0x03, 0x00, 0x6c, 0x11, 0x04, 0x38, 0x3f, 0x40, 0x0a, 0x00, 0xb1, 0x13,
  0x8a, 0x11, 0x0f, 0x4b, 0xb1, 0x13, 0x54, 0x1b, 0xc2, 0x43, 0x54, 0x25,
  0x31, 0x50, 0x10, 0x00, 0x0b, 0x16, 0x10, 0x01, 0x2b, 0x14, 0x31, 0x50,
  0xf0, 0xff, 0x09, 0x4f, 0x0b, 0x4e, 0x4a, 0x4d, 0x0f, 0x93, 0x08, 0x24,
  0x0e, 0x93, 0x06, 0x24, 0x3e, 0x90, 0x81, 0x00, 0x03, 0x2c, 0x7d, 0xb0,
  0x40, 0x00, 0x12, 0x20, 0xa2, 0x93, 0x6c, 0x11, 0x5a, 0x38, 0x30, 0x12,
  0x94, 0xe1, 0x30, 0x12, 0x0d, 0xe2, 0x30, 0x12, 0x9d, 0xe1, 0xb1, 0x13,
  0x88, 0x3e, 0x31, 0x50, 0x06, 0x00, 0x3f, 0x40, 0x12, 0xe2, 0xb1, 0x13,
  0xc4, 0x47, 0x4b, 0x3c, 0x3d, 0x40, 0x10, 0x00, 0x0e, 0x43, 0x3f, 0x40,
  0x40, 0x25, 0xb1, 0x13, 0x1c, 0x4a, 0x0d, 0x4b, 0x3d, 0x50, 0x07, 0x00,
  0x5d, 0x0b, 0x0e, 0x49, 0x3f, 0x40, 0x40, 0x25, 0xb1, 0x13, 0x4c, 0x48,
  0xc2, 0x4b, 0x54, 0x25, 0xb2, 0x43, 0x50, 0x25, 0xb2, 0x43, 0x52, 0x25,
  0xc2, 0x4a, 0x55, 0x25, 0x3e, 0x40, 0x40, 0x25, 0x0f, 0x41, 0xb0, 0x13,
  0xec, 0xa7, 0x0f, 0x41, 0xb1, 0x13, 0xbc, 0x19, 0x0f, 0x93, 0x2b, 0x20,
  0xb2, 0x90, 0x03, 0x00, 0x6c, 0x11, 0x0f, 0x38, 0x30, 0x12, 0x94, 0xe1,
  0x30, 0x12, 0x98, 0xe1, 0x30, 0x12, 0x9d, 0xe1, 0xb1, 0x13, 0x88, 0x3e,
  0x31, 0x50, 0x06, 0x00, 0x30, 0x12, 0x40, 0xe2, 0xb1, 0x13, 0x88, 0x3e,
  0x21, 0x53, 0xb2, 0x90, 0x03, 0x00, 0x6c, 0x11, 0x03, 0x38, 0x0f, 0x41,
  0xb0, 0x13, 0xe8, 0x60, 0xb2, 0x90, 0x03, 0x00, 0x6c, 0x11, 0x04, 0x38,
  0x3f, 0x40, 0x0a, 0x00, 0xb1, 0x13, 0x8a, 0x11, 0x5c, 0x43, 0x0d, 0x43,
  0x0e, 0x43, 0x0f, 0x41, 0xb1, 0x13, 0x6c, 0x1a, 0x02, 0x3c, 0x0f, 0x43,
  0x01, 0x3c, 0x1f, 0x43, 0x31, 0x50, 0x10, 0x00, 0x29, 0x16, 0x10, 0x01,
  0x32, 0xc2, 0x03, 0x43, 0xb2, 0x40, 0x10, 0x00, 0x62, 0x01, 0x32, 0xd2,
  0x10, 0x01, 0x1f, 0x42, 0x70, 0x01, 0x1e, 0x42, 0x70, 0x01, 0x0f, 0x9e,
  0xfa, 0x23, 0x10, 0x01, 0x82, 0x4f, 0x72, 0x01, 0x10, 0x01, 0xb0, 0x13,
  0xb8, 0xaa, 0x10, 0x01, 0x1d, 0x42, 0x84, 0x1b, 0x0d, 0x93, 0x0e, 0x24,
  0x82, 0x43, 0x84, 0x1b, 0x1e, 0x4d, 0x06, 0x00, 0x0f, 0x4d, 0x5d, 0x13,
  0x02, 0x00, 0x1f, 0x42, 0x84, 0x1b, 0x0f, 0x93, 0x03, 0x24, 0x2f, 0x4f,
  0xb0, 0x13, 0xd4, 0xaa, 0x10, 0x01, 0x0b, 0x14, 0x0b, 0x4f, 0x2f, 0x4f,
  0x3f, 0x90, 0x75, 0x00, 0x23, 0x24, 0x3f, 0x90, 0x7c, 0x00, 0x52, 0x24,
  0x0f, 0x93, 0x49, 0x20, 0xb0, 0x13, 0x6e, 0x6d, 0xc2, 0x4f, 0x91, 0x28,
  0x82, 0x43, 0x86, 0x1b, 0x09, 0x3c, 0xcf, 0x43, 0x93, 0x28, 0x0e, 0x43,
  0x3f, 0x40, 0x80, 0x00, 0x5d, 0x13, 0x06, 0x00, 0x92, 0x53, 0x86, 0x1b,
  0x1f, 0x42, 0x86, 0x1b, 0x0e, 0x4f, 0x5e, 0x02, 0x1d, 0x4e, 0x2c, 0x12,
  0x0d, 0x93, 0xef, 0x23, 0xc2, 0x4f, 0x99, 0x24, 0xbb, 0x40, 0x75, 0x00,
  0x00, 0x00, 0x30, 0x3c, 0x82, 0x43, 0x88, 0x1b, 0x82, 0x43, 0x86, 0x1b,
  0x1c, 0x3c, 0xcf, 0x93, 0x93, 0x28, 0x17, 0x34, 0x5f, 0x02, 0x1d, 0x4f,
  0x2c, 0x12, 0x5e, 0x42, 0x91, 0x28, 0x0f, 0x43, 0xb0, 0x13, 0x32, 0x6e,
  0x0f, 0x93, 0x04, 0x20, 0xbb, 0x40, 0x7c, 0x00, 0x00, 0x00, 0x1a, 0x3c,
  0x1f, 0x42, 0x86, 0x1b, 0x3f, 0x50, 0x93, 0x28, 0xff, 0xf0, 0x7f, 0x00,
  0x00, 0x00, 0x92, 0x53, 0x88, 0x1b, 0x92, 0x53, 0x86, 0x1b, 0x1f, 0x42,
  0x86, 0x1b, 0x5e, 0x42, 0x99, 0x24, 0x0f, 0x9e, 0xde, 0x3b, 0x82, 0x93,
  0x88, 0x1b, 0xd6, 0x23, 0xd1, 0x3f, 0x8b, 0x43, 0x00, 0x00, 0x7f, 0x40,
  0x03, 0x00, 0x06, 0x3c, 0x5f, 0x43, 0x04, 0x3c, 0x5e, 0x92, 0x91, 0x28,
  0xfb, 0x23, 0xe0, 0x3f, 0x0b, 0x16, 0x10, 0x01, 0x5d, 0x42, 0x99, 0x24,
  0x0e, 0x43, 0x0e, 0x3c, 0x0c, 0x4e, 0x5c, 0x02, 0x8c, 0x9f, 0x2c, 0x12,
  0x08, 0x20, 0xfe, 0xd0, 0x80, 0xff, 0x93, 0x28, 0x3f, 0x40, 0xd6, 0x11,
  0xb0, 0x13, 0xc4, 0x6e, 0x10, 0x01, 0x1e, 0x53, 0x0e, 0x9d, 0xf0, 0x3b,
  0xf4, 0x3f, 0x4c, 0x4f, 0x4e, 0x4f, 0x0f, 0x4e, 0x5f, 0x06, 0x5e, 0x0e,
  0x0e, 0x8f, 0x0d, 0x4e, 0x5d, 0x0e, 0x0d, 0x8e, 0x8d, 0x43, 0xb6, 0x1b,
  0x3e, 0x40, 0x0c, 0x1d, 0x0f, 0x43, 0xce, 0x93, 0x02, 0x00, 0x05, 0x24,
  0x6c, 0x9e, 0x03, 0x20, 0xce, 0x43, 0x02, 0x00, 0x1f, 0x53, 0x3e, 0x50,
  0x72, 0x00, 0x3e, 0x90, 0x64, 0x22, 0xf3, 0x23, 0x10, 0x01, 0xd2, 0x93,
  0x8c, 0x1b, 0x02, 0x24, 0x0f, 0x43, 0x10, 0x01, 0x5f, 0x92, 0x8d, 0x1b,
  0xfb, 0x23, 0x3f, 0x40, 0x8c, 0x1b, 0x10, 0x01, 0x3f, 0x40, 0x8c, 0x1b,
  0xdf, 0x43, 0x00, 0x00, 0xcf, 0x43, 0x01, 0x00, 0xff, 0x40, 0xfd, 0xff,
  0x02, 0x00, 0xcf, 0x43, 0x03, 0x00, 0x10, 0x01, 0x5e, 0x42, 0xc4, 0x27,
  0x6f, 0x43, 0xb0, 0x13, 0x9e, 0x6a, 0x5f, 0x42, 0xc4, 0x27, 0x7f, 0x90,
  0x11, 0x00, 0x05, 0x20, 0x1e, 0x42, 0xe6, 0x27, 0x1f, 0x42, 0xe8, 0x27,
  0x0c, 0x3c, 0x7f, 0x90, 0x06, 0x00, 0x0d, 0x20, 0x1f, 0x42, 0x22, 0x24,
  0x3f, 0x50, 0x28, 0x00, 0x3f, 0x50, 0xbe, 0x27, 0x2e, 0x4f, 0x1f, 0x4f,
  0x02, 0x00, 0x0f, 0x9e, 0x12, 0x2c, 0x0e, 0x4f, 0x10, 0x3c, 0x7f, 0x90,
  0x3a, 0x00, 0x0c, 0x20, 0x1f, 0x42, 0x22, 0x24, 0x3f, 0x50, 0x28, 0x00,
  0x3f, 0x50, 0xbe, 0x27, 0x6e, 0x4f, 0x8e, 0x10, 0x5f, 0x4f, 0x01, 0x00,
  0x0e, 0xdf, 0x01, 0x3c, 0x0e, 0x43, 0x5f, 0x43, 0xb0, 0x13, 0x9e, 0x6a,
  0x10, 0x01, 0x1b, 0x14, 0x4a, 0x4f, 0x6f, 0x4d, 0x6f, 0xe3, 0xce, 0x9f,
  0x08, 0x00, 0x16, 0x20, 0xde, 0x9d, 0x01, 0x00, 0x09, 0x00, 0x12, 0x20,
  0x9e, 0x9d, 0x02, 0x00, 0x0a, 0x00, 0x0e, 0x20, 0x9e, 0x9d, 0x04, 0x00,
  0x0c, 0x00, 0x0a, 0x20, 0x9e, 0x9d, 0x06, 0x00, 0x0e, 0x00, 0x06, 0x20,
  0x4f, 0x4a, 0x7f, 0xf0, 0x0f, 0x00, 0x3e, 0x40, 0x03, 0x00, 0x28, 0x3c,
  0x1b, 0x42, 0xa0, 0x1b, 0x8e, 0x93, 0x08, 0x00, 0x17, 0x20, 0xbe, 0x90,
  0x00, 0xff, 0x0a, 0x00, 0x13, 0x20, 0xbe, 0x90, 0xfe, 0x00, 0x0c, 0x00,
  0x0f, 0x20, 0x3e, 0x50, 0x0e, 0x00, 0xeb, 0x4e, 0x00, 0x00, 0xdb, 0x4e,
  0x01, 0x00, 0x01, 0x00, 0x2b, 0x53, 0x82, 0x4b, 0xa0, 0x1b, 0x4f, 0x4a,
  0x7f, 0xf0, 0x0f, 0x00, 0x2e, 0x43, 0x0c, 0x3c, 0x3d, 0x42, 0x3e, 0x52,
  0x0f, 0x4b, 0xb1, 0x13, 0x4c, 0x48, 0x3b, 0x52, 0x82, 0x4b, 0xa0, 0x1b,
  0x4f, 0x4a, 0x7f, 0xf0, 0x0f, 0x00, 0x1e, 0x43, 0x4f, 0x93, 0x03, 0x24,
  0x7f, 0x53, 0xcf, 0x18, 0x0e, 0x5e, 0x4f, 0x4e, 0x1a, 0x16, 0x10, 0x01,
  0xd2, 0x93, 0x8c, 0x1b, 0x02, 0x24, 0x0f, 0x43, 0x10, 0x01, 0x3d, 0x42,
  0x0e, 0x4f, 0x3f, 0x40, 0x8e, 0x1b, 0xb1, 0x13, 0x20, 0x48, 0x0f, 0x93,
  0xf6, 0x23, 0x3f, 0x40, 0x8c, 0x1b, 0x10, 0x01, 0x0e, 0x43, 0x8f, 0x00,
  0x88, 0xad, 0x80, 0x13, 0x5e, 0xc9, 0xb1, 0x13, 0x62, 0x3d, 0x10, 0x01,
  0x2b, 0x14, 0x0b, 0x4e, 0x0a, 0x4d, 0x1e, 0x42, 0x8a, 0x1b, 0x0e, 0x93,
  0x03, 0x24, 0x0f, 0x4b, 0x5e, 0x13, 0x06, 0x00, 0x82, 0x4b, 0x9a, 0x1b,
  0x7f, 0x40, 0x0d, 0x00, 0xb0, 0x13, 0xc8, 0x6a, 0x09, 0x4f, 0x3e, 0x40,
  0x82, 0xc9, 0xb0, 0x13, 0x22, 0x60, 0x4f, 0x93, 0x0e, 0x20, 0x0d, 0x4a,
  0x0e, 0x4b, 0x0f, 0x49, 0xb0, 0x13, 0xf6, 0x5d, 0x0d, 0x4a, 0x0e, 0x4b,
  0x0f, 0x49, 0x80, 0x13, 0xd4, 0xc9, 0x0e, 0x4a, 0x0f, 0x4b, 0xb1, 0x13,
  0xe2, 0x14, 0x29, 0x16, 0x10, 0x01, 0x0b, 0x14, 0x19, 0x14, 0x49, 0x4f,
  0x48, 0x4e, 0xb0, 0x13, 0x56, 0x69, 0x5e, 0x42, 0x9b, 0x24, 0x0b, 0x4f,
  0x0b, 0x8e, 0x0f, 0x4b, 0x3f, 0x53, 0x3f, 0x90, 0x6e, 0x00, 0x25, 0x2c,
  0x3c, 0x40, 0x0c, 0x1d, 0x0d, 0x43, 0xcc, 0x93, 0x02, 0x00, 0x19, 0x20,
  0x0f, 0x4d, 0x5f, 0x0a, 0x0c, 0x4f, 0x5c, 0x0a, 0x0c, 0x8f, 0x0c, 0x5d,
  0x5c, 0x02, 0x0d, 0x4c, 0x3d, 0x50, 0x0c, 0x1d, 0xcd, 0x48, 0x01, 0x00,
  0xcc, 0x4b, 0x0e, 0x1d, 0xcd, 0x49, 0x00, 0x00, 0x0d, 0x4b, 0x1e, 0x52,
  0x96, 0x1b, 0x0f, 0x4c, 0x3f, 0x50, 0x0f, 0x1d, 0xb1, 0x13, 0x4c, 0x48,
  0x07, 0x3c, 0x1d, 0x53, 0x3c, 0x50, 0x72, 0x00, 0x3d, 0x90, 0x0c, 0x00,
  0xde, 0x23, 0x3b, 0x43, 0x0f, 0x4b, 0x18, 0x16, 0x0b, 0x16, 0x10, 0x01,
  0x5b, 0x14, 0x09, 0x4f, 0x07, 0x4e, 0x48, 0x4d, 0x4d, 0x93, 0x60, 0x20,
  0x38, 0x40, 0xa4, 0x1b, 0x7b, 0x43, 0x0a, 0x43, 0x88, 0x93, 0x12, 0x00,
  0x14, 0x24, 0x0e, 0x4a, 0x5e, 0x06, 0x0f, 0x4a, 0x5f, 0x0e, 0x0f, 0x8e,
  0x0d, 0x4f, 0x5d, 0x0e, 0x0d, 0x8f, 0x3d, 0x50, 0x16, 0x00, 0x0f, 0x4d,
  0x3f, 0x50, 0xa4, 0x1b, 0xb0, 0x13, 0xfc, 0xc6, 0x0f, 0x93, 0x03, 0x24,
  0x4f, 0x4a, 0xb0, 0x13, 0xf2, 0xab, 0x7b, 0x93, 0x04, 0x20, 0x88, 0x93,
  0x12, 0x00, 0x01, 0x20, 0x4b, 0x4a, 0x1a, 0x53, 0x38, 0x50, 0xb4, 0x00,
  0x2a, 0x93, 0xde, 0x23, 0x7b, 0x93, 0x15, 0x20, 0xa2, 0x93, 0x66, 0x11,
  0x01, 0x34, 0xc7, 0x3c, 0x30, 0x12, 0x6b, 0xe2, 0x30, 0x12, 0x73, 0xe2,
  0x30, 0x12, 0x78, 0xe2, 0xb1, 0x13, 0x88, 0x3e, 0x31, 0x50, 0x06, 0x00,
  0x09, 0x12, 0x30, 0x12, 0x87, 0xe2, 0xb1, 0x13, 0x88, 0x3e, 0x21, 0x52,
  0xbc, 0x3c, 0x4f, 0x4b, 0x8f, 0x11, 0x0e, 0x4f, 0x5e, 0x06, 0x5f, 0x0e,
  0x0f, 0x8e, 0x0a, 0x4f, 0x5a, 0x0e, 0x0a, 0x8f, 0x08, 0x4a, 0x38, 0x50,
  0xa4, 0x1b, 0x88, 0x47, 0x12, 0x00, 0x88, 0x49, 0x10, 0x00, 0x7f, 0x40,
  0x0c, 0x00, 0xb0, 0x13, 0xc8, 0x6a, 0x0e, 0x4f, 0x0f, 0x48, 0xb0, 0x13,
  0x1a, 0x60, 0x0f, 0x4a, 0x3f, 0x50, 0x16, 0x00, 0x3d, 0x40, 0x40, 0x00,
  0x0e, 0x43, 0x3f, 0x50, 0xa4, 0x1b, 0xb0, 0x13, 0xe0, 0xc6, 0x99, 0x3c,
  0x37, 0x40, 0xa4, 0x1b, 0x0a, 0x47, 0x0b, 0x43, 0x8a, 0x99, 0x10, 0x00,
  0x1f, 0x20, 0x8a, 0x93, 0x12, 0x00, 0x1c, 0x24, 0x7f, 0x40, 0x0c, 0x00,
  0xb0, 0x13, 0xc8, 0x6a, 0x0d, 0x4b, 0x5d, 0x06, 0x0e, 0x4b, 0x5e, 0x0e,
  0x0e, 0x8d, 0x0d, 0x4e, 0x5d, 0x0e, 0x0d, 0x8e, 0x0e, 0x4f, 0x0f, 0x4d,
  0x3f, 0x50, 0xa4, 0x1b, 0xb0, 0x13, 0x22, 0x60, 0x4f, 0x93, 0x08, 0x24,
  0x49, 0x4b, 0x4e, 0x48, 0x4f, 0x4b, 0xb0, 0x13, 0xd6, 0xad, 0x0f, 0x93,
  0x41, 0x34, 0x1a, 0x3c, 0x1b, 0x53, 0x3a, 0x50, 0xb4, 0x00, 0x2b, 0x93,
  0x6a, 0x24, 0xd8, 0x3f, 0x30, 0x12, 0x6b, 0xe2, 0x30, 0x12, 0x73, 0xe2,
  0x30, 0x12, 0x78, 0xe2, 0xb1, 0x13, 0x88, 0x3e, 0x31, 0x50, 0x06, 0x00,
  0x48, 0x48, 0x08, 0x12, 0x09, 0x12, 0x30, 0x12, 0xc3, 0xe2, 0xb1, 0x13,
  0x88, 0x3e, 0x31, 0x50, 0x06, 0x00, 0x53, 0x3c, 0x06, 0x43, 0x0a, 0x43,
  0x87, 0x93, 0x12, 0x00, 0x16, 0x24, 0x0a, 0x9b, 0x14, 0x24, 0x0f, 0x4a,
  0x5f, 0x06, 0x0e, 0x4a, 0x5e, 0x0e, 0x0e, 0x8f, 0x0f, 0x4e, 0x5f, 0x0e,
  0x0f, 0x8e, 0x3f, 0x50, 0x16, 0x00, 0x3f, 0x50, 0xa4, 0x1b, 0xb0, 0x13,
  0xfc, 0xc6, 0x0f, 0x93, 0x04, 0x24, 0x4f, 0x4a, 0xb0, 0x13, 0xf2, 0xab,
  0x06, 0x5f, 0x1a, 0x53, 0x37, 0x50, 0xb4, 0x00, 0x2a, 0x93, 0xe2, 0x23,
  0x16, 0x93, 0x14, 0x38, 0x4e, 0x48, 0x4f, 0x49, 0xb0, 0x13, 0xd6, 0xad,
  0x1f, 0x93, 0x0e, 0x38, 0x0e, 0x4b, 0x5e, 0x06, 0x0d, 0x4b, 0x5d, 0x0e,
  0x0d, 0x8e, 0x0e, 0x4d, 0x5e, 0x0e, 0x0e, 0x8d, 0x3e, 0x50, 0xa4, 0x1b,
  0x8e, 0x5f, 0x14, 0x00, 0x4b, 0x4b, 0x23, 0x3c, 0xa2, 0x93, 0x66, 0x11,
  0x1a, 0x38, 0x30, 0x12, 0x6b, 0xe2, 0x30, 0x12, 0x73, 0xe2, 0x30, 0x12,
  0x78, 0xe2, 0xb1, 0x13, 0x88, 0x3e, 0x31, 0x50, 0x06, 0x00, 0x0f, 0x4b,
  0x5f, 0x06, 0x5b, 0x0e, 0x0b, 0x8f, 0x0f, 0x4b, 0x5f, 0x0e, 0x0f, 0x8b,
  0x3f, 0x50, 0xa4, 0x1b, 0x1f, 0x12, 0x10, 0x00, 0x30, 0x12, 0x19, 0xe3,
  0xb1, 0x13, 0x88, 0x3e, 0x21, 0x52, 0x7b, 0x43, 0x04, 0x3c, 0xa2, 0x93,
  0x66, 0x11, 0x94, 0x37, 0xfa, 0x3f, 0x4f, 0x4b, 0x56, 0x16, 0x10, 0x01,
  0x5b, 0x14, 0x21, 0x83, 0x0a, 0x4f, 0x07, 0x4c, 0x4b, 0x4d, 0x5b, 0x0f,
  0x49, 0x4d, 0x79, 0xf0, 0x0f, 0x00, 0x7b, 0x90, 0x0f, 0x00, 0x02, 0x20,
  0x7b, 0x40, 0x10, 0x00, 0x79, 0x90, 0x0f, 0x00, 0x02, 0x20, 0x79, 0x40,
  0x10, 0x00, 0xa2, 0x92, 0x66, 0x11, 0x17, 0x38, 0x30, 0x12, 0x6b, 0xe2,
  0x30, 0x12, 0x66, 0xe3, 0x30, 0x12, 0x78, 0xe2, 0x81, 0x4e, 0x06, 0x00,
  0xb1, 0x13, 0x88, 0x3e, 0x31, 0x50, 0x06, 0x00, 0x4f, 0x49, 0x0f, 0x12,
  0x4f, 0x4b, 0x0f, 0x12, 0x30, 0x12, 0x6a, 0xe3, 0xb1, 0x13, 0x88, 0x3e,
  0x31, 0x50, 0x06, 0x00, 0x2e, 0x41, 0x4b, 0x93, 0x06, 0x24, 0x0d, 0x4b,
  0x3d, 0xf0, 0x1f, 0x00, 0x0f, 0x4a, 0xb1, 0x13, 0x4c, 0x48, 0x4f, 0x4b,
  0x46, 0x49, 0x08, 0x4f, 0x08, 0x56, 0x38, 0x90, 0x10, 0x00, 0x07, 0x34,
  0x3d, 0x40, 0x10, 0x00, 0x0d, 0x88, 0x0e, 0x43, 0x0f, 0x5a, 0xb1, 0x13,
  0x1c, 0x4a, 0x49, 0x93, 0x19, 0x24, 0x47, 0x49, 0x18, 0x42, 0xa0, 0x1b,
  0x0f, 0x4a, 0x0f, 0x86, 0x0d, 0x47, 0x0e, 0x48, 0x3f, 0x50, 0x10, 0x00,
  0xb1, 0x13, 0x4c, 0x48, 0x69, 0x93, 0x08, 0x20, 0x7b, 0x90, 0x0b, 0x00,
  0x05, 0x2c, 0xfa, 0x43, 0x0b, 0x00, 0xfa, 0x40, 0xfe, 0xff, 0x0c, 0x00,
  0x08, 0x57, 0x82, 0x48, 0xa0, 0x1b, 0x06, 0x3c, 0x4b, 0x93, 0x04, 0x24,
  0x0e, 0x47, 0x0f, 0x4a, 0xb1, 0x13, 0xee, 0x1b, 0xa2, 0x92, 0x66, 0x11,
  0x03, 0x38, 0x0f, 0x4a, 0xb0, 0x13, 0xe8, 0x60, 0xa2, 0x92, 0x66, 0x11,
  0x04, 0x38, 0x3f, 0x40, 0x0a, 0x00, 0xb1, 0x13, 0x8a, 0x11, 0x21, 0x53,
  0x56, 0x16, 0x10, 0x01, 0x1b, 0x14, 0x1b, 0x42, 0x9e, 0x1b, 0x5a, 0x42,
  0x9b, 0x24, 0x0d, 0x4b, 0x0e, 0x4f, 0x3e, 0x50, 0xbe, 0x27, 0x1f, 0x42,
  0x96, 0x1b, 0x0f, 0x5a, 0xb1, 0x13, 0x4c, 0x48, 0x0f, 0x4b, 0x0f, 0x5a,
  0xb0, 0x13, 0x4a, 0x69, 0xb0, 0x13, 0xf8, 0x6e, 0x0b, 0x4f, 0x0f, 0x93,
  0x14, 0x20, 0xa2, 0x93, 0x66, 0x11, 0x01, 0x34, 0x0e, 0x3c, 0x30, 0x12,
  0x6b, 0xe2, 0x30, 0x12, 0x73, 0xe2, 0x30, 0x12, 0x78, 0xe2, 0xb1, 0x13,
  0x88, 0x3e, 0x31, 0x50, 0x06, 0x00, 0x3f, 0x40, 0x88, 0xe3, 0xb1, 0x13,
  0xc4, 0x47, 0x0f, 0x43, 0x1f, 0x3c, 0xb0, 0x13, 0x78, 0xad, 0x0f, 0x4b,
  0xb0, 0x13, 0x82, 0x6f, 0x0f, 0x4b, 0xb0, 0x13, 0x58, 0x6f, 0x1f, 0x42,
  0x9a, 0x1b, 0x1f, 0x93, 0x02, 0x24, 0x2f, 0x92, 0x10, 0x38, 0x92, 0x93,
  0x66, 0x11, 0xed, 0x3b, 0x30, 0x12, 0x6b, 0xe2, 0x30, 0x12, 0xbf, 0xe3,
  0x30, 0x12, 0x78, 0xe2, 0xb1, 0x13, 0x88, 0x3e, 0x31, 0x50, 0x06, 0x00,
  0x3f, 0x40, 0xc3, 0xe3, 0xde, 0x3f, 0x1f, 0x43, 0x1a, 0x16, 0x10, 0x01,
  0x7b, 0x14, 0x31, 0x50, 0xfa, 0xff, 0x0b, 0x4f, 0xc2, 0x43, 0x9a, 0x24,
  0xc2, 0x43, 0x9b, 0x24, 0xb0, 0x13, 0x1c, 0x6a, 0xb0, 0x13, 0x66, 0x69,
  0x82, 0x4f, 0x96, 0x1b, 0x82, 0x93, 0x8a, 0x1b, 0x02, 0x24, 0xb0, 0x13,
  0x58, 0xac, 0xb2, 0x90, 0x03, 0x00, 0x66, 0x11, 0x11, 0x38, 0x30, 0x12,
  0x6b, 0xe2, 0x30, 0x12, 0x00, 0xe4, 0x30, 0x12, 0x78, 0xe2, 0xb1, 0x13,
  0x88, 0x3e, 0x31, 0x50, 0x06, 0x00, 0x12, 0x12, 0xb2, 0x27, 0x30, 0x12,
  0x05, 0xe4, 0xb1, 0x13, 0x88, 0x3e, 0x21, 0x52, 0x6f, 0x42, 0xb1, 0x13,
  0xd6, 0x3b, 0x0e, 0x4f, 0x7f, 0x40, 0x05, 0x00, 0xb0, 0x13, 0x9e, 0x6a,
  0x0b, 0x93, 0x02, 0x20, 0x3b, 0x40, 0x82, 0xc9, 0x0e, 0x4b, 0x7f, 0x40,
  0x0d, 0x00, 0xb0, 0x13, 0xb4, 0x6a, 0x80, 0x13, 0x6e, 0xc9, 0x82, 0x4f,
  0x98, 0x1b, 0x1f, 0x93, 0x13, 0x34, 0xa2, 0x93, 0x66, 0x11, 0x02, 0x34,
  0x80, 0x00, 0xac, 0xbf, 0x30, 0x12, 0x6b, 0xe2, 0x30, 0x12, 0x73, 0xe2,
  0x30, 0x12, 0x78, 0xe2, 0xb1, 0x13, 0x88, 0x3e, 0x31, 0x50, 0x06, 0x00,
  0x3f, 0x40, 0x2e, 0xe4, 0x80, 0x00, 0x14, 0xbe, 0xa2, 0x92, 0x66, 0x11,
  0x2e, 0x38, 0x30, 0x12, 0x6b, 0xe2, 0x30, 0x12, 0x66, 0xe3, 0x30, 0x12,
  0x78, 0xe2, 0xb1, 0x13, 0x88, 0x3e, 0x31, 0x50, 0x06, 0x00, 0x5f, 0x42,
  0xc3, 0x27, 0x0f, 0x12, 0x30, 0x12, 0x69, 0xe4, 0xb1, 0x13, 0x88, 0x3e,
  0x21, 0x52, 0x0b, 0x43, 0x0d, 0x3c, 0x5f, 0x4b, 0xbe, 0x27, 0xa2, 0x92,
  0x66, 0x11, 0x07, 0x38, 0x4f, 0x4f, 0x0f, 0x12, 0x30, 0x12, 0x84, 0xe4,
  0xb1, 0x13, 0x88, 0x3e, 0x21, 0x52, 0x1b, 0x53, 0x5f, 0x42, 0xc3, 0x27,
  0x3f, 0x50, 0x28, 0x00, 0x0b, 0x9f, 0xed, 0x2b, 0xa2, 0x92, 0x66, 0x11,
  0x04, 0x38, 0x3f, 0x40, 0x0a, 0x00, 0xb1, 0x13, 0x8a, 0x11, 0x1e, 0x42,
  0x96, 0x1b, 0x5f, 0x42, 0x9b, 0x24, 0x2f, 0x53, 0x0f, 0x5e, 0x82, 0x4f,
  0xa0, 0x1b, 0x0d, 0x4f, 0x3d, 0x50, 0x26, 0x00, 0x1e, 0x52, 0x98, 0x1b,
  0x0d, 0x9e, 0x1a, 0x28, 0xa2, 0x93, 0x66, 0x11, 0x02, 0x34, 0x80, 0x00,
  0xac, 0xbf, 0x30, 0x12, 0x6b, 0xe2, 0x30, 0x12, 0x73, 0xe2, 0x30, 0x12,
  0x78, 0xe2, 0xb1, 0x13, 0x88, 0x3e, 0x31, 0x50, 0x06, 0x00, 0x1f, 0x42,
  0x96, 0x1b, 0x1f, 0x52, 0x98, 0x1b, 0x1f, 0x82, 0xa0, 0x1b, 0x0f, 0x12,
  0x30, 0x12, 0x26, 0x00, 0x80, 0x00, 0xae, 0xbb, 0xcf, 0x43, 0x00, 0x00,
  0x3f, 0x40, 0xd6, 0x27, 0xb0, 0x13, 0x58, 0xad, 0x0f, 0x93, 0x06, 0x20,
  0x3f, 0x40, 0xc6, 0x27, 0xb0, 0x13, 0x58, 0xad, 0x0f, 0x93, 0x16, 0x24,
  0xa2, 0x92, 0x66, 0x11, 0x0e, 0x38, 0x30, 0x12, 0x6b, 0xe2, 0x30, 0x12,
  0x66, 0xe3, 0x30, 0x12, 0x78, 0xe2, 0xb1, 0x13, 0x88, 0x3e, 0x31, 0x50,
  0x06, 0x00, 0x3f, 0x40, 0xd7, 0xe4, 0xb1, 0x13, 0xc4, 0x47, 0x92, 0x53,
  0xa0, 0x1b, 0x7b, 0x40, 0x80, 0xff, 0x01, 0x3c, 0x4b, 0x43, 0x5d, 0x42,
  0xbe, 0x27, 0x5f, 0x42, 0xbf, 0x27, 0x4e, 0x4d, 0x5e, 0x0e, 0x49, 0x4f,
  0x59, 0x0f, 0x4e, 0xd9, 0x49, 0x4e, 0x0e, 0x49, 0x5e, 0x0e, 0x5e, 0x06,
  0x59, 0x07, 0x49, 0xde, 0x4e, 0x4f, 0x7e, 0xf0, 0x0f, 0x00, 0x7d, 0xf0,
  0x0f, 0x00, 0x4e, 0x93, 0x12, 0x20, 0x82, 0x93, 0xc0, 0x27, 0x0f, 0x20,
  0x4d, 0x93, 0x03, 0x20, 0x7f, 0xb0, 0xf0, 0xff, 0x33, 0x24, 0x1f, 0x42,
  0xa0, 0x1b, 0xcf, 0x49, 0x00, 0x00, 0x1f, 0x53, 0x82, 0x4f, 0xa0, 0x1b,
  0x7a, 0x40, 0x70, 0x00, 0x2b, 0x3c, 0x1a, 0x42, 0xa0, 0x1b, 0x4d, 0x93,
  0x17, 0x20, 0x7f, 0xb0, 0xf0, 0xff, 0x14, 0x20, 0x79, 0xf0, 0xc0, 0xff,
  0x49, 0xde, 0xca, 0x49, 0x00, 0x00, 0x0f, 0x4a, 0x1f, 0x53, 0xdf, 0x42,
  0xc0, 0x27, 0x00, 0x00, 0xdf, 0x42, 0xc1, 0x27, 0x01, 0x00, 0x3a, 0x50,
  0x03, 0x00, 0x82, 0x4a, 0xa0, 0x1b, 0x7a, 0x40, 0x68, 0x00, 0x10, 0x3c,
  0x2d, 0x42, 0x3e, 0x40, 0xbe, 0x27, 0x0f, 0x4a, 0xb1, 0x13, 0x4c, 0x48,
  0xca, 0x49, 0x00, 0x00, 0x2a, 0x52, 0x82, 0x4a, 0xa0, 0x1b, 0x7a, 0x40,
  0x60, 0x00, 0x02, 0x3c, 0x7a, 0x40, 0x78, 0x00, 0x5f, 0x42, 0xc4, 0x27,
  0x7f, 0x90, 0x11, 0x00, 0x0b, 0x24, 0x4f, 0x93, 0x09, 0x24, 0x7f, 0x90,
  0x3c, 0x00, 0x06, 0x24, 0x7f, 0x90, 0x2b, 0x00, 0x03, 0x24, 0x7f, 0x90,
  0x2c, 0x00, 0x01, 0x20, 0x6a, 0xd2, 0x6a, 0xb2, 0x07, 0x20, 0x1e, 0x42,
  0xa0, 0x1b, 0xce, 0x4f, 0x00, 0x00, 0x1e, 0x53, 0x82, 0x4e, 0xa0, 0x1b,
  0x5f, 0x42, 0xc5, 0x27, 0x7f, 0x90, 0x40, 0x00, 0x06, 0x24, 0x7f, 0x93,
  0x06, 0x24, 0x5f, 0x93, 0x07, 0x20, 0x5a, 0xd3, 0x0c, 0x3c, 0x6a, 0xd3,
  0x0a, 0x3c, 0x7a, 0xd0, 0x03, 0x00, 0x07, 0x3c, 0x1e, 0x42, 0xa0, 0x1b,
  0xce, 0x4f, 0x00, 0x00, 0x1e, 0x53, 0x82, 0x4e, 0xa0, 0x1b, 0x82, 0x93,
  0xc6, 0x27, 0x29, 0x20, 0x82, 0x93, 0xc8, 0x27, 0x26, 0x20, 0x82, 0x93,
  0xca, 0x27, 0x23, 0x20, 0x82, 0x93, 0xcc, 0x27, 0x20, 0x20, 0x82, 0x93,
  0xce, 0x27, 0x1d, 0x20, 0x82, 0x93, 0xd0, 0x27, 0x1a, 0x20, 0x82, 0x93,
  0xd2, 0x27, 0x17, 0x20, 0x82, 0x93, 0xd4, 0x27, 0x14, 0x20, 0xa2, 0x92,
  0x66, 0x11, 0x0e, 0x38, 0x30, 0x12, 0x6b, 0xe2, 0x30, 0x12, 0x66, 0xe3,
  0x30, 0x12, 0x78, 0xe2, 0xb1, 0x13, 0x88, 0x3e, 0x31, 0x50, 0x06, 0x00,
  0x3f, 0x40, 0x05, 0xe5, 0xb1, 0x13, 0xc4, 0x47, 0x7b, 0xd0, 0x40, 0x00,
  0x59, 0x3c, 0x3f, 0x40, 0xc6, 0x27, 0xb0, 0x13, 0x58, 0xad, 0x82, 0x4f,
  0xa2, 0x1b, 0x0f, 0x93, 0x2e, 0x24, 0xa2, 0x92, 0x66, 0x11, 0x14, 0x38,
  0x30, 0x12, 0x6b, 0xe2, 0x30, 0x12, 0x66, 0xe3, 0x30, 0x12, 0x78, 0xe2,
  0xb1, 0x13, 0x88, 0x3e, 0x31, 0x50, 0x06, 0x00, 0x1f, 0x42, 0xa2, 0x1b,
  0x5f, 0x4f, 0x01, 0x00, 0x0f, 0x12, 0x30, 0x12, 0x31, 0xe5, 0xb1, 0x13,
  0x88, 0x3e, 0x21, 0x52, 0x5f, 0x42, 0x9b, 0x24, 0x2f, 0x53, 0x1f, 0x52,
  0x96, 0x1b, 0x1e, 0x42, 0xa2, 0x1b, 0x5e, 0x4e, 0x01, 0x00, 0x5e, 0x0e,
  0xcf, 0xde, 0x00, 0x00, 0x3d, 0x40, 0xb6, 0x27, 0x3e, 0x40, 0xc6, 0x27,
  0x6f, 0x42, 0xb0, 0x13, 0xbe, 0xac, 0x4b, 0x4f, 0x7b, 0xd0, 0xc0, 0xff,
  0x23, 0x3c, 0xb2, 0x90, 0xfe, 0x80, 0xc6, 0x27, 0x12, 0x20, 0x82, 0x93,
  0xd8, 0x27, 0x0f, 0x20, 0x82, 0x93, 0xda, 0x27, 0x0c, 0x20, 0x82, 0x93,
  0xdc, 0x27, 0x09, 0x20, 0x3d, 0x40, 0xb6, 0x27, 0x3e, 0x40, 0xc6, 0x27,
  0x6f, 0x42, 0xb0, 0x13, 0xbe, 0xac, 0x4b, 0xdf, 0x0d, 0x3c, 0x19, 0x42,
  0xa0, 0x1b, 0x3d, 0x40, 0x10, 0x00, 0x3e, 0x40, 0xc6, 0x27, 0x0f, 0x49,
  0xb1, 0x13, 0x4c, 0x48, 0x39, 0x50, 0x10, 0x00, 0x82, 0x49, 0xa0, 0x1b,
  0xf2, 0x93, 0xd6, 0x27, 0x6e, 0x20, 0x49, 0x4b, 0x79, 0xd2, 0x5f, 0x42,
  0xd7, 0x27, 0x6f, 0x93, 0x20, 0x20, 0x82, 0x93, 0xd8, 0x27, 0x1d, 0x20,
  0x82, 0x93, 0xda, 0x27, 0x1a, 0x20, 0x82, 0x93, 0xdc, 0x27, 0x17, 0x20,
  0x82, 0x93, 0xde, 0x27, 0x14, 0x20, 0x82, 0x93, 0xe0, 0x27, 0x11, 0x20,
  0x82, 0x93, 0xe2, 0x27, 0x0e, 0x20, 0xc2, 0x93, 0xe4, 0x27, 0x0b, 0x20,
  0x7b, 0xd0, 0x0b, 0x00, 0x1f, 0x42, 0xa0, 0x1b, 0xdf, 0x42, 0xe5, 0x27,
  0x00, 0x00, 0x1f, 0x53, 0x82, 0x4f, 0xa0, 0x1b, 0x80, 0x3c, 0x82, 0x93,
  0xd8, 0x27, 0x36, 0x20, 0x82, 0x93, 0xda, 0x27, 0x33, 0x20, 0x82, 0x93,
  0xdc, 0x27, 0x30, 0x20, 0x82, 0x93, 0xde, 0x27, 0x16, 0x20, 0x82, 0x93,
  0xe0, 0x27, 0x13, 0x20, 0xc2, 0x93, 0xe2, 0x27, 0x10, 0x20, 0x7b, 0xd0,
  0x0a, 0x00, 0x19, 0x42, 0xa0, 0x1b, 0xc9, 0x4f, 0x00, 0x00, 0x3d, 0x40,
  0x03, 0x00, 0x3e, 0x40, 0xe3, 0x27, 0x0f, 0x49, 0x1f, 0x53, 0xb1, 0x13,
  0x4c, 0x48, 0x29, 0x52, 0x5c, 0x3c, 0x82, 0x93, 0xde, 0x27, 0x14, 0x20,
  0xc2, 0x93, 0xe0, 0x27, 0x11, 0x20, 0x7b, 0xd0, 0x09, 0x00, 0x19, 0x42,
  0xa0, 0x1b, 0xc9, 0x4f, 0x00, 0x00, 0x3d, 0x40, 0x05, 0x00, 0x3e, 0x40,
  0xe1, 0x27, 0x0f, 0x49, 0x1f, 0x53, 0xb1, 0x13, 0x4c, 0x48, 0x39, 0x50,
  0x06, 0x00, 0x45, 0x3c, 0x1b, 0x42, 0xa0, 0x1b, 0x3d, 0x40, 0x10, 0x00,
  0x3e, 0x40, 0xd6, 0x27, 0x0f, 0x4b, 0xb1, 0x13, 0x4c, 0x48, 0x3b, 0x50,
  0x10, 0x00, 0x82, 0x4b, 0xa0, 0x1b, 0x4b, 0x49, 0x38, 0x3c, 0x3f, 0x40,
  0xd6, 0x27, 0xb0, 0x13, 0x58, 0xad, 0x82, 0x4f, 0xa2, 0x1b, 0x0f, 0x93,
  0x0a, 0x24, 0x6b, 0xd2, 0x5e, 0x42, 0x9b, 0x24, 0x2e, 0x53, 0x1e, 0x52,
  0x96, 0x1b, 0xde, 0xdf, 0x01, 0x00, 0x00, 0x00, 0x0d, 0x3c, 0xb2, 0x90,
  0xfe, 0x80, 0xd6, 0x27, 0x15, 0x20, 0x82, 0x93, 0xd8, 0x27, 0x12, 0x20,
  0x82, 0x93, 0xda, 0x27, 0x0f, 0x20, 0x82, 0x93, 0xdc, 0x27, 0x0c, 0x20,
  0x7f, 0x40, 0x0d, 0x00, 0xb0, 0x13, 0xc8, 0x6a, 0x0d, 0x4f, 0x3e, 0x40,
  0xd6, 0x27, 0x4f, 0x43, 0xb0, 0x13, 0xbe, 0xac, 0x4b, 0xdf, 0x0d, 0x3c,
  0x19, 0x42, 0xa0, 0x1b, 0x3d, 0x40, 0x10, 0x00, 0x3e, 0x40, 0xd6, 0x27,
  0x0f, 0x49, 0xb1, 0x13, 0x4c, 0x48, 0x39, 0x50, 0x10, 0x00, 0x82, 0x49,
  0xa0, 0x1b, 0xf2, 0x40, 0x28, 0x00, 0x9a, 0x24, 0x18, 0x42, 0xa0, 0x1b,
  0xa2, 0x92, 0x66, 0x11, 0x12, 0x38, 0x30, 0x12, 0x6b, 0xe2, 0x30, 0x12,
  0x66, 0xe3, 0x30, 0x12, 0x78, 0xe2, 0xb1, 0x13, 0x88, 0x3e, 0x31, 0x50,
  0x06, 0x00, 0x5f, 0x42, 0xc4, 0x27, 0x0f, 0x12, 0x30, 0x12, 0x6c, 0xe5,
  0xb1, 0x13, 0x88, 0x3e, 0x21, 0x52, 0x81, 0x43, 0x02, 0x00, 0x37, 0x40,
  0xc4, 0x27, 0x80, 0x00, 0x04, 0xbc, 0xa2, 0x92, 0x66, 0x11, 0x11, 0x38,
  0x30, 0x12, 0x6b, 0xe2, 0x30, 0x12, 0x66, 0xe3, 0x30, 0x12, 0x78, 0xe2,
  0xb1, 0x13, 0x88, 0x3e, 0x31, 0x50, 0x06, 0x00, 0x6f, 0x47, 0x0f, 0x12,
  0x30, 0x12, 0x8b, 0xe5, 0xb1, 0x13, 0x88, 0x3e, 0x21, 0x52, 0x6f, 0x47,
  0x7f, 0x90, 0x2b, 0x00, 0x02, 0x20, 0x80, 0x00, 0x98, 0xbf, 0x7f, 0x90,
  0x2c, 0x00, 0x08, 0x2c, 0x4f, 0x93, 0x0f, 0x24, 0x7f, 0x90, 0x11, 0x00,
  0x02, 0x24, 0x80, 0x00, 0xd6, 0xbb, 0xbd, 0x3c, 0x7f, 0x90, 0x2c, 0x00,
  0x0a, 0x24, 0x7f, 0x90, 0x3c, 0x00, 0x02, 0x24, 0x80, 0x00, 0xd6, 0xbb,
  0x02, 0x3c, 0x06, 0x43, 0x03, 0x3c, 0x36, 0x43, 0x01, 0x3c, 0x26, 0x43,
  0x14, 0x41, 0x02, 0x00, 0x34, 0x50, 0x28, 0x00, 0x05, 0x44, 0x35, 0x50,
  0xbe, 0x27, 0x36, 0x93, 0x02, 0x20, 0x36, 0x40, 0x03, 0x00, 0x59, 0x45,
  0x01, 0x00, 0x59, 0x0a, 0x39, 0x52, 0xa2, 0x92, 0x66, 0x11, 0x13, 0x38,
  0x30, 0x12, 0x6b, 0xe2, 0x30, 0x12, 0x66, 0xe3, 0x30, 0x12, 0x78, 0xe2,
  0xb1, 0x13, 0x88, 0x3e, 0x31, 0x50, 0x06, 0x00, 0x09, 0x12, 0x6f, 0x47,
  0x0f, 0x12, 0x30, 0x12, 0xa9, 0xe5, 0xb1, 0x13, 0x88, 0x3e, 0x31, 0x50,
  0x06, 0x00, 0x07, 0x45, 0x5f, 0x44, 0xbe, 0x27, 0x7f, 0x90, 0x11, 0x00,
  0x2b, 0x24, 0x4f, 0x93, 0x29, 0x24, 0x7f, 0x90, 0x3c, 0x00, 0x26, 0x24,
  0x7f, 0x90, 0x2b, 0x00, 0x23, 0x24, 0x7f, 0x90, 0x2c, 0x00, 0x20, 0x24,
  0x1f, 0x42, 0xa0, 0x1b, 0x1f, 0x53, 0x1e, 0x42, 0x96, 0x1b, 0x1e, 0x52,
  0x98, 0x1b, 0x0f, 0x9e, 0x01, 0x28, 0xd3, 0x3c, 0x82, 0x4f, 0xa0, 0x1b,
  0xa2, 0x92, 0x66, 0x11, 0x11, 0x38, 0x30, 0x12, 0x6b, 0xe2, 0x30, 0x12,
  0x66, 0xe3, 0x30, 0x12, 0x78, 0xe2, 0xb1, 0x13, 0x88, 0x3e, 0x31, 0x50,
  0x06, 0x00, 0x6f, 0x45, 0x0f, 0x12, 0x30, 0x12, 0xcf, 0xe5, 0xb1, 0x13,
  0x88, 0x3e, 0x21, 0x52, 0x1c, 0x42, 0xa0, 0x1b, 0x0d, 0x4c, 0x0d, 0x59,
  0x81, 0x4d, 0x00, 0x00, 0x1f, 0x42, 0x96, 0x1b, 0x1f, 0x52, 0x98, 0x1b,
  0x0d, 0x9f, 0x19, 0x28, 0xa2, 0x93, 0x66, 0x11, 0x02, 0x34, 0x80, 0x00,
  0xac, 0xbf, 0x30, 0x12, 0x6b, 0xe2, 0x30, 0x12, 0x73, 0xe2, 0x30, 0x12,
  0x78, 0xe2, 0xb1, 0x13, 0x88, 0x3e, 0x31, 0x50, 0x06, 0x00, 0x1f, 0x42,
  0x96, 0x1b, 0x1f, 0x52, 0x98, 0x1b, 0x1f, 0x82, 0xa0, 0x1b, 0x0f, 0x12,
  0x09, 0x12, 0x80, 0x00, 0xae, 0xbb, 0x0d, 0x49, 0x0e, 0x45, 0x0f, 0x4c,
  0x81, 0x4c, 0x04, 0x00, 0xb1, 0x13, 0x4c, 0x48, 0x4f, 0x49, 0x1c, 0x41,
  0x04, 0x00, 0x4e, 0x4f, 0x6e, 0x83, 0xcc, 0x4e, 0x01, 0x00, 0x81, 0x59,
  0x02, 0x00, 0xa2, 0x41, 0xa0, 0x1b, 0xc2, 0x5f, 0x9a, 0x24, 0x5e, 0x44,
  0xbe, 0x27, 0x7e, 0x90, 0x11, 0x00, 0x0e, 0x24, 0x4e, 0x93, 0x0c, 0x24,
  0x7e, 0x90, 0x3c, 0x00, 0x09, 0x24, 0x1f, 0x43, 0x7e, 0x90, 0x2b, 0x00,
  0x06, 0x24, 0x7e, 0x90, 0x2c, 0x00, 0x03, 0x24, 0x0f, 0x43, 0x01, 0x3c,
  0x1f, 0x43, 0x3f, 0xd0, 0xe0, 0xff, 0x56, 0x02, 0x4f, 0xd6, 0xc8, 0x4f,
  0x00, 0x00, 0x05, 0x93, 0x02, 0x24, 0x80, 0x00, 0x02, 0xbc, 0x80, 0x00,
  0x5c, 0xbc, 0x92, 0x53, 0xa0, 0x1b, 0x19, 0x41, 0x02, 0x00, 0x39, 0x50,
  0x28, 0x00, 0x39, 0x50, 0xbe, 0x27, 0xa2, 0x92, 0x66, 0x11, 0x21, 0x38,
  0x30, 0x12, 0x6b, 0xe2, 0x30, 0x12, 0x66, 0xe3, 0x30, 0x12, 0x78, 0xe2,
  0xb1, 0x13, 0x88, 0x3e, 0x31, 0x50, 0x06, 0x00, 0x1e, 0x49, 0x02, 0x00,
  0x0f, 0x4e, 0x8f, 0x10, 0x4f, 0x4f, 0x4e, 0x4e, 0x8e, 0x10, 0x0f, 0xde,
  0x0f, 0x12, 0x2e, 0x49, 0x0f, 0x4e, 0x8f, 0x10, 0x4f, 0x4f, 0x4e, 0x4e,
  0x8e, 0x10, 0x0f, 0xde, 0x0f, 0x12, 0x30, 0x12, 0x09, 0xe6, 0xb1, 0x13,
  0x88, 0x3e, 0x31, 0x50, 0x06, 0x00, 0x2f, 0x49, 0x0e, 0x4f, 0x8e, 0x10,
  0x4e, 0x4e, 0x4f, 0x4f, 0x8f, 0x10, 0x0f, 0xde, 0x0e, 0x4f, 0x3e, 0xf0,
  0xf0, 0xff, 0x3e, 0x90, 0xb0, 0xf0, 0x53, 0x20, 0x1d, 0x49, 0x02, 0x00,
  0x0e, 0x4d, 0x8e, 0x10, 0x4e, 0x4e, 0x4d, 0x4d, 0x8d, 0x10, 0x0e, 0xdd,
  0x3e, 0xf0, 0xf0, 0xff, 0x3e, 0x90, 0xb0, 0xf0, 0x46, 0x20, 0xf8, 0x40,
  0xf3, 0xff, 0x00, 0x00, 0xa2, 0x92, 0x66, 0x11, 0x0e, 0x38, 0x30, 0x12,
  0x6b, 0xe2, 0x30, 0x12, 0x66, 0xe3, 0x30, 0x12, 0x78, 0xe2, 0xb1, 0x13,
  0x88, 0x3e, 0x31, 0x50, 0x06, 0x00, 0x3f, 0x40, 0x3e, 0xe6, 0xb1, 0x13,
  0xc4, 0x47, 0x1d, 0x42, 0xa0, 0x1b, 0x0e, 0x4d, 0x1e, 0x53, 0x1f, 0x42,
  0x96, 0x1b, 0x1f, 0x52, 0x98, 0x1b, 0x0e, 0x9f, 0x19, 0x28, 0xa2, 0x93,
  0x66, 0x11, 0x02, 0x34, 0x80, 0x00, 0xac, 0xbf, 0x30, 0x12, 0x6b, 0xe2,
  0x30, 0x12, 0x73, 0xe2, 0x30, 0x12, 0x78, 0xe2, 0xb1, 0x13, 0x88, 0x3e,
  0x31, 0x50, 0x06, 0x00, 0x1f, 0x42, 0x96, 0x1b, 0x1f, 0x52, 0x98, 0x1b,
  0x1f, 0x82, 0xa0, 0x1b, 0x0f, 0x12, 0x13, 0x12, 0x80, 0x00, 0xae, 0xbb,
  0x1c, 0x49, 0x02, 0x00, 0x8c, 0x10, 0x7c, 0x50, 0x50, 0x00, 0x2f, 0x49,
  0x8f, 0x10, 0x7f, 0x50, 0x50, 0x00, 0x4f, 0x4f, 0x5f, 0x0e, 0x4c, 0x5f,
  0xcd, 0x4c, 0x00, 0x00, 0x32, 0x3c, 0x5e, 0x49, 0x02, 0x00, 0x8e, 0x10,
  0x3e, 0xf0, 0x00, 0xff, 0x3e, 0x90, 0x00, 0xf0, 0x2d, 0x20, 0xf8, 0x40,
  0xf1, 0xff, 0x00, 0x00, 0xa2, 0x92, 0x66, 0x11, 0x0e, 0x38, 0x30, 0x12,
  0x6b, 0xe2, 0x30, 0x12, 0x66, 0xe3, 0x30, 0x12, 0x78, 0xe2, 0xb1, 0x13,
  0x88, 0x3e, 0x31, 0x50, 0x06, 0x00, 0x3f, 0x40, 0x78, 0xe6, 0xb1, 0x13,
  0xc4, 0x47, 0x1f, 0x42, 0xa0, 0x1b, 0x0e, 0x4f, 0x3e, 0x50, 0x03, 0x00,
  0x1d, 0x42, 0x96, 0x1b, 0x1d, 0x52, 0x98, 0x1b, 0x0e, 0x9d, 0x01, 0x28,
  0x34, 0x3c, 0xef, 0x49, 0x00, 0x00, 0xdf, 0x49, 0x01, 0x00, 0x01, 0x00,
  0x1d, 0x49, 0x02, 0x00, 0x8d, 0x10, 0xcf, 0x4d, 0x02, 0x00, 0x82, 0x4e,
  0xa0, 0x1b, 0x8a, 0x3c, 0x3f, 0xf0, 0x00, 0xff, 0x3f, 0x90, 0x00, 0xf0,
  0x49, 0x20, 0xf8, 0x40, 0xf2, 0xff, 0x00, 0x00, 0xa2, 0x92, 0x66, 0x11,
  0x11, 0x38, 0x30, 0x12, 0x6b, 0xe2, 0x30, 0x12, 0x66, 0xe3, 0x30, 0x12,
  0x78, 0xe2, 0xb1, 0x13, 0x88, 0x3e, 0x31, 0x50, 0x06, 0x00, 0x6f, 0x48,
  0x0f, 0x12, 0x30, 0x12, 0xb3, 0xe6, 0xb1, 0x13, 0x88, 0x3e, 0x21, 0x52,
  0x1e, 0x42, 0xa0, 0x1b, 0x0c, 0x4e, 0x3c, 0x50, 0x03, 0x00, 0x1f, 0x42,
  0x96, 0x1b, 0x1f, 0x52, 0x98, 0x1b, 0x0c, 0x9f, 0x19, 0x28, 0xa2, 0x93,
  0x66, 0x11, 0x02, 0x34, 0x80, 0x00, 0xac, 0xbf, 0x30, 0x12, 0x6b, 0xe2,
  0x30, 0x12, 0x73, 0xe2, 0x30, 0x12, 0x78, 0xe2, 0xb1, 0x13, 0x88, 0x3e,
  0x31, 0x50, 0x06, 0x00, 0x1f, 0x42, 0x96, 0x1b, 0x1f, 0x52, 0x98, 0x1b,
  0x1f, 0x82, 0xa0, 0x1b, 0x0f, 0x12, 0x30, 0x12, 0x03, 0x00, 0x6b, 0x3c,
  0x0f, 0x49, 0x3d, 0x4f, 0x8d, 0x10, 0xce, 0x4d, 0x00, 0x00, 0x1e, 0x53,
  0xee, 0x4f, 0x00, 0x00, 0xde, 0x4f, 0x01, 0x00, 0x01, 0x00, 0x82, 0x4c,
  0xa0, 0x1b, 0x3c, 0x3c, 0xf8, 0x40, 0xf0, 0xff, 0x00, 0x00, 0xa2, 0x92,
  0x66, 0x11, 0x0e, 0x38, 0x30, 0x12, 0x6b, 0xe2, 0x30, 0x12, 0x66, 0xe3,
  0x30, 0x12, 0x78, 0xe2, 0xb1, 0x13, 0x88, 0x3e, 0x31, 0x50, 0x06, 0x00,
  0x3f, 0x40, 0xf8, 0xe6, 0xb1, 0x13, 0xc4, 0x47, 0x1f, 0x42, 0xa0, 0x1b,
  0x08, 0x4f, 0x28, 0x52, 0x1e, 0x42, 0x96, 0x1b, 0x1e, 0x52, 0x98, 0x1b,
  0x08, 0x9e, 0x18, 0x28, 0xa2, 0x93, 0x66, 0x11, 0x02, 0x34, 0x80, 0x00,
  0xac, 0xbf, 0x30, 0x12, 0x6b, 0xe2, 0x30, 0x12, 0x73, 0xe2, 0x30, 0x12,
  0x78, 0xe2, 0xb1, 0x13, 0x88, 0x3e, 0x31, 0x50, 0x06, 0x00, 0x1f, 0x42,
  0x96, 0x1b, 0x1f, 0x52, 0x98, 0x1b, 0x1f, 0x82, 0xa0, 0x1b, 0x0f, 0x12,
  0x22, 0x12, 0x27, 0x3c, 0x2d, 0x42, 0x0e, 0x49, 0xb1, 0x13, 0x4c, 0x48,
  0x82, 0x48, 0xa0, 0x1b, 0x1f, 0x42, 0xa0, 0x1b, 0x0e, 0x4f, 0x2e, 0x53,
  0x1d, 0x42, 0x96, 0x1b, 0x1d, 0x52, 0x98, 0x1b, 0x0e, 0x9d, 0x1f, 0x28,
  0xa2, 0x93, 0x66, 0x11, 0x02, 0x34, 0x80, 0x00, 0xac, 0xbf, 0x30, 0x12,
  0x6b, 0xe2, 0x30, 0x12, 0x73, 0xe2, 0x30, 0x12, 0x78, 0xe2, 0xb1, 0x13,
  0x88, 0x3e, 0x31, 0x50, 0x06, 0x00, 0x1f, 0x42, 0x96, 0x1b, 0x1f, 0x52,
  0x98, 0x1b, 0x1f, 0x82, 0xa0, 0x1b, 0x0f, 0x12, 0x23, 0x12, 0x30, 0x12,
  0x89, 0xe4, 0xb1, 0x13, 0x88, 0x3e, 0x31, 0x50, 0x06, 0x00, 0x80, 0x00,
  0xac, 0xbf, 0x39, 0x50, 0x06, 0x00, 0xef, 0x49, 0x00, 0x00, 0xdf, 0x49,
  0x01, 0x00, 0x01, 0x00, 0x82, 0x4e, 0xa0, 0x1b, 0xf2, 0x52, 0x9a, 0x24,
  0x43, 0x3c, 0x92, 0x93, 0x66, 0x11, 0x02, 0x34, 0x80, 0x00, 0xb0, 0xbf,
  0x30, 0x12, 0x6b, 0xe2, 0x30, 0x12, 0xbf, 0xe3, 0x30, 0x12, 0x78, 0xe2,
  0xb1, 0x13, 0x88, 0x3e, 0x31, 0x50, 0x06, 0x00, 0x30, 0x12, 0x1a, 0xe7,
  0xb1, 0x13, 0x88, 0x3e, 0x21, 0x53, 0x80, 0x00, 0xb0, 0xbf, 0x28, 0x41,
  0x6f, 0x47, 0x7f, 0x90, 0x11, 0x00, 0x02, 0x20, 0x80, 0x00, 0x12, 0xb7,
  0x4f, 0x93, 0x02, 0x20, 0x80, 0x00, 0x12, 0xb7, 0x7f, 0x90, 0x3c, 0x00,
  0x02, 0x20, 0x80, 0x00, 0x12, 0xb7, 0x7f, 0x90, 0x2b, 0x00, 0x02, 0x20,
  0x80, 0x00, 0x12, 0xb7, 0x7f, 0x90, 0x2c, 0x00, 0x02, 0x20, 0x80, 0x00,
  0x12, 0xb7, 0x80, 0x00, 0x9e, 0xbf, 0x30, 0x12, 0x6b, 0xe2, 0x30, 0x12,
  0x66, 0xe3, 0x30, 0x12, 0x78, 0xe2, 0xb1, 0x13, 0x88, 0x3e, 0x31, 0x50,
  0x06, 0x00, 0x6f, 0x47, 0x0f, 0x12, 0x30, 0x12, 0x4e, 0xe7, 0xb1, 0x13,
  0x88, 0x3e, 0x21, 0x52, 0x5f, 0x42, 0x9b, 0x24, 0x1f, 0x52, 0x96, 0x1b,
  0xcf, 0x4a, 0x00, 0x00, 0xcf, 0x4b, 0x01, 0x00, 0xa2, 0x92, 0x66, 0x11,
  0x31, 0x38, 0x30, 0x12, 0x6b, 0xe2, 0x30, 0x12, 0x66, 0xe3, 0x30, 0x12,
  0x78, 0xe2, 0xb1, 0x13, 0x88, 0x3e, 0x31, 0x50, 0x06, 0x00, 0x1f, 0x42,
  0xa0, 0x1b, 0x1f, 0x82, 0x96, 0x1b, 0x0f, 0x12, 0x30, 0x12, 0x84, 0xe7,
  0xb1, 0x13, 0x88, 0x3e, 0x21, 0x52, 0x0b, 0x43, 0x0d, 0x3c, 0x0f, 0x5b,
  0x6f, 0x4f, 0xa2, 0x92, 0x66, 0x11, 0x07, 0x38, 0x4f, 0x4f, 0x0f, 0x12,
  0x30, 0x12, 0x84, 0xe4, 0xb1, 0x13, 0x88, 0x3e, 0x21, 0x52, 0x1b, 0x53,
  0x1f, 0x42, 0x96, 0x1b, 0x1e, 0x42, 0xa0, 0x1b, 0x0e, 0x8f, 0x0b, 0x9e,
  0xec, 0x2b, 0xa2, 0x92, 0x66, 0x11, 0x04, 0x38, 0x3f, 0x40, 0x0a, 0x00,
  0xb1, 0x13, 0x8a, 0x11, 0x1e, 0x42, 0xa0, 0x1b, 0x1e, 0x82, 0x96, 0x1b,
  0xc2, 0x4e, 0x9b, 0x24, 0x5f, 0x42, 0x9a, 0x24, 0x1d, 0x42, 0xb2, 0x27,
  0x0d, 0x8f, 0x0f, 0x4d, 0x3e, 0xf0, 0xff, 0x00, 0x0f, 0x5e, 0x1b, 0x43,
  0x82, 0x9f, 0x98, 0x1b, 0x01, 0x38, 0x0b, 0x43, 0xb2, 0x90, 0x03, 0x00,
  0x66, 0x11, 0x20, 0x38, 0x30, 0x12, 0x6b, 0xe2, 0x30, 0x12, 0x00, 0xe4,
  0x30, 0x12, 0x78, 0xe2, 0xb1, 0x13, 0x88, 0x3e, 0x31, 0x50, 0x06, 0x00,
  0x1c, 0x42, 0xb2, 0x27, 0x0b, 0x12, 0x12, 0x12, 0x98, 0x1b, 0x5d, 0x42,
  0x9b, 0x24, 0x0f, 0x4d, 0x0f, 0x5c, 0x5e, 0x42, 0x9a, 0x24, 0x0f, 0x8e,
  0x0f, 0x12, 0x0c, 0x12, 0x0d, 0x12, 0x0e, 0x12, 0x30, 0x12, 0x9e, 0xe7,
  0xb1, 0x13, 0x88, 0x3e, 0x31, 0x50, 0x0e, 0x00, 0x5a, 0x42, 0x9a, 0x24,
  0x0b, 0x93, 0x02, 0x20, 0x80, 0x00, 0x3a, 0xbf, 0x17, 0x42, 0x98, 0x1b,
  0x5f, 0x42, 0x9b, 0x24, 0x0b, 0x47, 0x0b, 0x8f, 0x2b, 0x82, 0x3b, 0xf0,
  0xf8, 0xff, 0x37, 0x50, 0xfb, 0xff, 0x06, 0x47, 0x36, 0xf0, 0xf8, 0xff,
  0x1f, 0x42, 0xb2, 0x27, 0x0f, 0x8a, 0x0f, 0x8b, 0x0f, 0x87, 0x0f, 0x93,
  0x09, 0x38, 0x08, 0x24, 0x0e, 0x46, 0x3f, 0x53, 0xb0, 0x13, 0xc4, 0x33,
  0x09, 0x4f, 0x39, 0x50, 0x03, 0x00, 0x01, 0x3c, 0x29, 0x43, 0xb0, 0x13,
  0xee, 0x6e, 0x0a, 0x4f, 0xb2, 0x90, 0x03, 0x00, 0x66, 0x11, 0x12, 0x38,
  0x30, 0x12, 0x6b, 0xe2, 0x30, 0x12, 0x00, 0xe4, 0x30, 0x12, 0x78, 0xe2,
  0xb1, 0x13, 0x88, 0x3e, 0x31, 0x50, 0x06, 0x00, 0x0a, 0x12, 0x09, 0x12,
  0x30, 0x12, 0xf3, 0xe7, 0xb1, 0x13, 0x88, 0x3e, 0x31, 0x50, 0x06, 0x00,
  0x08, 0x49, 0x18, 0x53, 0x0a, 0x98, 0x15, 0x2c, 0xa2, 0x93, 0x66, 0x11,
  0x02, 0x34, 0x80, 0x00, 0xac, 0xbf, 0x30, 0x12, 0x6b, 0xe2, 0x30, 0x12,
  0x73, 0xe2, 0x30, 0x12, 0x78, 0xe2, 0xb1, 0x13, 0x88, 0x3e, 0x31, 0x50,
  0x06, 0x00, 0x0a, 0x12, 0x08, 0x12, 0x30, 0x12, 0x35, 0xe8, 0x80, 0x00,
  0xb2, 0xbb, 0x0b, 0x93, 0x12, 0x34, 0xa2, 0x93, 0x66, 0x11, 0xd8, 0x38,
  0x30, 0x12, 0x6b, 0xe2, 0x30, 0x12, 0x73, 0xe2, 0x30, 0x12, 0x78, 0xe2,
  0xb1, 0x13, 0x88, 0x3e, 0x31, 0x50, 0x06, 0x00, 0x3f, 0x40, 0x7d, 0xe8,
  0xb1, 0x13, 0xc4, 0x47, 0xc9, 0x3c, 0x82, 0x43, 0x9a, 0x1b, 0x18, 0x42,
  0x9c, 0x1b, 0x0e, 0x48, 0x1e, 0x53, 0x82, 0x4e, 0x9c, 0x1b, 0x55, 0x42,
  0x9b, 0x24, 0x1a, 0x42, 0x96, 0x1b, 0x4d, 0x45, 0x0e, 0x4a, 0x0f, 0x4a,
  0x2f, 0x52, 0xb1, 0x13, 0x34, 0x49, 0x65, 0x52, 0xc2, 0x45, 0x9b, 0x24,
  0x1f, 0x42, 0xb2, 0x27, 0x3f, 0xd0, 0x00, 0xc0, 0x8f, 0x10, 0xca, 0x4f,
  0x00, 0x00, 0xda, 0x42, 0xb2, 0x27, 0x01, 0x00, 0x0f, 0x48, 0x8f, 0x10,
  0xca, 0x4f, 0x02, 0x00, 0xca, 0x48, 0x03, 0x00, 0x82, 0x4b, 0x9e, 0x1b,
  0xb2, 0x90, 0x03, 0x00, 0x66, 0x11, 0x15, 0x38, 0x30, 0x12, 0x6b, 0xe2,
  0x30, 0x12, 0x00, 0xe4, 0x30, 0x12, 0x78, 0xe2, 0xb1, 0x13, 0x88, 0x3e,
  0x31, 0x50, 0x06, 0x00, 0x12, 0x12, 0x9e, 0x1b, 0x08, 0x12, 0x09, 0x12,
  0x13, 0x12, 0x30, 0x12, 0xb3, 0xe8, 0xb1, 0x13, 0x88, 0x3e, 0x31, 0x50,
  0x0a, 0x00, 0x5f, 0x42, 0x9a, 0x24, 0xb0, 0x13, 0x34, 0xb1, 0x0f, 0x93,
  0x83, 0x24, 0xf2, 0x40, 0x05, 0x00, 0x9b, 0x24, 0x1e, 0x42, 0x96, 0x1b,
  0x1f, 0x42, 0xb2, 0x27, 0x3f, 0xd0, 0x00, 0xe0, 0x8f, 0x10, 0xce, 0x4f,
  0x00, 0x00, 0xde, 0x42, 0xb2, 0x27, 0x01, 0x00, 0x5b, 0x42, 0x9a, 0x24,
  0x1b, 0x52, 0x9e, 0x1b, 0x2a, 0x43, 0x30, 0x3c, 0x0d, 0x4b, 0x5d, 0x0b,
  0x1e, 0x42, 0x96, 0x1b, 0xce, 0x4d, 0x04, 0x00, 0x0f, 0x8b, 0x07, 0x9f,
  0x03, 0x2c, 0x82, 0x46, 0x9e, 0x1b, 0x02, 0x3c, 0x82, 0x4f, 0x9e, 0x1b,
  0xb2, 0x90, 0x03, 0x00, 0x66, 0x11, 0x16, 0x38, 0x30, 0x12, 0x6b, 0xe2,
  0x30, 0x12, 0x00, 0xe4, 0x30, 0x12, 0x78, 0xe2, 0xb1, 0x13, 0x88, 0x3e,
  0x31, 0x50, 0x06, 0x00, 0x0b, 0x12, 0x12, 0x12, 0x9e, 0x1b, 0x08, 0x12,
  0x09, 0x12, 0x0a, 0x12, 0x30, 0x12, 0xe0, 0xe8, 0xb1, 0x13, 0x88, 0x3e,
  0x31, 0x50, 0x0c, 0x00, 0x0f, 0x4b, 0xb0, 0x13, 0x34, 0xb1, 0x1a, 0x53,
  0x0f, 0x93, 0x40, 0x24, 0x1b, 0x52, 0x9e, 0x1b, 0x1f, 0x42, 0xb2, 0x27,
  0x0b, 0x9f, 0xcc, 0x2b, 0x2d, 0x3c, 0x1d, 0x42, 0xb2, 0x27, 0x0d, 0x9a,
  0x16, 0x2c, 0x92, 0x93, 0x66, 0x11, 0x32, 0x38, 0x30, 0x12, 0x6b, 0xe2,
  0x30, 0x12, 0xbf, 0xe3, 0x30, 0x12, 0x78, 0xe2, 0xb1, 0x13, 0x88, 0x3e,
  0x31, 0x50, 0x06, 0x00, 0x5f, 0x42, 0x9a, 0x24, 0x0f, 0x12, 0x12, 0x12,
  0xb2, 0x27, 0x30, 0x12, 0x18, 0xe9, 0x80, 0x00, 0xb2, 0xbb, 0x5b, 0x42,
  0x9b, 0x24, 0x0d, 0x8a, 0x0e, 0x4a, 0x3e, 0x50, 0xbe, 0x27, 0x1f, 0x42,
  0x96, 0x1b, 0x0f, 0x5b, 0xb1, 0x13, 0x4c, 0x48, 0x0f, 0x4b, 0x1f, 0x52,
  0xb2, 0x27, 0x0f, 0x8a, 0xb0, 0x13, 0x4a, 0x69, 0xb0, 0x13, 0x78, 0xad,
  0x5f, 0x43, 0x10, 0x3c, 0x16, 0x43, 0x80, 0x00, 0x78, 0xb7, 0xa2, 0x92,
  0x66, 0x11, 0x02, 0x34, 0x80, 0x00, 0x5c, 0xbc, 0x80, 0x00, 0x3a, 0xbc,
  0x4f, 0x43, 0x04, 0x3c, 0x81, 0x48, 0x00, 0x00, 0x80, 0x00, 0x02, 0xbc,
  0x31, 0x50, 0x06, 0x00, 0x74, 0x16, 0x10, 0x01, 0xd2, 0xd3, 0x69, 0x00,
  0xf2, 0xd0, 0x80, 0xff, 0x69, 0x00, 0xf2, 0x40, 0x69, 0x00, 0x68, 0x00,
  0xc2, 0x43, 0x6b, 0x00, 0xe2, 0x43, 0x6a, 0x00, 0xf2, 0xd0, 0x0e, 0x00,
  0x1b, 0x00, 0xf2, 0xd0, 0x0c, 0x00, 0x1a, 0x00, 0xe2, 0xc2, 0x03, 0x00,
  0xf2, 0xc2, 0x03, 0x00, 0xd2, 0xc3, 0x69, 0x00, 0x10, 0x01, 0x21, 0x83,
  0x82, 0x41, 0x64, 0x22, 0xb1, 0x40, 0x9a, 0x28, 0x00, 0x00, 0x06, 0x3c,
  0xff, 0x40, 0xcd, 0xff, 0x00, 0x00, 0x1f, 0x53, 0x81, 0x4f, 0x00, 0x00,
  0x2f, 0x41, 0x0f, 0x91, 0xf7, 0x2b, 0x0e, 0x43, 0x3f, 0x40, 0xe2, 0x11,
  0xb0, 0x13, 0x8e, 0x6e, 0x21, 0x53, 0x10, 0x01, 0x0b, 0x14, 0xb1, 0x13,
  0x62, 0x3d, 0x3b, 0x40, 0x9a, 0x28, 0x01, 0x3c, 0x1b, 0x53, 0xfb, 0x90,
  0xcd, 0xff, 0x00, 0x00, 0x05, 0x24, 0x3b, 0x90, 0x00, 0x31, 0xf8, 0x2b,
  0x01, 0x3c, 0x1b, 0x53, 0xfb, 0x90, 0xcd, 0xff, 0x00, 0x00, 0x03, 0x20,
  0x3b, 0x90, 0x00, 0x31, 0xf8, 0x2b, 0xb1, 0x13, 0x62, 0x3d, 0x3b, 0x90,
  0x00, 0x31, 0x0a, 0x2c, 0x3d, 0x40, 0x00, 0x31, 0x0d, 0x8b, 0x0e, 0x4d,
  0x8d, 0x10, 0x8d, 0x11, 0x8d, 0x10, 0x8d, 0x11, 0x0f, 0x4d, 0x02, 0x3c,
  0x3e, 0x43, 0x3f, 0x43, 0x0b, 0x16, 0x10, 0x01, 0x4b, 0x14, 0x07, 0x4f,
  0x2f, 0x4f, 0x0f, 0x93, 0x04, 0x24, 0x3f, 0x90, 0x92, 0x00, 0x51, 0x20,
  0x57, 0x3c, 0x3d, 0x40, 0x00, 0x05, 0x0e, 0x43, 0x3f, 0x40, 0x66, 0x22,
  0xb0, 0x13, 0xac, 0x52, 0xb7, 0x40, 0x92, 0x00, 0x00, 0x00, 0x4a, 0x3c,
  0xb0, 0x13, 0x20, 0xc0, 0x08, 0x4e, 0x09, 0x4f, 0x3e, 0x40, 0x00, 0x31,
  0x3e, 0x80, 0x9a, 0x28, 0x0a, 0x4e, 0x8e, 0x10, 0x8e, 0x11, 0x8e, 0x10,
  0x8e, 0x11, 0x0b, 0x4e, 0x09, 0x93, 0x05, 0x38, 0x0e, 0x93, 0x03, 0x38,
  0x0e, 0x99, 0x17, 0x38, 0x12, 0x3c, 0x92, 0x93, 0x60, 0x11, 0x28, 0x38,
  0x30, 0x12, 0xa1, 0xf0, 0x30, 0x12, 0xa7, 0xf0, 0x30, 0x12, 0xab, 0xf0,
  0xb1, 0x13, 0x88, 0x3e, 0x31, 0x50, 0x06, 0x00, 0x1b, 0x15, 0x19, 0x15,
  0x30, 0x12, 0xba, 0xf0, 0x15, 0x3c, 0x09, 0x9e, 0x17, 0x38, 0x0a, 0x98,
  0x15, 0x2c, 0x92, 0x93, 0x60, 0x11, 0x12, 0x38, 0x30, 0x12, 0xa1, 0xf0,
  0x30, 0x12, 0xa7, 0xf0, 0x30, 0x12, 0xab, 0xf0, 0xb1, 0x13, 0x88, 0x3e,
  0x31, 0x50, 0x06, 0x00, 0x1b, 0x15, 0x19, 0x15, 0x30, 0x12, 0xe4, 0xf0,
  0xb1, 0x13, 0x88, 0x3e, 0x31, 0x50, 0x0a, 0x00, 0x3f, 0x40, 0x66, 0x22,
  0xb0, 0x13, 0xbe, 0x52, 0xb7, 0x3f, 0x87, 0x43, 0x00, 0x00, 0x7f, 0x40,
  0x03, 0x00, 0x09, 0x3c, 0x5f, 0x43, 0x07, 0x3c, 0x3f, 0x40, 0x66, 0x22,
  0xb0, 0x13, 0xd0, 0x52, 0x0f, 0x93, 0xf8, 0x27, 0xad, 0x3f, 0x47, 0x16,
  0x10, 0x01, 0x0b, 0x14, 0x0b, 0x4f, 0x8f, 0x4d, 0x04, 0x00, 0x8f, 0x4e,
  0x06, 0x00, 0xb0, 0x13, 0x92, 0x45, 0x8b, 0x4e, 0x00, 0x00, 0x8b, 0x4f,
  0x02, 0x00, 0x0b, 0x16, 0x10, 0x01, 0x0b, 0x14, 0x0b, 0x4f, 0xb0, 0x13,
  0x92, 0x45, 0x1c, 0x4b, 0x04, 0x00, 0x1d, 0x4b, 0x06, 0x00, 0x2c, 0x5b,
  0x1d, 0x6b, 0x02, 0x00, 0x0e, 0x8c, 0x0f, 0x7d, 0x1d, 0x43, 0x3f, 0x90,
  0xff, 0x7f, 0x04, 0x28, 0x02, 0x20, 0x3e, 0x93, 0x01, 0x28, 0x0d, 0x43,
  0x0f, 0x4d, 0x0b, 0x16, 0x10, 0x01, 0x0b, 0x14, 0x0b, 0x4f, 0x0e, 0x4f,
  0x5f, 0x43, 0xb0, 0x13, 0x7c, 0x68, 0x0f, 0x93, 0x04, 0x20, 0x0f, 0x4b,
  0x80, 0x13, 0xee, 0xc9, 0x03, 0x3c, 0xb1, 0x13, 0x0e, 0x3c, 0x4f, 0x43,
  0x0b, 0x16, 0x10, 0x01, 0x0e, 0x43, 0x4f, 0x43, 0xb0, 0x13, 0x7c, 0x68,
  0x0f, 0x93, 0x06, 0x20, 0x0d, 0x43, 0x6e, 0x43, 0x3f, 0x40, 0xee, 0x11,
  0xb0, 0x13, 0x7c, 0x6e, 0xb1, 0x13, 0x0e, 0x3c, 0x10, 0x01, 0x1b, 0x14,
  0x31, 0x50, 0xe8, 0xff, 0x1f, 0x42, 0xb2, 0x27, 0x0f, 0x93, 0x02, 0x20,
  0x80, 0x00, 0xb0, 0xc5, 0x3f, 0x90, 0x01, 0x05, 0x12, 0x28, 0x92, 0x93,
  0x6a, 0x11, 0x02, 0x34, 0x80, 0x00, 0x96, 0xc5, 0x30, 0x12, 0x0b, 0xf1,
  0x30, 0x12, 0x12, 0xf1, 0x30, 0x12, 0x16, 0xf1, 0xb1, 0x13, 0x88, 0x3e,
  0x31, 0x50, 0x06, 0x00, 0x30, 0x12, 0x25, 0xf1, 0x29, 0x3c, 0x82, 0x93,
  0xd6, 0x27, 0x2b, 0x20, 0x82, 0x93, 0xd8, 0x27, 0x28, 0x20, 0x82, 0x93,
  0xda, 0x27, 0x25, 0x20, 0x82, 0x93, 0xdc, 0x27, 0x22, 0x20, 0x82, 0x93,
  0xde, 0x27, 0x1f, 0x20, 0x82, 0x93, 0xe0, 0x27, 0x1c, 0x20, 0x82, 0x93,
  0xe2, 0x27, 0x19, 0x20, 0x82, 0x93, 0xe4, 0x27, 0x16, 0x20, 0x92, 0x93,
  0x6a, 0x11, 0x02, 0x34, 0x80, 0x00, 0x96, 0xc5, 0x30, 0x12, 0x0b, 0xf1,
  0x30, 0x12, 0x12, 0xf1, 0x30, 0x12, 0x16, 0xf1, 0xb1, 0x13, 0x88, 0x3e,
  0x31, 0x50, 0x06, 0x00, 0x30, 0x12, 0x3c, 0xf1, 0xb1, 0x13, 0x88, 0x3e,
  0x21, 0x53, 0x80, 0x00, 0x96, 0xc5, 0x80, 0x13, 0xc4, 0xc9, 0x0f, 0x93,
  0x12, 0x20, 0x92, 0x93, 0x6a, 0x11, 0x02, 0x34, 0x80, 0x00, 0x96, 0xc5,
  0x30, 0x12, 0x0b, 0xf1, 0x30, 0x12, 0x12, 0xf1, 0x30, 0x12, 0x16, 0xf1,
  0xb1, 0x13, 0x88, 0x3e, 0x31, 0x50, 0x06, 0x00, 0x3f, 0x40, 0x64, 0xf1,
  0xbe, 0x3c, 0xf2, 0x93, 0xd6, 0x27, 0x02, 0x20, 0x80, 0x00, 0x4a, 0xc5,
  0x3f, 0x40, 0xd6, 0x27, 0xb1, 0x13, 0xbc, 0x19, 0x0f, 0x93, 0x1b, 0x24,
  0xb2, 0x90, 0x03, 0x00, 0x6a, 0x11, 0x0e, 0x38, 0x30, 0x12, 0x0b, 0xf1,
  0x30, 0x12, 0x9b, 0xf1, 0x30, 0x12, 0x16, 0xf1, 0xb1, 0x13, 0x88, 0x3e,
  0x31, 0x50, 0x06, 0x00, 0x3f, 0x40, 0xa0, 0xf1, 0xb1, 0x13, 0xc4, 0x47,
  0x82, 0x93, 0xb2, 0x27, 0x02, 0x20, 0x80, 0x00, 0xb0, 0xc5, 0xb0, 0x13,
  0xb8, 0xc5, 0x80, 0x00, 0xb0, 0xc5, 0xb2, 0x90, 0x03, 0x00, 0x6a, 0x11,
  0x11, 0x38, 0x30, 0x12, 0x0b, 0xf1, 0x30, 0x12, 0x9b, 0xf1, 0x30, 0x12,
  0x16, 0xf1, 0xb1, 0x13, 0x88, 0x3e, 0x31, 0x50, 0x06, 0x00, 0x12, 0x12,
  0xb2, 0x27, 0x30, 0x12, 0xbb, 0xf1, 0xb1, 0x13, 0x88, 0x3e, 0x21, 0x52,
  0xb2, 0x90, 0x03, 0x00, 0x6a, 0x11, 0x04, 0x38, 0x3f, 0x40, 0xc6, 0x27,
  0xb0, 0x13, 0xe8, 0x60, 0xb2, 0x90, 0x03, 0x00, 0x6a, 0x11, 0x05, 0x38,
  0x30, 0x12, 0xe4, 0xf1, 0xb1, 0x13, 0x88, 0x3e, 0x21, 0x53, 0xb2, 0x90,
  0x03, 0x00, 0x6a, 0x11, 0x04, 0x38, 0x3f, 0x40, 0xd6, 0x27, 0xb0, 0x13,
  0xe8, 0x60, 0xb2, 0x90, 0x03, 0x00, 0x6a, 0x11, 0x04, 0x38, 0x3f, 0x40,
  0x0a, 0x00, 0xb1, 0x13, 0x8a, 0x11, 0x0f, 0x41, 0x80, 0x13, 0xd0, 0xc9,
  0x0f, 0x93, 0x26, 0x24, 0xb2, 0x90, 0x03, 0x00, 0x6a, 0x11, 0x0f, 0x38,
  0x30, 0x12, 0x0b, 0xf1, 0x30, 0x12, 0x9b, 0xf1, 0x30, 0x12, 0x16, 0xf1,
  0xb1, 0x13, 0x88, 0x3e, 0x31, 0x50, 0x06, 0x00, 0x30, 0x12, 0xe9, 0xf1,
  0xb1, 0x13, 0x88, 0x3e, 0x21, 0x53, 0xb2, 0x90, 0x03, 0x00, 0x6a, 0x11,
  0x03, 0x38, 0x0f, 0x41, 0xb0, 0x13, 0xe8, 0x60, 0xb2, 0x90, 0x03, 0x00,
  0x6a, 0x11, 0x02, 0x34, 0x80, 0x00, 0x9c, 0xc5, 0x3f, 0x40, 0x0a, 0x00,
  0xb1, 0x13, 0x8a, 0x11, 0x80, 0x00, 0x9c, 0xc5, 0x3f, 0x40, 0xd6, 0x27,
  0xb1, 0x13, 0x7a, 0x19, 0x4f, 0x93, 0x16, 0x24, 0xb2, 0x90, 0x03, 0x00,
  0x6a, 0x11, 0x02, 0x34, 0x80, 0x00, 0xa0, 0xc5, 0x30, 0x12, 0x0b, 0xf1,
  0x30, 0x12, 0x9b, 0xf1, 0x30, 0x12, 0x16, 0xf1, 0xb1, 0x13, 0x88, 0x3e,
  0x31, 0x50, 0x06, 0x00, 0x3f, 0x40, 0x0e, 0xf2, 0xb1, 0x13, 0xc4, 0x47,
  0x80, 0x00, 0xa0, 0xc5, 0x3f, 0x40, 0xd6, 0x27, 0xb1, 0x13, 0xfa, 0x14,
  0x0a, 0x4f, 0x0f, 0x93, 0x28, 0x20, 0xb1, 0x13, 0xa4, 0x16, 0x0b, 0x4f,
  0x0f, 0x93, 0x12, 0x20, 0x92, 0x93, 0x6a, 0x11, 0xce, 0x38, 0x30, 0x12,
  0x0b, 0xf1, 0x30, 0x12, 0x12, 0xf1, 0x30, 0x12, 0x16, 0xf1, 0xb1, 0x13,
  0x88, 0x3e, 0x31, 0x50, 0x06, 0x00, 0x3f, 0x40, 0x2d, 0xf2, 0xb1, 0x13,
  0xc4, 0x47, 0xbf, 0x3c, 0xb2, 0x90, 0x03, 0x00, 0x6a, 0x11, 0x3d, 0x38,
  0x30, 0x12, 0x0b, 0xf1, 0x30, 0x12, 0x9b, 0xf1, 0x30, 0x12, 0x16, 0xf1,
  0xb1, 0x13, 0x88, 0x3e, 0x31, 0x50, 0x06, 0x00, 0x30, 0x12, 0x5f, 0xf2,
  0x2d, 0x3c, 0xb1, 0x13, 0xf6, 0x14, 0x0b, 0x4f, 0x0f, 0x93, 0x18, 0x20,
  0x92, 0x93, 0x6a, 0x11, 0x0e, 0x38, 0x30, 0x12, 0x0b, 0xf1, 0x30, 0x12,
  0x12, 0xf1, 0x30, 0x12, 0x16, 0xf1, 0xb1, 0x13, 0x88, 0x3e, 0x31, 0x50,
  0x06, 0x00, 0x3f, 0x40, 0x8d, 0xf2, 0xb1, 0x13, 0xc4, 0x47, 0x0f, 0x4a,
  0x80, 0x13, 0xdc, 0xc9, 0x0f, 0x4a, 0xb1, 0x13, 0xfe, 0x14, 0x91, 0x3c,
  0xb2, 0x90, 0x03, 0x00, 0x6a, 0x11, 0x0f, 0x38, 0x30, 0x12, 0x0b, 0xf1,
  0x30, 0x12, 0x9b, 0xf1, 0x30, 0x12, 0x16, 0xf1, 0xb1, 0x13, 0x88, 0x3e,
  0x31, 0x50, 0x06, 0x00, 0x30, 0x12, 0xa6, 0xf2, 0xb1, 0x13, 0x88, 0x3e,
  0x21, 0x53, 0xb2, 0x90, 0x03, 0x00, 0x6a, 0x11, 0x03, 0x38, 0x0f, 0x4b,
  0xb0, 0x13, 0xe8, 0x60, 0xb2, 0x90, 0x03, 0x00, 0x6a, 0x11, 0x7a, 0x38,
  0x3f, 0x40, 0x0a, 0x00, 0xb1, 0x13, 0x8a, 0x11, 0x75, 0x3c, 0x0e, 0x4b,
  0x0f, 0x41, 0x3f, 0x50, 0x10, 0x00, 0xb1, 0x13, 0x02, 0x1c, 0x03, 0x12,
  0x30, 0x12, 0x09, 0x00, 0x5c, 0x43, 0x4d, 0x43, 0x0e, 0x41, 0x3e, 0x50,
  0x14, 0x00, 0x0f, 0x4b, 0xb1, 0x13, 0x3c, 0x12, 0x21, 0x52, 0x0f, 0x93,
  0x30, 0x20, 0x92, 0x93, 0x6a, 0x11, 0x0f, 0x38, 0x30, 0x12, 0x0b, 0xf1,
  0x30, 0x12, 0x12, 0xf1, 0x30, 0x12, 0x16, 0xf1, 0xb1, 0x13, 0x88, 0x3e,
  0x31, 0x50, 0x06, 0x00, 0x30, 0x12, 0xd2, 0xf2, 0xb1, 0x13, 0x88, 0x3e,
  0x21, 0x53, 0x92, 0x93, 0x6a, 0x11, 0x03, 0x38, 0x0f, 0x4b, 0xb0, 0x13,
  0xe8, 0x60, 0x92, 0x93, 0x6a, 0x11, 0x05, 0x38, 0x30, 0x12, 0x06, 0xf3,
  0xb1, 0x13, 0x88, 0x3e, 0x21, 0x53, 0x92, 0x93, 0x6a, 0x11, 0x05, 0x38,
  0x0f, 0x41, 0x3f, 0x50, 0x10, 0x00, 0xb0, 0x13, 0x1a, 0x61, 0x92, 0x93,
  0x6a, 0x11, 0x2f, 0x38, 0x3f, 0x40, 0x0a, 0x00, 0xb1, 0x13, 0x8a, 0x11,
  0x2a, 0x3c, 0xb1, 0x13, 0x4c, 0x13, 0x0b, 0x4f, 0x01, 0x3c, 0x0b, 0x43,
  0xb2, 0x90, 0x03, 0x00, 0x6a, 0x11, 0x0f, 0x38, 0x30, 0x12, 0x0b, 0xf1,
  0x30, 0x12, 0x9b, 0xf1, 0x30, 0x12, 0x16, 0xf1, 0xb1, 0x13, 0x88, 0x3e,
  0x31, 0x50, 0x06, 0x00, 0x30, 0x12, 0x19, 0xf3, 0xb1, 0x13, 0x88, 0x3e,
  0x21, 0x53, 0xb2, 0x90, 0x03, 0x00, 0x6a, 0x11, 0x03, 0x38, 0x0f, 0x4b,
  0xb0, 0x13, 0x1a, 0x61, 0xb2, 0x90, 0x03, 0x00, 0x6a, 0x11, 0x04, 0x38,
  0x3f, 0x40, 0x0a, 0x00, 0xb1, 0x13, 0x8a, 0x11, 0x0f, 0x4b, 0xb0, 0x13,
  0x92, 0xc1, 0xb1, 0x13, 0x0e, 0x3c, 0x0a, 0x3c, 0x0b, 0x41, 0x02, 0x3c,
  0x3b, 0x40, 0xd6, 0x27, 0x0f, 0x4b, 0xb1, 0x13, 0x64, 0x13, 0x0f, 0x93,
  0xca, 0x23, 0x85, 0x3f, 0x31, 0x50, 0x18, 0x00, 0x1a, 0x16, 0x10, 0x01,
  0xb2, 0x90, 0x03, 0x00, 0x6a, 0x11, 0x11, 0x38, 0x30, 0x12, 0x0b, 0xf1,
  0x30, 0x12, 0x9b, 0xf1, 0x30, 0x12, 0x16, 0xf1, 0xb1, 0x13, 0x88, 0x3e,
  0x31, 0x50, 0x06, 0x00, 0x12, 0x12, 0xb2, 0x27, 0x30, 0x12, 0x2d, 0xf3,
  0xb1, 0x13, 0x88, 0x3e, 0x21, 0x52, 0x5f, 0x43, 0xb1, 0x13, 0xf2, 0x30,
  0x82, 0x93, 0xb2, 0x27, 0x02, 0x24, 0xb0, 0x13, 0xd2, 0xc1, 0x10, 0x01,
  0x1b, 0x14, 0x0a, 0x4f, 0x0b, 0x4d, 0x2f, 0x4f, 0x0f, 0x93, 0x04, 0x24,
  0x3f, 0x90, 0x40, 0x03, 0x42, 0x20, 0x46, 0x3c, 0xb0, 0x13, 0x6e, 0x6d,
  0xc2, 0x4f, 0x92, 0x28, 0x3d, 0x40, 0x40, 0x00, 0x0e, 0x43, 0x3f, 0x40,
  0x72, 0x22, 0xb0, 0x13, 0xac, 0x52, 0xb1, 0x13, 0x1e, 0x30, 0x80, 0x13,
  0x94, 0xc9, 0xba, 0x40, 0x40, 0x03, 0x00, 0x00, 0x5f, 0x43, 0x41, 0x3c,
  0x1b, 0x92, 0x6a, 0x28, 0x02, 0x20, 0x82, 0x43, 0x64, 0x28, 0x1b, 0x92,
  0x84, 0x28, 0xf3, 0x23, 0x82, 0x43, 0x7e, 0x28, 0xf0, 0x3f, 0x3b, 0x90,
  0x72, 0x22, 0x03, 0x20, 0x0f, 0x4b, 0xb0, 0x13, 0xd0, 0x52, 0x3b, 0x90,
  0xa6, 0x27, 0xe7, 0x23, 0x0f, 0x4b, 0xb0, 0x13, 0xd0, 0x52, 0x0f, 0x93,
  0xe2, 0x27, 0xb1, 0x13, 0xa8, 0x1b, 0x08, 0x3c, 0x0b, 0x93, 0xdd, 0x27,
  0x82, 0x4b, 0x4c, 0x28, 0x7f, 0x40, 0x05, 0x00, 0xb1, 0x13, 0xf2, 0x30,
  0xb0, 0x13, 0xd2, 0xc1, 0xd4, 0x3f, 0x82, 0x93, 0xb2, 0x27, 0xd1, 0x27,
  0xb0, 0x13, 0xb8, 0xc5, 0xce, 0x3f, 0x8a, 0x43, 0x00, 0x00, 0x7f, 0x40,
  0x03, 0x00, 0x0f, 0x3c, 0x6e, 0x93, 0xf3, 0x27, 0x7e, 0x90, 0x03, 0x00,
  0x03, 0x2c, 0x5e, 0x93, 0xc2, 0x23, 0xe2, 0x3f, 0x7e, 0x90, 0x87, 0xff,
  0xc3, 0x27, 0x7e, 0x90, 0x88, 0xff, 0xbb, 0x23, 0xca, 0x3f, 0x1a, 0x16,
  0x10, 0x01, 0x1e, 0x42, 0x50, 0x28, 0x0e, 0x93, 0x03, 0x24, 0x3e, 0x50,
  0x28, 0x00, 0x04, 0x3c, 0x1e, 0x42, 0x4c, 0x28, 0x3e, 0x50, 0x16, 0x00,
  0x2f, 0x4e, 0x0f, 0x93, 0x06, 0x24, 0x1d, 0x4e, 0x02, 0x00, 0x5e, 0x42,
  0x92, 0x28, 0xb0, 0x13, 0x7c, 0x6e, 0x10, 0x01, 0x0b, 0x14, 0x0b, 0x4f,
  0x8f, 0x4d, 0x04, 0x00, 0x8f, 0x4e, 0x06, 0x00, 0xb0, 0x13, 0x20, 0x45,
  0x8b, 0x4e, 0x00, 0x00, 0x8b, 0x4f, 0x02, 0x00, 0x0b, 0x16, 0x10, 0x01,
  0x0b, 0x14, 0x0b, 0x4f, 0xb0, 0x13, 0x20, 0x45, 0x2e, 0x8b, 0x1f, 0x7b,
  0x02, 0x00, 0x1e, 0x53, 0x0f, 0x63, 0x1d, 0x43, 0x8b, 0x9f, 0x06, 0x00,
  0x05, 0x28, 0x03, 0x20, 0x8b, 0x9e, 0x04, 0x00, 0x01, 0x28, 0x0d, 0x43,
  0x0f, 0x4d, 0x0b, 0x16, 0x10, 0x01, 0x0b, 0x14, 0x0b, 0x4f, 0xb0, 0x13,
  0xfc, 0xc6, 0x0f, 0x93, 0x06, 0x24, 0x9b, 0x5b, 0x04, 0x00, 0x00, 0x00,
  0x9b, 0x6b, 0x06, 0x00, 0x02, 0x00, 0x0b, 0x16, 0x10, 0x01, 0x3f, 0x50,
  0x7f, 0xff, 0x2f, 0x93, 0x03, 0x2c, 0x5f, 0x42, 0x9d, 0x24, 0x10, 0x01,
  0x0f, 0x43, 0x10, 0x01, 0xd2, 0xd3, 0x32, 0x00, 0xd2, 0xc2, 0x33, 0x00,
  0x33, 0x00, 0xd2, 0xc2, 0x33, 0x00, 0x45, 0x00, 0xd2, 0xc2, 0x33, 0x00,
  0x12, 0x00, 0xd2, 0xd3, 0x31, 0x00, 0xb0, 0x13, 0xae, 0x5c, 0xd2, 0x43,
  0x9d, 0x24, 0x10, 0x01, 0xd2, 0xc3, 0x31, 0x00, 0xc2, 0x43, 0x9d, 0x24,
  0x10, 0x01, 0x0b, 0x14, 0x0b, 0x4e, 0x3f, 0x90, 0x81, 0x00, 0x0b, 0x20,
  0x0e, 0x93, 0x03, 0x24, 0xb0, 0x13, 0x54, 0xc7, 0x02, 0x3c, 0xb0, 0x13,
  0x78, 0xc7, 0xc2, 0x4b, 0x9d, 0x24, 0x0f, 0x43, 0x01, 0x3c, 0x3f, 0x43,
  0x0b, 0x16, 0x10, 0x01, 0x21, 0x82, 0xc1, 0x43, 0x00, 0x00, 0xc1, 0x43,
  0x01, 0x00, 0xc1, 0x4f, 0x02, 0x00, 0x7f, 0x40, 0x48, 0x00, 0xb0, 0x13,
  0x36, 0x5c, 0xb0, 0x13, 0xa4, 0x5c, 0x4f, 0x93, 0xfc, 0x23, 0x0e, 0x41,
  0x2e, 0x53, 0x5f, 0x43, 0xb0, 0x13, 0xd0, 0x5c, 0xb0, 0x13, 0xa4, 0x5c,
  0x4f, 0x93, 0xfc, 0x23, 0x7f, 0x40, 0x48, 0x00, 0xb0, 0x13, 0x00, 0x5c,
  0xb0, 0x13, 0xa4, 0x5c, 0x4f, 0x93, 0xfc, 0x23, 0x0e, 0x41, 0x6f, 0x43,
  0xb0, 0x13, 0x66, 0x5c, 0xb0, 0x13, 0xa4, 0x5c, 0x4f, 0x93, 0xfc, 0x23,
  0x6f, 0x41, 0x8f, 0x10, 0x5e, 0x41, 0x01, 0x00, 0x0f, 0xde, 0x21, 0x52,
  0x10, 0x01, 0x4f, 0x43, 0xb0, 0x13, 0xa8, 0xc7, 0x0e, 0x4f, 0x0f, 0x93,
  0x04, 0x34, 0x3e, 0xe3, 0x1e, 0x53, 0x3d, 0x43, 0x01, 0x3c, 0x1d, 0x43,
  0x0f, 0x4e, 0x8f, 0x10, 0x8f, 0x11, 0x02, 0x12, 0x32, 0xc2, 0x03, 0x43,
  0x82, 0x4f, 0x32, 0x01, 0x82, 0x4d, 0x38, 0x01, 0x1f, 0x42, 0x3a, 0x01,
  0x32, 0x41, 0x0d, 0x4f, 0x5d, 0x06, 0x5f, 0x0e, 0x0d, 0x5f, 0x0c, 0x4d,
  0x5c, 0x06, 0x0c, 0x5d, 0x3e, 0xf0, 0xff, 0x00, 0x0d, 0x4e, 0x5d, 0x06,
  0x5e, 0x0e, 0x0d, 0x5e, 0x0f, 0x4d, 0x5f, 0x06, 0x0f, 0x5d, 0x8f, 0x10,
  0x8f, 0x11, 0x0f, 0x5c, 0x10, 0x01, 0xb0, 0x13, 0x06, 0xc8, 0x10, 0x01,
  0x3f, 0x40, 0xfa, 0x11, 0xb0, 0x13, 0x8a, 0x66, 0x10, 0x01, 0x00, 0x00,
  0xd0, 0x41, 0x00, 0x00, 0xf4, 0x41, 0x00, 0x00, 0xd0, 0x42, 0x00, 0x00,
  0xd0, 0x42, 0x00, 0x00, 0xfc, 0x41, 0x00, 0x00, 0x34, 0x42, 0x00, 0x00,
  0x44, 0x42, 0x00, 0x00, 0x6c, 0x42, 0x00, 0x00, 0x8a, 0x42, 0x00, 0x00,
  0x90, 0x42, 0x00, 0x00, 0x9a, 0x42, 0x00, 0x00, 0xd0, 0x42, 0x00, 0x00,
  0xd0, 0x42, 0x00, 0x00, 0xd0, 0x42, 0x00, 0x00, 0xa6, 0x42, 0x00, 0x00,
  0xae, 0x42, 0x00, 0x00, 0xb6, 0x42, 0x00, 0x00, 0xbe, 0x42, 0x00, 0x00,
  0xd0, 0x42, 0x00, 0x00, 0xd0, 0x42, 0x00, 0x00, 0xd0, 0x42, 0x00, 0x00,
  0xd0, 0x42, 0x00, 0x00, 0xd0, 0x42, 0x00, 0x00, 0xd0, 0x42, 0x00, 0x00,
  0xc4, 0x42, 0x00, 0x00, 0x00, 0x43, 0x00, 0x00, 0xa8, 0x43, 0x00, 0x00,
  0x2a, 0x44, 0x00, 0x00, 0x2a, 0x44, 0x00, 0x00, 0xbc, 0x43, 0x00, 0x00,
  0xe0, 0x43, 0x00, 0x00, 0xee, 0x43, 0x00, 0x00, 0x1c, 0x44, 0x00, 0x00,
  0x00, 0xca, 0x4c, 0x39, 0x00, 0x00, 0x14, 0x3a, 0x00, 0x00, 0xde, 0x37,
  0x00, 0x00, 0x25, 0xca, 0x68, 0x3a, 0x00, 0x00, 0x88, 0x3a, 0x00, 0x00,
  0x50, 0x3a, 0x00, 0x00, 0x36, 0x44, 0x00, 0x00, 0x1a, 0x3e, 0x00, 0x00,
  0x7e, 0x3e, 0x00, 0x00, 0xe4, 0x3e, 0x00, 0x00, 0x7a, 0x3f, 0x00, 0x00,
  0x26, 0x3f, 0x00, 0x00, 0x7e, 0x3c, 0x00, 0x00, 0x88, 0x3c, 0x00, 0x00,
  0x5c, 0x3e, 0x00, 0x00, 0xf6, 0x3e, 0x00, 0x00, 0xb8, 0x41, 0x00, 0x00,
  0xec, 0x42, 0x00, 0x00, 0xf0, 0x3a, 0x00, 0x00, 0xf4, 0x3a, 0x00, 0x00,
  0x00, 0x1f, 0xff, 0x1b, 0xfd, 0x17, 0xfb, 0x13, 0xf9, 0x0f, 0xf6, 0x0b,
  0xf1, 0x07, 0xe7, 0x03, 0x48, 0xcd, 0x50, 0x4f, 0x00, 0x00, 0x04, 0x4d,
  0x00, 0x00, 0x66, 0x4d, 0x00, 0x00, 0xf8, 0x4c, 0x00, 0x00, 0xfe, 0x4c,
  0x00, 0x00, 0x0a, 0x4d, 0x00, 0x00, 0x9e, 0x5b, 0x00, 0x00, 0x96, 0x5b,
  0x00, 0x00, 0x50, 0x58, 0x00, 0x00, 0x4a, 0x11, 0x00, 0x00, 0x00, 0x00,
  0x00, 0x00, 0x00, 0x00, 0x00, 0x00, 0x0a, 0xd6, 0x16, 0xd6, 0x1d, 0xd6,
  0x27, 0xd6, 0x5a, 0xe2, 0x86, 0xa7, 0x00, 0x00, 0xce, 0x6f, 0x00, 0x00,
  0xc4, 0x70, 0x00, 0x00, 0x90, 0x71, 0x00, 0x00, 0x12, 0x75, 0x00, 0x00,
  0x56, 0xa7, 0x00, 0x00, 0xc8, 0x75, 0x00, 0x00, 0x28, 0xa7, 0x00, 0x00,
  0x3a, 0xa7, 0x00, 0x00, 0x06, 0x77, 0x00, 0x00, 0xb0, 0x76, 0x00, 0x00,
  0xa8, 0x84, 0x00, 0x00, 0x68, 0x85, 0x00, 0x00, 0xf8, 0x82, 0x00, 0x00,
  0x06, 0x81, 0x00, 0x00, 0x08, 0x80, 0x00, 0x00, 0x1c, 0xa8, 0x00, 0x00,
  0x4c, 0xa7, 0x00, 0x00, 0x4e, 0xa7, 0x00, 0x00, 0x50, 0xa7, 0x00, 0x00,
  0x84, 0xf0, 0x40, 0xac, 0x00, 0x00, 0x00, 0x00, 0x01, 0x00, 0xcc, 0xb1,
  0x00, 0x00, 0x54, 0xf3, 0x5e, 0xc8, 0x00, 0x00, 0x82, 0xc7, 0x00, 0x00,
  0x42, 0xc7, 0x00, 0x00, 0x41, 0x44, 0x58, 0x4c, 0x33, 0x34, 0x35, 0x20,
  0x73, 0x65, 0x6e, 0x73, 0x6f, 0x72, 0x00, 0x41, 0x63, 0x63, 0x65, 0x6c,
  0x65, 0x72, 0x6f, 0x6d, 0x65, 0x74, 0x65, 0x72, 0x20, 0x70, 0x72, 0x6f,
  0x63, 0x65, 0x73, 0x73, 0x00, 0x42, 0x75, 0x74, 0x74, 0x6f, 0x6e, 0x00,
  0x43, 0x43, 0x32, 0x34, 0x32, 0x30, 0x20, 0x64, 0x72, 0x69, 0x76, 0x65,
  0x72, 0x00, 0x4d, 0x61, 0x69, 0x6e, 0x00, 0x49, 0x4e, 0x46, 0x4f, 0x00,
  0x5b, 0x25, 0x2d, 0x34, 0x73, 0x3a, 0x20, 0x25, 0x2d, 0x31, 0x30, 0x73,
  0x5d, 0x20, 0x00, 0x53, 0x74, 0x61, 0x72, 0x74, 0x69, 0x6e, 0x67, 0x20,
  0x43, 0x6f, 0x6e, 0x74, 0x69, 0x6b, 0x69, 0x2d, 0x4e, 0x47, 0x2d, 0x72,
  0x65, 0x6c, 0x65, 0x61, 0x73, 0x65, 0x2f, 0x76, 0x34, 0x2e, 0x38, 0x2d,
  0x36, 0x32, 0x35, 0x2d, 0x67, 0x38, 0x35, 0x31, 0x38, 0x63, 0x62, 0x61,
  0x66, 0x66, 0x2d, 0x64, 0x69, 0x72, 0x74, 0x79, 0x00, 0x2d, 0x20, 0x52,
  0x6f, 0x75, 0x74, 0x69, 0x6e, 0x67, 0x3a, 0x20, 0x25, 0x73, 0x0a, 0x00,
  0x2d, 0x20, 0x4e, 0x65, 0x74, 0x3a, 0x20, 0x25, 0x73, 0x0a, 0x00, 0x2d,
  0x20, 0x4d, 0x41, 0x43, 0x3a, 0x20, 0x25, 0x73, 0x0a, 0x00, 0x2d, 0x20,
  0x38, 0x30, 0x32, 0x2e, 0x31, 0x35, 0x2e, 0x34, 0x20, 0x50, 0x41, 0x4e,
  0x49, 0x44, 0x3a, 0x20, 0x30, 0x78, 0x25, 0x30, 0x34, 0x78, 0x0a, 0x00,
  0x2d, 0x20, 0x38, 0x30, 0x32, 0x2e, 0x31, 0x35, 0x2e, 0x34, 0x20, 0x44,
  0x65, 0x66, 0x61, 0x75, 0x6c, 0x74, 0x20, 0x63, 0x68, 0x61, 0x6e, 0x6e,
  0x65, 0x6c, 0x3a, 0x20, 0x25, 0x75, 0x0a, 0x00, 0x4e, 0x6f, 0x64, 0x65,
  0x20, 0x49, 0x44, 0x3a, 0x20, 0x25, 0x75, 0x0a, 0x00, 0x4c, 0x69, 0x6e,
  0x6b, 0x2d, 0x6c, 0x61, 0x79, 0x65, 0x72, 0x20, 0x61, 0x64, 0x64, 0x72,
  0x65, 0x73, 0x73, 0x3a, 0x20, 0x00, 0x54, 0x65, 0x6e, 0x74, 0x61, 0x74,
  0x69, 0x76, 0x65, 0x20, 0x6c, 0x69, 0x6e, 0x6b, 0x2d, 0x6c, 0x6f, 0x63,
  0x61, 0x6c, 0x20, 0x49, 0x50, 0x76, 0x36, 0x20, 0x61, 0x64, 0x64, 0x72,
  0x65, 0x73, 0x73, 0x3a, 0x20, 0x00, 0x43, 0x53, 0x4d, 0x41, 0x00, 0x44,
  0x42, 0x47, 0x00, 0x5b, 0x25, 0x2d, 0x34, 0x73, 0x3a, 0x20, 0x25, 0x2d,
  0x31, 0x30, 0x73, 0x5d, 0x20, 0x00, 0x73, 0x63, 0x68, 0x65, 0x64, 0x75,
  0x6c, 0x69, 0x6e, 0x67, 0x20, 0x74, 0x72, 0x61, 0x6e, 0x73, 0x6d, 0x69,
  0x73, 0x73, 0x69, 0x6f, 0x6e, 0x20, 0x69, 0x6e, 0x20, 0x25, 0x75, 0x20,
  0x74, 0x69, 0x63, 0x6b, 0x73, 0x2c, 0x20, 0x4e, 0x42, 0x3d, 0x25, 0x75,
  0x2c, 0x20, 0x42, 0x45, 0x3d, 0x25, 0x75, 0x0a, 0x00, 0x49, 0x4e, 0x46,
  0x4f, 0x00, 0x70, 0x61, 0x63, 0x6b, 0x65, 0x74, 0x20, 0x73, 0x65, 0x6e,
  0x74, 0x20, 0x74, 0x6f, 0x20, 0x00, 0x2c, 0x20, 0x73, 0x65, 0x71, 0x6e,
  0x6f, 0x20, 0x25, 0x75, 0x2c, 0x20, 0x73, 0x74, 0x61, 0x74, 0x75, 0x73,
  0x20, 0x25, 0x75, 0x2c, 0x20, 0x74, 0x78, 0x20, 0x25, 0x75, 0x2c, 0x20,
  0x63, 0x6f, 0x6c, 0x6c, 0x20, 0x25, 0x75, 0x0a, 0x00, 0x66, 0x72, 0x65,
  0x65, 0x5f, 0x71, 0x75, 0x65, 0x75, 0x65, 0x64, 0x5f, 0x70, 0x61, 0x63,
  0x6b, 0x65, 0x74, 0x2c, 0x20, 0x71, 0x75, 0x65, 0x75, 0x65, 0x20, 0x6c,
  0x65, 0x6e, 0x67, 0x74, 0x68, 0x20, 0x25, 0x64, 0x2c, 0x20, 0x66, 0x72,
  0x65, 0x65, 0x20, 0x70, 0x61, 0x63, 0x6b, 0x65, 0x74, 0x73, 0x20, 0x25,
  0x7a, 0x75, 0x0a, 0x00, 0x70, 0x72, 0x65, 0x70, 0x61, 0x72, 0x69, 0x6e,
  0x67, 0x20, 0x70, 0x61, 0x63, 0x6b, 0x65, 0x74, 0x20, 0x66, 0x6f, 0x72,
  0x20, 0x00, 0x2c, 0x20, 0x73, 0x65, 0x71, 0x6e, 0x6f, 0x20, 0x25, 0x75,
  0x2c, 0x20, 0x74, 0x78, 0x20, 0x25, 0x75, 0x2c, 0x20, 0x71, 0x75, 0x65,
  0x75, 0x65, 0x20, 0x25, 0x64, 0x0a, 0x00, 0x45, 0x52, 0x52, 0x00, 0x66,
  0x61, 0x69, 0x6c, 0x65, 0x64, 0x20, 0x74, 0x6f, 0x20, 0x63, 0x72, 0x65,
  0x61, 0x74, 0x65, 0x20, 0x70, 0x61, 0x63, 0x6b, 0x65, 0x74, 0x2c, 0x20,
  0x73, 0x65, 0x71, 0x6e, 0x6f, 0x3a, 0x20, 0x25, 0x64, 0x0a, 0x00, 0x57,
  0x41, 0x52, 0x4e, 0x00, 0x70, 0x61, 0x63, 0x6b, 0x65, 0x74, 0x20, 0x73,
  0x65, 0x6e, 0x74, 0x3a, 0x20, 0x6e, 0x6f, 0x20, 0x6d, 0x65, 0x74, 0x61,
  0x64, 0x61, 0x74, 0x61, 0x00, 0x74, 0x78, 0x20, 0x74, 0x6f, 0x20, 0x00,
  0x73, 0x65, 0x6e, 0x64, 0x69, 0x6e, 0x67, 0x20, 0x74, 0x6f, 0x20, 0x00,
  0x2c, 0x20, 0x6c, 0x65, 0x6e, 0x20, 0x25, 0x75, 0x2c, 0x20, 0x73, 0x65,
  0x71, 0x6e, 0x6f, 0x20, 0x25, 0x75, 0x2c, 0x20, 0x71, 0x75, 0x65, 0x75,
  0x65, 0x20, 0x6c, 0x65, 0x6e, 0x67, 0x74, 0x68, 0x20, 0x25, 0x64, 0x2c,
  0x20, 0x66, 0x72, 0x65, 0x65, 0x20, 0x70, 0x61, 0x63, 0x6b, 0x65, 0x74,
  0x73, 0x20, 0x25, 0x7a, 0x75, 0x0a, 0x00, 0x63, 0x6f, 0x75, 0x6c, 0x64,
  0x20, 0x6e, 0x6f, 0x74, 0x20, 0x61, 0x6c, 0x6c, 0x6f, 0x63, 0x61, 0x74,
  0x65, 0x20, 0x71, 0x75, 0x65, 0x75, 0x65, 0x62, 0x75, 0x66, 0x2c, 0x20,
  0x64, 0x72, 0x6f, 0x70, 0x70, 0x69, 0x6e, 0x67, 0x20, 0x70, 0x61, 0x63,
  0x6b, 0x65, 0x74, 0x00, 0x4e, 0x65, 0x69, 0x67, 0x68, 0x62, 0x6f, 0x72,
  0x20, 0x71, 0x75, 0x65, 0x75, 0x65, 0x20, 0x66, 0x75, 0x6c, 0x6c, 0x00,
  0x63, 0x6f, 0x75, 0x6c, 0x64, 0x20, 0x6e, 0x6f, 0x74, 0x20, 0x61, 0x6c,
  0x6c, 0x6f, 0x63, 0x61, 0x74, 0x65, 0x20, 0x70, 0x61, 0x63, 0x6b, 0x65,
  0x74, 0x2c, 0x20, 0x64, 0x72, 0x6f, 0x70, 0x70, 0x69, 0x6e, 0x67, 0x20,
  0x70, 0x61, 0x63, 0x6b, 0x65, 0x74, 0x00, 0x63, 0x6f, 0x75, 0x6c, 0x64,
  0x20, 0x6e, 0x6f, 0x74, 0x20, 0x61, 0x6c, 0x6c, 0x6f, 0x63, 0x61, 0x74,
  0x65, 0x20, 0x6e, 0x65, 0x69, 0x67, 0x68, 0x62, 0x6f, 0x72, 0x2c, 0x20,
  0x64, 0x72, 0x6f, 0x70, 0x70, 0x69, 0x6e, 0x67, 0x20, 0x70, 0x61, 0x63,
  0x6b, 0x65, 0x74, 0x00, 0x43, 0x53, 0x4d, 0x41, 0x00, 0x45, 0x52, 0x52,
  0x00, 0x5b, 0x25, 0x2d, 0x34, 0x73, 0x3a, 0x20, 0x25, 0x2d, 0x31, 0x30,
  0x73, 0x5d, 0x20, 0x00, 0x46, 0x61, 0x69, 0x6c, 0x65, 0x64, 0x20, 0x74,
  0x6f, 0x20, 0x72, 0x65, 0x74, 0x72, 0x69, 0x65, 0x76, 0x65, 0x20, 0x6d,
  0x61, 0x78, 0x20, 0x72, 0x61, 0x64, 0x69, 0x6f, 0x20, 0x64, 0x72, 0x69,
  0x76, 0x65, 0x72, 0x20, 0x70, 0x61, 0x79, 0x6c, 0x6f, 0x61, 0x64, 0x20,
  0x6c, 0x65, 0x6e, 0x67, 0x74, 0x68, 0x00, 0x44, 0x42, 0x47, 0x00, 0x69,
  0x67, 0x6e, 0x6f, 0x72, 0x65, 0x64, 0x20, 0x61, 0x63, 0x6b, 0x00, 0x66,
  0x61, 0x69, 0x6c, 0x65, 0x64, 0x20, 0x74, 0x6f, 0x20, 0x70, 0x61, 0x72,
  0x73, 0x65, 0x20, 0x25, 0x75, 0x0a, 0x00, 0x57, 0x41, 0x52, 0x4e, 0x00,
  0x6e, 0x6f, 0x74, 0x20, 0x66, 0x6f, 0x72, 0x20, 0x75, 0x73, 0x20, 0x3a,
  0x20, 0x00, 0x66, 0x72, 0x61, 0x6d, 0x65, 0x20, 0x66, 0x72, 0x6f, 0x6d,
  0x20, 0x6f, 0x75, 0x72, 0x73, 0x65, 0x6c, 0x76, 0x65, 0x73, 0x00, 0x64,
  0x72, 0x6f, 0x70, 0x20, 0x64, 0x75, 0x70, 0x6c, 0x69, 0x63, 0x61, 0x74,
  0x65, 0x20, 0x6c, 0x69, 0x6e, 0x6b, 0x20, 0x6c, 0x61, 0x79, 0x65, 0x72,
  0x20, 0x70, 0x61, 0x63, 0x6b, 0x65, 0x74, 0x20, 0x66, 0x72, 0x6f, 0x6d,
  0x20, 0x00, 0x2c, 0x20, 0x73, 0x65, 0x71, 0x6e, 0x6f, 0x20, 0x25, 0x75,
  0x0a, 0x00, 0x49, 0x4e, 0x46, 0x4f, 0x00, 0x72, 0x65, 0x63, 0x65, 0x69,
  0x76, 0x65, 0x64, 0x20, 0x70, 0x61, 0x63, 0x6b, 0x65, 0x74, 0x20, 0x66,
  0x72, 0x6f, 0x6d, 0x20, 0x00, 0x2c, 0x20, 0x73, 0x65, 0x71, 0x6e, 0x6f,
  0x20, 0x25, 0x75, 0x2c, 0x20, 0x6c, 0x65, 0x6e, 0x20, 0x25, 0x75, 0x0a,
  0x00, 0x21, 0x20, 0x72, 0x61, 0x64, 0x69, 0x6f, 0x20, 0x64, 0x6f, 0x65,
  0x73, 0x20, 0x6e, 0x6f, 0x74, 0x20, 0x73, 0x75, 0x70, 0x70, 0x6f, 0x72,
  0x74, 0x20, 0x67, 0x65, 0x74, 0x74, 0x69, 0x6e, 0x67, 0x20, 0x52, 0x41,
  0x44, 0x49, 0x4f, 0x5f, 0x43, 0x4f, 0x4e, 0x53, 0x54, 0x5f, 0x4d, 0x41,
  0x58, 0x5f, 0x50, 0x41, 0x59, 0x4c, 0x4f, 0x41, 0x44, 0x5f, 0x4c, 0x45,
  0x4e, 0x2e, 0x20, 0x41, 0x62, 0x6f, 0x72, 0x74, 0x20, 0x69, 0x6e, 0x69,
  0x74, 0x2e, 0x00, 0x43, 0x74, 0x69, 0x6d, 0x65, 0x72, 0x20, 0x70, 0x72,
  0x6f, 0x63, 0x65, 0x73, 0x73, 0x00, 0x45, 0x76, 0x65, 0x6e, 0x74, 0x20,
  0x74, 0x69, 0x6d, 0x65, 0x72, 0x00, 0x02, 0x08, 0x46, 0x72, 0x61, 0x6d,
  0x65, 0x20, 0x31, 0x35, 0x2e, 0x34, 0x00, 0x57, 0x41, 0x52, 0x4e, 0x00,
  0x5b, 0x25, 0x2d, 0x34, 0x73, 0x3a, 0x20, 0x25, 0x2d, 0x31, 0x30, 0x73,
  0x5d, 0x20, 0x00, 0x31, 0x35, 0x2e, 0x34, 0x3a, 0x20, 0x66, 0x6f, 0x72,
  0x20, 0x61, 0x6e, 0x6f, 0x74, 0x68, 0x65, 0x72, 0x20, 0x70, 0x61, 0x6e,
  0x20, 0x25, 0x75, 0x0a, 0x00, 0x49, 0x4e, 0x46, 0x4f, 0x00, 0x49, 0x6e,
  0x3a, 0x20, 0x25, 0x32, 0x58, 0x20, 0x00, 0x20, 0x25, 0x64, 0x20, 0x25,
  0x75, 0x20, 0x28, 0x25, 0x75, 0x29, 0x0a, 0x00, 0x66, 0x72, 0x61, 0x6d,
  0x65, 0x72, 0x2d, 0x38, 0x30, 0x32, 0x31, 0x35, 0x34, 0x3a, 0x20, 0x63,
  0x61, 0x6e, 0x6e, 0x6f, 0x74, 0x20, 0x73, 0x65, 0x74, 0x75, 0x70, 0x20,
  0x70, 0x61, 0x72, 0x61, 0x6d, 0x73, 0x20, 0x62, 0x65, 0x63, 0x61, 0x75,
  0x73, 0x65, 0x20, 0x6f, 0x66, 0x20, 0x69, 0x6e, 0x76, 0x61, 0x6c, 0x69,
  0x64, 0x20, 0x61, 0x72, 0x67, 0x75, 0x6d, 0x65, 0x6e, 0x74, 0x00, 0x4f,
  0x75, 0x74, 0x3a, 0x20, 0x25, 0x32, 0x58, 0x20, 0x00, 0x45, 0x52, 0x52,
  0x00, 0x4f, 0x75, 0x74, 0x3a, 0x20, 0x74, 0x6f, 0x6f, 0x20, 0x6c, 0x61,
  0x72, 0x67, 0x65, 0x20, 0x68, 0x65, 0x61, 0x64, 0x65, 0x72, 0x3a, 0x20,
  0x25, 0x75, 0x0a, 0x00, 0x48, 0x65, 0x6c, 0x6c, 0x6f, 0x2c, 0x20, 0x45,
  0x4b, 0x2d, 0x44, 0x31, 0x30, 0x33, 0x00, 0x48, 0x65, 0x6c, 0x6c, 0x6f,
  0x20, 0x77, 0x6f, 0x72, 0x6c, 0x64, 0x20, 0x70, 0x72, 0x6f, 0x63, 0x65,
  0x73, 0x73, 0x00, 0x25, 0x73, 0x00, 0x28, 0x4e, 0x55, 0x4c, 0x4c, 0x20,
  0x4c, 0x4c, 0x20, 0x61, 0x64, 0x64, 0x72, 0x29, 0x00, 0x25, 0x30, 0x32,
  0x78, 0x00, 0x5a, 0x31, 0x00, 0x49, 0x4e, 0x46, 0x4f, 0x00, 0x5b, 0x25,
  0x2d, 0x34, 0x73, 0x3a, 0x20, 0x25, 0x2d, 0x31, 0x30, 0x73, 0x5d, 0x20,
  0x00, 0x43, 0x43, 0x32, 0x34, 0x32, 0x30, 0x20, 0x43, 0x43, 0x41, 0x20,
  0x74, 0x68, 0x72, 0x65, 0x73, 0x68, 0x6f, 0x6c, 0x64, 0x20, 0x25, 0x69,
  0x0a, 0x00, 0x52, 0x50, 0x4c, 0x00, 0x49, 0x4e, 0x46, 0x4f, 0x00, 0x5b,
  0x25, 0x2d, 0x34, 0x73, 0x3a, 0x20, 0x25, 0x2d, 0x31, 0x30, 0x73, 0x5d,
  0x20, 0x00, 0x49, 0x50, 0x76, 0x36, 0x20, 0x61, 0x64, 0x64, 0x72, 0x65,
  0x73, 0x73, 0x65, 0x73, 0x3a, 0x00, 0x2d, 0x2d, 0x20, 0x00, 0x63, 0x72,
  0x65, 0x61, 0x74, 0x65, 0x64, 0x20, 0x61, 0x20, 0x6e, 0x65, 0x77, 0x20,
  0x52, 0x50, 0x4c, 0x20, 0x44, 0x41, 0x47, 0x00, 0x45, 0x52, 0x52, 0x00,
  0x66, 0x61, 0x69, 0x6c, 0x65, 0x64, 0x20, 0x74, 0x6f, 0x20, 0x63, 0x72,
  0x65, 0x61, 0x74, 0x65, 0x20, 0x61, 0x20, 0x6e, 0x65, 0x77, 0x20, 0x52,
  0x50, 0x4c, 0x20, 0x44, 0x41, 0x47, 0x00, 0x6c, 0x69, 0x6e, 0x6b, 0x73,
  0x3a, 0x20, 0x25, 0x75, 0x20, 0x72, 0x6f, 0x75, 0x74, 0x69, 0x6e, 0x67,
  0x20, 0x6c, 0x69, 0x6e, 0x6b, 0x73, 0x20, 0x69, 0x6e, 0x20, 0x74, 0x6f,
  0x74, 0x61, 0x6c, 0x20, 0x28, 0x25, 0x73, 0x29, 0x0a, 0x00, 0x6c, 0x69,
  0x6e, 0x6b, 0x73, 0x3a, 0x20, 0x25, 0x73, 0x0a, 0x00, 0x6c, 0x69, 0x6e,
  0x6b, 0x73, 0x3a, 0x20, 0x65, 0x6e, 0x64, 0x20, 0x6f, 0x66, 0x20, 0x6c,
  0x69, 0x73, 0x74, 0x00, 0x4e, 0x6f, 0x20, 0x72, 0x6f, 0x75, 0x74, 0x69,
  0x6e, 0x67, 0x20, 0x6c, 0x69, 0x6e, 0x6b, 0x73, 0x00, 0x52, 0x50, 0x4c,
  0x00, 0x45, 0x52, 0x52, 0x00, 0x5b, 0x25, 0x2d, 0x34, 0x73, 0x3a, 0x20,
  0x25, 0x2d, 0x31, 0x30, 0x73, 0x5d, 0x20, 0x00, 0x69, 0x67, 0x6e, 0x6f,
  0x72, 0x69, 0x6e, 0x67, 0x20, 0x44, 0x49, 0x4f, 0x20, 0x77, 0x69, 0x74,
  0x68, 0x20, 0x61, 0x6e, 0x20, 0x75, 0x6e, 0x73, 0x75, 0x70, 0x70, 0x6f,
  0x72, 0x74, 0x65, 0x64, 0x20, 0x4f, 0x46, 0x3a, 0x20, 0x25, 0x75, 0x0a,
  0x00, 0x66, 0x61, 0x69, 0x6c, 0x65, 0x64, 0x20, 0x74, 0x6f, 0x20, 0x73,
  0x65, 0x74, 0x20, 0x70, 0x72, 0x65, 0x66, 0x69, 0x78, 0x00, 0x57, 0x41,
  0x52, 0x4e, 0x00, 0x69, 0x67, 0x6e, 0x6f, 0x72, 0x69, 0x6e, 0x67, 0x20,
  0x44, 0x49, 0x4f, 0x20, 0x77, 0x69, 0x74, 0x68, 0x20, 0x61, 0x6e, 0x20,
  0x75, 0x6e, 0x73, 0x75, 0x70, 0x70, 0x6f, 0x72, 0x74, 0x65, 0x64, 0x20,
  0x4d, 0x4f, 0x50, 0x3a, 0x20, 0x25, 0x64, 0x0a, 0x00, 0x4a, 0x6f, 0x69,
  0x6e, 0x00, 0x66, 0x61, 0x69, 0x6c, 0x65, 0x64, 0x20, 0x74, 0x6f, 0x20,
  0x69, 0x6e, 0x69, 0x74, 0x69, 0x61, 0x6c, 0x69, 0x7a, 0x65, 0x20, 0x44,
  0x41, 0x47, 0x00, 0x49, 0x4e, 0x46, 0x4f, 0x00, 0x69, 0x6e, 0x69, 0x74,
  0x69, 0x61, 0x6c, 0x69, 0x7a, 0x65, 0x64, 0x20, 0x44, 0x41, 0x47, 0x20,
  0x77, 0x69, 0x74, 0x68, 0x20, 0x69, 0x6e, 0x73, 0x74, 0x61, 0x6e, 0x63,
  0x65, 0x20, 0x49, 0x44, 0x20, 0x25, 0x75, 0x2c, 0x20, 0x44, 0x41, 0x47,
  0x20, 0x49, 0x44, 0x20, 0x00, 0x2c, 0x20, 0x70, 0x72, 0x65, 0x78, 0x69,
  0x78, 0x20, 0x00, 0x2f, 0x25, 0x75, 0x2c, 0x20, 0x72, 0x61, 0x6e, 0x6b,
  0x20, 0x25, 0x75, 0x0a, 0x00, 0x6a, 0x75, 0x73, 0x74, 0x20, 0x6a, 0x6f,
  0x69, 0x6e, 0x65, 0x64, 0x2c, 0x20, 0x6e, 0x6f, 0x20, 0x70, 0x61, 0x72,
  0x65, 0x6e, 0x74, 0x20, 0x79, 0x65, 0x74, 0x2c, 0x20, 0x73, 0x65, 0x74,
  0x74, 0x69, 0x6e, 0x67, 0x20, 0x74, 0x69, 0x6d, 0x65, 0x72, 0x20, 0x66,
  0x6f, 0x72, 0x20, 0x6c, 0x65, 0x61, 0x76, 0x69, 0x6e, 0x67, 0x00, 0x75,
  0x6e, 0x6b, 0x6e, 0x6f, 0x77, 0x6e, 0x00, 0x6c, 0x65, 0x61, 0x76, 0x69,
  0x6e, 0x67, 0x20, 0x44, 0x41, 0x47, 0x20, 0x00, 0x2c, 0x20, 0x69, 0x6e,
  0x73, 0x74, 0x61, 0x6e, 0x63, 0x65, 0x20, 0x25, 0x75, 0x0a, 0x00, 0x44,
  0x41, 0x47, 0x20, 0x65, 0x78, 0x70, 0x69, 0x72, 0x65, 0x64, 0x2c, 0x20,
  0x70, 0x6f, 0x69, 0x73, 0x6f, 0x6e, 0x20, 0x61, 0x6e, 0x64, 0x20, 0x6c,
  0x65, 0x61, 0x76, 0x65, 0x00, 0x44, 0x41, 0x47, 0x20, 0x65, 0x78, 0x70,
  0x69, 0x72, 0x69, 0x6e, 0x67, 0x20, 0x69, 0x6e, 0x20, 0x25, 0x75, 0x20,
  0x73, 0x65, 0x63, 0x6f, 0x6e, 0x64, 0x73, 0x2c, 0x20, 0x73, 0x65, 0x6e,
  0x64, 0x20, 0x44, 0x49, 0x53, 0x20, 0x74, 0x6f, 0x20, 0x70, 0x72, 0x65,
  0x66, 0x65, 0x72, 0x72, 0x65, 0x64, 0x20, 0x70, 0x61, 0x72, 0x65, 0x6e,
  0x74, 0x0a, 0x00, 0x6c, 0x6f, 0x63, 0x61, 0x6c, 0x20, 0x72, 0x65, 0x70,
  0x61, 0x69, 0x72, 0x20, 0x28, 0x25, 0x73, 0x29, 0x0a, 0x00, 0x4c, 0x6f,
  0x63, 0x61, 0x6c, 0x20, 0x72, 0x65, 0x70, 0x61, 0x69, 0x72, 0x00, 0x69,
  0x6e, 0x69, 0x74, 0x69, 0x61, 0x74, 0x69, 0x6e, 0x67, 0x20, 0x67, 0x6c,
  0x6f, 0x62, 0x61, 0x6c, 0x20, 0x72, 0x65, 0x70, 0x61, 0x69, 0x72, 0x20,
  0x28, 0x25, 0x73, 0x29, 0x2c, 0x20, 0x76, 0x65, 0x72, 0x73, 0x69, 0x6f,
  0x6e, 0x20, 0x25, 0x75, 0x2c, 0x20, 0x72, 0x61, 0x6e, 0x6b, 0x20, 0x25,
  0x75, 0x0a, 0x00, 0x47, 0x6c, 0x6f, 0x62, 0x61, 0x6c, 0x20, 0x72, 0x65,
  0x70, 0x61, 0x69, 0x72, 0x20, 0x28, 0x62, 0x65, 0x66, 0x6f, 0x72, 0x65,
  0x29, 0x00, 0x47, 0x6c, 0x6f, 0x62, 0x61, 0x6c, 0x20, 0x72, 0x65, 0x70,
  0x61, 0x69, 0x72, 0x00, 0x70, 0x6f, 0x69, 0x73, 0x6f, 0x6e, 0x69, 0x6e,
  0x67, 0x20, 0x61, 0x6e, 0x64, 0x20, 0x6c, 0x65, 0x61, 0x76, 0x69, 0x6e,
  0x67, 0x20, 0x61, 0x66, 0x74, 0x65, 0x72, 0x20, 0x61, 0x20, 0x64, 0x65,
  0x6c, 0x61, 0x79, 0x00, 0x50, 0x6f, 0x69, 0x73, 0x6f, 0x6e, 0x20, 0x72,
  0x6f, 0x75, 0x74, 0x65, 0x73, 0x00, 0x73, 0x69, 0x67, 0x6e, 0x69, 0x66,
  0x69, 0x63, 0x61, 0x6e, 0x74, 0x20, 0x72, 0x61, 0x6e, 0x6b, 0x20, 0x75,
  0x70, 0x64, 0x61, 0x74, 0x65, 0x20, 0x25, 0x75, 0x2d, 0x3e, 0x25, 0x75,
  0x0a, 0x00, 0x53, 0x69, 0x67, 0x6e, 0x69, 0x66, 0x69, 0x63, 0x61, 0x6e,
  0x74, 0x20, 0x72, 0x61, 0x6e, 0x6b, 0x20, 0x75, 0x70, 0x64, 0x61, 0x74,
  0x65, 0x00, 0x47, 0x6f, 0x74, 0x20, 0x70, 0x61, 0x72, 0x65, 0x6e, 0x74,
  0x00, 0x66, 0x6f, 0x75, 0x6e, 0x64, 0x20, 0x70, 0x61, 0x72, 0x65, 0x6e,
  0x74, 0x3a, 0x20, 0x00, 0x2c, 0x20, 0x73, 0x74, 0x61, 0x79, 0x69, 0x6e,
  0x67, 0x20, 0x69, 0x6e, 0x20, 0x44, 0x41, 0x47, 0x00, 0x6e, 0x6f, 0x20,
  0x70, 0x61, 0x72, 0x65, 0x6e, 0x74, 0x2c, 0x20, 0x73, 0x63, 0x68, 0x65,
  0x64, 0x75, 0x6c, 0x69, 0x6e, 0x67, 0x20, 0x70, 0x65, 0x72, 0x69, 0x6f,
  0x64, 0x69, 0x63, 0x20, 0x44, 0x49, 0x53, 0x2c, 0x20, 0x77, 0x69, 0x6c,
  0x6c, 0x20, 0x6c, 0x65, 0x61, 0x76, 0x65, 0x20, 0x69, 0x66, 0x20, 0x6e,
  0x6f, 0x20, 0x70, 0x61, 0x72, 0x65, 0x6e, 0x74, 0x20, 0x69, 0x73, 0x20,
  0x66, 0x6f, 0x75, 0x6e, 0x64, 0x00, 0x50, 0x61, 0x72, 0x65, 0x6e, 0x74,
  0x20, 0x73, 0x77, 0x69, 0x74, 0x63, 0x68, 0x00, 0x66, 0x61, 0x69, 0x6c,
  0x65, 0x64, 0x20, 0x74, 0x6f, 0x20, 0x69, 0x6e, 0x69, 0x74, 0x20, 0x44,
  0x41, 0x47, 0x00, 0x48, 0x65, 0x61, 0x72, 0x64, 0x20, 0x6f, 0x6c, 0x64,
  0x20, 0x76, 0x65, 0x72, 0x73, 0x69, 0x6f, 0x6e, 0x20, 0x66, 0x72, 0x6f,
  0x6d, 0x20, 0x72, 0x6f, 0x6f, 0x74, 0x00, 0x69, 0x6e, 0x63, 0x6f, 0x6e,
  0x73, 0x69, 0x73, 0x74, 0x65, 0x6e, 0x74, 0x20, 0x44, 0x49, 0x4f, 0x20,
  0x76, 0x65, 0x72, 0x73, 0x69, 0x6f, 0x6e, 0x20, 0x28, 0x63, 0x75, 0x72,
  0x72, 0x65, 0x6e, 0x74, 0x3a, 0x20, 0x25, 0x75, 0x2c, 0x20, 0x72, 0x65,
  0x63, 0x65, 0x69, 0x76, 0x65, 0x64, 0x3a, 0x20, 0x25, 0x75, 0x29, 0x2c,
  0x20, 0x69, 0x6e, 0x69, 0x74, 0x69, 0x61, 0x74, 0x65, 0x20, 0x67, 0x6c,
  0x6f, 0x62, 0x61, 0x6c, 0x20, 0x72, 0x65, 0x70, 0x61, 0x69, 0x72, 0x0a,
  0x00, 0x49, 0x6e, 0x63, 0x6f, 0x6e, 0x73, 0x69, 0x73, 0x74, 0x65, 0x6e,
  0x74, 0x20, 0x44, 0x49, 0x4f, 0x20, 0x76, 0x65, 0x72, 0x73, 0x69, 0x6f,
  0x6e, 0x00, 0x6e, 0x65, 0x77, 0x20, 0x44, 0x49, 0x4f, 0x20, 0x76, 0x65,
  0x72, 0x73, 0x69, 0x6f, 0x6e, 0x20, 0x28, 0x63, 0x75, 0x72, 0x72, 0x65,
  0x6e, 0x74, 0x3a, 0x20, 0x25, 0x75, 0x2c, 0x20, 0x72, 0x65, 0x63, 0x65,
  0x69, 0x76, 0x65, 0x64, 0x3a, 0x20, 0x25, 0x75, 0x29, 0x2c, 0x20, 0x61,
  0x70, 0x70, 0x6c, 0x79, 0x20, 0x67, 0x6c, 0x6f, 0x62, 0x61, 0x6c, 0x20,
  0x72, 0x65, 0x70, 0x61, 0x69, 0x72, 0x0a, 0x00, 0x70, 0x61, 0x72, 0x74,
  0x69, 0x63, 0x69, 0x70, 0x61, 0x74, 0x69, 0x6e, 0x67, 0x20, 0x69, 0x6e,
  0x20, 0x67, 0x6c, 0x6f, 0x62, 0x61, 0x6c, 0x20, 0x72, 0x65, 0x70, 0x61,
  0x69, 0x72, 0x2c, 0x20, 0x76, 0x65, 0x72, 0x73, 0x69, 0x6f, 0x6e, 0x20,
  0x25, 0x75, 0x2c, 0x20, 0x72, 0x61, 0x6e, 0x6b, 0x20, 0x25, 0x75, 0x0a,
  0x00, 0x49, 0x50, 0x76, 0x36, 0x20, 0x63, 0x61, 0x63, 0x68, 0x65, 0x20,
  0x66, 0x75, 0x6c, 0x6c, 0x2c, 0x20, 0x64, 0x72, 0x6f, 0x70, 0x70, 0x69,
  0x6e, 0x67, 0x20, 0x44, 0x49, 0x4f, 0x00, 0x66, 0x61, 0x69, 0x6c, 0x65,
  0x64, 0x20, 0x74, 0x6f, 0x20, 0x61, 0x64, 0x64, 0x20, 0x6e, 0x65, 0x69,
  0x67, 0x68, 0x62, 0x6f, 0x72, 0x00, 0x6e, 0x65, 0x69, 0x67, 0x68, 0x62,
  0x6f, 0x72, 0x20, 0x74, 0x61, 0x62, 0x6c, 0x65, 0x20, 0x66, 0x75, 0x6c,
  0x6c, 0x2c, 0x20, 0x64, 0x72, 0x6f, 0x70, 0x70, 0x69, 0x6e, 0x67, 0x20,
  0x44, 0x49, 0x4f, 0x00, 0x72, 0x65, 0x66, 0x72, 0x65, 0x73, 0x68, 0x69,
  0x6e, 0x67, 0x20, 0x6c, 0x69, 0x66, 0x65, 0x74, 0x69, 0x6d, 0x65, 0x00,
  0x44, 0x54, 0x53, 0x4e, 0x20, 0x69, 0x6e, 0x63, 0x72, 0x65, 0x6d, 0x65,
  0x6e, 0x74, 0x20, 0x25, 0x75, 0x2d, 0x3e, 0x25, 0x75, 0x2c, 0x20, 0x73,
  0x63, 0x68, 0x65, 0x64, 0x75, 0x6c, 0x65, 0x20, 0x6e, 0x65, 0x77, 0x20,
  0x44, 0x41, 0x4f, 0x20, 0x77, 0x69, 0x74, 0x68, 0x20, 0x44, 0x54, 0x53,
  0x4e, 0x20, 0x25, 0x75, 0x0a, 0x00, 0x4d, 0x75, 0x6c, 0x74, 0x69, 0x63,
  0x61, 0x73, 0x74, 0x20, 0x44, 0x49, 0x53, 0x00, 0x75, 0x6e, 0x69, 0x63,
  0x61, 0x73, 0x74, 0x20, 0x44, 0x49, 0x53, 0x2c, 0x20, 0x72, 0x65, 0x70,
  0x6c, 0x79, 0x20, 0x74, 0x6f, 0x20, 0x73, 0x65, 0x6e, 0x64, 0x65, 0x72,
  0x00, 0x66, 0x61, 0x69, 0x6c, 0x65, 0x64, 0x20, 0x74, 0x6f, 0x20, 0x61,
  0x64, 0x64, 0x20, 0x6c, 0x69, 0x6e, 0x6b, 0x20, 0x6f, 0x6e, 0x20, 0x69,
  0x6e, 0x63, 0x6f, 0x6d, 0x69, 0x6e, 0x67, 0x20, 0x44, 0x41, 0x4f, 0x00,
  0x52, 0x65, 0x61, 0x63, 0x68, 0x61, 0x62, 0x6c, 0x65, 0x00, 0x44, 0x41,
  0x4f, 0x2d, 0x4e, 0x41, 0x43, 0x4b, 0x20, 0x72, 0x65, 0x63, 0x65, 0x69,
  0x76, 0x65, 0x64, 0x20, 0x77, 0x69, 0x74, 0x68, 0x20, 0x73, 0x65, 0x71,
  0x6e, 0x6f, 0x20, 0x25, 0x75, 0x2c, 0x20, 0x73, 0x74, 0x61, 0x74, 0x75,
  0x73, 0x20, 0x25, 0x75, 0x2c, 0x20, 0x70, 0x6f, 0x69, 0x73, 0x6f, 0x6e,
  0x20, 0x61, 0x6e, 0x64, 0x20, 0x6c, 0x65, 0x61, 0x76, 0x65, 0x0a, 0x00,
  0x49, 0x6e, 0x69, 0x74, 0x20, 0x72, 0x6f, 0x6f, 0x74, 0x00, 0x63, 0x72,
  0x65, 0x61, 0x74, 0x65, 0x64, 0x20, 0x44, 0x41, 0x47, 0x20, 0x77, 0x69,
  0x74, 0x68, 0x20, 0x69, 0x6e, 0x73, 0x74, 0x61, 0x6e, 0x63, 0x65, 0x20,
  0x49, 0x44, 0x20, 0x25, 0x75, 0x2c, 0x20, 0x44, 0x41, 0x47, 0x20, 0x49,
  0x44, 0x20, 0x00, 0x2c, 0x20, 0x72, 0x61, 0x6e, 0x6b, 0x20, 0x25, 0x75,
  0x0a, 0x00, 0x69, 0x6e, 0x69, 0x74, 0x69, 0x61, 0x6c, 0x69, 0x7a, 0x65,
  0x64, 0x00, 0x6a, 0x6f, 0x69, 0x6e, 0x65, 0x64, 0x00, 0x72, 0x65, 0x61,
  0x63, 0x68, 0x61, 0x62, 0x6c, 0x65, 0x00, 0x70, 0x6f, 0x69, 0x73, 0x6f,
  0x6e, 0x69, 0x6e, 0x67, 0x00, 0x52, 0x50, 0x4c, 0x00, 0x45, 0x52, 0x52,
  0x00, 0x5b, 0x25, 0x2d, 0x34, 0x73, 0x3a, 0x20, 0x25, 0x2d, 0x31, 0x30,
  0x73, 0x5d, 0x20, 0x00, 0x68, 0x6f, 0x70, 0x2d, 0x62, 0x79, 0x2d, 0x68,
  0x6f, 0x70, 0x20, 0x65, 0x78, 0x74, 0x65, 0x6e, 0x73, 0x69, 0x6f, 0x6e,
  0x20, 0x68, 0x65, 0x61, 0x64, 0x65, 0x72, 0x20, 0x68, 0x61, 0x73, 0x20,
  0x77, 0x72, 0x6f, 0x6e, 0x67, 0x20, 0x73, 0x69, 0x7a, 0x65, 0x20, 0x28,
  0x25, 0x75, 0x29, 0x0a, 0x00, 0x75, 0x6e, 0x61, 0x62, 0x6c, 0x65, 0x20,
  0x74, 0x6f, 0x20, 0x61, 0x64, 0x64, 0x2f, 0x75, 0x70, 0x64, 0x61, 0x74,
  0x65, 0x20, 0x68, 0x6f, 0x70, 0x2d, 0x62, 0x79, 0x2d, 0x68, 0x6f, 0x70,
  0x20, 0x65, 0x78, 0x74, 0x65, 0x6e, 0x73, 0x69, 0x6f, 0x6e, 0x20, 0x68,
  0x65, 0x61, 0x64, 0x65, 0x72, 0x3a, 0x20, 0x69, 0x6e, 0x63, 0x6f, 0x72,
  0x72, 0x65, 0x63, 0x74, 0x20, 0x69, 0x6e, 0x73, 0x74, 0x61, 0x6e, 0x63,
  0x65, 0x00, 0x54, 0x54, 0x4c, 0x20, 0x76, 0x61, 0x6c, 0x75, 0x65, 0x20,
  0x66, 0x72, 0x6f, 0x6d, 0x20, 0x72, 0x70, 0x6c, 0x2d, 0x6c, 0x69, 0x74,
  0x65, 0x3a, 0x20, 0x25, 0x75, 0x20, 0x00, 0x20, 0x20, 0x20, 0x20, 0x20,
  0x20, 0x20, 0x20, 0x20, 0x20, 0x00, 0x44, 0x42, 0x47, 0x00, 0x6e, 0x6f,
  0x20, 0x53, 0x52, 0x48, 0x20, 0x66, 0x6f, 0x75, 0x6e, 0x64, 0x00, 0x49,
  0x4e, 0x46, 0x4f, 0x00, 0x53, 0x52, 0x48, 0x20, 0x6e, 0x6f, 0x74, 0x20,
  0x66, 0x6f, 0x75, 0x6e, 0x64, 0x00, 0x72, 0x65, 0x61, 0x64, 0x20, 0x53,
  0x52, 0x48, 0x2c, 0x20, 0x70, 0x61, 0x74, 0x68, 0x20, 0x6c, 0x65, 0x6e,
  0x20, 0x25, 0x75, 0x2c, 0x20, 0x73, 0x65, 0x67, 0x6d, 0x65, 0x6e, 0x74,
  0x73, 0x20, 0x6c, 0x65, 0x66, 0x74, 0x20, 0x25, 0x75, 0x2c, 0x20, 0x43,
  0x6d, 0x70, 0x72, 0x69, 0x20, 0x25, 0x75, 0x2c, 0x20, 0x43, 0x6d, 0x70,
  0x72, 0x65, 0x20, 0x25, 0x75, 0x2c, 0x20, 0x65, 0x78, 0x74, 0x20, 0x6c,
  0x65, 0x6e, 0x20, 0x25, 0x75, 0x20, 0x28, 0x70, 0x61, 0x64, 0x64, 0x69,
  0x6e, 0x67, 0x20, 0x25, 0x75, 0x29, 0x0a, 0x00, 0x53, 0x52, 0x48, 0x20,
  0x77, 0x69, 0x74, 0x68, 0x20, 0x74, 0x6f, 0x6f, 0x20, 0x6d, 0x61, 0x6e,
  0x79, 0x20, 0x73, 0x65, 0x67, 0x6d, 0x65, 0x6e, 0x74, 0x73, 0x20, 0x6c,
  0x65, 0x66, 0x74, 0x20, 0x28, 0x25, 0x75, 0x20, 0x3e, 0x20, 0x25, 0x75,
  0x29, 0x0a, 0x00, 0x49, 0x6e, 0x76, 0x61, 0x6c, 0x69, 0x64, 0x20, 0x53,
  0x52, 0x48, 0x20, 0x61, 0x64, 0x64, 0x72, 0x65, 0x73, 0x73, 0x20, 0x70,
  0x6f, 0x69, 0x6e, 0x74, 0x65, 0x72, 0x00, 0x53, 0x52, 0x48, 0x20, 0x6e,
  0x65, 0x78, 0x74, 0x20, 0x68, 0x6f, 0x70, 0x20, 0x00, 0x64, 0x6f, 0x77,
  0x6e, 0x00, 0x75, 0x70, 0x00, 0x68, 0x6f, 0x70, 0x2d, 0x62, 0x79, 0x2d,
  0x68, 0x6f, 0x70, 0x20, 0x65, 0x78, 0x74, 0x65, 0x6e, 0x73, 0x69, 0x6f,
  0x6e, 0x20, 0x68, 0x65, 0x61, 0x64, 0x65, 0x72, 0x20, 0x68, 0x61, 0x73,
  0x20, 0x77, 0x72, 0x6f, 0x6e, 0x67, 0x20, 0x73, 0x69, 0x7a, 0x65, 0x20,
  0x6f, 0x72, 0x20, 0x74, 0x79, 0x70, 0x65, 0x20, 0x28, 0x25, 0x75, 0x20,
  0x25, 0x75, 0x20, 0x25, 0x75, 0x29, 0x0a, 0x00, 0x75, 0x6e, 0x6b, 0x6e,
  0x6f, 0x77, 0x6e, 0x20, 0x69, 0x6e, 0x73, 0x74, 0x61, 0x6e, 0x63, 0x65,
  0x3a, 0x20, 0x25, 0x75, 0x0a, 0x00, 0x66, 0x6f, 0x72, 0x77, 0x61, 0x72,
  0x64, 0x20, 0x65, 0x72, 0x72, 0x6f, 0x72, 0x21, 0x00, 0x65, 0x78, 0x74,
  0x20, 0x68, 0x64, 0x72, 0x3a, 0x20, 0x70, 0x61, 0x63, 0x6b, 0x65, 0x74,
  0x20, 0x66, 0x72, 0x6f, 0x6d, 0x20, 0x00, 0x20, 0x74, 0x6f, 0x20, 0x00,
  0x20, 0x67, 0x6f, 0x69, 0x6e, 0x67, 0x20, 0x25, 0x73, 0x2c, 0x20, 0x73,
  0x65, 0x6e, 0x64, 0x65, 0x72, 0x20, 0x63, 0x6c, 0x6f, 0x73, 0x65, 0x72,
  0x20, 0x25, 0x64, 0x20, 0x28, 0x25, 0x64, 0x20, 0x3c, 0x20, 0x25, 0x64,
  0x29, 0x2c, 0x20, 0x72, 0x61, 0x6e, 0x6b, 0x20, 0x65, 0x72, 0x72, 0x6f,
  0x72, 0x20, 0x25, 0x75, 0x2c, 0x20, 0x6c, 0x6f, 0x6f, 0x70, 0x20, 0x64,
  0x65, 0x74, 0x65, 0x63, 0x74, 0x65, 0x64, 0x20, 0x25, 0x75, 0x0a, 0x00,
  0x53, 0x52, 0x48, 0x20, 0x63, 0x72, 0x65, 0x61, 0x74, 0x69, 0x6e, 0x67,
  0x20, 0x73, 0x6f, 0x75, 0x72, 0x63, 0x65, 0x20, 0x72, 0x6f, 0x75, 0x74,
  0x69, 0x6e, 0x67, 0x20, 0x68, 0x65, 0x61, 0x64, 0x65, 0x72, 0x20, 0x77,
  0x69, 0x74, 0x68, 0x20, 0x64, 0x65, 0x73, 0x74, 0x69, 0x6e, 0x61, 0x74,
  0x69, 0x6f, 0x6e, 0x20, 0x00, 0x20, 0x00, 0x53, 0x52, 0x48, 0x20, 0x64,
  0x65, 0x73, 0x74, 0x69, 0x6e, 0x61, 0x74, 0x69, 0x6f, 0x6e, 0x20, 0x6e,
  0x6f, 0x74, 0x20, 0x69, 0x6e, 0x20, 0x6f, 0x75, 0x72, 0x20, 0x44, 0x41,
  0x47, 0x2c, 0x20, 0x73, 0x6b, 0x69, 0x70, 0x20, 0x53, 0x52, 0x48, 0x20,
  0x69, 0x6e, 0x73, 0x65, 0x72, 0x74, 0x69, 0x6f, 0x6e, 0x00, 0x53, 0x52,
  0x48, 0x20, 0x6e, 0x6f, 0x64, 0x65, 0x20, 0x6e, 0x6f, 0x74, 0x20, 0x66,
  0x6f, 0x75, 0x6e, 0x64, 0x2c, 0x20, 0x73, 0x6b, 0x69, 0x70, 0x20, 0x53,
  0x52, 0x48, 0x20, 0x69, 0x6e, 0x73, 0x65, 0x72, 0x74, 0x69, 0x6f, 0x6e,
  0x00, 0x53, 0x52, 0x48, 0x20, 0x72, 0x6f, 0x6f, 0x74, 0x20, 0x6e, 0x6f,
  0x64, 0x65, 0x20, 0x6e, 0x6f, 0x74, 0x20, 0x66, 0x6f, 0x75, 0x6e, 0x64,
  0x00, 0x53, 0x52, 0x48, 0x20, 0x6e, 0x6f, 0x20, 0x70, 0x61, 0x74, 0x68,
  0x20, 0x66, 0x6f, 0x75, 0x6e, 0x64, 0x20, 0x74, 0x6f, 0x20, 0x64, 0x65,
  0x73, 0x74, 0x69, 0x6e, 0x61, 0x74, 0x69, 0x6f, 0x6e, 0x00, 0x53, 0x52,
  0x48, 0x20, 0x48, 0x6f, 0x70, 0x20, 0x00, 0x53, 0x52, 0x48, 0x20, 0x70,
  0x61, 0x74, 0x68, 0x20, 0x6c, 0x65, 0x6e, 0x3a, 0x20, 0x25, 0x75, 0x2c,
  0x20, 0x43, 0x6f, 0x6d, 0x70, 0x72, 0x49, 0x20, 0x25, 0x75, 0x2c, 0x20,
  0x43, 0x6f, 0x6d, 0x70, 0x72, 0x45, 0x20, 0x25, 0x75, 0x2c, 0x20, 0x65,
  0x78, 0x74, 0x20, 0x6c, 0x65, 0x6e, 0x20, 0x25, 0x75, 0x20, 0x28, 0x70,
  0x61, 0x64, 0x64, 0x69, 0x6e, 0x67, 0x20, 0x25, 0x75, 0x29, 0x0a, 0x00,
  0x70, 0x61, 0x63, 0x6b, 0x65, 0x74, 0x20, 0x74, 0x6f, 0x6f, 0x20, 0x6c,
  0x6f, 0x6e, 0x67, 0x3a, 0x20, 0x69, 0x6d, 0x70, 0x6f, 0x73, 0x73, 0x69,
  0x62, 0x6c, 0x65, 0x20, 0x74, 0x6f, 0x20, 0x61, 0x64, 0x64, 0x20, 0x73,
  0x6f, 0x75, 0x72, 0x63, 0x65, 0x20, 0x72, 0x6f, 0x75, 0x74, 0x69, 0x6e,
  0x67, 0x20, 0x68, 0x65, 0x61, 0x64, 0x65, 0x72, 0x20, 0x28, 0x25, 0x75,
  0x20, 0x62, 0x79, 0x74, 0x65, 0x73, 0x29, 0x0a, 0x00, 0x63, 0x72, 0x65,
  0x61, 0x74, 0x69, 0x6e, 0x67, 0x20, 0x68, 0x6f, 0x70, 0x2d, 0x62, 0x79,
  0x2d, 0x68, 0x6f, 0x70, 0x20, 0x6f, 0x70, 0x74, 0x69, 0x6f, 0x6e, 0x00,
  0x70, 0x61, 0x63, 0x6b, 0x65, 0x74, 0x20, 0x74, 0x6f, 0x6f, 0x20, 0x6c,
  0x6f, 0x6e, 0x67, 0x3a, 0x20, 0x69, 0x6d, 0x70, 0x6f, 0x73, 0x73, 0x69,
  0x62, 0x6c, 0x65, 0x20, 0x74, 0x6f, 0x20, 0x61, 0x64, 0x64, 0x20, 0x68,
  0x6f, 0x70, 0x2d, 0x62, 0x79, 0x2d, 0x68, 0x6f, 0x70, 0x20, 0x6f, 0x70,
  0x74, 0x69, 0x6f, 0x6e, 0x00, 0x41, 0x43, 0x4b, 0x00, 0x4e, 0x41, 0x43,
  0x4b, 0x00, 0x52, 0x50, 0x4c, 0x00, 0x45, 0x52, 0x52, 0x00, 0x5b, 0x25,
  0x2d, 0x34, 0x73, 0x3a, 0x20, 0x25, 0x2d, 0x31, 0x30, 0x73, 0x5d, 0x20,
  0x00, 0x64, 0x61, 0x6f, 0x5f, 0x61, 0x63, 0x6b, 0x5f, 0x69, 0x6e, 0x70,
  0x75, 0x74, 0x3a, 0x20, 0x75, 0x6e, 0x6b, 0x6e, 0x6f, 0x77, 0x6e, 0x20,
  0x69, 0x6e, 0x73, 0x74, 0x61, 0x6e, 0x63, 0x65, 0x2c, 0x20, 0x64, 0x69,
  0x73, 0x63, 0x61, 0x72, 0x64, 0x00, 0x49, 0x4e, 0x46, 0x4f, 0x00, 0x72,
  0x65, 0x63, 0x65, 0x69, 0x76, 0x65, 0x64, 0x20, 0x61, 0x20, 0x44, 0x41,
  0x4f, 0x2d, 0x25, 0x73, 0x20, 0x77, 0x69, 0x74, 0x68, 0x20, 0x73, 0x65,
  0x71, 0x6e, 0x6f, 0x20, 0x25, 0x64, 0x20, 0x28, 0x25, 0x64, 0x20, 0x25,
  0x64, 0x29, 0x20, 0x61, 0x6e, 0x64, 0x20, 0x73, 0x74, 0x61, 0x74, 0x75,
  0x73, 0x20, 0x25, 0x64, 0x20, 0x66, 0x72, 0x6f, 0x6d, 0x20, 0x00, 0x4e,
  0x6f, 0x2d, 0x70, 0x61, 0x74, 0x68, 0x20, 0x00, 0x00, 0x64, 0x61, 0x6f,
  0x5f, 0x69, 0x6e, 0x70, 0x75, 0x74, 0x3a, 0x20, 0x75, 0x6e, 0x6b, 0x6e,
  0x6f, 0x77, 0x6e, 0x20, 0x52, 0x50, 0x4c, 0x20, 0x69, 0x6e, 0x73, 0x74,
  0x61, 0x6e, 0x63, 0x65, 0x20, 0x25, 0x75, 0x2c, 0x20, 0x64, 0x69, 0x73,
  0x63, 0x61, 0x72, 0x64, 0x0a, 0x00, 0x64, 0x61, 0x6f, 0x5f, 0x69, 0x6e,
  0x70, 0x75, 0x74, 0x3a, 0x20, 0x64, 0x69, 0x66, 0x66, 0x65, 0x72, 0x65,
  0x6e, 0x74, 0x20, 0x44, 0x41, 0x47, 0x20, 0x49, 0x44, 0x20, 0x00, 0x2c,
  0x20, 0x64, 0x69, 0x73, 0x63, 0x61, 0x72, 0x64, 0x00, 0x72, 0x65, 0x63,
  0x65, 0x69, 0x76, 0x65, 0x64, 0x20, 0x61, 0x20, 0x25, 0x73, 0x44, 0x41,
  0x4f, 0x20, 0x66, 0x72, 0x6f, 0x6d, 0x20, 0x00, 0x2c, 0x20, 0x73, 0x65,
  0x71, 0x6e, 0x6f, 0x20, 0x25, 0x75, 0x2c, 0x20, 0x6c, 0x69, 0x66, 0x65,
  0x74, 0x69, 0x6d, 0x65, 0x20, 0x25, 0x75, 0x2c, 0x20, 0x70, 0x72, 0x65,
  0x66, 0x69, 0x78, 0x20, 0x00, 0x2c, 0x20, 0x70, 0x72, 0x65, 0x66, 0x69,
  0x78, 0x20, 0x6c, 0x65, 0x6e, 0x67, 0x74, 0x68, 0x20, 0x25, 0x75, 0x2c,
  0x20, 0x70, 0x61, 0x72, 0x65, 0x6e, 0x74, 0x20, 0x00, 0x20, 0x00, 0x6d,
  0x75, 0x6c, 0x74, 0x69, 0x63, 0x61, 0x73, 0x74, 0x00, 0x75, 0x6e, 0x69,
  0x63, 0x61, 0x73, 0x74, 0x00, 0x64, 0x69, 0x6f, 0x5f, 0x69, 0x6e, 0x70,
  0x75, 0x74, 0x3a, 0x20, 0x6d, 0x61, 0x6c, 0x66, 0x6f, 0x72, 0x6d, 0x65,
  0x64, 0x20, 0x70, 0x61, 0x63, 0x6b, 0x65, 0x74, 0x2c, 0x20, 0x64, 0x69,
  0x73, 0x63, 0x61, 0x72, 0x64, 0x00, 0x57, 0x41, 0x52, 0x4e, 0x00, 0x64,
  0x69, 0x6f, 0x5f, 0x69, 0x6e, 0x70, 0x75, 0x74, 0x3a, 0x20, 0x69, 0x6e,
  0x76, 0x61, 0x6c, 0x69, 0x64, 0x20, 0x44, 0x41, 0x47, 0x20, 0x4d, 0x43,
  0x2c, 0x20, 0x6c, 0x65, 0x6e, 0x20, 0x25, 0x75, 0x2c, 0x20, 0x64, 0x69,
  0x73, 0x63, 0x61, 0x72, 0x64, 0x0a, 0x00, 0x64, 0x69, 0x6f, 0x5f, 0x69,
  0x6e, 0x70, 0x75, 0x74, 0x3a, 0x20, 0x75, 0x6e, 0x73, 0x75, 0x70, 0x70,
  0x6f, 0x72, 0x74, 0x65, 0x64, 0x20, 0x44, 0x41, 0x47, 0x20, 0x4d, 0x43,
  0x20, 0x74, 0x79, 0x70, 0x65, 0x20, 0x25, 0x75, 0x2c, 0x20, 0x64, 0x69,
  0x73, 0x63, 0x61, 0x72, 0x64, 0x0a, 0x00, 0x64, 0x69, 0x6f, 0x5f, 0x69,
  0x6e, 0x70, 0x75, 0x74, 0x3a, 0x20, 0x69, 0x6e, 0x76, 0x61, 0x6c, 0x69,
  0x64, 0x20, 0x64, 0x65, 0x73, 0x74, 0x69, 0x6e, 0x61, 0x74, 0x69, 0x6f,
  0x6e, 0x20, 0x70, 0x72, 0x65, 0x66, 0x69, 0x78, 0x20, 0x6f, 0x70, 0x74,
  0x69, 0x6f, 0x6e, 0x2c, 0x20, 0x6c, 0x65, 0x6e, 0x20, 0x25, 0x75, 0x2c,
  0x20, 0x64, 0x69, 0x73, 0x63, 0x61, 0x72, 0x64, 0x0a, 0x00, 0x64, 0x69,
  0x6f, 0x5f, 0x69, 0x6e, 0x70, 0x75, 0x74, 0x3a, 0x20, 0x69, 0x6e, 0x76,
  0x61, 0x6c, 0x69, 0x64, 0x20, 0x72, 0x6f, 0x75, 0x74, 0x65, 0x20, 0x69,
  0x6e, 0x66, 0x6f, 0x20, 0x6f, 0x70, 0x74, 0x69, 0x6f, 0x6e, 0x2c, 0x20,
  0x6c, 0x65, 0x6e, 0x20, 0x25, 0x75, 0x2c, 0x20, 0x64, 0x69, 0x73, 0x63,
  0x61, 0x72, 0x64, 0x0a, 0x00, 0x64, 0x69, 0x6f, 0x5f, 0x69, 0x6e, 0x70,
  0x75, 0x74, 0x3a, 0x20, 0x69, 0x6e, 0x76, 0x61, 0x6c, 0x69, 0x64, 0x20,
  0x44, 0x41, 0x47, 0x20, 0x63, 0x6f, 0x6e, 0x66, 0x69, 0x67, 0x75, 0x72,
  0x61, 0x74, 0x69, 0x6f, 0x6e, 0x20, 0x6f, 0x70, 0x74, 0x69, 0x6f, 0x6e,
  0x2c, 0x20, 0x6c, 0x65, 0x6e, 0x20, 0x25, 0x75, 0x2c, 0x20, 0x64, 0x69,
  0x73, 0x63, 0x61, 0x72, 0x64, 0x0a, 0x00, 0x64, 0x69, 0x6f, 0x5f, 0x69,
  0x6e, 0x70, 0x75, 0x74, 0x3a, 0x20, 0x69, 0x6e, 0x76, 0x61, 0x6c, 0x69,
  0x64, 0x20, 0x44, 0x41, 0x47, 0x20, 0x70, 0x72, 0x65, 0x66, 0x69, 0x78,
  0x20, 0x69, 0x6e, 0x66, 0x6f, 0x2c, 0x20, 0x6c, 0x65, 0x6e, 0x20, 0x25,
  0x75, 0x2c, 0x20, 0x64, 0x69, 0x73, 0x63, 0x61, 0x72, 0x64, 0x0a, 0x00,
  0x64, 0x69, 0x6f, 0x5f, 0x69, 0x6e, 0x70, 0x75, 0x74, 0x3a, 0x20, 0x75,
  0x6e, 0x73, 0x75, 0x70, 0x70, 0x6f, 0x72, 0x74, 0x65, 0x64, 0x20, 0x73,
  0x75, 0x62, 0x6f, 0x70, 0x74, 0x69, 0x6f, 0x6e, 0x20, 0x74, 0x79, 0x70,
  0x65, 0x20, 0x69, 0x6e, 0x20, 0x44, 0x49, 0x4f, 0x3a, 0x20, 0x25, 0x75,
  0x2c, 0x20, 0x64, 0x69, 0x73, 0x63, 0x61, 0x72, 0x64, 0x0a, 0x00, 0x72,
  0x65, 0x63, 0x65, 0x69, 0x76, 0x65, 0x64, 0x20, 0x61, 0x20, 0x25, 0x73,
  0x2d, 0x44, 0x49, 0x4f, 0x20, 0x66, 0x72, 0x6f, 0x6d, 0x20, 0x00, 0x2c,
  0x20, 0x69, 0x6e, 0x73, 0x74, 0x61, 0x6e, 0x63, 0x65, 0x5f, 0x69, 0x64,
  0x20, 0x25, 0x75, 0x2c, 0x20, 0x44, 0x41, 0x47, 0x20, 0x49, 0x44, 0x20,
  0x00, 0x2c, 0x20, 0x76, 0x65, 0x72, 0x73, 0x69, 0x6f, 0x6e, 0x20, 0x25,
  0x75, 0x2c, 0x20, 0x64, 0x74, 0x73, 0x6e, 0x20, 0x25, 0x75, 0x2c, 0x20,
  0x72, 0x61, 0x6e, 0x6b, 0x20, 0x25, 0x75, 0x0a, 0x00, 0x64, 0x69, 0x73,
  0x5f, 0x69, 0x6e, 0x70, 0x75, 0x74, 0x3a, 0x20, 0x6e, 0x6f, 0x74, 0x20,
  0x69, 0x6e, 0x20, 0x61, 0x6e, 0x20, 0x69, 0x6e, 0x73, 0x74, 0x61, 0x6e,
  0x63, 0x65, 0x20, 0x79, 0x65, 0x74, 0x2c, 0x20, 0x64, 0x69, 0x73, 0x63,
  0x61, 0x72, 0x64, 0x00, 0x72, 0x65, 0x63, 0x65, 0x69, 0x76, 0x65, 0x64,
  0x20, 0x61, 0x20, 0x44, 0x49, 0x53, 0x20, 0x66, 0x72, 0x6f, 0x6d, 0x20,
  0x00, 0x63, 0x6f, 0x75, 0x6c, 0x64, 0x20, 0x6e, 0x6f, 0x74, 0x20, 0x61,
  0x64, 0x64, 0x20, 0x6e, 0x65, 0x69, 0x67, 0x68, 0x62, 0x6f, 0x72, 0x20,
  0x74, 0x6f, 0x20, 0x63, 0x61, 0x63, 0x68, 0x65, 0x20, 0x00, 0x2c, 0x20,
  0x00, 0x73, 0x65, 0x6e, 0x64, 0x69, 0x6e, 0x67, 0x20, 0x61, 0x20, 0x44,
  0x49, 0x53, 0x20, 0x74, 0x6f, 0x20, 0x00, 0x75, 0x6e, 0x61, 0x62, 0x6c,
  0x65, 0x20, 0x74, 0x6f, 0x20, 0x73, 0x65, 0x6e, 0x64, 0x20, 0x44, 0x49,
  0x4f, 0x20, 0x62, 0x65, 0x63, 0x61, 0x75, 0x73, 0x65, 0x20, 0x6f, 0x66,
  0x20, 0x75, 0x6e, 0x73, 0x75, 0x70, 0x70, 0x6f, 0x72, 0x74, 0x65, 0x64,
  0x20, 0x44, 0x41, 0x47, 0x20, 0x4d, 0x43, 0x20, 0x74, 0x79, 0x70, 0x65,
  0x20, 0x25, 0x75, 0x0a, 0x00, 0x73, 0x65, 0x6e, 0x64, 0x69, 0x6e, 0x67,
  0x20, 0x61, 0x20, 0x25, 0x73, 0x2d, 0x44, 0x49, 0x4f, 0x20, 0x77, 0x69,
  0x74, 0x68, 0x20, 0x72, 0x61, 0x6e, 0x6b, 0x20, 0x25, 0x75, 0x20, 0x74,
  0x6f, 0x20, 0x00, 0x72, 0x70, 0x6c, 0x5f, 0x69, 0x63, 0x6d, 0x70, 0x36,
  0x5f, 0x64, 0x61, 0x6f, 0x5f, 0x6f, 0x75, 0x74, 0x70, 0x75, 0x74, 0x3a,
  0x20, 0x6e, 0x6f, 0x74, 0x20, 0x69, 0x6e, 0x20, 0x61, 0x6e, 0x20, 0x69,
  0x6e, 0x73, 0x74, 0x61, 0x6e, 0x63, 0x65, 0x2c, 0x20, 0x73, 0x6b, 0x69,
  0x70, 0x20, 0x73, 0x65, 0x6e, 0x64, 0x69, 0x6e, 0x67, 0x20, 0x44, 0x41,
  0x4f, 0x00, 0x72, 0x70, 0x6c, 0x5f, 0x69, 0x63, 0x6d, 0x70, 0x36, 0x5f,
  0x64, 0x61, 0x6f, 0x5f, 0x6f, 0x75, 0x74, 0x70, 0x75, 0x74, 0x3a, 0x20,
  0x6e, 0x6f, 0x20, 0x70, 0x72, 0x65, 0x66, 0x65, 0x72, 0x72, 0x65, 0x64,
  0x20, 0x70, 0x61, 0x72, 0x65, 0x6e, 0x74, 0x2c, 0x20, 0x73, 0x6b, 0x69,
  0x70, 0x20, 0x73, 0x65, 0x6e, 0x64, 0x69, 0x6e, 0x67, 0x20, 0x44, 0x41,
  0x4f, 0x00, 0x72, 0x70, 0x6c, 0x5f, 0x69, 0x63, 0x6d, 0x70, 0x36, 0x5f,
  0x64, 0x61, 0x6f, 0x5f, 0x6f, 0x75, 0x74, 0x70, 0x75, 0x74, 0x3a, 0x20,
  0x6e, 0x6f, 0x64, 0x65, 0x20, 0x6e, 0x6f, 0x74, 0x20, 0x72, 0x65, 0x61,
  0x64, 0x79, 0x20, 0x74, 0x6f, 0x20, 0x73, 0x65, 0x6e, 0x64, 0x20, 0x61,
  0x20, 0x44, 0x41, 0x4f, 0x20, 0x28, 0x70, 0x72, 0x65, 0x66, 0x69, 0x78,
  0x20, 0x25, 0x70, 0x2c, 0x20, 0x70, 0x61, 0x72, 0x65, 0x6e, 0x74, 0x20,
  0x61, 0x64, 0x64, 0x72, 0x20, 0x25, 0x70, 0x2c, 0x20, 0x6d, 0x6f, 0x70,
  0x20, 0x25, 0x75, 0x29, 0x0a, 0x00, 0x73, 0x65, 0x6e, 0x64, 0x69, 0x6e,
  0x67, 0x20, 0x61, 0x20, 0x25, 0x73, 0x44, 0x41, 0x4f, 0x20, 0x73, 0x65,
  0x71, 0x6e, 0x6f, 0x20, 0x25, 0x75, 0x2c, 0x20, 0x74, 0x78, 0x20, 0x63,
  0x6f, 0x75, 0x6e, 0x74, 0x20, 0x25, 0x75, 0x2c, 0x20, 0x6c, 0x69, 0x66,
  0x65, 0x74, 0x69, 0x6d, 0x65, 0x20, 0x25, 0x75, 0x2c, 0x20, 0x70, 0x72,
  0x65, 0x66, 0x69, 0x78, 0x20, 0x00, 0x20, 0x74, 0x6f, 0x20, 0x00, 0x2c,
  0x20, 0x70, 0x61, 0x72, 0x65, 0x6e, 0x74, 0x20, 0x00, 0x73, 0x65, 0x6e,
  0x64, 0x69, 0x6e, 0x67, 0x20, 0x61, 0x20, 0x44, 0x41, 0x4f, 0x2d, 0x25,
  0x73, 0x20, 0x73, 0x65, 0x71, 0x6e, 0x6f, 0x20, 0x25, 0x64, 0x20, 0x74,
  0x6f, 0x20, 0x00, 0x20, 0x77, 0x69, 0x74, 0x68, 0x20, 0x73, 0x74, 0x61,
  0x74, 0x75, 0x73, 0x20, 0x25, 0x64, 0x0a, 0x00, 0x52, 0x50, 0x4c, 0x00,
  0x49, 0x4e, 0x46, 0x4f, 0x00, 0x5b, 0x25, 0x2d, 0x34, 0x73, 0x3a, 0x20,
  0x25, 0x2d, 0x31, 0x30, 0x73, 0x5d, 0x20, 0x00, 0x72, 0x65, 0x73, 0x65,
  0x74, 0x20, 0x4d, 0x52, 0x48, 0x4f, 0x46, 0x00, 0x25, 0x35, 0x75, 0x2c,
  0x20, 0x25, 0x35, 0x75, 0x20, 0x3d, 0x3e, 0x20, 0x25, 0x35, 0x75, 0x20,
  0x2d, 0x2d, 0x20, 0x25, 0x32, 0x75, 0x20, 0x25, 0x63, 0x25, 0x63, 0x25,
  0x63, 0x25, 0x63, 0x25, 0x63, 0x00, 0x20, 0x28, 0x6c, 0x61, 0x73, 0x74,
  0x20, 0x74, 0x78, 0x20, 0x25, 0x75, 0x20, 0x6d, 0x69, 0x6e, 0x20, 0x61,
  0x67, 0x6f, 0x00, 0x20, 0x28, 0x6e, 0x6f, 0x20, 0x74, 0x78, 0x00, 0x2c,
  0x20, 0x62, 0x65, 0x74, 0x74, 0x65, 0x72, 0x20, 0x73, 0x69, 0x6e, 0x63,
  0x65, 0x20, 0x25, 0x75, 0x20, 0x6d, 0x69, 0x6e, 0x29, 0x00, 0x29, 0x00,
  0x52, 0x50, 0x4c, 0x00, 0x49, 0x4e, 0x46, 0x4f, 0x00, 0x5b, 0x25, 0x2d,
  0x34, 0x73, 0x3a, 0x20, 0x25, 0x2d, 0x31, 0x30, 0x73, 0x5d, 0x20, 0x00,
  0x6e, 0x62, 0x72, 0x3a, 0x20, 0x6f, 0x77, 0x6e, 0x20, 0x73, 0x74, 0x61,
  0x74, 0x65, 0x2c, 0x20, 0x61, 0x64, 0x64, 0x72, 0x20, 0x00, 0x2c, 0x20,
  0x44, 0x41, 0x47, 0x20, 0x73, 0x74, 0x61, 0x74, 0x65, 0x3a, 0x20, 0x25,
  0x73, 0x2c, 0x20, 0x4d, 0x4f, 0x50, 0x20, 0x25, 0x75, 0x20, 0x4f, 0x43,
  0x50, 0x20, 0x25, 0x75, 0x20, 0x72, 0x61, 0x6e, 0x6b, 0x20, 0x25, 0x75,
  0x20, 0x6d, 0x61, 0x78, 0x2d, 0x72, 0x61, 0x6e, 0x6b, 0x20, 0x25, 0x75,
  0x2c, 0x20, 0x64, 0x69, 0x6f, 0x69, 0x6e, 0x74, 0x20, 0x25, 0x75, 0x2c,
  0x20, 0x6e, 0x62, 0x72, 0x20, 0x63, 0x6f, 0x75, 0x6e, 0x74, 0x20, 0x25,
  0x75, 0x20, 0x28, 0x25, 0x73, 0x29, 0x0a, 0x00, 0x6e, 0x62, 0x72, 0x3a,
  0x20, 0x25, 0x73, 0x0a, 0x00, 0x6e, 0x62, 0x72, 0x3a, 0x20, 0x65, 0x6e,
  0x64, 0x20, 0x6f, 0x66, 0x20, 0x6c, 0x69, 0x73, 0x74, 0x00, 0x70, 0x61,
  0x72, 0x65, 0x6e, 0x74, 0x20, 0x73, 0x77, 0x69, 0x74, 0x63, 0x68, 0x3a,
  0x20, 0x00, 0x20, 0x2d, 0x3e, 0x20, 0x00, 0x72, 0x65, 0x6d, 0x6f, 0x76,
  0x69, 0x6e, 0x67, 0x20, 0x61, 0x6c, 0x6c, 0x20, 0x6e, 0x65, 0x69, 0x67,
  0x68, 0x62, 0x6f, 0x72, 0x73, 0x00, 0x62, 0x65, 0x73, 0x74, 0x20, 0x70,
  0x61, 0x72, 0x65, 0x6e, 0x74, 0x20, 0x69, 0x73, 0x20, 0x6e, 0x6f, 0x74,
  0x20, 0x66, 0x72, 0x65, 0x73, 0x68, 0x2c, 0x20, 0x73, 0x63, 0x68, 0x65,
  0x64, 0x75, 0x6c, 0x65, 0x20, 0x75, 0x72, 0x67, 0x65, 0x6e, 0x74, 0x20,
  0x70, 0x72, 0x6f, 0x62, 0x69, 0x6e, 0x67, 0x20, 0x74, 0x6f, 0x20, 0x00,
  0x44, 0x41, 0x4f, 0x20, 0x6d, 0x61, 0x78, 0x20, 0x72, 0x74, 0x78, 0x00,
  0x50, 0x65, 0x72, 0x69, 0x6f, 0x64, 0x69, 0x63, 0x00, 0x52, 0x50, 0x4c,
  0x00, 0x49, 0x4e, 0x46, 0x4f, 0x00, 0x5b, 0x25, 0x2d, 0x34, 0x73, 0x3a,
  0x20, 0x25, 0x2d, 0x31, 0x30, 0x73, 0x5d, 0x20, 0x00, 0x72, 0x65, 0x73,
  0x65, 0x74, 0x20, 0x44, 0x49, 0x4f, 0x20, 0x74, 0x69, 0x6d, 0x65, 0x72,
  0x20, 0x28, 0x25, 0x73, 0x29, 0x0a, 0x00, 0x28, 0x75, 0x72, 0x67, 0x65,
  0x6e, 0x74, 0x29, 0x00, 0x00, 0x70, 0x72, 0x6f, 0x62, 0x69, 0x6e, 0x67,
  0x20, 0x00, 0x20, 0x25, 0x73, 0x20, 0x6c, 0x61, 0x73, 0x74, 0x20, 0x74,
  0x78, 0x20, 0x25, 0x75, 0x20, 0x6d, 0x69, 0x6e, 0x20, 0x61, 0x67, 0x6f,
  0x0a, 0x00, 0x6e, 0x6f, 0x20, 0x6e, 0x65, 0x69, 0x67, 0x68, 0x62, 0x6f,
  0x72, 0x20, 0x6e, 0x65, 0x65, 0x64, 0x73, 0x20, 0x70, 0x72, 0x6f, 0x62,
  0x69, 0x6e, 0x67, 0x00, 0x52, 0x50, 0x4c, 0x00, 0x49, 0x4e, 0x46, 0x4f,
  0x00, 0x5b, 0x25, 0x2d, 0x34, 0x73, 0x3a, 0x20, 0x25, 0x2d, 0x31, 0x30,
  0x73, 0x5d, 0x20, 0x00, 0x69, 0x6e, 0x69, 0x74, 0x69, 0x61, 0x6c, 0x69,
  0x7a, 0x69, 0x6e, 0x67, 0x00, 0x70, 0x61, 0x63, 0x6b, 0x65, 0x74, 0x20,
  0x73, 0x65, 0x6e, 0x74, 0x20, 0x74, 0x6f, 0x20, 0x00, 0x2c, 0x20, 0x73,
  0x74, 0x61, 0x74, 0x75, 0x73, 0x20, 0x25, 0x75, 0x2c, 0x20, 0x74, 0x78,
  0x20, 0x25, 0x75, 0x2c, 0x20, 0x6e, 0x65, 0x77, 0x20, 0x6c, 0x69, 0x6e,
  0x6b, 0x20, 0x6d, 0x65, 0x74, 0x72, 0x69, 0x63, 0x20, 0x25, 0x75, 0x0a,
  0x00, 0x72, 0x65, 0x6d, 0x6f, 0x76, 0x69, 0x6e, 0x67, 0x20, 0x67, 0x6c,
  0x6f, 0x62, 0x61, 0x6c, 0x20, 0x49, 0x50, 0x20, 0x61, 0x64, 0x64, 0x72,
  0x65, 0x73, 0x73, 0x20, 0x00, 0x57, 0x41, 0x52, 0x4e, 0x00, 0x70, 0x72,
  0x65, 0x66, 0x69, 0x78, 0x20, 0x6e, 0x6f, 0x74, 0x20, 0x69, 0x6e, 0x63,
  0x6c, 0x75, 0x64, 0x65, 0x64, 0x2c, 0x20, 0x6e, 0x6f, 0x74, 0x2d, 0x73,
  0x75, 0x70, 0x70, 0x6f, 0x72, 0x74, 0x65, 0x64, 0x20, 0x6f, 0x72, 0x20,
  0x69, 0x6e, 0x76, 0x61, 0x6c, 0x69, 0x64, 0x00, 0x61, 0x64, 0x64, 0x69,
  0x6e, 0x67, 0x20, 0x67, 0x6c, 0x6f, 0x62, 0x61, 0x6c, 0x20, 0x49, 0x50,
  0x20, 0x61, 0x64, 0x64, 0x72, 0x65, 0x73, 0x73, 0x20, 0x00, 0x52, 0x50,
  0x4c, 0x20, 0x4c, 0x69, 0x74, 0x65, 0x00, 0x53, 0x65, 0x6e, 0x73, 0x6f,
  0x72, 0x73, 0x00, 0x36, 0x4c, 0x6f, 0x57, 0x50, 0x41, 0x4e, 0x00, 0x57,
  0x41, 0x52, 0x4e, 0x00, 0x5b, 0x25, 0x2d, 0x34, 0x73, 0x3a, 0x20, 0x25,
  0x2d, 0x31, 0x30, 0x73, 0x5d, 0x20, 0x00, 0x72, 0x65, 0x61, 0x73, 0x73,
  0x65, 0x6d, 0x62, 0x6c, 0x79, 0x3a, 0x20, 0x66, 0x61, 0x69, 0x6c, 0x65,
  0x64, 0x20, 0x74, 0x6f, 0x20, 0x73, 0x74, 0x6f, 0x72, 0x65, 0x20, 0x6e,
  0x65, 0x77, 0x20, 0x66, 0x72, 0x61, 0x67, 0x6d, 0x65, 0x6e, 0x74, 0x20,
  0x73, 0x65, 0x73, 0x73, 0x69, 0x6f, 0x6e, 0x20, 0x2d, 0x20, 0x74, 0x61,
  0x67, 0x3a, 0x20, 0x25, 0x64, 0x0a, 0x00, 0x72, 0x65, 0x61, 0x73, 0x73,
  0x65, 0x6d, 0x62, 0x6c, 0x79, 0x3a, 0x20, 0x66, 0x61, 0x69, 0x6c, 0x65,
  0x64, 0x20, 0x74, 0x6f, 0x20, 0x73, 0x74, 0x6f, 0x72, 0x65, 0x20, 0x4e,
  0x2d, 0x66, 0x72, 0x61, 0x67, 0x6d, 0x65, 0x6e, 0x74, 0x20, 0x2d, 0x20,
  0x63, 0x6f, 0x75, 0x6c, 0x64, 0x20, 0x6e, 0x6f, 0x74, 0x20, 0x66, 0x69,
  0x6e, 0x64, 0x20, 0x73, 0x65, 0x73, 0x73, 0x69, 0x6f, 0x6e, 0x20, 0x2d,
  0x20, 0x74, 0x61, 0x67, 0x3a, 0x20, 0x25, 0x64, 0x20, 0x6f, 0x66, 0x66,
  0x73, 0x65, 0x74, 0x3a, 0x20, 0x25, 0x64, 0x0a, 0x00, 0x72, 0x65, 0x61,
  0x73, 0x73, 0x65, 0x6d, 0x62, 0x6c, 0x79, 0x3a, 0x20, 0x66, 0x61, 0x69,
  0x6c, 0x65, 0x64, 0x20, 0x74, 0x6f, 0x20, 0x73, 0x74, 0x6f, 0x72, 0x65,
  0x20, 0x66, 0x72, 0x61, 0x67, 0x6d, 0x65, 0x6e, 0x74, 0x20, 0x2d, 0x20,
  0x70, 0x61, 0x63, 0x6b, 0x65, 0x74, 0x20, 0x72, 0x65, 0x61, 0x73, 0x73,
  0x65, 0x6d, 0x62, 0x6c, 0x79, 0x20, 0x77, 0x69, 0x6c, 0x6c, 0x20, 0x66,
  0x61, 0x69, 0x6c, 0x20, 0x74, 0x61, 0x67, 0x3a, 0x25, 0x64, 0x20, 0x6c,
  0x0a, 0x00, 0x44, 0x42, 0x47, 0x00, 0x75, 0x6e, 0x63, 0x6f, 0x6d, 0x70,
  0x72, 0x65, 0x73, 0x73, 0x69, 0x6f, 0x6e, 0x3a, 0x20, 0x61, 0x64, 0x64,
  0x72, 0x65, 0x73, 0x73, 0x20, 0x25, 0x64, 0x20, 0x25, 0x64, 0x20, 0x00,
  0x6f, 0x75, 0x74, 0x70, 0x75, 0x74, 0x3a, 0x20, 0x63, 0x6f, 0x75, 0x6c,
  0x64, 0x20, 0x6e, 0x6f, 0x74, 0x20, 0x61, 0x6c, 0x6c, 0x6f, 0x63, 0x61,
  0x74, 0x65, 0x20, 0x71, 0x75, 0x65, 0x75, 0x65, 0x62, 0x75, 0x66, 0x2c,
  0x20, 0x64, 0x72, 0x6f, 0x70, 0x70, 0x69, 0x6e, 0x67, 0x20, 0x66, 0x72,
  0x61, 0x67, 0x6d, 0x65, 0x6e, 0x74, 0x00, 0x45, 0x52, 0x52, 0x00, 0x6f,
  0x75, 0x74, 0x70, 0x75, 0x74, 0x3a, 0x20, 0x65, 0x72, 0x72, 0x6f, 0x72,
  0x20, 0x69, 0x6e, 0x20, 0x66, 0x72, 0x61, 0x67, 0x6d, 0x65, 0x6e, 0x74,
  0x20, 0x74, 0x78, 0x2c, 0x20, 0x64, 0x72, 0x6f, 0x70, 0x70, 0x69, 0x6e,
  0x67, 0x20, 0x73, 0x75, 0x62, 0x73, 0x65, 0x71, 0x75, 0x65, 0x6e, 0x74,
  0x20, 0x66, 0x72, 0x61, 0x67, 0x6d, 0x65, 0x6e, 0x74, 0x73, 0x2e, 0x00,
  0x49, 0x4e, 0x46, 0x4f, 0x00, 0x6f, 0x75, 0x74, 0x70, 0x75, 0x74, 0x3a,
  0x20, 0x73, 0x65, 0x6e, 0x64, 0x69, 0x6e, 0x67, 0x20, 0x49, 0x50, 0x76,
  0x36, 0x20, 0x70, 0x61, 0x63, 0x6b, 0x65, 0x74, 0x20, 0x77, 0x69, 0x74,
  0x68, 0x20, 0x6c, 0x65, 0x6e, 0x20, 0x25, 0x64, 0x0a, 0x00, 0x6f, 0x75,
  0x74, 0x70, 0x75, 0x74, 0x3a, 0x20, 0x66, 0x61, 0x69, 0x6c, 0x65, 0x64,
  0x20, 0x74, 0x6f, 0x20, 0x63, 0x61, 0x6c, 0x63, 0x75, 0x6c, 0x61, 0x74,
  0x65, 0x20, 0x70, 0x61, 0x79, 0x6c, 0x6f, 0x61, 0x64, 0x20, 0x73, 0x69,
  0x7a, 0x65, 0x20, 0x2d, 0x20, 0x64, 0x72, 0x6f, 0x70, 0x70, 0x69, 0x6e,
  0x67, 0x20, 0x70, 0x61, 0x63, 0x6b, 0x65, 0x74, 0x00, 0x63, 0x6f, 0x6d,
  0x70, 0x72, 0x65, 0x73, 0x73, 0x69, 0x6f, 0x6e, 0x3a, 0x20, 0x62, 0x65,
  0x66, 0x6f, 0x72, 0x65, 0x20, 0x28, 0x25, 0x64, 0x29, 0x3a, 0x20, 0x00,
  0x25, 0x30, 0x32, 0x78, 0x00, 0x4e, 0x6f, 0x74, 0x20, 0x65, 0x6e, 0x6f,
  0x75, 0x67, 0x68, 0x20, 0x70, 0x61, 0x63, 0x6b, 0x65, 0x74, 0x62, 0x75,
  0x66, 0x20, 0x73, 0x70, 0x61, 0x63, 0x65, 0x20, 0x74, 0x6f, 0x20, 0x63,
  0x6f, 0x6d, 0x70, 0x72, 0x65, 0x73, 0x73, 0x20, 0x68, 0x65, 0x61, 0x64,
  0x65, 0x72, 0x20, 0x28, 0x25, 0x75, 0x20, 0x62, 0x79, 0x74, 0x65, 0x73,
  0x2c, 0x20, 0x25, 0x75, 0x20, 0x6c, 0x65, 0x66, 0x74, 0x29, 0x2e, 0x20,
  0x41, 0x62, 0x6f, 0x72, 0x74, 0x69, 0x6e, 0x67, 0x2e, 0x0a, 0x00, 0x63,
  0x6f, 0x6d, 0x70, 0x72, 0x65, 0x73, 0x73, 0x69, 0x6f, 0x6e, 0x3a, 0x20,
  0x64, 0x65, 0x73, 0x74, 0x20, 0x6f, 0x72, 0x20, 0x73, 0x72, 0x63, 0x20,
  0x69, 0x70, 0x61, 0x64, 0x64, 0x72, 0x20, 0x2d, 0x20, 0x73, 0x65, 0x74,
  0x74, 0x69, 0x6e, 0x67, 0x20, 0x43, 0x49, 0x44, 0x00, 0x63, 0x6f, 0x6d,
  0x70, 0x72, 0x65, 0x73, 0x73, 0x69, 0x6f, 0x6e, 0x3a, 0x20, 0x61, 0x64,
  0x64, 0x72, 0x20, 0x75, 0x6e, 0x73, 0x70, 0x65, 0x63, 0x69, 0x66, 0x69,
  0x65, 0x64, 0x20, 0x2d, 0x20, 0x73, 0x65, 0x74, 0x74, 0x69, 0x6e, 0x67,
  0x20, 0x53, 0x41, 0x43, 0x00, 0x63, 0x6f, 0x6d, 0x70, 0x72, 0x65, 0x73,
  0x73, 0x69, 0x6f, 0x6e, 0x3a, 0x20, 0x73, 0x72, 0x63, 0x20, 0x77, 0x69,
  0x74, 0x68, 0x20, 0x63, 0x6f, 0x6e, 0x74, 0x65, 0x78, 0x74, 0x20, 0x2d,
  0x20, 0x73, 0x65, 0x74, 0x74, 0x69, 0x6e, 0x67, 0x20, 0x43, 0x49, 0x44,
  0x20, 0x26, 0x20, 0x53, 0x41, 0x43, 0x20, 0x63, 0x74, 0x78, 0x3a, 0x20,
  0x25, 0x64, 0x0a, 0x00, 0x63, 0x6f, 0x6d, 0x70, 0x72, 0x65, 0x73, 0x73,
  0x69, 0x6f, 0x6e, 0x3a, 0x20, 0x66, 0x69, 0x72, 0x73, 0x74, 0x20, 0x68,
  0x65, 0x61, 0x64, 0x65, 0x72, 0x3a, 0x20, 0x25, 0x64, 0x0a, 0x00, 0x63,
  0x6f, 0x6d, 0x70, 0x72, 0x65, 0x73, 0x73, 0x69, 0x6f, 0x6e, 0x3a, 0x20,
  0x6e, 0x65, 0x78, 0x74, 0x20, 0x68, 0x65, 0x61, 0x64, 0x65, 0x72, 0x3a,
  0x20, 0x25, 0x64, 0x0a, 0x00, 0x63, 0x6f, 0x6d, 0x70, 0x72, 0x65, 0x73,
  0x73, 0x69, 0x6f, 0x6e, 0x3a, 0x20, 0x6e, 0x65, 0x78, 0x74, 0x20, 0x68,
  0x65, 0x61, 0x64, 0x65, 0x72, 0x20, 0x25, 0x64, 0x20, 0x28, 0x6c, 0x65,
  0x6e, 0x3a, 0x25, 0x64, 0x29, 0x0a, 0x00, 0x63, 0x6f, 0x6d, 0x70, 0x72,
  0x65, 0x73, 0x73, 0x69, 0x6f, 0x6e, 0x3a, 0x20, 0x6b, 0x65, 0x65, 0x70,
  0x69, 0x6e, 0x67, 0x20, 0x74, 0x68, 0x65, 0x20, 0x6e, 0x65, 0x78, 0x74,
  0x20, 0x68, 0x65, 0x61, 0x64, 0x65, 0x72, 0x20, 0x69, 0x6e, 0x20, 0x74,
  0x68, 0x69, 0x73, 0x20, 0x65, 0x78, 0x74, 0x20, 0x68, 0x64, 0x72, 0x3a,
  0x20, 0x25, 0x64, 0x0a, 0x00, 0x63, 0x6f, 0x6d, 0x70, 0x72, 0x65, 0x73,
  0x73, 0x69, 0x6f, 0x6e, 0x3a, 0x20, 0x69, 0x6e, 0x6c, 0x69, 0x6e, 0x65,
  0x64, 0x20, 0x55, 0x44, 0x50, 0x20, 0x70, 0x6f, 0x72, 0x74, 0x73, 0x20,
  0x6f, 0x6e, 0x20, 0x73, 0x65, 0x6e, 0x64, 0x20, 0x73, 0x69, 0x64, 0x65,
  0x3a, 0x20, 0x25, 0x78, 0x2c, 0x20, 0x25, 0x78, 0x0a, 0x00, 0x49, 0x50,
  0x48, 0x43, 0x3a, 0x20, 0x72, 0x65, 0x6d, 0x6f, 0x76, 0x65, 0x20, 0x31,
  0x32, 0x20, 0x62, 0x20, 0x6f, 0x66, 0x20, 0x62, 0x6f, 0x74, 0x68, 0x20,
  0x73, 0x6f, 0x75, 0x72, 0x63, 0x65, 0x20, 0x26, 0x20, 0x64, 0x65, 0x73,
  0x74, 0x20, 0x77, 0x69, 0x74, 0x68, 0x20, 0x70, 0x72, 0x65, 0x66, 0x69,
  0x78, 0x20, 0x30, 0x78, 0x46, 0x4f, 0x42, 0x00, 0x49, 0x50, 0x48, 0x43,
  0x3a, 0x20, 0x6c, 0x65, 0x61, 0x76, 0x65, 0x20, 0x73, 0x6f, 0x75, 0x72,
  0x63, 0x65, 0x2c, 0x20, 0x72, 0x65, 0x6d, 0x6f, 0x76, 0x65, 0x20, 0x38,
  0x20, 0x62, 0x69, 0x74, 0x73, 0x20, 0x6f, 0x66, 0x20, 0x64, 0x65, 0x73,
  0x74, 0x20, 0x77, 0x69, 0x74, 0x68, 0x20, 0x70, 0x72, 0x65, 0x66, 0x69,
  0x78, 0x20, 0x30, 0x78, 0x46, 0x30, 0x00, 0x49, 0x50, 0x48, 0x43, 0x3a,
  0x20, 0x72, 0x65, 0x6d, 0x6f, 0x76, 0x65, 0x20, 0x38, 0x20, 0x62, 0x69,
  0x74, 0x73, 0x20, 0x6f, 0x66, 0x20, 0x73, 0x6f, 0x75, 0x72, 0x63, 0x65,
  0x20, 0x77, 0x69, 0x74, 0x68, 0x20, 0x70, 0x72, 0x65, 0x66, 0x69, 0x78,
  0x20, 0x30, 0x78, 0x46, 0x30, 0x2c, 0x20, 0x6c, 0x65, 0x61, 0x76, 0x65,
  0x20, 0x64, 0x65, 0x73, 0x74, 0x2e, 0x20, 0x68, 0x63, 0x68, 0x3a, 0x20,
  0x25, 0x69, 0x0a, 0x00, 0x49, 0x50, 0x48, 0x43, 0x3a, 0x20, 0x63, 0x61,
  0x6e, 0x6e, 0x6f, 0x74, 0x20, 0x63, 0x6f, 0x6d, 0x70, 0x72, 0x65, 0x73,
  0x73, 0x20, 0x55, 0x44, 0x50, 0x20, 0x68, 0x65, 0x61, 0x64, 0x65, 0x72,
  0x73, 0x00, 0x63, 0x6f, 0x6d, 0x70, 0x72, 0x65, 0x73, 0x73, 0x69, 0x6f,
  0x6e, 0x3a, 0x20, 0x63, 0x6f, 0x75, 0x6c, 0x64, 0x20, 0x6e, 0x6f, 0x74,
  0x20, 0x68, 0x61, 0x6e, 0x64, 0x6c, 0x65, 0x20, 0x63, 0x6f, 0x6d, 0x70,
  0x72, 0x65, 0x73, 0x73, 0x69, 0x6f, 0x6e, 0x20, 0x6f, 0x66, 0x20, 0x68,
  0x65, 0x61, 0x64, 0x65, 0x72, 0x00, 0x63, 0x6f, 0x6d, 0x70, 0x72, 0x65,
  0x73, 0x73, 0x69, 0x6f, 0x6e, 0x3a, 0x20, 0x6c, 0x61, 0x73, 0x74, 0x20,
  0x68, 0x65, 0x61, 0x64, 0x65, 0x72, 0x20, 0x63, 0x6f, 0x75, 0x6c, 0x64,
  0x20, 0x69, 0x73, 0x20, 0x6e, 0x6f, 0x74, 0x20, 0x63, 0x6f, 0x6d, 0x70,
  0x72, 0x65, 0x73, 0x73, 0x65, 0x64, 0x3a, 0x20, 0x25, 0x64, 0x0a, 0x00,
  0x63, 0x6f, 0x6d, 0x70, 0x72, 0x65, 0x73, 0x73, 0x69, 0x6f, 0x6e, 0x3a,
  0x20, 0x61, 0x66, 0x74, 0x65, 0x72, 0x20, 0x28, 0x25, 0x64, 0x29, 0x3a,
  0x20, 0x00, 0x6f, 0x75, 0x74, 0x70, 0x75, 0x74, 0x3a, 0x20, 0x68, 0x65,
  0x61, 0x64, 0x65, 0x72, 0x20, 0x6c, 0x65, 0x6e, 0x20, 0x25, 0x64, 0x20,
  0x2d, 0x3e, 0x20, 0x25, 0x64, 0x2c, 0x20, 0x74, 0x6f, 0x74, 0x61, 0x6c,
  0x20, 0x6c, 0x65, 0x6e, 0x20, 0x25, 0x64, 0x20, 0x2d, 0x3e, 0x20, 0x25,
  0x64, 0x2c, 0x20, 0x4d, 0x41, 0x43, 0x20, 0x6d, 0x61, 0x78, 0x20, 0x70,
  0x61, 0x79, 0x6c, 0x6f, 0x61, 0x64, 0x20, 0x25, 0x64, 0x2c, 0x20, 0x66,
  0x72, 0x61, 0x67, 0x5f, 0x6e, 0x65, 0x65, 0x64, 0x65, 0x64, 0x20, 0x25,
  0x64, 0x0a, 0x00, 0x6f, 0x75, 0x74, 0x70, 0x75, 0x74, 0x3a, 0x20, 0x66,
  0x72, 0x61, 0x67, 0x6d, 0x65, 0x6e, 0x74, 0x61, 0x74, 0x69, 0x6f, 0x6e,
  0x20, 0x6e, 0x65, 0x65, 0x64, 0x65, 0x64, 0x2e, 0x20, 0x66, 0x72, 0x61,
  0x67, 0x6d, 0x65, 0x6e, 0x74, 0x73, 0x3a, 0x20, 0x25, 0x75, 0x2c, 0x20,
  0x66, 0x72, 0x65, 0x65, 0x20, 0x71, 0x75, 0x65, 0x75, 0x65, 0x62, 0x75,
  0x66, 0x73, 0x3a, 0x20, 0x25, 0x7a, 0x75, 0x0a, 0x00, 0x6f, 0x75, 0x74,
  0x70, 0x75, 0x74, 0x3a, 0x20, 0x64, 0x72, 0x6f, 0x70, 0x70, 0x69, 0x6e,
  0x67, 0x20, 0x70, 0x61, 0x63, 0x6b, 0x65, 0x74, 0x2c, 0x20, 0x6e, 0x6f,
  0x74, 0x20, 0x65, 0x6e, 0x6f, 0x75, 0x67, 0x68, 0x20, 0x66, 0x72, 0x65,
  0x65, 0x20, 0x62, 0x75, 0x66, 0x73, 0x20, 0x28, 0x6e, 0x65, 0x65, 0x64,
  0x65, 0x64, 0x3a, 0x20, 0x25, 0x7a, 0x75, 0x2c, 0x20, 0x66, 0x72, 0x65,
  0x65, 0x3a, 0x20, 0x25, 0x7a, 0x75, 0x29, 0x0a, 0x00, 0x6f, 0x75, 0x74,
  0x70, 0x75, 0x74, 0x3a, 0x20, 0x63, 0x6f, 0x6d, 0x70, 0x72, 0x65, 0x73,
  0x73, 0x65, 0x64, 0x20, 0x68, 0x65, 0x61, 0x64, 0x65, 0x72, 0x20, 0x64,
  0x6f, 0x65, 0x73, 0x20, 0x6e, 0x6f, 0x74, 0x20, 0x66, 0x69, 0x74, 0x20,
  0x66, 0x69, 0x72, 0x73, 0x74, 0x20, 0x66, 0x72, 0x61, 0x67, 0x6d, 0x65,
  0x6e, 0x74, 0x00, 0x6f, 0x75, 0x74, 0x70, 0x75, 0x74, 0x3a, 0x20, 0x66,
  0x72, 0x61, 0x67, 0x6d, 0x65, 0x6e, 0x74, 0x20, 0x25, 0x64, 0x2f, 0x25,
  0x64, 0x20, 0x28, 0x74, 0x61, 0x67, 0x20, 0x25, 0x64, 0x2c, 0x20, 0x70,
  0x61, 0x79, 0x6c, 0x6f, 0x61, 0x64, 0x20, 0x25, 0x64, 0x29, 0x0a, 0x00,
  0x6f, 0x75, 0x74, 0x70, 0x75, 0x74, 0x3a, 0x20, 0x66, 0x72, 0x61, 0x67,
  0x6d, 0x65, 0x6e, 0x74, 0x20, 0x25, 0x64, 0x2f, 0x25, 0x64, 0x20, 0x28,
  0x74, 0x61, 0x67, 0x20, 0x25, 0x64, 0x2c, 0x20, 0x70, 0x61, 0x79, 0x6c,
  0x6f, 0x61, 0x64, 0x20, 0x25, 0x64, 0x2c, 0x20, 0x6f, 0x66, 0x66, 0x73,
  0x65, 0x74, 0x20, 0x25, 0x64, 0x29, 0x0a, 0x00, 0x6f, 0x75, 0x74, 0x70,
  0x75, 0x74, 0x3a, 0x20, 0x75, 0x69, 0x70, 0x5f, 0x6c, 0x65, 0x6e, 0x20,
  0x69, 0x73, 0x20, 0x73, 0x6d, 0x61, 0x6c, 0x6c, 0x65, 0x72, 0x20, 0x74,
  0x68, 0x61, 0x6e, 0x20, 0x75, 0x6e, 0x63, 0x6f, 0x6d, 0x70, 0x5f, 0x68,
  0x64, 0x72, 0x5f, 0x6c, 0x65, 0x6e, 0x20, 0x28, 0x25, 0x64, 0x20, 0x3c,
  0x20, 0x25, 0x64, 0x29, 0x00, 0x69, 0x6e, 0x70, 0x75, 0x74, 0x3a, 0x20,
  0x65, 0x6d, 0x70, 0x74, 0x79, 0x20, 0x70, 0x61, 0x63, 0x6b, 0x65, 0x74,
  0x00, 0x69, 0x6e, 0x70, 0x75, 0x74, 0x3a, 0x20, 0x72, 0x65, 0x63, 0x65,
  0x69, 0x76, 0x65, 0x64, 0x20, 0x66, 0x69, 0x72, 0x73, 0x74, 0x20, 0x65,
  0x6c, 0x65, 0x6d, 0x65, 0x6e, 0x74, 0x20, 0x6f, 0x66, 0x20, 0x61, 0x20,
  0x66, 0x72, 0x61, 0x67, 0x6d, 0x65, 0x6e, 0x74, 0x65, 0x64, 0x20, 0x70,
  0x61, 0x63, 0x6b, 0x65, 0x74, 0x20, 0x28, 0x74, 0x61, 0x67, 0x20, 0x25,
  0x64, 0x2c, 0x20, 0x6c, 0x65, 0x6e, 0x20, 0x25, 0x64, 0x29, 0x0a, 0x00,
  0x69, 0x6e, 0x70, 0x75, 0x74, 0x3a, 0x20, 0x66, 0x61, 0x69, 0x6c, 0x65,
  0x64, 0x20, 0x74, 0x6f, 0x20, 0x61, 0x6c, 0x6c, 0x6f, 0x63, 0x61, 0x74,
  0x65, 0x20, 0x6e, 0x65, 0x77, 0x20, 0x72, 0x65, 0x61, 0x73, 0x73, 0x65,
  0x6d, 0x62, 0x6c, 0x79, 0x20, 0x63, 0x6f, 0x6e, 0x74, 0x65, 0x78, 0x74,
  0x00, 0x69, 0x6e, 0x70, 0x75, 0x74, 0x3a, 0x20, 0x72, 0x65, 0x61, 0x73,
  0x73, 0x65, 0x6d, 0x62, 0x6c, 0x79, 0x20, 0x63, 0x6f, 0x6e, 0x74, 0x65,
  0x78, 0x74, 0x20, 0x6e, 0x6f, 0x74, 0x20, 0x66, 0x6f, 0x75, 0x6e, 0x64,
  0x20, 0x28, 0x74, 0x61, 0x67, 0x20, 0x25, 0x64, 0x29, 0x0a, 0x00, 0x69,
  0x6e, 0x70, 0x75, 0x74, 0x3a, 0x20, 0x70, 0x61, 0x67, 0x65, 0x20, 0x31,
  0x2c, 0x20, 0x36, 0x4c, 0x6f, 0x52, 0x48, 0x00, 0x69, 0x6e, 0x70, 0x75,
  0x74, 0x3a, 0x20, 0x70, 0x61, 0x67, 0x65, 0x20, 0x25, 0x75, 0x20, 0x6e,
  0x6f, 0x74, 0x20, 0x73, 0x75, 0x70, 0x70, 0x6f, 0x72, 0x74, 0x65, 0x64,
  0x0a, 0x00, 0x75, 0x6e, 0x63, 0x6f, 0x6d, 0x70, 0x72, 0x65, 0x73, 0x73,
  0x69, 0x6f, 0x6e, 0x3a, 0x20, 0x49, 0x50, 0x48, 0x43, 0x20, 0x64, 0x69,
  0x73, 0x70, 0x61, 0x74, 0x63, 0x68, 0x00, 0x75, 0x6e, 0x63, 0x6f, 0x6d,
  0x70, 0x72, 0x65, 0x73, 0x73, 0x69, 0x6f, 0x6e, 0x3a, 0x20, 0x43, 0x49,
  0x44, 0x20, 0x66, 0x6c, 0x61, 0x67, 0x20, 0x73, 0x65, 0x74, 0x20, 0x2d,
  0x20, 0x69, 0x6e, 0x63, 0x72, 0x65, 0x61, 0x73, 0x65, 0x20, 0x68, 0x65,
  0x61, 0x64, 0x65, 0x72, 0x20, 0x77, 0x69, 0x74, 0x68, 0x20, 0x6f, 0x6e,
  0x65, 0x00, 0x4e, 0x6f, 0x74, 0x20, 0x65, 0x6e, 0x6f, 0x75, 0x67, 0x68,
  0x20, 0x70, 0x61, 0x63, 0x6b, 0x65, 0x74, 0x62, 0x75, 0x66, 0x20, 0x73,
  0x70, 0x61, 0x63, 0x65, 0x20, 0x74, 0x6f, 0x20, 0x64, 0x65, 0x63, 0x6f,
  0x6d, 0x70, 0x72, 0x65, 0x73, 0x73, 0x20, 0x68, 0x65, 0x61, 0x64, 0x65,
  0x72, 0x20, 0x28, 0x25, 0x75, 0x20, 0x62, 0x79, 0x74, 0x65, 0x73, 0x2c,
  0x20, 0x25, 0x75, 0x20, 0x6c, 0x65, 0x66, 0x74, 0x29, 0x2e, 0x20, 0x41,
  0x62, 0x6f, 0x72, 0x74, 0x69, 0x6e, 0x67, 0x2e, 0x0a, 0x00, 0x75, 0x6e,
  0x63, 0x6f, 0x6d, 0x70, 0x72, 0x65, 0x73, 0x73, 0x69, 0x6f, 0x6e, 0x3a,
  0x20, 0x6e, 0x65, 0x78, 0x74, 0x20, 0x68, 0x65, 0x61, 0x64, 0x65, 0x72,
  0x20, 0x69, 0x6e, 0x6c, 0x69, 0x6e, 0x65, 0x3a, 0x20, 0x25, 0x64, 0x0a,
  0x00, 0x75, 0x6e, 0x63, 0x6f, 0x6d, 0x70, 0x72, 0x65, 0x73, 0x73, 0x69,
  0x6f, 0x6e, 0x3a, 0x20, 0x65, 0x72, 0x72, 0x6f, 0x72, 0x20, 0x63, 0x6f,
  0x6e, 0x74, 0x65, 0x78, 0x74, 0x20, 0x6e, 0x6f, 0x74, 0x20, 0x66, 0x6f,
  0x75, 0x6e, 0x64, 0x00, 0x75, 0x6e, 0x63, 0x6f, 0x6d, 0x70, 0x72, 0x65,
  0x73, 0x73, 0x69, 0x6f, 0x6e, 0x3a, 0x20, 0x6e, 0x65, 0x78, 0x74, 0x20,
  0x68, 0x65, 0x61, 0x64, 0x65, 0x72, 0x20, 0x69, 0x73, 0x20, 0x69, 0x6e,
  0x6c, 0x69, 0x6e, 0x65, 0x64, 0x2e, 0x20, 0x4e, 0x65, 0x78, 0x74, 0x3a,
  0x20, 0x25, 0x64, 0x0a, 0x00, 0x75, 0x6e, 0x63, 0x6f, 0x6d, 0x70, 0x72,
  0x65, 0x73, 0x73, 0x69, 0x6f, 0x6e, 0x3a, 0x20, 0x66, 0x6f, 0x75, 0x6e,
  0x64, 0x20, 0x65, 0x78, 0x74, 0x20, 0x68, 0x65, 0x61, 0x64, 0x65, 0x72,
  0x20, 0x69, 0x64, 0x3a, 0x20, 0x25, 0x64, 0x20, 0x6e, 0x65, 0x78, 0x74,
  0x3a, 0x20, 0x25, 0x64, 0x20, 0x6c, 0x65, 0x6e, 0x3a, 0x20, 0x25, 0x64,
  0x0a, 0x00, 0x75, 0x6e, 0x63, 0x6f, 0x6d, 0x70, 0x72, 0x65, 0x73, 0x73,
  0x69, 0x6f, 0x6e, 0x3a, 0x20, 0x65, 0x72, 0x72, 0x6f, 0x72, 0x20, 0x75,
  0x6e, 0x73, 0x75, 0x70, 0x70, 0x6f, 0x72, 0x74, 0x65, 0x64, 0x20, 0x65,
  0x78, 0x74, 0x20, 0x68, 0x65, 0x61, 0x64, 0x65, 0x72, 0x00, 0x75, 0x6e,
  0x63, 0x6f, 0x6d, 0x70, 0x72, 0x65, 0x73, 0x73, 0x69, 0x6f, 0x6e, 0x3a,
  0x20, 0x63, 0x61, 0x6e, 0x6e, 0x6f, 0x74, 0x20, 0x77, 0x72, 0x69, 0x74,
  0x65, 0x20, 0x65, 0x78, 0x74, 0x20, 0x68, 0x65, 0x61, 0x64, 0x65, 0x72,
  0x20, 0x62, 0x65, 0x79, 0x6f, 0x6e, 0x64, 0x20, 0x74, 0x61, 0x72, 0x67,
  0x65, 0x74, 0x20, 0x62, 0x75, 0x66, 0x66, 0x65, 0x72, 0x00, 0x45, 0x78,
  0x74, 0x65, 0x6e, 0x73, 0x69, 0x6f, 0x6e, 0x20, 0x68, 0x65, 0x61, 0x64,
  0x65, 0x72, 0x20, 0x6c, 0x65, 0x6e, 0x67, 0x74, 0x68, 0x20, 0x69, 0x73,
  0x20, 0x62, 0x65, 0x6c, 0x6f, 0x77, 0x20, 0x38, 0x00, 0x75, 0x6e, 0x63,
  0x6f, 0x6d, 0x70, 0x72, 0x65, 0x73, 0x73, 0x69, 0x6f, 0x6e, 0x3a, 0x20,
  0x25, 0x64, 0x20, 0x6c, 0x65, 0x6e, 0x3a, 0x20, 0x25, 0x64, 0x20, 0x65,
  0x78, 0x74, 0x68, 0x64, 0x72, 0x20, 0x6c, 0x65, 0x6e, 0x3a, 0x20, 0x25,
  0x64, 0x20, 0x28, 0x63, 0x61, 0x6c, 0x63, 0x3a, 0x20, 0x25, 0x64, 0x29,
  0x0a, 0x00, 0x75, 0x6e, 0x63, 0x6f, 0x6d, 0x70, 0x72, 0x65, 0x73, 0x73,
  0x69, 0x6f, 0x6e, 0x3a, 0x20, 0x63, 0x61, 0x6e, 0x6e, 0x6f, 0x74, 0x20,
  0x77, 0x72, 0x69, 0x74, 0x65, 0x20, 0x55, 0x44, 0x50, 0x20, 0x68, 0x65,
  0x61, 0x64, 0x65, 0x72, 0x20, 0x62, 0x65, 0x79, 0x6f, 0x6e, 0x64, 0x20,
  0x74, 0x61, 0x72, 0x67, 0x65, 0x74, 0x20, 0x62, 0x75, 0x66, 0x66, 0x65,
  0x72, 0x00, 0x75, 0x6e, 0x63, 0x6f, 0x6d, 0x70, 0x72, 0x65, 0x73, 0x73,
  0x69, 0x6f, 0x6e, 0x3a, 0x20, 0x69, 0x6e, 0x63, 0x6f, 0x6d, 0x69, 0x6e,
  0x67, 0x20, 0x68, 0x65, 0x61, 0x64, 0x65, 0x72, 0x20, 0x76, 0x61, 0x6c,
  0x75, 0x65, 0x3a, 0x20, 0x25, 0x69, 0x0a, 0x00, 0x75, 0x6e, 0x63, 0x6f,
  0x6d, 0x70, 0x72, 0x65, 0x73, 0x73, 0x69, 0x6f, 0x6e, 0x3a, 0x20, 0x55,
  0x44, 0x50, 0x20, 0x70, 0x6f, 0x72, 0x74, 0x73, 0x20, 0x28, 0x70, 0x74,
  0x72, 0x2b, 0x35, 0x29, 0x3a, 0x20, 0x25, 0x78, 0x2c, 0x20, 0x25, 0x78,
  0x0a, 0x00, 0x75, 0x6e, 0x63, 0x6f, 0x6d, 0x70, 0x72, 0x65, 0x73, 0x73,
  0x69, 0x6f, 0x6e, 0x3a, 0x20, 0x64, 0x65, 0x73, 0x74, 0x69, 0x6e, 0x61,
  0x74, 0x69, 0x6f, 0x6e, 0x20, 0x61, 0x64, 0x64, 0x72, 0x65, 0x73, 0x73,
  0x00, 0x75, 0x6e, 0x63, 0x6f, 0x6d, 0x70, 0x72, 0x65, 0x73, 0x73, 0x69,
  0x6f, 0x6e, 0x3a, 0x20, 0x55, 0x44, 0x50, 0x20, 0x70, 0x6f, 0x72, 0x74,
  0x73, 0x20, 0x28, 0x70, 0x74, 0x72, 0x2b, 0x34, 0x29, 0x3a, 0x20, 0x25,
  0x78, 0x2c, 0x20, 0x25, 0x78, 0x0a, 0x00, 0x75, 0x6e, 0x63, 0x6f, 0x6d,
  0x70, 0x72, 0x65, 0x73, 0x73, 0x69, 0x6f, 0x6e, 0x3a, 0x20, 0x73, 0x6f,
  0x75, 0x72, 0x63, 0x65, 0x20, 0x61, 0x64, 0x64, 0x72, 0x65, 0x73, 0x73,
  0x00, 0x75, 0x6e, 0x63, 0x6f, 0x6d, 0x70, 0x72, 0x65, 0x73, 0x73, 0x69,
  0x6f, 0x6e, 0x3a, 0x20, 0x55, 0x44, 0x50, 0x20, 0x70, 0x6f, 0x72, 0x74,
  0x73, 0x20, 0x28, 0x70, 0x74, 0x72, 0x2b, 0x32, 0x29, 0x3a, 0x20, 0x25,
  0x78, 0x2c, 0x20, 0x25, 0x78, 0x0a, 0x00, 0x75, 0x6e, 0x63, 0x6f, 0x6d,
  0x70, 0x72, 0x65, 0x73, 0x73, 0x69, 0x6f, 0x6e, 0x3a, 0x20, 0x65, 0x72,
  0x72, 0x6f, 0x72, 0x20, 0x75, 0x6e, 0x73, 0x75, 0x70, 0x70, 0x6f, 0x72,
  0x74, 0x65, 0x64, 0x20, 0x55, 0x44, 0x50, 0x20, 0x63, 0x6f, 0x6d, 0x70,
  0x72, 0x65, 0x73, 0x73, 0x69, 0x6f, 0x6e, 0x00, 0x75, 0x6e, 0x63, 0x6f,
  0x6d, 0x70, 0x72, 0x65, 0x73, 0x73, 0x69, 0x6f, 0x6e, 0x3a, 0x20, 0x63,
  0x68, 0x65, 0x63, 0x6b, 0x73, 0x75, 0x6d, 0x20, 0x69, 0x6e, 0x63, 0x6c,
  0x75, 0x64, 0x65, 0x64, 0x00, 0x75, 0x6e, 0x63, 0x6f, 0x6d, 0x70, 0x72,
  0x65, 0x73, 0x73, 0x69, 0x6f, 0x6e, 0x3a, 0x20, 0x63, 0x68, 0x65, 0x63,
  0x6b, 0x73, 0x75, 0x6d, 0x20, 0x2a, 0x4e, 0x4f, 0x54, 0x2a, 0x20, 0x69,
  0x6e, 0x63, 0x6c, 0x75, 0x64, 0x65, 0x64, 0x00, 0x75, 0x6e, 0x63, 0x6f,
  0x6d, 0x70, 0x72, 0x65, 0x73, 0x73, 0x69, 0x6f, 0x6e, 0x3a, 0x20, 0x55,
  0x44, 0x50, 0x20, 0x6c, 0x65, 0x6e, 0x67, 0x74, 0x68, 0x3a, 0x20, 0x25,
  0x75, 0x20, 0x28, 0x65, 0x78, 0x74, 0x3a, 0x20, 0x25, 0x75, 0x29, 0x20,
  0x69, 0x70, 0x5f, 0x6c, 0x65, 0x6e, 0x3a, 0x20, 0x25, 0x64, 0x20, 0x75,
  0x64, 0x70, 0x5f, 0x6c, 0x65, 0x6e, 0x3a, 0x20, 0x25, 0x64, 0x0a, 0x00,
  0x75, 0x6e, 0x63, 0x6f, 0x6d, 0x70, 0x72, 0x65, 0x73, 0x73, 0x69, 0x6f,
  0x6e, 0x3a, 0x20, 0x49, 0x50, 0x20, 0x70, 0x61, 0x79, 0x6c, 0x6f, 0x61,
  0x64, 0x20, 0x6c, 0x65, 0x6e, 0x67, 0x74, 0x68, 0x3a, 0x20, 0x25, 0x64,
  0x2e, 0x20, 0x25, 0x75, 0x20, 0x2d, 0x20, 0x25, 0x75, 0x20, 0x2b, 0x20,
  0x25, 0x75, 0x20, 0x2d, 0x20, 0x25, 0x75, 0x0a, 0x00, 0x69, 0x6e, 0x70,
  0x75, 0x74, 0x3a, 0x20, 0x66, 0x61, 0x69, 0x6c, 0x65, 0x64, 0x20, 0x74,
  0x6f, 0x20, 0x64, 0x65, 0x63, 0x6f, 0x6d, 0x70, 0x72, 0x65, 0x73, 0x73,
  0x20, 0x49, 0x50, 0x48, 0x43, 0x20, 0x70, 0x61, 0x63, 0x6b, 0x65, 0x74,
  0x00, 0x75, 0x6e, 0x63, 0x6f, 0x6d, 0x70, 0x72, 0x65, 0x73, 0x73, 0x69,
  0x6f, 0x6e, 0x3a, 0x20, 0x49, 0x50, 0x56, 0x36, 0x20, 0x64, 0x69, 0x73,
  0x70, 0x61, 0x74, 0x63, 0x68, 0x00, 0x75, 0x6e, 0x63, 0x6f, 0x6d, 0x70,
  0x72, 0x65, 0x73, 0x73, 0x69, 0x6f, 0x6e, 0x3a, 0x20, 0x75, 0x6e, 0x6b,
  0x6e, 0x6f, 0x77, 0x6e, 0x20, 0x64, 0x69, 0x73, 0x70, 0x61, 0x74, 0x63,
  0x68, 0x3a, 0x20, 0x30, 0x78, 0x25, 0x30, 0x32, 0x78, 0x2c, 0x20, 0x6f,
  0x72, 0x20, 0x49, 0x50, 0x48, 0x43, 0x20, 0x64, 0x69, 0x73, 0x61, 0x62,
  0x6c, 0x65, 0x64, 0x0a, 0x00, 0x69, 0x6e, 0x70, 0x75, 0x74, 0x3a, 0x20,
  0x70, 0x61, 0x63, 0x6b, 0x65, 0x74, 0x20, 0x64, 0x72, 0x6f, 0x70, 0x70,
  0x65, 0x64, 0x20, 0x64, 0x75, 0x65, 0x20, 0x74, 0x6f, 0x20, 0x68, 0x65,
  0x61, 0x64, 0x65, 0x72, 0x20, 0x3e, 0x20, 0x74, 0x6f, 0x74, 0x61, 0x6c,
  0x20, 0x70, 0x61, 0x63, 0x6b, 0x65, 0x74, 0x00, 0x69, 0x6e, 0x70, 0x75,
  0x74, 0x3a, 0x20, 0x66, 0x72, 0x61, 0x67, 0x6d, 0x65, 0x6e, 0x74, 0x20,
  0x28, 0x74, 0x61, 0x67, 0x20, 0x25, 0x64, 0x2c, 0x20, 0x70, 0x61, 0x79,
  0x6c, 0x6f, 0x61, 0x64, 0x20, 0x25, 0x64, 0x2c, 0x20, 0x6f, 0x66, 0x66,
  0x73, 0x65, 0x74, 0x20, 0x25, 0x64, 0x29, 0x20, 0x2d, 0x2d, 0x20, 0x25,
  0x75, 0x20, 0x25, 0x75, 0x0a, 0x00, 0x69, 0x6e, 0x70, 0x75, 0x74, 0x3a,
  0x20, 0x70, 0x61, 0x63, 0x6b, 0x65, 0x74, 0x20, 0x61, 0x6e, 0x64, 0x20,
  0x66, 0x72, 0x61, 0x67, 0x6d, 0x65, 0x6e, 0x74, 0x20, 0x63, 0x6f, 0x6e,
  0x74, 0x65, 0x78, 0x74, 0x20, 0x25, 0x75, 0x20, 0x64, 0x72, 0x6f, 0x70,
  0x70, 0x65, 0x64, 0x2c, 0x20, 0x6d, 0x69, 0x6e, 0x69, 0x6d, 0x75, 0x6d,
  0x20, 0x72, 0x65, 0x71, 0x75, 0x69, 0x72, 0x65, 0x64, 0x20, 0x49, 0x50,
  0x5f, 0x42, 0x55, 0x46, 0x20, 0x73, 0x69, 0x7a, 0x65, 0x3a, 0x20, 0x25,
  0x64, 0x2b, 0x25, 0x64, 0x2b, 0x25, 0x64, 0x3d, 0x25, 0x75, 0x20, 0x28,
  0x63, 0x75, 0x72, 0x72, 0x65, 0x6e, 0x74, 0x20, 0x73, 0x69, 0x7a, 0x65,
  0x3a, 0x20, 0x25, 0x75, 0x29, 0x0a, 0x00, 0x69, 0x6e, 0x70, 0x75, 0x74,
  0x3a, 0x20, 0x63, 0x61, 0x6e, 0x6e, 0x6f, 0x74, 0x20, 0x63, 0x6f, 0x70,
  0x79, 0x20, 0x74, 0x68, 0x65, 0x20, 0x70, 0x61, 0x79, 0x6c, 0x6f, 0x61,
  0x64, 0x20, 0x69, 0x6e, 0x74, 0x6f, 0x20, 0x74, 0x68, 0x65, 0x20, 0x62,
  0x75, 0x66, 0x66, 0x65, 0x72, 0x00, 0x69, 0x6e, 0x70, 0x75, 0x74, 0x3a,
  0x20, 0x69, 0x6e, 0x76, 0x61, 0x6c, 0x69, 0x64, 0x20, 0x74, 0x6f, 0x74,
  0x61, 0x6c, 0x20, 0x73, 0x69, 0x7a, 0x65, 0x20, 0x6f, 0x66, 0x20, 0x66,
  0x72, 0x61, 0x67, 0x6d, 0x65, 0x6e, 0x74, 0x73, 0x00, 0x69, 0x6e, 0x70,
  0x75, 0x74, 0x3a, 0x20, 0x69, 0x6e, 0x76, 0x61, 0x6c, 0x69, 0x64, 0x20,
  0x66, 0x72, 0x61, 0x67, 0x6d, 0x65, 0x6e, 0x74, 0x20, 0x6f, 0x66, 0x66,
  0x73, 0x65, 0x74, 0x00, 0x69, 0x6e, 0x70, 0x75, 0x74, 0x3a, 0x20, 0x72,
  0x65, 0x63, 0x65, 0x69, 0x76, 0x65, 0x64, 0x20, 0x49, 0x50, 0x76, 0x36,
  0x20, 0x70, 0x61, 0x63, 0x6b, 0x65, 0x74, 0x20, 0x77, 0x69, 0x74, 0x68,
  0x20, 0x6c, 0x65, 0x6e, 0x20, 0x25, 0x64, 0x0a, 0x00, 0x75, 0x6e, 0x63,
  0x6f, 0x6d, 0x70, 0x72, 0x65, 0x73, 0x73, 0x69, 0x6f, 0x6e, 0x3a, 0x20,
  0x61, 0x66, 0x74, 0x65, 0x72, 0x20, 0x28, 0x25, 0x75, 0x29, 0x3a, 0x00,
  0x73, 0x69, 0x63, 0x73, 0x6c, 0x6f, 0x77, 0x70, 0x61, 0x6e, 0x00, 0xfe,
  0x80, 0x0f, 0x25, 0x23, 0x21, 0x00, 0x88, 0x82, 0x80, 0x0f, 0x28, 0x22,
  0x20, 0x00, 0x01, 0x40, 0xff, 0x53, 0x74, 0x61, 0x63, 0x6b, 0x00, 0x45,
  0x52, 0x52, 0x00, 0x5b, 0x25, 0x2d, 0x34, 0x73, 0x3a, 0x20, 0x25, 0x2d,
  0x31, 0x30, 0x73, 0x5d, 0x20, 0x00, 0x43, 0x68, 0x65, 0x63, 0x6b, 0x20,
  0x69, 0x6e, 0x20, 0x69, 0x6e, 0x63, 0x6f, 0x6e, 0x73, 0x69, 0x73, 0x74,
  0x65, 0x6e, 0x74, 0x20, 0x73, 0x74, 0x61, 0x74, 0x65, 0x3a, 0x20, 0x25,
  0x6c, 0x64, 0x20, 0x76, 0x73, 0x2e, 0x20, 0x25, 0x6c, 0x64, 0x0a, 0x00,
  0x43, 0x68, 0x65, 0x63, 0x6b, 0x20, 0x66, 0x61, 0x69, 0x6c, 0x65, 0x64,
  0x3a, 0x20, 0x25, 0x6c, 0x64, 0x20, 0x76, 0x73, 0x2e, 0x20, 0x25, 0x6c,
  0x64, 0x0a, 0x00, 0x53, 0x74, 0x61, 0x63, 0x6b, 0x20, 0x63, 0x68, 0x65,
  0x63, 0x6b, 0x00, 0x54, 0x43, 0x50, 0x2f, 0x49, 0x50, 0x00, 0x45, 0x52,
  0x52, 0x00, 0x5b, 0x25, 0x2d, 0x34, 0x73, 0x3a, 0x20, 0x25, 0x2d, 0x31,
  0x30, 0x73, 0x5d, 0x20, 0x00, 0x6f, 0x75, 0x74, 0x70, 0x75, 0x74, 0x3a,
  0x20, 0x50, 0x61, 0x63, 0x6b, 0x65, 0x74, 0x20, 0x74, 0x6f, 0x6f, 0x20,
  0x62, 0x69, 0x67, 0x00, 0x6f, 0x75, 0x74, 0x70, 0x75, 0x74, 0x3a, 0x20,
  0x44, 0x65, 0x73, 0x74, 0x69, 0x6e, 0x61, 0x74, 0x69, 0x6f, 0x6e, 0x20,
  0x61, 0x64, 0x64, 0x72, 0x65, 0x73, 0x73, 0x20, 0x75, 0x6e, 0x73, 0x70,
  0x65, 0x63, 0x69, 0x66, 0x69, 0x65, 0x64, 0x00, 0x6f, 0x75, 0x74, 0x70,
  0x75, 0x74, 0x3a, 0x20, 0x72, 0x6f, 0x75, 0x74, 0x69, 0x6e, 0x67, 0x20,
  0x70, 0x72, 0x6f, 0x74, 0x6f, 0x63, 0x6f, 0x6c, 0x20, 0x65, 0x78, 0x74,
  0x65, 0x6e, 0x73, 0x69, 0x6f, 0x6e, 0x20, 0x68, 0x65, 0x61, 0x64, 0x65,
  0x72, 0x20, 0x75, 0x70, 0x64, 0x61, 0x74, 0x65, 0x20, 0x65, 0x72, 0x72,
  0x6f, 0x72, 0x00, 0x49, 0x4e, 0x46, 0x4f, 0x00, 0x6f, 0x75, 0x74, 0x70,
  0x75, 0x74, 0x3a, 0x20, 0x73, 0x65, 0x6e, 0x64, 0x69, 0x6e, 0x67, 0x20,
  0x74, 0x6f, 0x20, 0x6f, 0x75, 0x72, 0x73, 0x65, 0x6c, 0x66, 0x00, 0x6f,
  0x75, 0x74, 0x70, 0x75, 0x74, 0x3a, 0x20, 0x70, 0x72, 0x6f, 0x63, 0x65,
  0x73, 0x73, 0x69, 0x6e, 0x67, 0x20, 0x25, 0x75, 0x20, 0x62, 0x79, 0x74,
  0x65, 0x73, 0x20, 0x70, 0x61, 0x63, 0x6b, 0x65, 0x74, 0x20, 0x66, 0x72,
  0x6f, 0x6d, 0x20, 0x00, 0x20, 0x74, 0x6f, 0x20, 0x00, 0x6f, 0x75, 0x74,
  0x70, 0x75, 0x74, 0x3a, 0x20, 0x73, 0x65, 0x6c, 0x65, 0x63, 0x74, 0x65,
  0x64, 0x20, 0x6e, 0x65, 0x78, 0x74, 0x20, 0x68, 0x6f, 0x70, 0x20, 0x66,
  0x72, 0x6f, 0x6d, 0x20, 0x53, 0x52, 0x48, 0x3a, 0x20, 0x00, 0x6f, 0x75,
  0x74, 0x70, 0x75, 0x74, 0x3a, 0x20, 0x64, 0x65, 0x73, 0x74, 0x69, 0x6e,
  0x61, 0x74, 0x69, 0x6f, 0x6e, 0x20, 0x69, 0x73, 0x20, 0x6f, 0x6e, 0x20,
  0x6c, 0x69, 0x6e, 0x6b, 0x00, 0x6f, 0x75, 0x74, 0x70, 0x75, 0x74, 0x3a,
  0x20, 0x64, 0x65, 0x73, 0x74, 0x69, 0x6e, 0x61, 0x74, 0x69, 0x6f, 0x6e,
  0x20, 0x6f, 0x66, 0x66, 0x2d, 0x6c, 0x69, 0x6e, 0x6b, 0x20, 0x61, 0x6e,
  0x64, 0x20, 0x6e, 0x6f, 0x20, 0x64, 0x65, 0x66, 0x61, 0x75, 0x6c, 0x74,
  0x20, 0x72, 0x6f, 0x75, 0x74, 0x65, 0x00, 0x6f, 0x75, 0x74, 0x70, 0x75,
  0x74, 0x3a, 0x20, 0x6e, 0x6f, 0x20, 0x72, 0x6f, 0x75, 0x74, 0x65, 0x20,
  0x66, 0x6f, 0x75, 0x6e, 0x64, 0x2c, 0x20, 0x75, 0x73, 0x69, 0x6e, 0x67,
  0x20, 0x64, 0x65, 0x66, 0x61, 0x75, 0x6c, 0x74, 0x20, 0x72, 0x6f, 0x75,
  0x74, 0x65, 0x3a, 0x20, 0x00, 0x6f, 0x75, 0x74, 0x70, 0x75, 0x74, 0x3a,
  0x20, 0x66, 0x6f, 0x75, 0x6e, 0x64, 0x20, 0x64, 0x65, 0x61, 0x64, 0x20,
  0x72, 0x6f, 0x75, 0x74, 0x65, 0x00, 0x6f, 0x75, 0x74, 0x70, 0x75, 0x74,
  0x3a, 0x20, 0x66, 0x6f, 0x75, 0x6e, 0x64, 0x20, 0x6e, 0x65, 0x78, 0x74,
  0x20, 0x68, 0x6f, 0x70, 0x20, 0x66, 0x72, 0x6f, 0x6d, 0x20, 0x72, 0x6f,
  0x75, 0x74, 0x69, 0x6e, 0x67, 0x20, 0x74, 0x61, 0x62, 0x6c, 0x65, 0x3a,
  0x20, 0x00, 0x6f, 0x75, 0x74, 0x70, 0x75, 0x74, 0x3a, 0x20, 0x66, 0x61,
  0x69, 0x6c, 0x65, 0x64, 0x20, 0x74, 0x6f, 0x20, 0x61, 0x75, 0x74, 0x6f,
  0x66, 0x69, 0x6c, 0x6c, 0x20, 0x6e, 0x65, 0x69, 0x67, 0x68, 0x62, 0x6f,
  0x72, 0x20, 0x63, 0x61, 0x63, 0x68, 0x65, 0x20, 0x66, 0x6f, 0x72, 0x20,
  0x68, 0x6f, 0x73, 0x74, 0x20, 0x00, 0x2c, 0x20, 0x6c, 0x69, 0x6e, 0x6b,
  0x2d, 0x6c, 0x61, 0x79, 0x65, 0x72, 0x20, 0x61, 0x64, 0x64, 0x72, 0x20,
  0x00, 0x6f, 0x75, 0x74, 0x70, 0x75, 0x74, 0x3a, 0x20, 0x73, 0x65, 0x6e,
  0x64, 0x69, 0x6e, 0x67, 0x20, 0x74, 0x6f, 0x20, 0x00, 0x69, 0x6e, 0x70,
  0x75, 0x74, 0x3a, 0x20, 0x72, 0x65, 0x63, 0x65, 0x69, 0x76, 0x65, 0x64,
  0x20, 0x25, 0x75, 0x20, 0x62, 0x79, 0x74, 0x65, 0x73, 0x0a, 0x00, 0x54,
  0x43, 0x50, 0x2f, 0x49, 0x50, 0x20, 0x73, 0x74, 0x61, 0x63, 0x6b, 0x00,
  0x54, 0x4d, 0x50, 0x31, 0x30, 0x32, 0x20, 0x73, 0x65, 0x6e, 0x73, 0x6f,
  0x72, 0x00, 0x49, 0x50, 0x76, 0x36, 0x20, 0x4e, 0x62, 0x72, 0x00, 0x49,
  0x4e, 0x46, 0x4f, 0x00, 0x5b, 0x25, 0x2d, 0x34, 0x73, 0x3a, 0x20, 0x25,
  0x2d, 0x31, 0x30, 0x73, 0x5d, 0x20, 0x00, 0x41, 0x64, 0x64, 0x69, 0x6e,
  0x67, 0x20, 0x6e, 0x65, 0x69, 0x67, 0x68, 0x62, 0x6f, 0x72, 0x20, 0x77,
  0x69, 0x74, 0x68, 0x20, 0x69, 0x70, 0x20, 0x61, 0x64, 0x64, 0x72, 0x20,
  0x00, 0x20, 0x6c, 0x69, 0x6e, 0x6b, 0x20, 0x61, 0x64, 0x64, 0x72, 0x20,
  0x00, 0x20, 0x73, 0x74, 0x61, 0x74, 0x65, 0x20, 0x25, 0x75, 0x0a, 0x00,
  0x41, 0x64, 0x64, 0x20, 0x64, 0x72, 0x6f, 0x70, 0x20, 0x69, 0x70, 0x20,
  0x61, 0x64, 0x64, 0x72, 0x20, 0x00, 0x20, 0x6c, 0x69, 0x6e, 0x6b, 0x20,
  0x61, 0x64, 0x64, 0x72, 0x20, 0x28, 0x25, 0x70, 0x29, 0x20, 0x00, 0x45,
  0x52, 0x52, 0x00, 0x25, 0x73, 0x3a, 0x20, 0x69, 0x6e, 0x76, 0x61, 0x6c,
  0x69, 0x64, 0x20, 0x61, 0x72, 0x67, 0x75, 0x6d, 0x65, 0x6e, 0x74, 0x0a,
  0x00, 0x25, 0x73, 0x3a, 0x20, 0x6e, 0x65, 0x77, 0x5f, 0x6c, 0x6c, 0x5f,
  0x61, 0x64, 0x64, 0x72, 0x2c, 0x20, 0x00, 0x2c, 0x20, 0x69, 0x73, 0x20,
  0x61, 0x6c, 0x72, 0x65, 0x61, 0x64, 0x79, 0x20, 0x75, 0x73, 0x65, 0x64,
  0x20, 0x69, 0x6e, 0x20, 0x61, 0x6e, 0x6f, 0x74, 0x68, 0x65, 0x72, 0x20,
  0x6e, 0x62, 0x72, 0x00, 0x25, 0x73, 0x3a, 0x20, 0x69, 0x6e, 0x70, 0x75,
  0x74, 0x20, 0x6e, 0x62, 0x72, 0x20, 0x63, 0x61, 0x6e, 0x6e, 0x6f, 0x74,
  0x20, 0x62, 0x65, 0x20, 0x72, 0x65, 0x6d, 0x6f, 0x76, 0x65, 0x64, 0x0a,
  0x00, 0x25, 0x73, 0x3a, 0x20, 0x63, 0x61, 0x6e, 0x6e, 0x6f, 0x74, 0x20,
  0x61, 0x6c, 0x6c, 0x6f, 0x63, 0x61, 0x74, 0x65, 0x20, 0x61, 0x20, 0x6e,
  0x65, 0x77, 0x20, 0x6e, 0x62, 0x72, 0x20, 0x66, 0x6f, 0x72, 0x20, 0x6e,
  0x65, 0x77, 0x5f, 0x6c, 0x6c, 0x5f, 0x61, 0x64, 0x64, 0x72, 0x0a, 0x00,
  0x75, 0x69, 0x70, 0x5f, 0x64, 0x73, 0x36, 0x5f, 0x6e, 0x62, 0x72, 0x5f,
  0x75, 0x70, 0x64, 0x61, 0x74, 0x65, 0x5f, 0x6c, 0x6c, 0x00, 0x49, 0x50,
  0x76, 0x36, 0x20, 0x52, 0x6f, 0x75, 0x74, 0x65, 0x00, 0x49, 0x4e, 0x46,
  0x4f, 0x00, 0x5b, 0x25, 0x2d, 0x34, 0x73, 0x3a, 0x20, 0x25, 0x2d, 0x31,
  0x30, 0x73, 0x5d, 0x20, 0x00, 0x52, 0x65, 0x6d, 0x6f, 0x76, 0x69, 0x6e,
  0x67, 0x20, 0x64, 0x65, 0x66, 0x61, 0x75, 0x6c, 0x74, 0x00, 0x45, 0x52,
  0x52, 0x00, 0x41, 0x64, 0x64, 0x20, 0x64, 0x65, 0x66, 0x61, 0x75, 0x6c,
  0x74, 0x3a, 0x20, 0x63, 0x6f, 0x75, 0x6c, 0x64, 0x20, 0x6e, 0x6f, 0x74,
  0x20, 0x61, 0x64, 0x64, 0x20, 0x64, 0x65, 0x66, 0x61, 0x75, 0x6c, 0x74,
  0x20, 0x72, 0x6f, 0x75, 0x74, 0x65, 0x20, 0x74, 0x6f, 0x20, 0x00, 0x2c,
  0x20, 0x6f, 0x75, 0x74, 0x20, 0x6f, 0x66, 0x20, 0x6d, 0x65, 0x6d, 0x6f,
  0x72, 0x79, 0x00, 0x41, 0x64, 0x64, 0x20, 0x64, 0x65, 0x66, 0x61, 0x75,
  0x6c, 0x74, 0x3a, 0x20, 0x61, 0x64, 0x64, 0x69, 0x6e, 0x67, 0x20, 0x64,
  0x65, 0x66, 0x61, 0x75, 0x6c, 0x74, 0x20, 0x72, 0x6f, 0x75, 0x74, 0x65,
  0x20, 0x74, 0x6f, 0x20, 0x00, 0x52, 0x65, 0x66, 0x72, 0x65, 0x73, 0x68,
  0x69, 0x6e, 0x67, 0x20, 0x64, 0x65, 0x66, 0x61, 0x75, 0x6c, 0x74, 0x00,
  0x44, 0x65, 0x66, 0x61, 0x75, 0x6c, 0x74, 0x20, 0x72, 0x6f, 0x75, 0x74,
  0x65, 0x2c, 0x20, 0x49, 0x50, 0x20, 0x61, 0x64, 0x64, 0x72, 0x65, 0x73,
  0x73, 0x20, 0x00, 0x44, 0x65, 0x66, 0x61, 0x75, 0x6c, 0x74, 0x20, 0x72,
  0x6f, 0x75, 0x74, 0x65, 0x20, 0x66, 0x6f, 0x75, 0x6e, 0x64, 0x2c, 0x20,
  0x49, 0x50, 0x20, 0x61, 0x64, 0x64, 0x72, 0x65, 0x73, 0x73, 0x20, 0x00,
  0x44, 0x65, 0x66, 0x61, 0x75, 0x6c, 0x74, 0x20, 0x72, 0x6f, 0x75, 0x74,
  0x65, 0x20, 0x49, 0x6e, 0x63, 0x6f, 0x6d, 0x70, 0x6c, 0x65, 0x74, 0x65,
  0x20, 0x66, 0x6f, 0x75, 0x6e, 0x64, 0x2c, 0x20, 0x49, 0x50, 0x20, 0x61,
  0x64, 0x64, 0x72, 0x65, 0x73, 0x73, 0x20, 0x00, 0x44, 0x65, 0x66, 0x61,
  0x75, 0x6c, 0x74, 0x20, 0x72, 0x6f, 0x75, 0x74, 0x65, 0x20, 0x70, 0x65,
  0x72, 0x69, 0x6f, 0x64, 0x69, 0x63, 0x3a, 0x20, 0x64, 0x65, 0x66, 0x72,
  0x74, 0x20, 0x6c, 0x69, 0x66, 0x65, 0x74, 0x69, 0x6d, 0x65, 0x20, 0x65,
  0x78, 0x70, 0x69, 0x72, 0x65, 0x64, 0x00, 0x49, 0x50, 0x76, 0x36, 0x20,
  0x44, 0x53, 0x00, 0x49, 0x4e, 0x46, 0x4f, 0x00, 0x5b, 0x25, 0x2d, 0x34,
  0x73, 0x3a, 0x20, 0x25, 0x2d, 0x31, 0x30, 0x73, 0x5d, 0x20, 0x00, 0x41,
  0x64, 0x64, 0x69, 0x6e, 0x67, 0x20, 0x70, 0x72, 0x65, 0x66, 0x69, 0x78,
  0x20, 0x00, 0x6c, 0x65, 0x6e, 0x67, 0x74, 0x68, 0x20, 0x25, 0x75, 0x2c,
  0x20, 0x66, 0x6c, 0x61, 0x67, 0x73, 0x20, 0x25, 0x78, 0x2c, 0x20, 0x56,
  0x61, 0x6c, 0x69, 0x64, 0x20, 0x6c, 0x69, 0x66, 0x65, 0x74, 0x69, 0x6d,
  0x65, 0x20, 0x25, 0x6c, 0x78, 0x2c, 0x20, 0x50, 0x72, 0x65, 0x66, 0x66,
  0x65, 0x72, 0x65, 0x64, 0x20, 0x6c, 0x69, 0x66, 0x65, 0x74, 0x69, 0x6d,
  0x65, 0x20, 0x25, 0x6c, 0x78, 0x0a, 0x00, 0x4e, 0x6f, 0x20, 0x6d, 0x6f,
  0x72, 0x65, 0x20, 0x73, 0x70, 0x61, 0x63, 0x65, 0x20, 0x69, 0x6e, 0x20,
  0x50, 0x72, 0x65, 0x66, 0x69, 0x78, 0x20, 0x6c, 0x69, 0x73, 0x74, 0x00,
  0x49, 0x6e, 0x69, 0x74, 0x3a, 0x20, 0x25, 0x75, 0x20, 0x6e, 0x65, 0x69,
  0x67, 0x68, 0x62, 0x6f, 0x72, 0x73, 0x0a, 0x00, 0x25, 0x75, 0x20, 0x64,
  0x65, 0x66, 0x61, 0x75, 0x6c, 0x74, 0x20, 0x72, 0x6f, 0x75, 0x74, 0x65,
  0x72, 0x73, 0x0a, 0x00, 0x25, 0x75, 0x20, 0x70, 0x72, 0x65, 0x66, 0x69,
  0x78, 0x65, 0x73, 0x0a, 0x00, 0x25, 0x75, 0x20, 0x72, 0x6f, 0x75, 0x74,
  0x65, 0x73, 0x0a, 0x00, 0x25, 0x75, 0x20, 0x75, 0x6e, 0x69, 0x63, 0x61,
  0x73, 0x74, 0x20, 0x61, 0x64, 0x64, 0x72, 0x65, 0x73, 0x73, 0x65, 0x73,
  0x0a, 0x00, 0x25, 0x75, 0x20, 0x6d, 0x75, 0x6c, 0x74, 0x69, 0x63, 0x61,
  0x73, 0x74, 0x20, 0x61, 0x64, 0x64, 0x72, 0x65, 0x73, 0x73, 0x65, 0x73,
  0x0a, 0x00, 0x25, 0x75, 0x20, 0x61, 0x6e, 0x79, 0x63, 0x61, 0x73, 0x74,
  0x20, 0x61, 0x64, 0x64, 0x72, 0x65, 0x73, 0x73, 0x65, 0x73, 0x0a, 0x00,
  0x49, 0x43, 0x4d, 0x50, 0x76, 0x36, 0x00, 0x49, 0x4e, 0x46, 0x4f, 0x00,
  0x5b, 0x25, 0x2d, 0x34, 0x73, 0x3a, 0x20, 0x25, 0x2d, 0x31, 0x30, 0x73,
  0x5d, 0x20, 0x00, 0x52, 0x65, 0x63, 0x65, 0x69, 0x76, 0x65, 0x64, 0x20,
  0x45, 0x63, 0x68, 0x6f, 0x20, 0x52, 0x65, 0x70, 0x6c, 0x79, 0x20, 0x66,
  0x72, 0x6f, 0x6d, 0x20, 0x00, 0x20, 0x74, 0x6f, 0x20, 0x00, 0x52, 0x65,
  0x63, 0x65, 0x69, 0x76, 0x65, 0x64, 0x20, 0x45, 0x63, 0x68, 0x6f, 0x20,
  0x52, 0x65, 0x71, 0x75, 0x65, 0x73, 0x74, 0x20, 0x66, 0x72, 0x6f, 0x6d,
  0x20, 0x00, 0x53, 0x65, 0x6e, 0x64, 0x69, 0x6e, 0x67, 0x20, 0x45, 0x63,
  0x68, 0x6f, 0x20, 0x52, 0x65, 0x70, 0x6c, 0x79, 0x20, 0x74, 0x6f, 0x20,
  0x00, 0x20, 0x66, 0x72, 0x6f, 0x6d, 0x20, 0x00, 0x57, 0x41, 0x52, 0x4e,
  0x00, 0x55, 0x6e, 0x61, 0x62, 0x6c, 0x65, 0x20, 0x74, 0x6f, 0x20, 0x72,
  0x65, 0x6d, 0x6f, 0x76, 0x65, 0x20, 0x65, 0x78, 0x74, 0x20, 0x68, 0x65,
  0x61, 0x64, 0x65, 0x72, 0x20, 0x62, 0x65, 0x66, 0x6f, 0x72, 0x65, 0x20,
  0x73, 0x65, 0x6e, 0x64, 0x69, 0x6e, 0x67, 0x20, 0x49, 0x43, 0x4d, 0x50,
  0x76, 0x36, 0x20, 0x45, 0x52, 0x52, 0x4f, 0x52, 0x20, 0x6d, 0x65, 0x73,
  0x73, 0x61, 0x67, 0x65, 0x00, 0x53, 0x65, 0x6e, 0x64, 0x69, 0x6e, 0x67,
  0x20, 0x49, 0x43, 0x4d, 0x50, 0x76, 0x36, 0x20, 0x45, 0x52, 0x52, 0x4f,
  0x52, 0x20, 0x6d, 0x65, 0x73, 0x73, 0x61, 0x67, 0x65, 0x20, 0x74, 0x79,
  0x70, 0x65, 0x20, 0x25, 0x64, 0x20, 0x63, 0x6f, 0x64, 0x65, 0x20, 0x25,
  0x64, 0x20, 0x74, 0x6f, 0x20, 0x00, 0x45, 0x52, 0x52, 0x00, 0x69, 0x6e,
  0x76, 0x61, 0x6c, 0x69, 0x64, 0x20, 0x61, 0x72, 0x67, 0x75, 0x6d, 0x65,
  0x6e, 0x74, 0x3b, 0x20, 0x64, 0x65, 0x73, 0x74, 0x20, 0x69, 0x73, 0x20,
  0x4e, 0x55, 0x4c, 0x4c, 0x00, 0x53, 0x65, 0x6e, 0x64, 0x69, 0x6e, 0x67,
  0x20, 0x49, 0x43, 0x4d, 0x50, 0x76, 0x36, 0x20, 0x70, 0x61, 0x63, 0x6b,
  0x65, 0x74, 0x20, 0x74, 0x6f, 0x20, 0x00, 0x2c, 0x20, 0x74, 0x79, 0x70,
  0x65, 0x20, 0x25, 0x75, 0x2c, 0x20, 0x63, 0x6f, 0x64, 0x65, 0x20, 0x25,
  0x75, 0x2c, 0x20, 0x6c, 0x65, 0x6e, 0x20, 0x25, 0x75, 0x0a, 0x00, 0x49,
  0x50, 0x76, 0x36, 0x20, 0x4e, 0x44, 0x50, 0x00, 0x49, 0x4e, 0x46, 0x4f,
  0x00, 0x5b, 0x25, 0x2d, 0x34, 0x73, 0x3a, 0x20, 0x25, 0x2d, 0x31, 0x30,
  0x73, 0x5d, 0x20, 0x00, 0x52, 0x65, 0x63, 0x65, 0x69, 0x76, 0x65, 0x64,
  0x20, 0x4e, 0x53, 0x20, 0x66, 0x72, 0x6f, 0x6d, 0x20, 0x00, 0x20, 0x74,
  0x6f, 0x20, 0x00, 0x20, 0x77, 0x69, 0x74, 0x68, 0x20, 0x74, 0x61, 0x72,
  0x67, 0x65, 0x74, 0x20, 0x61, 0x64, 0x64, 0x72, 0x65, 0x73, 0x73, 0x20,
  0x00, 0x45, 0x52, 0x52, 0x00, 0x4e, 0x53, 0x20, 0x72, 0x65, 0x63, 0x65,
  0x69, 0x76, 0x65, 0x64, 0x20, 0x69, 0x73, 0x20, 0x62, 0x61, 0x64, 0x00,
  0x49, 0x6e, 0x73, 0x75, 0x66, 0x66, 0x69, 0x63, 0x69, 0x65, 0x6e, 0x74,
  0x20, 0x64, 0x61, 0x74, 0x61, 0x20, 0x66, 0x6f, 0x72, 0x20, 0x4e, 0x53,
  0x20, 0x53, 0x4c, 0x4c, 0x41, 0x4f, 0x20, 0x6f, 0x70, 0x74, 0x69, 0x6f,
  0x6e, 0x00, 0x57, 0x41, 0x52, 0x4e, 0x00, 0x4e, 0x44, 0x20, 0x6f, 0x70,
  0x74, 0x69, 0x6f, 0x6e, 0x20, 0x6e, 0x6f, 0x74, 0x20, 0x73, 0x75, 0x70,
  0x70, 0x6f, 0x72, 0x74, 0x65, 0x64, 0x20, 0x69, 0x6e, 0x20, 0x4e, 0x53,
  0x00, 0x53, 0x65, 0x6e, 0x64, 0x69, 0x6e, 0x67, 0x20, 0x4e, 0x41, 0x20,
  0x74, 0x6f, 0x20, 0x00, 0x20, 0x66, 0x72, 0x6f, 0x6d, 0x20, 0x00, 0x49,
  0x50, 0x76, 0x36, 0x20, 0x53, 0x52, 0x00, 0x45, 0x52, 0x52, 0x00, 0x5b,
  0x25, 0x2d, 0x34, 0x73, 0x3a, 0x20, 0x25, 0x2d, 0x31, 0x30, 0x73, 0x5d,
  0x20, 0x00, 0x4e, 0x53, 0x3a, 0x20, 0x6e, 0x6f, 0x20, 0x73, 0x70, 0x61,
  0x63, 0x65, 0x20, 0x6c, 0x65, 0x66, 0x74, 0x20, 0x66, 0x6f, 0x72, 0x20,
  0x72, 0x6f, 0x6f, 0x74, 0x20, 0x6e, 0x6f, 0x64, 0x65, 0x21, 0x00, 0x4e,
  0x53, 0x3a, 0x20, 0x6e, 0x6f, 0x20, 0x73, 0x70, 0x61, 0x63, 0x65, 0x20,
  0x6c, 0x65, 0x66, 0x74, 0x20, 0x66, 0x6f, 0x72, 0x20, 0x63, 0x68, 0x69,
  0x6c, 0x64, 0x20, 0x00, 0x49, 0x4e, 0x46, 0x4f, 0x00, 0x4e, 0x53, 0x3a,
  0x20, 0x75, 0x70, 0x64, 0x61, 0x74, 0x69, 0x6e, 0x67, 0x20, 0x6c, 0x69,
  0x6e, 0x6b, 0x2c, 0x20, 0x63, 0x68, 0x69, 0x6c, 0x64, 0x20, 0x00, 0x2c,
  0x20, 0x70, 0x61, 0x72, 0x65, 0x6e, 0x74, 0x20, 0x00, 0x2c, 0x20, 0x6c,
  0x69, 0x66, 0x65, 0x74, 0x69, 0x6d, 0x65, 0x20, 0x25, 0x75, 0x2c, 0x20,
  0x6e, 0x75, 0x6d, 0x5f, 0x6e, 0x6f, 0x64, 0x65, 0x73, 0x20, 0x25, 0x75,
  0x0a, 0x00, 0x4e, 0x53, 0x3a, 0x20, 0x72, 0x65, 0x6d, 0x6f, 0x76, 0x69,
  0x6e, 0x67, 0x20, 0x65, 0x78, 0x70, 0x69, 0x72, 0x65, 0x64, 0x20, 0x6e,
  0x6f, 0x64, 0x65, 0x20, 0x00, 0x20, 0x20, 0x28, 0x44, 0x4f, 0x44, 0x41,
  0x47, 0x20, 0x72, 0x6f, 0x6f, 0x74, 0x29, 0x00, 0x20, 0x20, 0x74, 0x6f,
  0x20, 0x00, 0x20, 0x28, 0x6c, 0x69, 0x66, 0x65, 0x74, 0x69, 0x6d, 0x65,
  0x3a, 0x20, 0x25, 0x6c, 0x75, 0x20, 0x73, 0x65, 0x63, 0x6f, 0x6e, 0x64,
  0x73, 0x29, 0x00, 0x20, 0x28, 0x6c, 0x69, 0x66, 0x65, 0x74, 0x69, 0x6d,
  0x65, 0x3a, 0x20, 0x69, 0x6e, 0x66, 0x69, 0x6e, 0x69, 0x74, 0x65, 0x29,
  0x00, 0x49, 0x50, 0x76, 0x36, 0x00, 0x44, 0x42, 0x47, 0x00, 0x5b, 0x25,
  0x2d, 0x34, 0x73, 0x3a, 0x20, 0x25, 0x2d, 0x31, 0x30, 0x73, 0x5d, 0x20,
  0x00, 0x55, 0x70, 0x70, 0x65, 0x72, 0x20, 0x6c, 0x61, 0x79, 0x65, 0x72,
  0x20, 0x63, 0x68, 0x65, 0x63, 0x6b, 0x73, 0x75, 0x6d, 0x20, 0x6c, 0x65,
  0x6e, 0x3a, 0x20, 0x25, 0x64, 0x20, 0x66, 0x72, 0x6f, 0x6d, 0x3a, 0x20,
  0x25, 0x64, 0x0a, 0x00, 0x45, 0x52, 0x52, 0x00, 0x45, 0x78, 0x74, 0x65,
  0x6e, 0x73, 0x69, 0x6f, 0x6e, 0x20, 0x68, 0x65, 0x61, 0x64, 0x65, 0x72,
  0x20, 0x6f, 0x70, 0x74, 0x69, 0x6f, 0x6e, 0x20, 0x74, 0x6f, 0x6f, 0x20,
  0x6c, 0x6f, 0x6e, 0x67, 0x3a, 0x20, 0x64, 0x72, 0x6f, 0x70, 0x70, 0x69,
  0x6e, 0x67, 0x20, 0x70, 0x61, 0x63, 0x6b, 0x65, 0x74, 0x00, 0x50, 0x72,
  0x6f, 0x63, 0x65, 0x73, 0x73, 0x69, 0x6e, 0x67, 0x20, 0x50, 0x41, 0x44,
  0x31, 0x20, 0x6f, 0x70, 0x74, 0x69, 0x6f, 0x6e, 0x00, 0x50, 0x72, 0x6f,
  0x63, 0x65, 0x73, 0x73, 0x69, 0x6e, 0x67, 0x20, 0x50, 0x41, 0x44, 0x4e,
  0x20, 0x6f, 0x70, 0x74, 0x69, 0x6f, 0x6e, 0x00, 0x50, 0x72, 0x6f, 0x63,
  0x65, 0x73, 0x73, 0x69, 0x6e, 0x67, 0x20, 0x52, 0x50, 0x4c, 0x20, 0x6f,
  0x70, 0x74, 0x69, 0x6f, 0x6e, 0x00, 0x52, 0x50, 0x4c, 0x20, 0x4f, 0x70,
  0x74, 0x69, 0x6f, 0x6e, 0x20, 0x45, 0x72, 0x72, 0x6f, 0x72, 0x3a, 0x20,
  0x44, 0x72, 0x6f, 0x70, 0x70, 0x69, 0x6e, 0x67, 0x20, 0x50, 0x61, 0x63,
  0x6b, 0x65, 0x74, 0x00, 0x55, 0x6e, 0x72, 0x65, 0x63, 0x6f, 0x67, 0x6e,
  0x69, 0x7a, 0x65, 0x64, 0x20, 0x6f, 0x70, 0x74, 0x69, 0x6f, 0x6e, 0x2c,
  0x20, 0x4d, 0x53, 0x42, 0x20, 0x30, 0x78, 0x25, 0x78, 0x0a, 0x00, 0x52,
  0x65, 0x6d, 0x6f, 0x76, 0x69, 0x6e, 0x67, 0x20, 0x49, 0x50, 0x76, 0x36,
  0x20, 0x65, 0x78, 0x74, 0x65, 0x6e, 0x73, 0x69, 0x6f, 0x6e, 0x20, 0x68,
  0x65, 0x61, 0x64, 0x65, 0x72, 0x73, 0x20, 0x28, 0x65, 0x78, 0x74, 0x6c,
  0x65, 0x6e, 0x3a, 0x20, 0x25, 0x64, 0x2c, 0x20, 0x75, 0x69, 0x70, 0x6c,
  0x65, 0x6e, 0x3a, 0x20, 0x25, 0x64, 0x29, 0x0a, 0x00, 0x75, 0x69, 0x70,
  0x5f, 0x6c, 0x65, 0x6e, 0x20, 0x74, 0x6f, 0x6f, 0x20, 0x73, 0x68, 0x6f,
  0x72, 0x74, 0x20, 0x63, 0x6f, 0x6d, 0x70, 0x61, 0x72, 0x65, 0x64, 0x20,
  0x74, 0x6f, 0x20, 0x65, 0x78, 0x74, 0x20, 0x6c, 0x65, 0x6e, 0x00, 0x57,
  0x41, 0x52, 0x4e, 0x00, 0x69, 0x6e, 0x63, 0x6f, 0x6d, 0x70, 0x6c, 0x65,
  0x74, 0x65, 0x20, 0x49, 0x50, 0x76, 0x36, 0x20, 0x68, 0x65, 0x61, 0x64,
  0x65, 0x72, 0x20, 0x72, 0x65, 0x63, 0x65, 0x69, 0x76, 0x65, 0x64, 0x20,
  0x28, 0x25, 0x64, 0x20, 0x62, 0x79, 0x74, 0x65, 0x73, 0x29, 0x0a, 0x00,
  0x69, 0x6e, 0x76, 0x61, 0x6c, 0x69, 0x64, 0x20, 0x76, 0x65, 0x72, 0x73,
  0x69, 0x6f, 0x6e, 0x00, 0x70, 0x61, 0x63, 0x6b, 0x65, 0x74, 0x20, 0x73,
  0x68, 0x6f, 0x72, 0x74, 0x65, 0x72, 0x20, 0x74, 0x68, 0x61, 0x6e, 0x20,
  0x72, 0x65, 0x70, 0x6f, 0x72, 0x74, 0x65, 0x64, 0x20, 0x69, 0x6e, 0x20,
  0x49, 0x50, 0x20, 0x68, 0x65, 0x61, 0x64, 0x65, 0x72, 0x00, 0x64, 0x72,
  0x6f, 0x70, 0x70, 0x69, 0x6e, 0x67, 0x20, 0x70, 0x61, 0x63, 0x6b, 0x65,
  0x74, 0x20, 0x77, 0x69, 0x74, 0x68, 0x20, 0x6c, 0x65, 0x6e, 0x67, 0x74,
  0x68, 0x20, 0x25, 0x64, 0x20, 0x3e, 0x20, 0x25, 0x64, 0x0a, 0x00, 0x69,
  0x6e, 0x76, 0x61, 0x6c, 0x69, 0x64, 0x20, 0x65, 0x78, 0x74, 0x65, 0x6e,
  0x73, 0x69, 0x6f, 0x6e, 0x20, 0x68, 0x65, 0x61, 0x64, 0x65, 0x72, 0x20,
  0x63, 0x68, 0x61, 0x69, 0x6e, 0x00, 0x49, 0x4e, 0x46, 0x4f, 0x00, 0x70,
  0x61, 0x63, 0x6b, 0x65, 0x74, 0x20, 0x72, 0x65, 0x63, 0x65, 0x69, 0x76,
  0x65, 0x64, 0x20, 0x66, 0x72, 0x6f, 0x6d, 0x20, 0x00, 0x20, 0x74, 0x6f,
  0x20, 0x00, 0x44, 0x72, 0x6f, 0x70, 0x70, 0x69, 0x6e, 0x67, 0x20, 0x70,
  0x61, 0x63, 0x6b, 0x65, 0x74, 0x2c, 0x20, 0x73, 0x72, 0x63, 0x20, 0x69,
  0x73, 0x20, 0x6d, 0x63, 0x61, 0x73, 0x74, 0x00, 0x4c, 0x4c, 0x20, 0x73,
  0x6f, 0x75, 0x72, 0x63, 0x65, 0x20, 0x61, 0x64, 0x64, 0x72, 0x65, 0x73,
  0x73, 0x20, 0x77, 0x69, 0x74, 0x68, 0x20, 0x6f, 0x66, 0x66, 0x20, 0x6c,
  0x69, 0x6e, 0x6b, 0x20, 0x64, 0x65, 0x73, 0x74, 0x69, 0x6e, 0x61, 0x74,
  0x69, 0x6f, 0x6e, 0x2c, 0x20, 0x64, 0x72, 0x6f, 0x70, 0x70, 0x69, 0x6e,
  0x67, 0x00, 0x44, 0x72, 0x6f, 0x70, 0x70, 0x69, 0x6e, 0x67, 0x20, 0x70,
  0x61, 0x63, 0x6b, 0x65, 0x74, 0x2c, 0x20, 0x6e, 0x6f, 0x74, 0x20, 0x66,
  0x6f, 0x72, 0x20, 0x6d, 0x65, 0x20, 0x61, 0x6e, 0x64, 0x20, 0x6c, 0x69,
  0x6e, 0x6b, 0x20, 0x6c, 0x6f, 0x63, 0x61, 0x6c, 0x20, 0x6f, 0x72, 0x20,
  0x6d, 0x75, 0x6c, 0x74, 0x69, 0x63, 0x61, 0x73, 0x74, 0x00, 0x50, 0x72,
  0x6f, 0x63, 0x65, 0x73, 0x73, 0x69, 0x6e, 0x67, 0x20, 0x68, 0x62, 0x68,
  0x20, 0x68, 0x65, 0x61, 0x64, 0x65, 0x72, 0x00, 0x50, 0x72, 0x6f, 0x63,
  0x65, 0x73, 0x73, 0x69, 0x6e, 0x67, 0x20, 0x64, 0x65, 0x73, 0x74, 0x6f,
  0x20, 0x68, 0x65, 0x61, 0x64, 0x65, 0x72, 0x00, 0x50, 0x72, 0x6f, 0x63,
  0x65, 0x73, 0x73, 0x69, 0x6e, 0x67, 0x20, 0x52, 0x6f, 0x75, 0x74, 0x69,
  0x6e, 0x67, 0x20, 0x68, 0x65, 0x61, 0x64, 0x65, 0x72, 0x00, 0x55, 0x6e,
  0x72, 0x65, 0x63, 0x6f, 0x67, 0x6e, 0x69, 0x7a, 0x65, 0x64, 0x20, 0x72,
  0x6f, 0x75, 0x74, 0x69, 0x6e, 0x67, 0x20, 0x74, 0x79, 0x70, 0x65, 0x00,
  0x66, 0x72, 0x61, 0x67, 0x6d, 0x65, 0x6e, 0x74, 0x20, 0x64, 0x72, 0x6f,
  0x70, 0x70, 0x65, 0x64, 0x2e, 0x00, 0x75, 0x6e, 0x72, 0x65, 0x63, 0x6f,
  0x67, 0x6e, 0x69, 0x7a, 0x65, 0x64, 0x20, 0x68, 0x65, 0x61, 0x64, 0x65,
  0x72, 0x00, 0x69, 0x63, 0x6d, 0x70, 0x76, 0x36, 0x20, 0x69, 0x6e, 0x70,
  0x75, 0x74, 0x20, 0x6c, 0x65, 0x6e, 0x67, 0x74, 0x68, 0x20, 0x25, 0x64,
  0x20, 0x74, 0x79, 0x70, 0x65, 0x3a, 0x20, 0x25, 0x64, 0x20, 0x0a, 0x00,
  0x69, 0x63, 0x6d, 0x70, 0x76, 0x36, 0x20, 0x62, 0x61, 0x64, 0x20, 0x63,
  0x68, 0x65, 0x63, 0x6b, 0x73, 0x75, 0x6d, 0x00, 0x55, 0x6e, 0x6b, 0x6e,
  0x6f, 0x77, 0x6e, 0x20, 0x49, 0x43, 0x4d, 0x50, 0x76, 0x36, 0x20, 0x6d,
  0x65, 0x73, 0x73, 0x61, 0x67, 0x65, 0x20, 0x74, 0x79, 0x70, 0x65, 0x2f,
  0x63, 0x6f, 0x64, 0x65, 0x20, 0x25, 0x64, 0x0a, 0x00, 0x52, 0x65, 0x63,
  0x65, 0x69, 0x76, 0x69, 0x6e, 0x67, 0x20, 0x55, 0x44, 0x50, 0x20, 0x70,
  0x61, 0x63, 0x6b, 0x65, 0x74, 0x00, 0x75, 0x64, 0x70, 0x3a, 0x20, 0x62,
  0x61, 0x64, 0x20, 0x63, 0x68, 0x65, 0x63, 0x6b, 0x73, 0x75, 0x6d, 0x20,
  0x30, 0x78, 0x25, 0x30, 0x34, 0x78, 0x20, 0x30, 0x78, 0x25, 0x30, 0x34,
  0x78, 0x0a, 0x00, 0x75, 0x64, 0x70, 0x3a, 0x20, 0x7a, 0x65, 0x72, 0x6f,
  0x20, 0x70, 0x6f, 0x72, 0x74, 0x2e, 0x00, 0x75, 0x64, 0x70, 0x3a, 0x20,
  0x6e, 0x6f, 0x20, 0x6d, 0x61, 0x74, 0x63, 0x68, 0x69, 0x6e, 0x67, 0x20,
  0x63, 0x6f, 0x6e, 0x6e, 0x65, 0x63, 0x74, 0x69, 0x6f, 0x6e, 0x20, 0x66,
  0x6f, 0x75, 0x6e, 0x64, 0x00, 0x49, 0x6e, 0x20, 0x75, 0x64, 0x70, 0x5f,
  0x66, 0x6f, 0x75, 0x6e, 0x64, 0x00, 0x49, 0x6e, 0x20, 0x75, 0x64, 0x70,
  0x5f, 0x73, 0x65, 0x6e, 0x64, 0x00, 0x0a, 0x49, 0x50, 0x54, 0x43, 0x50,
  0x48, 0x20, 0x4c, 0x45, 0x4e, 0x47, 0x20, 0x69, 0x73, 0x20, 0x25, 0x64,
  0x00, 0x25, 0x64, 0x3a, 0x25, 0x63, 0x25, 0x63, 0x20, 0x00, 0x0a, 0x2d,
  0x2d, 0x49, 0x50, 0x54, 0x43, 0x50, 0x48, 0x00, 0x53, 0x65, 0x6e, 0x64,
  0x69, 0x6e, 0x67, 0x20, 0x70, 0x61, 0x63, 0x6b, 0x65, 0x74, 0x20, 0x77,
  0x69, 0x74, 0x68, 0x20, 0x6c, 0x65, 0x6e, 0x67, 0x74, 0x68, 0x20, 0x25,
  0x64, 0x20, 0x28, 0x25, 0x64, 0x29, 0x0a, 0x00, 0x28, 0x4e, 0x55, 0x4c,
  0x4c, 0x20, 0x49, 0x50, 0x20, 0x61, 0x64, 0x64, 0x72, 0x29, 0x00, 0x3a,
  0x3a, 0x46, 0x46, 0x46, 0x46, 0x3a, 0x25, 0x75, 0x2e, 0x25, 0x75, 0x2e,
  0x25, 0x75, 0x2e, 0x25, 0x75, 0x00, 0x3a, 0x3a, 0x00, 0x3a, 0x00, 0x25,
  0x78, 0x00, 0x28, 0x6e, 0x75, 0x6c, 0x6c, 0x29, 0x00, 0x00, 0x00, 0x00,
  0x0f, 0xca, 0x9c, 0x38, 0x00, 0x00, 0x00, 0x00, 0x00, 0x00, 0x00, 0x00,
  0x2c, 0xca, 0x34, 0x40, 0x00, 0x00, 0x00, 0x00, 0x00, 0x00, 0x26, 0x00,
  0x02, 0x00, 0x53, 0x24, 0x80, 0x12, 0x06, 0x00, 0x08, 0x00, 0x55, 0x24,
  0xcc, 0x12, 0x08, 0x00, 0x08, 0x00, 0x5d, 0x24, 0xfc, 0x12, 0x00, 0x00,
  0x8b, 0xce, 0x94, 0x4f, 0x00, 0x00, 0x00, 0x00, 0x00, 0x00, 0x00, 0x00,
  0x9a, 0xce, 0xa8, 0x51, 0x00, 0x00, 0x00, 0x00, 0x00, 0x00, 0xcd, 0xab,
  0x00, 0x00, 0x73, 0xcf, 0xa6, 0x5b, 0x00, 0x00, 0x00, 0x00, 0x00, 0x00,
  0x00, 0x00, 0x0a, 0x00, 0x00, 0x00, 0x00, 0x00, 0x50, 0x13, 0x03, 0x00,
  0x04, 0x00, 0x04, 0x00, 0x04, 0x00, 0x04, 0x00, 0x04, 0x00, 0x04, 0x00,
  0x9a, 0x28, 0x0a, 0x00, 0x08, 0x00, 0x7a, 0x24, 0x94, 0x14, 0xaa, 0x00,
  0x08, 0x00, 0x87, 0x24, 0xa8, 0x15, 0x02, 0x00, 0x08, 0x00, 0x8f, 0x24,
  0xf8, 0x1a, 0x00, 0x00, 0x9b, 0x00, 0x86, 0x91, 0x00, 0x00, 0x00, 0x00,
  0x9b, 0x01, 0x32, 0x8d, 0x00, 0x00, 0x00, 0x00, 0x9b, 0x02, 0xea, 0x8a,
  0x00, 0x00, 0x00, 0x00, 0x9b, 0x03, 0x26, 0x8a, 0x00, 0x00, 0xfa, 0x99,
  0x00, 0x00, 0x78, 0x98, 0x00, 0x00, 0x8a, 0x98, 0x00, 0x00, 0x1e, 0x99,
  0x00, 0x00, 0x9e, 0x98, 0x00, 0x00, 0x46, 0x99, 0x00, 0x00, 0x86, 0x99,
  0x00, 0x00, 0x72, 0x98, 0x00, 0x00, 0x01, 0x00, 0xcc, 0x11, 0x00, 0x00,
  0x08, 0x00, 0x00, 0x00, 0x00, 0x00, 0x18, 0x1b, 0x00, 0x00, 0x63, 0xe2,
  0x06, 0xab, 0x00, 0x00, 0x00, 0x00, 0x00, 0x00, 0x00, 0x00, 0xff, 0xf0,
  0x74, 0xc0, 0x00, 0x00, 0x00, 0x00, 0x00, 0x00, 0x00, 0x00, 0x47, 0xf3,
  0xf4, 0xc5, 0x00, 0x00, 0x00, 0x00, 0x00, 0x00, 0x00, 0x00, 0x12, 0x00,
  0x00, 0x00, 0x00, 0x00, 0x82, 0x22, 0x1c, 0x00, 0x02, 0x00, 0x9f, 0x24,
  0x14, 0x23, 0x00, 0x00, 0x80, 0xff, 0x6c, 0x20, 0x01, 0x00, 0x00, 0x00,
  0x81, 0xff, 0xa4, 0x1f, 0x01, 0x00, 0x00, 0x00, 0x87, 0xff, 0xde, 0x24,
  0x01, 0x00, 0x12, 0x00, 0x08, 0x00, 0xa1, 0x24, 0x92, 0x23, 0x02, 0xc9,
  0xf4, 0xc8, 0xf2, 0xc9, 0x00, 0x00, 0x01, 0x00, 0x00, 0x00, 0x1d, 0x48,
  0x00, 0x00, 0x00, 0x20, 0x50, 0xff, 0x15, 0x08, 0x02, 0xff, 0x09, 0x20,
  0x07, 0x2c, 0x0a, 0x28, 0x00, 0x00, 0x00, 0x00, 0x01, 0x14, 0x76, 0x33,
  0x76, 0x33, 0x76, 0x33, 0x76, 0x33, 0x76, 0x33, 0x76, 0x33, 0x76, 0x33,
  0x76, 0x33, 0x76, 0x33, 0x76, 0x33, 0x76, 0x33, 0x76, 0x33, 0x76, 0x33,
  0x76, 0x33, 0x76, 0x33, 0x76, 0x33, 0xf4, 0x36, 0x78, 0x37, 0x3e, 0x35,
  0xc2, 0x35, 0x76, 0x33, 0x76, 0x33, 0x76, 0x33, 0xae, 0x37, 0x24, 0x36,
  0x8c, 0x37, 0xd8, 0x37, 0x76, 0x33, 0xfe, 0x35, 0x76, 0x33, 0x76, 0x33,
  0x00, 0x31, 0x7b, 0x14, 0x31, 0x50, 0xf2, 0xff, 0x7f, 0x40, 0x0c, 0x00,
  0xb0, 0x13, 0xc8, 0x6a, 0xb0, 0x13, 0xd8, 0x5e, 0xc2, 0x43, 0x9a, 0x24,
  0xc2, 0x43, 0x9b, 0x24, 0xb0, 0x13, 0x66, 0x69, 0x82, 0x4f, 0x96, 0x1b,
  0xb0, 0x13, 0x56, 0x69, 0x0f, 0x93, 0x12, 0x20, 0xa2, 0x93, 0x66, 0x11,
  0x02, 0x34, 0x80, 0x01, 0x82, 0x11, 0x30, 0x12, 0x6b, 0xe2, 0x30, 0x12,
  0x73, 0xe2, 0x30, 0x12, 0x78, 0xe2, 0xb1, 0x13, 0x88, 0x3e, 0x31, 0x50,
  0x06, 0x00, 0x3f, 0x40, 0x51, 0xe9, 0x5e, 0x3c, 0xb1, 0x13, 0x0e, 0x3c,
  0x6f, 0x42, 0xb0, 0x13, 0xaa, 0x6a, 0x0e, 0x4f, 0x7f, 0x40, 0x06, 0x00,
  0xb1, 0x13, 0xe8, 0x3b, 0x7f, 0x40, 0x03, 0x00, 0xb0, 0x13, 0xaa, 0x6a,
  0x0e, 0x4f, 0x7f, 0x40, 0x07, 0x00, 0xb1, 0x13, 0xe8, 0x3b, 0x1f, 0x42,
  0x96, 0x1b, 0x67, 0x4f, 0x87, 0x10, 0x5e, 0x4f, 0x01, 0x00, 0x07, 0xde,
  0x0e, 0x47, 0x8e, 0x10, 0x3e, 0xf0, 0xf8, 0x00, 0x3e, 0x90, 0xc0, 0x00,
  0x04, 0x24, 0x3e, 0x90, 0xe0, 0x00, 0x91, 0x20, 0x4f, 0x3c, 0x37, 0xf0,
  0xff, 0x07, 0x58, 0x4f, 0x02, 0x00, 0x88, 0x10, 0x5f, 0x4f, 0x03, 0x00,
  0x08, 0xdf, 0xe2, 0x52, 0x9b, 0x24, 0xb2, 0x90, 0x03, 0x00, 0x66, 0x11,
  0x12, 0x38, 0x30, 0x12, 0x6b, 0xe2, 0x30, 0x12, 0x00, 0xe4, 0x30, 0x12,
  0x78, 0xe2, 0xb1, 0x13, 0x88, 0x3e, 0x31, 0x50, 0x06, 0x00, 0x07, 0x12,
  0x08, 0x12, 0x30, 0x12, 0x65, 0xe9, 0xb1, 0x13, 0x88, 0x3e, 0x31, 0x50,
  0x06, 0x00, 0x4d, 0x43, 0x0e, 0x47, 0x0f, 0x48, 0xb0, 0x13, 0x48, 0xae,
  0x46, 0x4f, 0x7f, 0x93, 0x15, 0x20, 0x92, 0x93, 0x66, 0x11, 0x02, 0x34,
  0x80, 0x01, 0x82, 0x11, 0x30, 0x12, 0x6b, 0xe2, 0x30, 0x12, 0xbf, 0xe3,
  0x30, 0x12, 0x78, 0xe2, 0xb1, 0x13, 0x88, 0x3e, 0x31, 0x50, 0x06, 0x00,
  0x3f, 0x40, 0xac, 0xe9, 0xb1, 0x13, 0xc4, 0x47, 0x80, 0x01, 0x82, 0x11,
  0x8f, 0x11, 0x0e, 0x4f, 0x5e, 0x06, 0x5f, 0x0e, 0x0f, 0x8e, 0x0b, 0x4f,
  0x5b, 0x0e, 0x0b, 0x8f, 0x3b, 0x50, 0x20, 0x00, 0x3b, 0x50, 0xa4, 0x1b,
  0xb1, 0x40, 0x94, 0x00, 0x08, 0x00, 0xd1, 0x43, 0x07, 0x00, 0x4b, 0x3c,
  0x59, 0x4f, 0x04, 0x00, 0x58, 0x4f, 0x02, 0x00, 0x88, 0x10, 0x5f, 0x4f,
  0x03, 0x00, 0x08, 0xdf, 0x37, 0xf0, 0xff, 0x07, 0xf2, 0x50, 0x05, 0x00,
  0x9b, 0x24, 0x4d, 0x49, 0x0e, 0x47, 0x0f, 0x48, 0xb0, 0x13, 0x48, 0xae,
  0x46, 0x4f, 0x7f, 0x93, 0x13, 0x20, 0x92, 0x93, 0x66, 0x11, 0x02, 0x34,
  0x80, 0x01, 0x82, 0x11, 0x30, 0x12, 0x6b, 0xe2, 0x30, 0x12, 0xbf, 0xe3,
  0x30, 0x12, 0x78, 0xe2, 0xb1, 0x13, 0x88, 0x3e, 0x31, 0x50, 0x06, 0x00,
  0x08, 0x12, 0x30, 0x12, 0xdd, 0xe9, 0x65, 0x3c, 0x4e, 0x4f, 0x8e, 0x11,
  0x0f, 0x4e, 0x5f, 0x06, 0x5e, 0x0e, 0x0e, 0x8f, 0x0f, 0x4e, 0x5f, 0x0e,
  0x0f, 0x8e, 0x3f, 0x50, 0xa4, 0x1b, 0x55, 0x43, 0x8f, 0x97, 0x14, 0x00,
  0x01, 0x2c, 0x45, 0x43, 0xb1, 0x40, 0x8c, 0x00, 0x08, 0x00, 0x0b, 0x43,
  0xc1, 0x43, 0x07, 0x00, 0x5a, 0x43, 0x80, 0x01, 0x5e, 0x0e, 0x46, 0x43,
  0x08, 0x43, 0x07, 0x43, 0xb1, 0x40, 0x8c, 0x00, 0x08, 0x00, 0x3b, 0x40,
  0xbe, 0x27, 0xc1, 0x43, 0x07, 0x00, 0xc2, 0x43, 0x9c, 0x24, 0x5e, 0x42,
  0x9b, 0x24, 0x4f, 0x4e, 0x1f, 0x52, 0x96, 0x1b, 0x6f, 0x4f, 0x4d, 0x4f,
  0x7d, 0xf0, 0xf0, 0xff, 0x7d, 0x90, 0xf0, 0xff, 0x07, 0x20, 0x7f, 0xf0,
  0x0f, 0x00, 0xc2, 0x4f, 0x9c, 0x24, 0x5e, 0x53, 0xc2, 0x4e, 0x9b, 0x24,
  0x5f, 0x42, 0x9c, 0x24, 0x5f, 0x93, 0x13, 0x20, 0xb2, 0x90, 0x03, 0x00,
  0x66, 0x11, 0x2a, 0x38, 0x30, 0x12, 0x6b, 0xe2, 0x30, 0x12, 0x00, 0xe4,
  0x30, 0x12, 0x78, 0xe2, 0xb1, 0x13, 0x88, 0x3e, 0x31, 0x50, 0x06, 0x00,
  0x3f, 0x40, 0x0b, 0xea, 0xb1, 0x13, 0xc4, 0x47, 0x1b, 0x3c, 0x6f, 0x93,
  0x19, 0x28, 0x92, 0x93, 0x66, 0x11, 0x02, 0x34, 0x80, 0x01, 0x82, 0x11,
  0x30, 0x12, 0x6b, 0xe2, 0x30, 0x12, 0xbf, 0xe3, 0x30, 0x12, 0x78, 0xe2,
  0xb1, 0x13, 0x88, 0x3e, 0x31, 0x50, 0x06, 0x00, 0x5f, 0x42, 0x9c, 0x24,
  0x0f, 0x12, 0x30, 0x12, 0x20, 0xea, 0xb1, 0x13, 0x88, 0x3e, 0x21, 0x52,
  0x80, 0x01, 0x82, 0x11, 0x5f, 0x42, 0x9b, 0x24, 0x1f, 0x52, 0x96, 0x1b,
  0x6f, 0x4f, 0x4e, 0x4f, 0x7e, 0xf0, 0xe0, 0xff, 0x7e, 0x90, 0x60, 0x00,
  0x02, 0x24, 0x80, 0x01, 0xd6, 0x0d, 0xa2, 0x92, 0x66, 0x11, 0x0e, 0x38,
  0x30, 0x12, 0x6b, 0xe2, 0x30, 0x12, 0x66, 0xe3, 0x30, 0x12, 0x78, 0xe2,
  0xb1, 0x13, 0x88, 0x3e, 0x31, 0x50, 0x06, 0x00, 0x3f, 0x40, 0x3e, 0xea,
  0xb1, 0x13, 0xc4, 0x47, 0xb0, 0x13, 0x56, 0x69, 0x0a, 0x4f, 0x5f, 0x42,
  0x9b, 0x24, 0x0d, 0x4f, 0x2d, 0x53, 0x0a, 0x9d, 0x02, 0x2c, 0x80, 0x01,
  0x66, 0x11, 0x1e, 0x42, 0x96, 0x1b, 0x0d, 0x5e, 0x82, 0x4d, 0xa0, 0x1b,
  0x0f, 0x5e, 0x75, 0x4f, 0x69, 0x4f, 0x49, 0x93, 0x13, 0x34, 0xa2, 0x92,
  0x66, 0x11, 0x0e, 0x38, 0x30, 0x12, 0x6b, 0xe2, 0x30, 0x12, 0x66, 0xe3,
  0x30, 0x12, 0x78, 0xe2, 0xb1, 0x13, 0x88, 0x3e, 0x31, 0x50, 0x06, 0x00,
  0x3f, 0x40, 0x5b, 0xea, 0xb1, 0x13, 0xc4, 0x47, 0x92, 0x53, 0xa0, 0x1b,
  0x4e, 0x45, 0x7e, 0xf0, 0x10, 0x00, 0x4f, 0x45, 0x7f, 0xf2, 0x4e, 0x93,
  0x69, 0x20, 0x14, 0x42, 0xa0, 0x1b, 0x4f, 0x93, 0x2b, 0x20, 0x0f, 0x44,
  0x1f, 0x82, 0x96, 0x1b, 0x2f, 0x52, 0x0a, 0x9f, 0x02, 0x2c, 0x80, 0x01,
  0xa8, 0x0a, 0x3d, 0x40, 0x03, 0x00, 0x0e, 0x44, 0x1e, 0x53, 0x0f, 0x4b,
  0x1f, 0x53, 0xb1, 0x13, 0x4c, 0x48, 0x6f, 0x44, 0x24, 0x52, 0x82, 0x44,
  0xa0, 0x1b, 0x4e, 0x4f, 0x5e, 0x07, 0x4d, 0x4e, 0x7d, 0xf0, 0x0f, 0x00,
  0x7d, 0xd0, 0x60, 0x00, 0xcb, 0x4d, 0x00, 0x00, 0x7e, 0xf0, 0x30, 0x00,
  0x4f, 0x4f, 0x5f, 0x0e, 0x5f, 0x06, 0x4e, 0xdf, 0x5f, 0x4b, 0x01, 0x00,
  0x7f, 0xf0, 0x0f, 0x00, 0x4e, 0xdf, 0xcb, 0x4e, 0x01, 0x00, 0x66, 0x3c,
  0xfb, 0x40, 0x60, 0x00, 0x00, 0x00, 0x0f, 0x44, 0x1f, 0x82, 0x96, 0x1b,
  0x3f, 0x50, 0x03, 0x00, 0x0a, 0x9f, 0x19, 0x2c, 0xa2, 0x93, 0x66, 0x11,
  0x02, 0x34, 0x80, 0x01, 0x66, 0x11, 0x30, 0x12, 0x6b, 0xe2, 0x30, 0x12,
  0x73, 0xe2, 0x30, 0x12, 0x78, 0xe2, 0xb1, 0x13, 0x88, 0x3e, 0x31, 0x50,
  0x06, 0x00, 0x1f, 0x42, 0x96, 0x1b, 0x1f, 0x82, 0xa0, 0x1b, 0x0f, 0x5a,
  0x0f, 0x12, 0x30, 0x12, 0x03, 0x00, 0x80, 0x01, 0x84, 0x0b, 0x0f, 0x44,
  0x7e, 0x4f, 0x0d, 0x4e, 0x5d, 0x07, 0x7d, 0xf0, 0x30, 0x00, 0x7e, 0xf0,
  0x0f, 0x00, 0x4d, 0xde, 0xcb, 0x4d, 0x01, 0x00, 0x0e, 0x4b, 0x2e, 0x53,
  0xee, 0x4f, 0x00, 0x00, 0xde, 0x4f, 0x01, 0x00, 0x01, 0x00, 0x34, 0x50,
  0x03, 0x00, 0x82, 0x44, 0xa0, 0x1b, 0x2c, 0x3c, 0x4f, 0x93, 0x23, 0x20,
  0x1e, 0x42, 0xa0, 0x1b, 0x0f, 0x4e, 0x1f, 0x82, 0x96, 0x1b, 0x1f, 0x53,
  0x0a, 0x9f, 0x02, 0x2c, 0x80, 0x01, 0x80, 0x08, 0x6f, 0x4e, 0x5f, 0x07,
  0x3f, 0xf0, 0x0f, 0x00, 0x7f, 0xd0, 0x60, 0x00, 0xcb, 0x4f, 0x00, 0x00,
  0x6f, 0x4e, 0x0d, 0x4f, 0x5d, 0x07, 0x7d, 0xf0, 0x30, 0x00, 0x4f, 0x4f,
  0x5f, 0x0e, 0x5f, 0x06, 0x4d, 0xdf, 0xcb, 0x4d, 0x01, 0x00, 0x8b, 0x43,
  0x02, 0x00, 0x1e, 0x53, 0x82, 0x4e, 0xa0, 0x1b, 0x07, 0x3c, 0xfb, 0x40,
  0x60, 0x00, 0x00, 0x00, 0xcb, 0x43, 0x01, 0x00, 0x8b, 0x43, 0x02, 0x00,
  0x4e, 0x45, 0x6e, 0xf2, 0xc1, 0x4e, 0x06, 0x00, 0x23, 0x20, 0x1e, 0x42,
  0xa0, 0x1b, 0x0f, 0x4e, 0x1f, 0x82, 0x96, 0x1b, 0x1f, 0x53, 0x0a, 0x9f,
  0x02, 0x2c, 0x80, 0x01, 0x80, 0x08, 0xeb, 0x4e, 0x06, 0x00, 0xa2, 0x92,
  0x66, 0x11, 0x12, 0x38, 0x30, 0x12, 0x6b, 0xe2, 0x30, 0x12, 0x66, 0xe3,
  0x30, 0x12, 0x78, 0xe2, 0xb1, 0x13, 0x88, 0x3e, 0x31, 0x50, 0x06, 0x00,
  0x5f, 0x4b, 0x06, 0x00, 0x0f, 0x12, 0x30, 0x12, 0xe2, 0xea, 0xb1, 0x13,
  0x88, 0x3e, 0x21, 0x52, 0x92, 0x53, 0xa0, 0x1b, 0x75, 0xf0, 0x03, 0x00,
  0x05, 0x24, 0x45, 0x45, 0xdb, 0x45, 0x9d, 0xf0, 0x07, 0x00, 0x0f, 0x3c,
  0x1f, 0x42, 0xa0, 0x1b, 0x0e, 0x4f, 0x1e, 0x82, 0x96, 0x1b, 0x1e, 0x53,
  0x0a, 0x9e, 0x02, 0x2c, 0x80, 0x01, 0x80, 0x08, 0xeb, 0x4f, 0x07, 0x00,
  0x1f, 0x53, 0x82, 0x4f, 0xa0, 0x1b, 0x05, 0x49, 0x35, 0xf0, 0x30, 0x00,
  0x55, 0x0d, 0x79, 0xb0, 0x40, 0x00, 0x36, 0x24, 0x49, 0x93, 0x08, 0x34,
  0x5f, 0x42, 0x9b, 0x24, 0x1f, 0x52, 0x96, 0x1b, 0x5f, 0x4f, 0x02, 0x00,
  0x5f, 0x0f, 0x01, 0x3c, 0x4f, 0x43, 0x44, 0x45, 0x44, 0x93, 0x19, 0x24,
  0xb0, 0x13, 0x2a, 0xac, 0x82, 0x4f, 0xa2, 0x1b, 0x0f, 0x93, 0x13, 0x20,
  0x92, 0x93, 0x66, 0x11, 0x02, 0x34, 0x80, 0x01, 0x66, 0x11, 0x30, 0x12,
  0x6b, 0xe2, 0x30, 0x12, 0xbf, 0xe3, 0x30, 0x12, 0x78, 0xe2, 0xb1, 0x13,
  0x88, 0x3e, 0x31, 0x50, 0x06, 0x00, 0x3f, 0x40, 0x09, 0xeb, 0x80, 0x01,
  0x3a, 0x0c, 0x7f, 0x40, 0x0c, 0x00, 0xb0, 0x13, 0xc8, 0x6a, 0x5d, 0x45,
  0x95, 0xf0, 0x44, 0x93, 0x04, 0x24, 0x1e, 0x42, 0xa2, 0x1b, 0x2e, 0x53,
  0x01, 0x3c, 0x0e, 0x43, 0x0c, 0x4f, 0x09, 0x3c, 0x7f, 0x40, 0x0c, 0x00,
  0xb0, 0x13, 0xc8, 0x6a, 0x0c, 0x4f, 0x5d, 0x45, 0x99, 0xf0, 0x3e, 0x40,
  0x8f, 0xf0, 0x0f, 0x4b, 0x3f, 0x52, 0xb0, 0x13, 0x4c, 0xb0, 0x45, 0x49,
  0x75, 0xf0, 0x03, 0x00, 0x4e, 0x49, 0x7e, 0xf2, 0x4f, 0x49, 0x6f, 0xf2,
  0x4e, 0x93, 0x1f, 0x24, 0x4f, 0x93, 0x4d, 0x20, 0xf1, 0x43, 0x00, 0x00,
  0xe1, 0x43, 0x01, 0x00, 0x4f, 0x45, 0x7f, 0x53, 0x6f, 0x93, 0x0f, 0x2c,
  0x1f, 0x42, 0xa0, 0x1b, 0x0e, 0x4f, 0x1e, 0x82, 0x96, 0x1b, 0x1e, 0x53,
  0x0a, 0x9e, 0x02, 0x2c, 0x80, 0x01, 0x80, 0x08, 0xe1, 0x4f, 0x01, 0x00,
  0x1f, 0x53, 0x82, 0x4f, 0xa0, 0x1b, 0x45, 0x45, 0x0c, 0x43, 0x5d, 0x45,
  0x91, 0xf0, 0x0e, 0x41, 0x2b, 0x3c, 0x4f, 0x93, 0x1f, 0x24, 0x49, 0x93,
  0x09, 0x34, 0x5f, 0x42, 0x9b, 0x24, 0x1f, 0x52, 0x96, 0x1b, 0x5f, 0x4f,
  0x02, 0x00, 0x7f, 0xf0, 0x0f, 0x00, 0x01, 0x3c, 0x4f, 0x43, 0xb0, 0x13,
  0x2a, 0xac, 0x82, 0x4f, 0xa2, 0x1b, 0x0f, 0x93, 0x01, 0x20, 0x94, 0x3f,
  0x7f, 0x40, 0x0d, 0x00, 0xb0, 0x13, 0xc8, 0x6a, 0x45, 0x45, 0x0c, 0x4f,
  0x5d, 0x45, 0x95, 0xf0, 0x1e, 0x42, 0xa2, 0x1b, 0x2e, 0x53, 0x0a, 0x3c,
  0x7f, 0x40, 0x0d, 0x00, 0xb0, 0x13, 0xc8, 0x6a, 0x45, 0x45, 0x0c, 0x4f,
  0x5d, 0x45, 0x99, 0xf0, 0x3e, 0x40, 0x8f, 0xf0, 0x0f, 0x4b, 0x3f, 0x50,
  0x18, 0x00, 0xb0, 0x13, 0x4c, 0xb0, 0xf2, 0x50, 0x28, 0x00, 0x9a, 0x24,
  0x1f, 0x42, 0xa0, 0x1b, 0x1f, 0x82, 0x96, 0x1b, 0x1f, 0x53, 0x0a, 0x9f,
  0x02, 0x2c, 0x80, 0x01, 0x80, 0x08, 0x04, 0x4b, 0x34, 0x50, 0x06, 0x00,
  0x09, 0x4b, 0x39, 0x50, 0x28, 0x00, 0xc1, 0x43, 0x0a, 0x00, 0x80, 0x01,
  0x58, 0x08, 0x05, 0x4e, 0x35, 0xf0, 0x0e, 0x00, 0x55, 0x01, 0x5e, 0xf3,
  0xc1, 0x4e, 0x06, 0x00, 0x0e, 0x4f, 0x1e, 0x53, 0x82, 0x4e, 0xa0, 0x1b,
  0x1e, 0x82, 0x96, 0x1b, 0x1e, 0x53, 0x0a, 0x9e, 0x02, 0x2c, 0x80, 0x01,
  0x80, 0x08, 0xc1, 0x93, 0x06, 0x00, 0x1c, 0x20, 0xd1, 0x4f, 0x01, 0x00,
  0x04, 0x00, 0x2f, 0x53, 0x82, 0x4f, 0xa0, 0x1b, 0xa2, 0x92, 0x66, 0x11,
  0x15, 0x38, 0x30, 0x12, 0x6b, 0xe2, 0x30, 0x12, 0x66, 0xe3, 0x30, 0x12,
  0x78, 0xe2, 0xb1, 0x13, 0x88, 0x3e, 0x31, 0x50, 0x06, 0x00, 0x5f, 0x41,
  0x04, 0x00, 0x0f, 0x12, 0x30, 0x12, 0x30, 0xeb, 0xb1, 0x13, 0x88, 0x3e,
  0x21, 0x52, 0x02, 0x3c, 0xc1, 0x43, 0x04, 0x00, 0x1f, 0x42, 0xa0, 0x1b,
  0x0e, 0x4f, 0x1e, 0x82, 0x96, 0x1b, 0x1e, 0x53, 0x0a, 0x9e, 0x02, 0x2c,
  0x80, 0x01, 0x80, 0x08, 0xe1, 0x4f, 0x0b, 0x00, 0x1f, 0x53, 0x82, 0x4f,
  0xa0, 0x1b, 0xa2, 0x92, 0x66, 0x11, 0x16, 0x38, 0x30, 0x12, 0x6b, 0xe2,
  0x30, 0x12, 0x66, 0xe3, 0x30, 0x12, 0x78, 0xe2, 0xb1, 0x13, 0x88, 0x3e,
  0x31, 0x50, 0x06, 0x00, 0x5f, 0x41, 0x0b, 0x00, 0x0f, 0x12, 0x5f, 0x41,
  0x06, 0x00, 0x0f, 0x12, 0x05, 0x12, 0x30, 0x12, 0x61, 0xeb, 0xb1, 0x13,
  0x88, 0x3e, 0x31, 0x52, 0x15, 0x93, 0x29, 0x24, 0x25, 0x93, 0x03, 0x34,
  0x05, 0x93, 0x22, 0x24, 0x0e, 0x3c, 0x25, 0x93, 0x04, 0x24, 0x35, 0x90,
  0x03, 0x00, 0x09, 0x20, 0x04, 0x3c, 0xf1, 0x40, 0x2c, 0x00, 0x02, 0x00,
  0x1d, 0x3c, 0xf1, 0x40, 0x3c, 0x00, 0x02, 0x00, 0x19, 0x3c, 0xa2, 0x92,
  0x66, 0x11, 0x02, 0x34, 0x80, 0x01, 0x66, 0x11, 0x30, 0x12, 0x6b, 0xe2,
  0x30, 0x12, 0x66, 0xe3, 0x30, 0x12, 0x78, 0xe2, 0xb1, 0x13, 0x88, 0x3e,
  0x31, 0x50, 0x06, 0x00, 0x3f, 0x40, 0x9a, 0xeb, 0x80, 0x01, 0x3a, 0x0c,
  0xc1, 0x43, 0x02, 0x00, 0x03, 0x3c, 0xf1, 0x40, 0x2b, 0x00, 0x02, 0x00,
  0xd4, 0x41, 0x02, 0x00, 0x00, 0x00, 0x55, 0x41, 0x0b, 0x00, 0x0f, 0x49,
  0x0f, 0x8b, 0x2f, 0x53, 0x0f, 0x55, 0x81, 0x9f, 0x08, 0x00, 0x13, 0x2c,
  0xa2, 0x93, 0x66, 0x11, 0x02, 0x34, 0x80, 0x01, 0x66, 0x11, 0x30, 0x12,
  0x6b, 0xe2, 0x30, 0x12, 0x73, 0xe2, 0x30, 0x12, 0x78, 0xe2, 0xb1, 0x13,
  0x88, 0x3e, 0x31, 0x50, 0x06, 0x00, 0x3f, 0x40, 0xc6, 0xeb, 0x80, 0x01,
  0x3a, 0x0c, 0x0f, 0x45, 0x2f, 0x53, 0x5f, 0x09, 0x4e, 0x4f, 0xc9, 0x4f,
  0x01, 0x00, 0x4e, 0x93, 0x13, 0x20, 0xa2, 0x93, 0x66, 0x11, 0x02, 0x34,
  0x80, 0x01, 0x66, 0x11, 0x30, 0x12, 0x6b, 0xe2, 0x30, 0x12, 0x73, 0xe2,
  0x30, 0x12, 0x78, 0xe2, 0xb1, 0x13, 0x88, 0x3e, 0x31, 0x50, 0x06, 0x00,
  0x3f, 0x40, 0x02, 0xec, 0x80, 0x01, 0x3a, 0x0c, 0x7e, 0x53, 0xc9, 0x4e,
  0x01, 0x00, 0xd9, 0x41, 0x04, 0x00, 0x00, 0x00, 0x04, 0x49, 0x1c, 0x42,
  0xa0, 0x1b, 0x0e, 0x45, 0x1e, 0x53, 0x81, 0x4e, 0x04, 0x00, 0x0f, 0x4c,
  0x1f, 0x82, 0x96, 0x1b, 0x0f, 0x5e, 0x0a, 0x9f, 0x19, 0x2c, 0xa2, 0x93,
  0x66, 0x11, 0x02, 0x34, 0x80, 0x01, 0x66, 0x11, 0x30, 0x12, 0x6b, 0xe2,
  0x30, 0x12, 0x73, 0xe2, 0x30, 0x12, 0x78, 0xe2, 0xb1, 0x13, 0x88, 0x3e,
  0x31, 0x50, 0x06, 0x00, 0x1f, 0x42, 0x96, 0x1b, 0x1f, 0x82, 0xa0, 0x1b,
  0x0f, 0x5a, 0x0f, 0x12, 0x11, 0x12, 0x08, 0x00, 0x80, 0x01, 0x84, 0x0b,
  0x0d, 0x45, 0x0e, 0x4c, 0x0f, 0x49, 0x2f, 0x53, 0x81, 0x4c, 0x0c, 0x00,
  0xb1, 0x13, 0x4c, 0x48, 0x1c, 0x41, 0x0c, 0x00, 0x0c, 0x55, 0x82, 0x4c,
  0xa0, 0x1b, 0x59, 0x49, 0x01, 0x00, 0x19, 0x53, 0x4f, 0x49, 0x5f, 0x0a,
  0x4f, 0x4f, 0xc2, 0x5f, 0x9a, 0x24, 0x59, 0x0a, 0x09, 0x54, 0xc1, 0x5f,
  0x0a, 0x00, 0xa2, 0x92, 0x66, 0x11, 0x1b, 0x38, 0x30, 0x12, 0x6b, 0xe2,
  0x30, 0x12, 0x66, 0xe3, 0x30, 0x12, 0x78, 0xe2, 0xb1, 0x13, 0x88, 0x3e,
  0x31, 0x50, 0x06, 0x00, 0x5e, 0x44, 0x01, 0x00, 0x0f, 0x4e, 0x1f, 0x53,
  0x5f, 0x0a, 0x0f, 0x12, 0x0e, 0x12, 0x05, 0x12, 0x5f, 0x41, 0x08, 0x00,
  0x0f, 0x12, 0x30, 0x12, 0x25, 0xec, 0xb1, 0x13, 0x88, 0x3e, 0x31, 0x50,
  0x0a, 0x00, 0x1f, 0x42, 0xa0, 0x1b, 0xc1, 0x93, 0x06, 0x00, 0x09, 0x24,
  0x6e, 0x4f, 0x4d, 0x4e, 0x7d, 0xf0, 0xf0, 0xff, 0x7d, 0x90, 0xe0, 0xff,
  0x02, 0x20, 0x80, 0x01, 0x0c, 0x06, 0x0e, 0x4f, 0x1e, 0x82, 0x96, 0x1b,
  0x1e, 0x53, 0x0a, 0x9e, 0x18, 0x2c, 0xa2, 0x93, 0x66, 0x11, 0x02, 0x34,
  0x80, 0x01, 0x66, 0x11, 0x30, 0x12, 0x6b, 0xe2, 0x30, 0x12, 0x73, 0xe2,
  0x30, 0x12, 0x78, 0xe2, 0xb1, 0x13, 0x88, 0x3e, 0x31, 0x50, 0x06, 0x00,
  0x1f, 0x42, 0x96, 0x1b, 0x1f, 0x82, 0xa0, 0x1b, 0x0f, 0x5a, 0x0f, 0x12,
  0x13, 0x12, 0x80, 0x01, 0x84, 0x0b, 0xc1, 0x93, 0x06, 0x00, 0x02, 0x20,
  0x80, 0x01, 0x2e, 0x0d, 0x6e, 0x4f, 0x7e, 0xf0, 0xf8, 0xff, 0x7e, 0x90,
  0xf0, 0xff, 0x02, 0x24, 0x80, 0x01, 0x2e, 0x0d, 0x0e, 0x49, 0x0e, 0x8b,
  0x3e, 0x52, 0x81, 0x9e, 0x08, 0x00, 0x13, 0x2c, 0xa2, 0x93, 0x66, 0x11,
  0x02, 0x34, 0x80, 0x01, 0x66, 0x11, 0x30, 0x12, 0x6b, 0xe2, 0x30, 0x12,
  0x73, 0xe2, 0x30, 0x12, 0x78, 0xe2, 0xb1, 0x13, 0x88, 0x3e, 0x31, 0x50,
  0x06, 0x00, 0x3f, 0x40, 0x5a, 0xec, 0x80, 0x01, 0x3a, 0x0c, 0xf4, 0x40,
  0x11, 0x00, 0x00, 0x00, 0x65, 0x4f, 0x65, 0xf2, 0xa2, 0x92, 0x66, 0x11,
  0x13, 0x38, 0x30, 0x12, 0x6b, 0xe2, 0x30, 0x12, 0x66, 0xe3, 0x30, 0x12,
  0x78, 0xe2, 0xb1, 0x13, 0x88, 0x3e, 0x31, 0x50, 0x06, 0x00, 0x1f, 0x42,
  0xa0, 0x1b, 0x6f, 0x4f, 0x0f, 0x12, 0x30, 0x12, 0x96, 0xec, 0xb1, 0x13,
  0x88, 0x3e, 0x21, 0x52, 0x1f, 0x42, 0xa0, 0x1b, 0x6e, 0x4f, 0x7e, 0xf0,
  0xf3, 0xff, 0x7e, 0x90, 0xf1, 0xff, 0x6c, 0x24, 0x7e, 0x90, 0xf2, 0xff,
  0x06, 0x2c, 0x7e, 0x90, 0xf0, 0xff, 0x02, 0x24, 0x80, 0x01, 0x18, 0x0c,
  0x0a, 0x3c, 0x7e, 0x90, 0xf2, 0xff, 0x8e, 0x24, 0x7e, 0x90, 0xf3, 0xff,
  0x02, 0x24, 0x80, 0x01, 0x18, 0x0c, 0x80, 0x01, 0x4c, 0x0b, 0x0e, 0x4f,
  0x1e, 0x82, 0x96, 0x1b, 0x3e, 0x50, 0x05, 0x00, 0x0a, 0x9e, 0x19, 0x2c,
  0xa2, 0x93, 0x66, 0x11, 0x02, 0x34, 0x80, 0x01, 0x66, 0x11, 0x30, 0x12,
  0x6b, 0xe2, 0x30, 0x12, 0x73, 0xe2, 0x30, 0x12, 0x78, 0xe2, 0xb1, 0x13,
  0x88, 0x3e, 0x31, 0x50, 0x06, 0x00, 0x1f, 0x42, 0x96, 0x1b, 0x1f, 0x82,
  0xa0, 0x1b, 0x0f, 0x5a, 0x0f, 0x12, 0x30, 0x12, 0x05, 0x00, 0x80, 0x01,
  0x84, 0x0b, 0x0e, 0x4f, 0x1e, 0x53, 0xe9, 0x4e, 0x00, 0x00, 0xd9, 0x4e,
  0x01, 0x00, 0x01, 0x00, 0x0e, 0x49, 0x2e, 0x53, 0x3f, 0x50, 0x03, 0x00,
  0xee, 0x4f, 0x00, 0x00, 0xde, 0x4f, 0x01, 0x00, 0x01, 0x00, 0xa2, 0x92,
  0x66, 0x11, 0x21, 0x38, 0x30, 0x12, 0x6b, 0xe2, 0x30, 0x12, 0x66, 0xe3,
  0x30, 0x12, 0x78, 0xe2, 0xb1, 0x13, 0x88, 0x3e, 0x31, 0x50, 0x06, 0x00,
  0x1e, 0x49, 0x02, 0x00, 0x0f, 0x4e, 0x8f, 0x10, 0x4f, 0x4f, 0x4e, 0x4e,
  0x8e, 0x10, 0x0f, 0xde, 0x0f, 0x12, 0x2e, 0x49, 0x0f, 0x4e, 0x8f, 0x10,
  0x4f, 0x4f, 0x4e, 0x4e, 0x8e, 0x10, 0x0f, 0xde, 0x0f, 0x12, 0x30, 0x12,
  0xc0, 0xec, 0xb1, 0x13, 0x88, 0x3e, 0x31, 0x50, 0x06, 0x00, 0xb2, 0x50,
  0x05, 0x00, 0xa0, 0x1b, 0x80, 0x01, 0x42, 0x0c, 0xa2, 0x92, 0x66, 0x11,
  0x0e, 0x38, 0x30, 0x12, 0x6b, 0xe2, 0x30, 0x12, 0x66, 0xe3, 0x30, 0x12,
  0x78, 0xe2, 0xb1, 0x13, 0x88, 0x3e, 0x31, 0x50, 0x06, 0x00, 0x3f, 0x40,
  0xea, 0xec, 0xb1, 0x13, 0xc4, 0x47, 0x1f, 0x42, 0xa0, 0x1b, 0x0e, 0x4f,
  0x1e, 0x82, 0x96, 0x1b, 0x2e, 0x52, 0x0a, 0x9e, 0x01, 0x2c, 0x2d, 0x3c,
  0x0e, 0x4f, 0x1e, 0x53, 0xe9, 0x4e, 0x00, 0x00, 0xd9, 0x4e, 0x01, 0x00,
  0x01, 0x00, 0x5f, 0x4f, 0x03, 0x00, 0x3f, 0x50, 0x00, 0xf0, 0x0e, 0x4f,
  0x8e, 0x10, 0x4e, 0x4e, 0x4f, 0x4f, 0x8f, 0x10, 0x0f, 0xde, 0x89, 0x4f,
  0x02, 0x00, 0x44, 0x3c, 0xa2, 0x92, 0x66, 0x11, 0x0e, 0x38, 0x30, 0x12,
  0x6b, 0xe2, 0x30, 0x12, 0x66, 0xe3, 0x30, 0x12, 0x78, 0xe2, 0xb1, 0x13,
  0x88, 0x3e, 0x31, 0x50, 0x06, 0x00, 0x3f, 0x40, 0x37, 0xed, 0xb1, 0x13,
  0xc4, 0x47, 0x1e, 0x42, 0xa0, 0x1b, 0x0f, 0x4e, 0x1f, 0x82, 0x96, 0x1b,
  0x2f, 0x52, 0x0a, 0x9f, 0x17, 0x2c, 0xa2, 0x93, 0x66, 0x11, 0x02, 0x34,
  0x80, 0x01, 0x66, 0x11, 0x30, 0x12, 0x6b, 0xe2, 0x30, 0x12, 0x73, 0xe2,
  0x30, 0x12, 0x78, 0xe2, 0xb1, 0x13, 0x88, 0x3e, 0x31, 0x50, 0x06, 0x00,
  0x1f, 0x42, 0x96, 0x1b, 0x1f, 0x82, 0xa0, 0x1b, 0x0f, 0x5a, 0x0f, 0x12,
  0x22, 0x12, 0x57, 0x3c, 0x5f, 0x4e, 0x01, 0x00, 0x3f, 0x50, 0x00, 0xf0,
  0x0d, 0x4f, 0x8d, 0x10, 0x4d, 0x4d, 0x4f, 0x4f, 0x8f, 0x10, 0x0f, 0xdd,
  0x89, 0x4f, 0x00, 0x00, 0x0f, 0x49, 0x2f, 0x53, 0x2e, 0x53, 0xef, 0x4e,
  0x00, 0x00, 0xdf, 0x4e, 0x01, 0x00, 0x01, 0x00, 0xa2, 0x92, 0x66, 0x11,
  0x21, 0x38, 0x30, 0x12, 0x6b, 0xe2, 0x30, 0x12, 0x66, 0xe3, 0x30, 0x12,
  0x78, 0xe2, 0xb1, 0x13, 0x88, 0x3e, 0x31, 0x50, 0x06, 0x00, 0x1e, 0x49,
  0x02, 0x00, 0x0f, 0x4e, 0x8f, 0x10, 0x4f, 0x4f, 0x4e, 0x4e, 0x8e, 0x10,
  0x0f, 0xde, 0x0f, 0x12, 0x2e, 0x49, 0x0f, 0x4e, 0x8f, 0x10, 0x4f, 0x4f,
  0x4e, 0x4e, 0x8e, 0x10, 0x0f, 0xde, 0x0f, 0x12, 0x30, 0x12, 0x0d, 0xed,
  0xb1, 0x13, 0x88, 0x3e, 0x31, 0x50, 0x06, 0x00, 0xa2, 0x52, 0xa0, 0x1b,
  0x7b, 0x3c, 0x0e, 0x4f, 0x1e, 0x82, 0x96, 0x1b, 0x2e, 0x53, 0x0a, 0x9e,
  0x1e, 0x2c, 0xa2, 0x93, 0x66, 0x11, 0x02, 0x34, 0x80, 0x01, 0x66, 0x11,
  0x30, 0x12, 0x6b, 0xe2, 0x30, 0x12, 0x73, 0xe2, 0x30, 0x12, 0x78, 0xe2,
  0xb1, 0x13, 0x88, 0x3e, 0x31, 0x50, 0x06, 0x00, 0x1f, 0x42, 0x96, 0x1b,
  0x1f, 0x82, 0xa0, 0x1b, 0x0f, 0x5a, 0x0f, 0x12, 0x23, 0x12, 0x30, 0x12,
  0x92, 0xea, 0xb1, 0x13, 0x88, 0x3e, 0x31, 0x50, 0x06, 0x00, 0x80, 0x01,
  0x66, 0x11, 0x5e, 0x4f, 0x01, 0x00, 0x5e, 0x0f, 0x3e, 0x50, 0xb0, 0xf0,
  0x0d, 0x4e, 0x8d, 0x10, 0x4d, 0x4d, 0x4e, 0x4e, 0x8e, 0x10, 0x0e, 0xdd,
  0x89, 0x4e, 0x00, 0x00, 0x5f, 0x4f, 0x01, 0x00, 0x3f, 0xf0, 0x0f, 0x00,
  0x3f, 0x50, 0xb0, 0xf0, 0x0e, 0x4f, 0x8e, 0x10, 0x4e, 0x4e, 0x4f, 0x4f,
  0x8f, 0x10, 0x0f, 0xde, 0x89, 0x4f, 0x02, 0x00, 0xa2, 0x92, 0x66, 0x11,
  0x21, 0x38, 0x30, 0x12, 0x6b, 0xe2, 0x30, 0x12, 0x66, 0xe3, 0x30, 0x12,
  0x78, 0xe2, 0xb1, 0x13, 0x88, 0x3e, 0x31, 0x50, 0x06, 0x00, 0x1e, 0x49,
  0x02, 0x00, 0x0f, 0x4e, 0x8f, 0x10, 0x4f, 0x4f, 0x4e, 0x4e, 0x8e, 0x10,
  0x0f, 0xde, 0x0f, 0x12, 0x2e, 0x49, 0x0f, 0x4e, 0x8f, 0x10, 0x4f, 0x4f,
  0x4e, 0x4e, 0x8e, 0x10, 0x0f, 0xde, 0x0f, 0x12, 0x30, 0x12, 0x55, 0xed,
  0xb1, 0x13, 0x88, 0x3e, 0x31, 0x50, 0x06, 0x00, 0xa2, 0x53, 0xa0, 0x1b,
  0x15, 0x3c, 0xa2, 0x92, 0x66, 0x11, 0x02, 0x34, 0x80, 0x01, 0x66, 0x11,
  0x30, 0x12, 0x6b, 0xe2, 0x30, 0x12, 0x66, 0xe3, 0x30, 0x12, 0x78, 0xe2,
  0xb1, 0x13, 0x88, 0x3e, 0x31, 0x50, 0x06, 0x00, 0x3f, 0x40, 0x7f, 0xed,
  0xb1, 0x13, 0xc4, 0x47, 0x80, 0x01, 0x66, 0x11, 0x45, 0x93, 0x24, 0x20,
  0x1f, 0x42, 0xa0, 0x1b, 0x0e, 0x4f, 0x1e, 0x82, 0x96, 0x1b, 0x2e, 0x53,
  0x0a, 0x9e, 0x01, 0x2c, 0x80, 0x3f, 0x0e, 0x49, 0x3e, 0x50, 0x06, 0x00,
  0xee, 0x4f, 0x00, 0x00, 0xde, 0x4f, 0x01, 0x00, 0x01, 0x00, 0x2f, 0x53,
  0x82, 0x4f, 0xa0, 0x1b, 0xa2, 0x92, 0x66, 0x11, 0x1e, 0x38, 0x30, 0x12,
  0x6b, 0xe2, 0x30, 0x12, 0x66, 0xe3, 0x30, 0x12, 0x78, 0xe2, 0xb1, 0x13,
  0x88, 0x3e, 0x31, 0x50, 0x06, 0x00, 0x3f, 0x40, 0xb0, 0xed, 0x0f, 0x3c,
  0xa2, 0x92, 0x66, 0x11, 0x0e, 0x38, 0x30, 0x12, 0x6b, 0xe2, 0x30, 0x12,
  0x66, 0xe3, 0x30, 0x12, 0x78, 0xe2, 0xb1, 0x13, 0x88, 0x3e, 0x31, 0x50,
  0x06, 0x00, 0x3f, 0x40, 0xd1, 0xed, 0xb1, 0x13, 0xc4, 0x47, 0xb0, 0x13,
  0x56, 0x69, 0x1a, 0x42, 0x96, 0x1b, 0x1a, 0x82, 0xa0, 0x1b, 0x3a, 0x52,
  0x0a, 0x5f, 0x07, 0x93, 0x04, 0x20, 0x4e, 0x4a, 0x8e, 0x10, 0x0d, 0x4a,
  0x09, 0x3c, 0x0e, 0x47, 0x3e, 0x50, 0xd8, 0xff, 0x5f, 0x41, 0x0a, 0x00,
  0x0e, 0x8f, 0x0d, 0x4e, 0x4e, 0x4e, 0x8e, 0x10, 0x8d, 0x10, 0x4d, 0x4d,
  0x0e, 0xdd, 0x89, 0x4e, 0x04, 0x00, 0xa2, 0x92, 0x66, 0x11, 0x1e, 0x38,
  0x30, 0x12, 0x6b, 0xe2, 0x30, 0x12, 0x66, 0xe3, 0x30, 0x12, 0x78, 0xe2,
  0xb1, 0x13, 0x88, 0x3e, 0x31, 0x50, 0x06, 0x00, 0x0a, 0x12, 0x07, 0x12,
  0x5f, 0x41, 0x0e, 0x00, 0x0f, 0x12, 0x1e, 0x49, 0x04, 0x00, 0x0f, 0x4e,
  0x8f, 0x10, 0x4f, 0x4f, 0x4e, 0x4e, 0x8e, 0x10, 0x0f, 0xde, 0x0f, 0x12,
  0x30, 0x12, 0xf8, 0xed, 0xb1, 0x13, 0x88, 0x3e, 0x31, 0x50, 0x0a, 0x00,
  0xf2, 0x52, 0x9a, 0x24, 0x5f, 0x42, 0xa0, 0x1b, 0x5f, 0x82, 0x96, 0x1b,
  0xc2, 0x4f, 0x9b, 0x24, 0x07, 0x93, 0x31, 0x20, 0xb0, 0x13, 0x56, 0x69,
  0x55, 0x42, 0x9a, 0x24, 0x35, 0x50, 0xd8, 0xff, 0x5e, 0x42, 0x9b, 0x24,
  0x05, 0x8e, 0x05, 0x5f, 0xa2, 0x92, 0x66, 0x11, 0x1c, 0x38, 0x30, 0x12,
  0x6b, 0xe2, 0x30, 0x12, 0x66, 0xe3, 0x30, 0x12, 0x78, 0xe2, 0xb1, 0x13,
  0x88, 0x3e, 0x31, 0x50, 0x06, 0x00, 0x59, 0x42, 0x9a, 0x24, 0x5a, 0x42,
  0x9b, 0x24, 0xb0, 0x13, 0x56, 0x69, 0x30, 0x12, 0x28, 0x00, 0x09, 0x12,
  0x0a, 0x12, 0x0f, 0x12, 0x05, 0x12, 0x30, 0x12, 0x38, 0xee, 0xb1, 0x13,
  0x88, 0x3e, 0x31, 0x50, 0x0c, 0x00, 0x0f, 0x45, 0x8f, 0x10, 0xcb, 0x4f,
  0x04, 0x00, 0xcb, 0x45, 0x05, 0x00, 0x80, 0x01, 0x72, 0x11, 0x0f, 0x47,
  0x3f, 0x50, 0xd8, 0xff, 0x8f, 0x10, 0xcb, 0x4f, 0x04, 0x00, 0x4e, 0x47,
  0x7e, 0x50, 0xd8, 0xff, 0xcb, 0x4e, 0x05, 0x00, 0x80, 0x01, 0x72, 0x11,
  0x30, 0x12, 0x6b, 0xe2, 0x30, 0x12, 0xbf, 0xe3, 0x30, 0x12, 0x78, 0xe2,
  0xb1, 0x13, 0x88, 0x3e, 0x31, 0x50, 0x06, 0x00, 0x3f, 0x40, 0x71, 0xee,
  0x80, 0x01, 0x0a, 0x01, 0x7f, 0x90, 0x41, 0x00, 0x26, 0x20, 0xa2, 0x92,
  0x66, 0x11, 0x0e, 0x38, 0x30, 0x12, 0x6b, 0xe2, 0x30, 0x12, 0x66, 0xe3,
  0x30, 0x12, 0x78, 0xe2, 0xb1, 0x13, 0x88, 0x3e, 0x31, 0x50, 0x06, 0x00,
  0x3f, 0x40, 0x99, 0xee, 0xb1, 0x13, 0xc4, 0x47, 0x5a, 0x42, 0x9b, 0x24,
  0x4e, 0x4a, 0x5e, 0x53, 0x4e, 0x4e, 0x3d, 0x40, 0x28, 0x00, 0x1e, 0x52,
  0x96, 0x1b, 0x0f, 0x4b, 0xb1, 0x13, 0x4c, 0x48, 0x7a, 0x50, 0x29, 0x00,
  0xc2, 0x4a, 0x9b, 0x24, 0xf2, 0x50, 0x28, 0x00, 0x9a, 0x24, 0x80, 0x01,
  0x72, 0x11, 0x92, 0x93, 0x66, 0x11, 0x02, 0x34, 0x80, 0x01, 0x82, 0x11,
  0x30, 0x12, 0x6b, 0xe2, 0x30, 0x12, 0xbf, 0xe3, 0x30, 0x12, 0x78, 0xe2,
  0xb1, 0x13, 0x88, 0x3e, 0x31, 0x50, 0x06, 0x00, 0x5f, 0x42, 0x9b, 0x24,
  0x1f, 0x52, 0x96, 0x1b, 0x6f, 0x4f, 0x3f, 0xf0, 0xe0, 0x00, 0x0f, 0x12,
  0x30, 0x12, 0xb6, 0xee, 0x80, 0x01, 0x50, 0x02, 0xb0, 0x13, 0x56, 0x69,
  0x5e, 0x42, 0x9b, 0x24, 0x0f, 0x9e, 0x13, 0x2c, 0x92, 0x93, 0x66, 0x11,
  0x02, 0x34, 0x80, 0x01, 0x82, 0x11, 0x30, 0x12, 0x6b, 0xe2, 0x30, 0x12,
  0xbf, 0xe3, 0x30, 0x12, 0x78, 0xe2, 0xb1, 0x13, 0x88, 0x3e, 0x31, 0x50,
  0x06, 0x00, 0x3f, 0x40, 0xf1, 0xee, 0x80, 0x01, 0x0a, 0x01, 0xb0, 0x13,
  0x56, 0x69, 0x5e, 0x42, 0x9b, 0x24, 0x0f, 0x8e, 0x82, 0x4f, 0x9e, 0x1b,
  0x4a, 0x93, 0x20, 0x24, 0xb2, 0x90, 0x03, 0x00, 0x66, 0x11, 0x1c, 0x38,
  0x30, 0x12, 0x6b, 0xe2, 0x30, 0x12, 0x00, 0xe4, 0x30, 0x12, 0x78, 0xe2,
  0xb1, 0x13, 0x88, 0x3e, 0x31, 0x50, 0x06, 0x00, 0x54, 0x42, 0x9b, 0x24,
  0xb0, 0x13, 0x56, 0x69, 0x04, 0x12, 0x0f, 0x12, 0x4f, 0x49, 0x5f, 0x0a,
  0x0f, 0x12, 0x12, 0x12, 0x9e, 0x1b, 0x08, 0x12, 0x30, 0x12, 0x24, 0xef,
  0xb1, 0x13, 0x88, 0x3e, 0x31, 0x50, 0x0c, 0x00, 0x54, 0x42, 0x9a, 0x24,
  0x4f, 0x44, 0x49, 0x49, 0x59, 0x0a, 0x18, 0x42, 0x9e, 0x1b, 0x0d, 0x48,
  0x0d, 0x5f, 0x0e, 0x4d, 0x0e, 0x59, 0x81, 0x4e, 0x02, 0x00, 0x3e, 0x90,
  0x8d, 0x00, 0x21, 0x28, 0x92, 0x93, 0x66, 0x11, 0xb5, 0x38, 0x30, 0x12,
  0x6b, 0xe2, 0x30, 0x12, 0xbf, 0xe3, 0x30, 0x12, 0x78, 0xe2, 0xb1, 0x13,
  0x88, 0x3e, 0x31, 0x50, 0x06, 0x00, 0x30, 0x12, 0x8c, 0x00, 0x11, 0x12,
  0x06, 0x00, 0x12, 0x12, 0x9e, 0x1b, 0x09, 0x12, 0x5f, 0x42, 0x9a, 0x24,
  0x0f, 0x12, 0x4f, 0x46, 0x8f, 0x11, 0x0f, 0x12, 0x30, 0x12, 0x5e, 0xef,
  0xb1, 0x13, 0x88, 0x3e, 0x31, 0x50, 0x0e, 0x00, 0x97, 0x3c, 0x0b, 0x93,
  0x1e, 0x24, 0x81, 0x9d, 0x08, 0x00, 0x13, 0x2c, 0x92, 0x93, 0x66, 0x11,
  0x02, 0x34, 0x80, 0x01, 0x82, 0x11, 0x30, 0x12, 0x6b, 0xe2, 0x30, 0x12,
  0xbf, 0xe3, 0x30, 0x12, 0x78, 0xe2, 0xb1, 0x13, 0x88, 0x3e, 0x31, 0x50,
  0x06, 0x00, 0x3f, 0x40, 0xcb, 0xef, 0x80, 0x01, 0x0a, 0x01, 0x5e, 0x42,
  0x9b, 0x24, 0x0d, 0x48, 0x1e, 0x52, 0x96, 0x1b, 0x0f, 0x5b, 0xb1, 0x13,
  0x4c, 0x48, 0x07, 0x93, 0x94, 0x24, 0xc1, 0x93, 0x07, 0x00, 0x11, 0x24,
  0x4d, 0x46, 0x8d, 0x11, 0x4e, 0x44, 0x0e, 0x58, 0x0f, 0x4d, 0x5f, 0x06,
  0x5d, 0x0e, 0x0d, 0x8f, 0x0f, 0x4d, 0x5f, 0x0e, 0x0f, 0x8d, 0x3f, 0x50,
  0xa4, 0x1b, 0x8f, 0x4e, 0x14, 0x00, 0x8f, 0x4e, 0x1e, 0x00, 0x45, 0x93,
  0x02, 0x20, 0x80, 0x01, 0x7e, 0x11, 0x45, 0x46, 0x85, 0x11, 0x0e, 0x45,
  0x5e, 0x06, 0x0f, 0x45, 0x5f, 0x0e, 0x0f, 0x8e, 0x0e, 0x4f, 0x5e, 0x0e,
  0x0e, 0x8f, 0x0f, 0x4e, 0x3f, 0x50, 0xa4, 0x1b, 0x8f, 0x47, 0x14, 0x00,
  0x19, 0x4f, 0x12, 0x00, 0x1b, 0x4f, 0x1e, 0x00, 0x09, 0x9b, 0x03, 0x28,
  0x39, 0x90, 0x8d, 0x00, 0x10, 0x28, 0xa2, 0x93, 0x66, 0x11, 0x42, 0x38,
  0x30, 0x12, 0x6b, 0xe2, 0x30, 0x12, 0x73, 0xe2, 0x30, 0x12, 0x78, 0xe2,
  0xb1, 0x13, 0x88, 0x3e, 0x31, 0x50, 0x06, 0x00, 0x3f, 0x40, 0xfa, 0xef,
  0x33, 0x3c, 0x3e, 0x50, 0x20, 0x00, 0x0d, 0x4b, 0x3e, 0x50, 0xa4, 0x1b,
  0x3f, 0x40, 0xbe, 0x27, 0xb1, 0x13, 0x4c, 0x48, 0x0d, 0x49, 0x0d, 0x8b,
  0x0e, 0x43, 0x0f, 0x4b, 0x3f, 0x50, 0xbe, 0x27, 0xb1, 0x13, 0x1c, 0x4a,
  0x39, 0x40, 0x0c, 0x1d, 0x0b, 0x43, 0x5d, 0x49, 0x02, 0x00, 0x4d, 0x93,
  0x2e, 0x24, 0x6f, 0x49, 0x0f, 0x95, 0x2b, 0x20, 0x4d, 0x4d, 0x5f, 0x49,
  0x01, 0x00, 0x5f, 0x0a, 0x0e, 0x4f, 0x0e, 0x5d, 0x3e, 0x90, 0x8d, 0x00,
  0x15, 0x28, 0xa2, 0x93, 0x66, 0x11, 0x0e, 0x38, 0x30, 0x12, 0x6b, 0xe2,
  0x30, 0x12, 0x73, 0xe2, 0x30, 0x12, 0x78, 0xe2, 0xb1, 0x13, 0x88, 0x3e,
  0x31, 0x50, 0x06, 0x00, 0x3f, 0x40, 0x21, 0xf0, 0xb1, 0x13, 0xc4, 0x47,
  0x4f, 0x46, 0xb0, 0x13, 0xf2, 0xab, 0x84, 0x3c, 0x0c, 0x4b, 0x5c, 0x0a,
  0x0e, 0x4c, 0x5e, 0x0a, 0x0e, 0x8c, 0x0e, 0x5b, 0x5e, 0x02, 0x3e, 0x50,
  0x0f, 0x1d, 0x3f, 0x50, 0xbe, 0x27, 0xb1, 0x13, 0x4c, 0x48, 0x1b, 0x53,
  0x39, 0x50, 0x72, 0x00, 0x3b, 0x90, 0x0c, 0x00, 0xc8, 0x23, 0x4f, 0x46,
  0xb0, 0x13, 0xf2, 0xab, 0x4a, 0x93, 0x08, 0x24, 0x82, 0x47, 0xb2, 0x27,
  0x09, 0x3c, 0x4a, 0x93, 0x03, 0x24, 0x45, 0x93, 0xf9, 0x23, 0x64, 0x3c,
  0x44, 0x44, 0x08, 0x54, 0x82, 0x48, 0xb2, 0x27, 0xb2, 0x90, 0x03, 0x00,
  0x66, 0x11, 0x11, 0x38, 0x30, 0x12, 0x6b, 0xe2, 0x30, 0x12, 0x00, 0xe4,
  0x30, 0x12, 0x78, 0xe2, 0xb1, 0x13, 0x88, 0x3e, 0x31, 0x50, 0x06, 0x00,
  0x12, 0x12, 0xb2, 0x27, 0x30, 0x12, 0x40, 0xf0, 0xb1, 0x13, 0x88, 0x3e,
  0x21, 0x52, 0xa2, 0x92, 0x66, 0x11, 0x2e, 0x38, 0x30, 0x12, 0x6b, 0xe2,
  0x30, 0x12, 0x66, 0xe3, 0x30, 0x12, 0x78, 0xe2, 0xb1, 0x13, 0x88, 0x3e,
  0x31, 0x50, 0x06, 0x00, 0x5f, 0x42, 0xc3, 0x27, 0x0f, 0x12, 0x30, 0x12,
  0x69, 0xf0, 0xb1, 0x13, 0x88, 0x3e, 0x21, 0x52, 0x0b, 0x43, 0x0d, 0x3c,
  0x5f, 0x4b, 0xbe, 0x27, 0xa2, 0x92, 0x66, 0x11, 0x07, 0x38, 0x4f, 0x4f,
  0x0f, 0x12, 0x30, 0x12, 0x84, 0xe4, 0xb1, 0x13, 0x88, 0x3e, 0x21, 0x52,
  0x1b, 0x53, 0x5f, 0x42, 0xc3, 0x27, 0x3f, 0x50, 0x28, 0x00, 0x0b, 0x9f,
  0xed, 0x2b, 0xa2, 0x92, 0x66, 0x11, 0x04, 0x38, 0x3f, 0x40, 0x0a, 0x00,
  0xb1, 0x13, 0x8a, 0x11, 0x82, 0x93, 0x8a, 0x1b, 0x06, 0x24, 0xb0, 0x13,
  0x58, 0xac, 0x1f, 0x42, 0x8a, 0x1b, 0x5f, 0x13, 0x02, 0x00, 0xb0, 0x13,
  0xb4, 0xc1, 0x0e, 0x3c, 0x92, 0x93, 0x66, 0x11, 0x02, 0x38, 0x80, 0x01,
  0xba, 0x0d, 0x08, 0x3c, 0x5a, 0x41, 0x07, 0x00, 0x45, 0x43, 0x49, 0x43,
  0x80, 0x01, 0x5e, 0x0e, 0x4a, 0x93, 0x9c, 0x27, 0x31, 0x50, 0x0e, 0x00,
  0x74, 0x16, 0x10, 0x01, 0x0b, 0x14, 0x0b, 0x4f, 0x4f, 0x4f, 0xb1, 0x13,
  0xa8, 0x11, 0x0f, 0x4b, 0x0b, 0x16, 0x10, 0x01, 0x5f, 0x42, 0x65, 0x00,
  0x5e, 0x42, 0x9e, 0x24, 0x5f, 0xf3, 0x4f, 0xde, 0x10, 0x01, 0x0b, 0x14,
  0x4b, 0x4f, 0xb1, 0x13, 0x62, 0x3d, 0xd2, 0xb3, 0x65, 0x00, 0xfd, 0x23,
  0xc2, 0x4b, 0x67, 0x00, 0x0b, 0x16, 0x10, 0x01, 0x21, 0x82, 0x81, 0x4e,
  0x00, 0x00, 0x81, 0x4f, 0x02, 0x00, 0xd2, 0xd3, 0x61, 0x00, 0xf2, 0xd0,
  0x80, 0xff, 0x61, 0x00, 0xe2, 0x41, 0x62, 0x00, 0xd2, 0x41, 0x01, 0x00,
  0x63, 0x00, 0xf2, 0x40, 0x06, 0x00, 0x64, 0x00, 0xf2, 0xf0, 0xdf, 0xff,
  0x1a, 0x00, 0xf2, 0xd0, 0x10, 0x00, 0x1a, 0x00, 0xf2, 0xd0, 0x30, 0x00,
  0x1b, 0x00, 0xc2, 0x43, 0x9e, 0x24, 0xd2, 0xc3, 0x03, 0x00, 0xe2, 0xc3,
  0x03, 0x00, 0xd2, 0xc3, 0x61, 0x00, 0xd2, 0xd3, 0x01, 0x00, 0x21, 0x52,
  0x10, 0x01, 0x0b, 0x14, 0x0b, 0x4f, 0x0f, 0x93, 0x08, 0x24, 0x80, 0x13,
  0xd8, 0xc9, 0x0e, 0x4b, 0x3f, 0x40, 0xfa, 0x11, 0xb0, 0x13, 0x12, 0x68,
  0x01, 0x3c, 0x0f, 0x43, 0x0b, 0x16, 0x10, 0x01, 0xb0, 0x13, 0xf8, 0x5f,
  0x8e, 0x01, 0x0c, 0x12, 0x3f, 0x40, 0xfa, 0x11, 0xb0, 0x13, 0x02, 0x66,
  0x10, 0x01, 0x3b, 0x14, 0x08, 0x4f, 0x09, 0x4e, 0x4a, 0x4c, 0x1c, 0x41,
  0x16, 0x00, 0x1d, 0x41, 0x14, 0x00, 0x3f, 0x40, 0xfa, 0x11, 0xb0, 0x13,
  0x60, 0x67, 0x0b, 0x4f, 0x0f, 0x93, 0x40, 0x24, 0x3d, 0x40, 0x10, 0x00,
  0x0e, 0x48, 0xb1, 0x13, 0x4c, 0x48, 0xcb, 0x4a, 0x11, 0x00, 0xb2, 0x90,
  0x03, 0x00, 0x68, 0x11, 0x0f, 0x38, 0x30, 0x12, 0x62, 0xf3, 0x30, 0x12,
  0x6b, 0xf3, 0x30, 0x12, 0x70, 0xf3, 0xb1, 0x13, 0x88, 0x3e, 0x31, 0x50,
  0x06, 0x00, 0x30, 0x12, 0x7f, 0xf3, 0xb1, 0x13, 0x88, 0x3e, 0x21, 0x53,
  0xb2, 0x90, 0x03, 0x00, 0x68, 0x11, 0x03, 0x38, 0x0f, 0x48, 0xb0, 0x13,
  0xe8, 0x60, 0xb2, 0x90, 0x03, 0x00, 0x68, 0x11, 0x05, 0x38, 0x30, 0x12,
  0x9d, 0xf3, 0xb1, 0x13, 0x88, 0x3e, 0x21, 0x53, 0xb2, 0x90, 0x03, 0x00,
  0x68, 0x11, 0x03, 0x38, 0x0f, 0x49, 0xb0, 0x13, 0x1a, 0x61, 0xb2, 0x90,
  0x03, 0x00, 0x68, 0x11, 0x07, 0x38, 0x4a, 0x4a, 0x0a, 0x12, 0x30, 0x12,
  0xa9, 0xf3, 0xb1, 0x13, 0x88, 0x3e, 0x21, 0x52, 0x0f, 0x4b, 0x80, 0x13,
  0xd8, 0xc9, 0x36, 0x3c, 0xb2, 0x90, 0x03, 0x00, 0x68, 0x11, 0x0f, 0x38,
  0x30, 0x12, 0x62, 0xf3, 0x30, 0x12, 0x6b, 0xf3, 0x30, 0x12, 0x70, 0xf3,
  0xb1, 0x13, 0x88, 0x3e, 0x31, 0x50, 0x06, 0x00, 0x30, 0x12, 0xb4, 0xf3,
  0xb1, 0x13, 0x88, 0x3e, 0x21, 0x53, 0xb2, 0x90, 0x03, 0x00, 0x68, 0x11,
  0x03, 0x38, 0x0f, 0x48, 0xb0, 0x13, 0xe8, 0x60, 0xb2, 0x90, 0x03, 0x00,
  0x68, 0x11, 0x06, 0x38, 0x09, 0x12, 0x30, 0x12, 0xc6, 0xf3, 0xb1, 0x13,
  0x88, 0x3e, 0x21, 0x52, 0xb2, 0x90, 0x03, 0x00, 0x68, 0x11, 0x03, 0x38,
  0x0f, 0x49, 0xb0, 0x13, 0x1a, 0x61, 0xb2, 0x90, 0x03, 0x00, 0x68, 0x11,
  0x07, 0x38, 0x4a, 0x4a, 0x0a, 0x12, 0x30, 0x12, 0xa9, 0xf3, 0xb1, 0x13,
  0x88, 0x3e, 0x21, 0x52, 0x0f, 0x4b, 0x38, 0x16, 0x10, 0x01, 0x0e, 0x4f,
  0x3f, 0x40, 0xfa, 0x11, 0xb0, 0x13, 0x5c, 0x68, 0x10, 0x01, 0x0e, 0x4f,
  0x3f, 0x40, 0xfa, 0x11, 0xb0, 0x13, 0x3e, 0x66, 0x10, 0x01, 0x1b, 0x14,
  0x0a, 0x4f, 0x0f, 0x93, 0x02, 0x20, 0x0b, 0x43, 0x12, 0x3c, 0xb0, 0x13,
  0x64, 0xc8, 0x0b, 0x3c, 0x3d, 0x40, 0x10, 0x00, 0x0e, 0x4a, 0x0f, 0x4b,
  0xb1, 0x13, 0x20, 0x48, 0x0f, 0x93, 0x07, 0x24, 0x0f, 0x4b, 0xb1, 0x13,
  0x58, 0x13, 0x0b, 0x4f, 0x0f, 0x93, 0xf2, 0x23, 0xec, 0x3f, 0x0f, 0x4b,
  0x1a, 0x16, 0x10, 0x01, 0x0e, 0x4f, 0x3f, 0x40, 0xfa, 0x11, 0xb0, 0x13,
  0xc0, 0x66, 0x10, 0x01, 0x2b, 0x14, 0x31, 0x50, 0xee, 0xff, 0x0a, 0x4f,
  0x0b, 0x4e, 0x0f, 0x93, 0x02, 0x24, 0x0e, 0x93, 0x17, 0x20, 0x92, 0x93,
  0x68, 0x11, 0x01, 0x34, 0x11, 0x3c, 0x30, 0x12, 0x62, 0xf3, 0x30, 0x12,
  0xd7, 0xf3, 0x30, 0x12, 0x70, 0xf3, 0xb1, 0x13, 0x88, 0x3e, 0x31, 0x50,
  0x06, 0x00, 0x30, 0x12, 0x74, 0xf4, 0x30, 0x12, 0xdb, 0xf3, 0xb1, 0x13,
  0x88, 0x3e, 0x21, 0x52, 0x3f, 0x43, 0x6e, 0x3c, 0x0f, 0x4e, 0xb1, 0x13,
  0x9a, 0x13, 0x0f, 0x93, 0x22, 0x24, 0x92, 0x93, 0x68, 0x11, 0x11, 0x38,
  0x30, 0x12, 0x62, 0xf3, 0x30, 0x12, 0xd7, 0xf3, 0x30, 0x12, 0x70, 0xf3,
  0xb1, 0x13, 0x88, 0x3e, 0x31, 0x50, 0x06, 0x00, 0x30, 0x12, 0x74, 0xf4,
  0x30, 0x12, 0xf1, 0xf3, 0xb1, 0x13, 0x88, 0x3e, 0x21, 0x52, 0x92, 0x93,
  0x68, 0x11, 0x03, 0x38, 0x0f, 0x4b, 0xb0, 0x13, 0x1a, 0x61, 0x92, 0x93,
  0x68, 0x11, 0xdc, 0x3b, 0x3f, 0x40, 0x03, 0xf4, 0xb1, 0x13, 0xc4, 0x47,
  0xd7, 0x3f, 0x29, 0x4a, 0x3d, 0x40, 0x12, 0x00, 0x0e, 0x49, 0x0f, 0x41,
  0xb1, 0x13, 0x4c, 0x48, 0x0f, 0x49, 0xb1, 0x13, 0x0c, 0x12, 0x0f, 0x93,
  0x12, 0x20, 0x92, 0x93, 0x68, 0x11, 0xc8, 0x3b, 0x30, 0x12, 0x62, 0xf3,
  0x30, 0x12, 0xd7, 0xf3, 0x30, 0x12, 0x70, 0xf3, 0xb1, 0x13, 0x88, 0x3e,
  0x31, 0x50, 0x06, 0x00, 0x30, 0x12, 0x74, 0xf4, 0x30, 0x12, 0x24, 0xf4,
  0xb6, 0x3f, 0x03, 0x12, 0x30, 0x12, 0x05, 0x00, 0x5c, 0x41, 0x15, 0x00,
  0x5d, 0x41, 0x14, 0x00, 0x0e, 0x4b, 0x0f, 0x41, 0x2f, 0x52, 0xb1, 0x13,
  0x3c, 0x12, 0x21, 0x52, 0x8a, 0x4f, 0x00, 0x00, 0x0f, 0x93, 0x12, 0x20,
  0x92, 0x93, 0x68, 0x11, 0xa5, 0x3b, 0x30, 0x12, 0x62, 0xf3, 0x30, 0x12,
  0xd7, 0xf3, 0x30, 0x12, 0x70, 0xf3, 0xb1, 0x13, 0x88, 0x3e, 0x31, 0x50,
  0x06, 0x00, 0x30, 0x12, 0x74, 0xf4, 0x30, 0x12, 0x45, 0xf4, 0x93, 0x3f,
  0x3d, 0x40, 0x12, 0x00, 0x0e, 0x41, 0xb1, 0x13, 0x4c, 0x48, 0x0f, 0x43,
  0x31, 0x50, 0x12, 0x00, 0x29, 0x16, 0x10, 0x01, 0xb1, 0x13, 0x9a, 0x13,
  0x10, 0x01, 0xb1, 0x13, 0x64, 0x13, 0x0f, 0x93, 0x03, 0x24, 0xb1, 0x13,
  0x4c, 0x13, 0x10, 0x01, 0x0f, 0x43, 0x10, 0x01, 0x10, 0x01, 0x3f, 0x40,
  0x04, 0x12, 0xb0, 0x13, 0x84, 0x62, 0x3f, 0x40, 0x12, 0x23, 0xb0, 0x13,
  0x40, 0x60, 0x10, 0x01, 0x0f, 0x43, 0x10, 0x01, 0x0f, 0x43, 0x10, 0x01,
  0x10, 0x01, 0x0b, 0x14, 0x0b, 0x4f, 0x3f, 0x40, 0x12, 0x23, 0xb0, 0x13,
  0x46, 0x60, 0x21, 0x3c, 0x0f, 0x9b, 0x1d, 0x20, 0xb2, 0x90, 0x03, 0x00,
  0x68, 0x11, 0x0e, 0x38, 0x30, 0x12, 0x8a, 0xf4, 0x30, 0x12, 0x95, 0xf4,
  0x30, 0x12, 0x9a, 0xf4, 0xb1, 0x13, 0x88, 0x3e, 0x31, 0x50, 0x06, 0x00,
  0x3f, 0x40, 0xa9, 0xf4, 0xb1, 0x13, 0xc4, 0x47, 0x0e, 0x4b, 0x3f, 0x40,
  0x12, 0x23, 0xb0, 0x13, 0x5c, 0x60, 0x0e, 0x4b, 0x3f, 0x40, 0x04, 0x12,
  0xb0, 0x13, 0xf8, 0x62, 0x04, 0x3c, 0xb0, 0x13, 0xdc, 0x60, 0x0f, 0x93,
  0xdd, 0x23, 0x0b, 0x16, 0x10, 0x01, 0x1b, 0x14, 0x0a, 0x4f, 0x0f, 0x93,
  0x02, 0x20, 0x0b, 0x43, 0x15, 0x3c, 0x3f, 0x40, 0x12, 0x23, 0xb0, 0x13,
  0x46, 0x60, 0x0c, 0x3c, 0x3d, 0x40, 0x10, 0x00, 0x0e, 0x4a, 0x0f, 0x4b,
  0x2f, 0x53, 0xb1, 0x13, 0x20, 0x48, 0x0f, 0x93, 0x07, 0x24, 0x0f, 0x4b,
  0xb0, 0x13, 0xdc, 0x60, 0x0b, 0x4f, 0x0f, 0x93, 0xf1, 0x23, 0xe9, 0x3f,
  0x0f, 0x4b, 0x1a, 0x16, 0x10, 0x01, 0x3b, 0x14, 0x0a, 0x4f, 0x08, 0x4d,
  0x09, 0x4e, 0x0f, 0x93, 0x02, 0x20, 0x0b, 0x43, 0x7d, 0x3c, 0xb1, 0x13,
  0x58, 0x15, 0x0b, 0x4f, 0x0f, 0x93, 0x4f, 0x20, 0x3f, 0x40, 0x04, 0x12,
  0xb0, 0x13, 0xba, 0x62, 0x0b, 0x4f, 0x0f, 0x93, 0x20, 0x20, 0x92, 0x93,
  0x68, 0x11, 0x0f, 0x38, 0x30, 0x12, 0x8a, 0xf4, 0x30, 0x12, 0xba, 0xf4,
  0x30, 0x12, 0x9a, 0xf4, 0xb1, 0x13, 0x88, 0x3e, 0x31, 0x50, 0x06, 0x00,
  0x30, 0x12, 0xbe, 0xf4, 0xb1, 0x13, 0x88, 0x3e, 0x21, 0x53, 0x92, 0x93,
  0x68, 0x11, 0x03, 0x38, 0x0f, 0x4a, 0xb0, 0x13, 0xe8, 0x60, 0x92, 0x93,
  0x68, 0x11, 0xd7, 0x3b, 0x3f, 0x40, 0xeb, 0xf4, 0xb1, 0x13, 0xc4, 0x47,
  0x51, 0x3c, 0xb2, 0x90, 0x03, 0x00, 0x68, 0x11, 0x0f, 0x38, 0x30, 0x12,
  0x8a, 0xf4, 0x30, 0x12, 0x95, 0xf4, 0x30, 0x12, 0x9a, 0xf4, 0xb1, 0x13,
  0x88, 0x3e, 0x31, 0x50, 0x06, 0x00, 0x30, 0x12, 0xfb, 0xf4, 0xb1, 0x13,
  0x88, 0x3e, 0x21, 0x53, 0xb2, 0x90, 0x03, 0x00, 0x68, 0x11, 0x03, 0x38,
  0x0f, 0x4a, 0xb0, 0x13, 0xe8, 0x60, 0xb2, 0x90, 0x03, 0x00, 0x68, 0x11,
  0x04, 0x38, 0x3f, 0x40, 0x0a, 0x00, 0xb1, 0x13, 0x8a, 0x11, 0x0e, 0x4b,
  0x3f, 0x40, 0x12, 0x23, 0xb0, 0x13, 0x90, 0x60, 0x12, 0x3c, 0xb2, 0x90,
  0x03, 0x00, 0x68, 0x11, 0x0e, 0x38, 0x30, 0x12, 0x8a, 0xf4, 0x30, 0x12,
  0x95, 0xf4, 0x30, 0x12, 0x9a, 0xf4, 0xb1, 0x13, 0x88, 0x3e, 0x31, 0x50,
  0x06, 0x00, 0x3f, 0x40, 0x21, 0xf5, 0xb1, 0x13, 0xc4, 0x47, 0x3d, 0x40,
  0x10, 0x00, 0x0e, 0x4a, 0x0f, 0x4b, 0x2f, 0x53, 0xb1, 0x13, 0x4c, 0x48,
  0x08, 0x93, 0x02, 0x20, 0x09, 0x93, 0x0a, 0x24, 0x0d, 0x48, 0x0e, 0x49,
  0x0f, 0x4b, 0x3f, 0x50, 0x12, 0x00, 0xb0, 0x13, 0x46, 0xc1, 0xcb, 0x43,
  0x1a, 0x00, 0x02, 0x3c, 0xdb, 0x43, 0x1a, 0x00, 0x0f, 0x4b, 0x38, 0x16,
  0x10, 0x01, 0x1b, 0x14, 0x3f, 0x40, 0x12, 0x23, 0xb0, 0x13, 0x46, 0x60,
  0x0a, 0x4f, 0x0b, 0x43, 0x76, 0x3c, 0xb2, 0x90, 0x03, 0x00, 0x68, 0x11,
  0x0f, 0x38, 0x30, 0x12, 0x8a, 0xf4, 0x30, 0x12, 0x95, 0xf4, 0x30, 0x12,
  0x9a, 0xf4, 0xb1, 0x13, 0x88, 0x3e, 0x31, 0x50, 0x06, 0x00, 0x30, 0x12,
  0x34, 0xf5, 0xb1, 0x13, 0x88, 0x3e, 0x21, 0x53, 0xb2, 0x90, 0x03, 0x00,
  0x68, 0x11, 0x04, 0x38, 0x0f, 0x4a, 0x2f, 0x53, 0xb0, 0x13, 0xe8, 0x60,
  0xb2, 0x90, 0x03, 0x00, 0x68, 0x11, 0x04, 0x38, 0x3f, 0x40, 0x0a, 0x00,
  0xb1, 0x13, 0x8a, 0x11, 0x0b, 0x4a, 0x2b, 0x53, 0x0f, 0x4b, 0xb1, 0x13,
  0x64, 0x13, 0x0f, 0x93, 0x26, 0x24, 0xcf, 0x93, 0x11, 0x00, 0x23, 0x24,
  0xb2, 0x90, 0x03, 0x00, 0x68, 0x11, 0x0f, 0x38, 0x30, 0x12, 0x8a, 0xf4,
  0x30, 0x12, 0x95, 0xf4, 0x30, 0x12, 0x9a, 0xf4, 0xb1, 0x13, 0x88, 0x3e,
  0x31, 0x50, 0x06, 0x00, 0x30, 0x12, 0x4f, 0xf5, 0xb1, 0x13, 0x88, 0x3e,
  0x21, 0x53, 0xb2, 0x90, 0x03, 0x00, 0x68, 0x11, 0x03, 0x38, 0x0f, 0x4b,
  0xb0, 0x13, 0xe8, 0x60, 0xb2, 0x90, 0x03, 0x00, 0x68, 0x11, 0x2d, 0x38,
  0x3f, 0x40, 0x0a, 0x00, 0xb1, 0x13, 0x8a, 0x11, 0x28, 0x3c, 0xb2, 0x90,
  0x03, 0x00, 0x68, 0x11, 0x0f, 0x38, 0x30, 0x12, 0x8a, 0xf4, 0x30, 0x12,
  0x95, 0xf4, 0x30, 0x12, 0x9a, 0xf4, 0xb1, 0x13, 0x88, 0x3e, 0x31, 0x50,
  0x06, 0x00, 0x30, 0x12, 0x70, 0xf5, 0xb1, 0x13, 0x88, 0x3e, 0x21, 0x53,
  0xb2, 0x90, 0x03, 0x00, 0x68, 0x11, 0x03, 0x38, 0x0f, 0x4b, 0xb0, 0x13,
  0xe8, 0x60, 0xb2, 0x90, 0x03, 0x00, 0x68, 0x11, 0x04, 0x38, 0x3f, 0x40,
  0x0a, 0x00, 0xb1, 0x13, 0x8a, 0x11, 0x0f, 0x4a, 0xb0, 0x13, 0xdc, 0x60,
  0x0a, 0x4f, 0x0a, 0x93, 0x88, 0x23, 0x0f, 0x4b, 0x1a, 0x16, 0x10, 0x01,
  0x0b, 0x14, 0x1f, 0x3c, 0xcb, 0x93, 0x1a, 0x00, 0x21, 0x20, 0x0f, 0x4b,
  0x3f, 0x50, 0x12, 0x00, 0xb0, 0x13, 0x62, 0xc1, 0x0f, 0x93, 0x1a, 0x24,
  0xb2, 0x90, 0x03, 0x00, 0x68, 0x11, 0x0e, 0x38, 0x30, 0x12, 0x8a, 0xf4,
  0x30, 0x12, 0x95, 0xf4, 0x30, 0x12, 0x9a, 0xf4, 0xb1, 0x13, 0x88, 0x3e,
  0x31, 0x50, 0x06, 0x00, 0x3f, 0x40, 0x9c, 0xf5, 0xb1, 0x13, 0xc4, 0x47,
  0x0f, 0x4b, 0xb1, 0x13, 0x00, 0x15, 0x3f, 0x40, 0x12, 0x23, 0xb0, 0x13,
  0x46, 0x60, 0x03, 0x3c, 0x0f, 0x4b, 0xb0, 0x13, 0xdc, 0x60, 0x0b, 0x4f,
  0x0f, 0x93, 0xd6, 0x23, 0x0b, 0x16, 0x10, 0x01, 0x3f, 0x40, 0x4c, 0x23,
  0x10, 0x01, 0x5b, 0x14, 0x0b, 0x4f, 0x07, 0x4d, 0x06, 0x4c, 0x1a, 0x41,
  0x1e, 0x00, 0x0f, 0x93, 0x2e, 0x24, 0x0c, 0x93, 0x2c, 0x24, 0x0a, 0x93,
  0x2a, 0x24, 0x8a, 0x43, 0x00, 0x00, 0x4e, 0x4e, 0x02, 0x12, 0x32, 0xc2,
  0x03, 0x43, 0x82, 0x4e, 0x32, 0x01, 0x82, 0x4d, 0x38, 0x01, 0x19, 0x42,
  0x3a, 0x01, 0x32, 0x41, 0x09, 0x5f, 0x58, 0x41, 0x1c, 0x00, 0x58, 0x0b,
  0x11, 0x3c, 0xcb, 0x93, 0x00, 0x00, 0x0b, 0x24, 0x0d, 0x48, 0x0e, 0x46,
  0x0f, 0x4b, 0x2f, 0x53, 0xb1, 0x13, 0x20, 0x48, 0x0f, 0x93, 0x05, 0x20,
  0x8a, 0x4b, 0x00, 0x00, 0x0b, 0x3c, 0x8a, 0x4b, 0x00, 0x00, 0x0b, 0x57,
  0x0b, 0x99, 0xed, 0x2b, 0x8a, 0x93, 0x00, 0x00, 0x02, 0x24, 0x5f, 0x43,
  0x01, 0x3c, 0x6f, 0x43, 0x56, 0x16, 0x10, 0x01, 0x7b, 0x14, 0x21, 0x83,
  0x05, 0x4f, 0x47, 0x4e, 0xc1, 0x4d, 0x00, 0x00, 0x46, 0x4c, 0x1a, 0x41,
  0x26, 0x00, 0x1b, 0x41, 0x28, 0x00, 0x18, 0x41, 0x2a, 0x00, 0x19, 0x41,
  0x2c, 0x00, 0x30, 0x12, 0x6e, 0x23, 0x4e, 0x12, 0x0c, 0x4f, 0x3d, 0x40,
  0x1e, 0x00, 0x7e, 0x40, 0x03, 0x00, 0x3f, 0x40, 0x4c, 0x27, 0xb1, 0x13,
  0x0c, 0x18, 0x21, 0x52, 0x5f, 0x93, 0x4a, 0x20, 0x1f, 0x42, 0x6e, 0x23,
  0xdf, 0x43, 0x00, 0x00, 0x14, 0x42, 0x6e, 0x23, 0x3d, 0x40, 0x10, 0x00,
  0x0e, 0x45, 0x0f, 0x44, 0x2f, 0x53, 0xb1, 0x13, 0x4c, 0x48, 0xc4, 0x47,
  0x12, 0x00, 0xe4, 0x41, 0x13, 0x00, 0xc4, 0x46, 0x1c, 0x00, 0x84, 0x4a,
  0x14, 0x00, 0x84, 0x4b, 0x16, 0x00, 0x84, 0x48, 0x18, 0x00, 0x84, 0x49,
  0x1a, 0x00, 0xb2, 0x90, 0x03, 0x00, 0x68, 0x11, 0x0f, 0x38, 0x30, 0x12,
  0xcb, 0xf5, 0x30, 0x12, 0xd3, 0xf5, 0x30, 0x12, 0xd8, 0xf5, 0xb1, 0x13,
  0x88, 0x3e, 0x31, 0x50, 0x06, 0x00, 0x30, 0x12, 0xe7, 0xf5, 0xb1, 0x13,
  0x88, 0x3e, 0x21, 0x53, 0xb2, 0x90, 0x03, 0x00, 0x68, 0x11, 0x05, 0x38,
  0x1f, 0x42, 0x6e, 0x23, 0x2f, 0x53, 0xb0, 0x13, 0xe8, 0x60, 0xb2, 0x90,
  0x03, 0x00, 0x68, 0x11, 0x0c, 0x38, 0x19, 0x15, 0x1b, 0x15, 0x46, 0x46,
  0x06, 0x12, 0x47, 0x47, 0x07, 0x12, 0x30, 0x12, 0xf6, 0xf5, 0xb1, 0x13,
  0x88, 0x3e, 0x31, 0x50, 0x0e, 0x00, 0x1f, 0x42, 0x6e, 0x23, 0x13, 0x3c,
  0xb2, 0x90, 0x03, 0x00, 0x68, 0x11, 0x0e, 0x38, 0x30, 0x12, 0xcb, 0xf5,
  0x30, 0x12, 0xd3, 0xf5, 0x30, 0x12, 0xd8, 0xf5, 0xb1, 0x13, 0x88, 0x3e,
  0x31, 0x50, 0x06, 0x00, 0x3f, 0x40, 0x37, 0xf6, 0xb1, 0x13, 0xc4, 0x47,
  0x0f, 0x43, 0x21, 0x53, 0x74, 0x16, 0x10, 0x01, 0x1b, 0x14, 0x0a, 0x4f,
  0xb2, 0x40, 0x4c, 0x27, 0x6e, 0x23, 0x11, 0x3c, 0xcb, 0x93, 0x00, 0x00,
  0x0a, 0x24, 0x5d, 0x4b, 0x12, 0x00, 0x5d, 0x0b, 0x0e, 0x4a, 0x0f, 0x4b,
  0x2f, 0x53, 0xb1, 0x13, 0x20, 0x48, 0x0f, 0x93, 0x0b, 0x24, 0x3b, 0x50,
  0x1e, 0x00, 0x82, 0x4b, 0x6e, 0x23, 0x1b, 0x42, 0x6e, 0x23, 0x3b, 0x90,
  0xa6, 0x27, 0xea, 0x2b, 0x4f, 0x43, 0x01, 0x3c, 0x5f, 0x43, 0x1a, 0x16,
  0x10, 0x01, 0x30, 0x12, 0x6c, 0x23, 0x70, 0x12, 0x80, 0xff, 0x0c, 0x4f,
  0x3d, 0x40, 0x1e, 0x00, 0x7e, 0x40, 0x03, 0x00, 0x3f, 0x40, 0x4e, 0x26,
  0xb1, 0x13, 0x0c, 0x18, 0x21, 0x52, 0x4f, 0x93, 0x03, 0x20, 0x1f, 0x42,
  0x6c, 0x23, 0x10, 0x01, 0x0f, 0x43, 0x10, 0x01, 0x4d, 0x4f, 0xb2, 0x40,
  0x4e, 0x26, 0x6c, 0x23, 0x13, 0x3c, 0xcf, 0x93, 0x00, 0x00, 0x0c, 0x24,
  0x7d, 0x93, 0x06, 0x24, 0x5c, 0x4f, 0x12, 0x00, 0x4e, 0x4d, 0x8e, 0x11,
  0x0c, 0x9e, 0x04, 0x20, 0xbf, 0x90, 0xfe, 0x80, 0x02, 0x00, 0x0a, 0x24,
  0x3f, 0x50, 0x1e, 0x00, 0x82, 0x4f, 0x6c, 0x23, 0x1f, 0x42, 0x6c, 0x23,
  0x3f, 0x90, 0xa8, 0x26, 0xe8, 0x2b, 0x0f, 0x43, 0x10, 0x01, 0x1b, 0x14,
  0x0a, 0x4f, 0x30, 0x12, 0x70, 0x23, 0x70, 0x12, 0x80, 0xff, 0x0c, 0x4f,
  0x3d, 0x40, 0x12, 0x00, 0x7e, 0x40, 0x07, 0x00, 0x3f, 0x40, 0xcc, 0x26,
  0xb1, 0x13, 0x0c, 0x18, 0x21, 0x52, 0x5f, 0x93, 0x0e, 0x20, 0x1f, 0x42,
  0x70, 0x23, 0xdf, 0x43, 0x00, 0x00, 0x1b, 0x42, 0x70, 0x23, 0x3d, 0x40,
  0x10, 0x00, 0x0e, 0x4a, 0x0f, 0x4b, 0x2f, 0x53, 0xb1, 0x13, 0x4c, 0x48,
  0x01, 0x3c, 0x0b, 0x43, 0x0f, 0x4b, 0x1a, 0x16, 0x10, 0x01, 0x4b, 0x14,
  0x0a, 0x4f, 0x08, 0x4d, 0x09, 0x4e, 0x47, 0x4c, 0x30, 0x12, 0x6c, 0x23,
  0x70, 0x12, 0x80, 0xff, 0x0c, 0x4f, 0x3d, 0x40, 0x1e, 0x00, 0x7e, 0x40,
  0x03, 0x00, 0x3f, 0x40, 0x4e, 0x26, 0xb1, 0x13, 0x0c, 0x18, 0x21, 0x52,
  0x5f, 0x93, 0x42, 0x20, 0x1f, 0x42, 0x6c, 0x23, 0xdf, 0x43, 0x00, 0x00,
  0x1b, 0x42, 0x6c, 0x23, 0x3d, 0x40, 0x10, 0x00, 0x0e, 0x4a, 0x0f, 0x4b,
  0x2f, 0x53, 0xb1, 0x13, 0x4c, 0x48, 0xcb, 0x47, 0x13, 0x00, 0x08, 0x93,
  0x05, 0x20, 0x09, 0x93, 0x03, 0x20, 0xdb, 0x43, 0x14, 0x00, 0x09, 0x3c,
  0xcb, 0x43, 0x14, 0x00, 0x0d, 0x48, 0x0e, 0x49, 0x0f, 0x4b, 0x3f, 0x50,
  0x16, 0x00, 0xb0, 0x13, 0x46, 0xc1, 0x1f, 0x42, 0x6c, 0x23, 0xdf, 0x43,
  0x12, 0x00, 0xf2, 0x43, 0x5c, 0x23, 0xe2, 0x43, 0x5d, 0x23, 0x82, 0x43,
  0x5e, 0x23, 0x82, 0x43, 0x60, 0x23, 0x82, 0x43, 0x62, 0x23, 0x82, 0x43,
  0x64, 0x23, 0xc2, 0x43, 0x66, 0x23, 0xd2, 0x43, 0x67, 0x23, 0xf2, 0x43,
  0x68, 0x23, 0xd2, 0x4a, 0x0d, 0x00, 0x69, 0x23, 0x92, 0x4a, 0x0e, 0x00,
  0x6a, 0x23, 0x3f, 0x40, 0x5c, 0x23, 0xb1, 0x13, 0x24, 0x1a, 0x1f, 0x42,
  0x6c, 0x23, 0x01, 0x3c, 0x0f, 0x43, 0x47, 0x16, 0x10, 0x01, 0x0f, 0x93,
  0x02, 0x24, 0xcf, 0x43, 0x00, 0x00, 0x10, 0x01, 0x30, 0x12, 0x70, 0x23,
  0x70, 0x12, 0x80, 0xff, 0x0c, 0x4f, 0x3d, 0x40, 0x12, 0x00, 0x7e, 0x40,
  0x07, 0x00, 0x3f, 0x40, 0xcc, 0x26, 0xb1, 0x13, 0x0c, 0x18, 0x21, 0x52,
  0x4f, 0x93, 0x03, 0x20, 0x1f, 0x42, 0x70, 0x23, 0x10, 0x01, 0x0f, 0x43,
  0x10, 0x01, 0x0b, 0x14, 0x0b, 0x4f, 0x0f, 0x93, 0x24, 0x24, 0xf2, 0x43,
  0x5c, 0x23, 0xe2, 0x43, 0x5d, 0x23, 0x82, 0x43, 0x5e, 0x23, 0x82, 0x43,
  0x60, 0x23, 0x82, 0x43, 0x62, 0x23, 0x82, 0x43, 0x64, 0x23, 0xc2, 0x43,
  0x66, 0x23, 0xd2, 0x43, 0x67, 0x23, 0xf2, 0x43, 0x68, 0x23, 0xd2, 0x4f,
  0x0f, 0x00, 0x69, 0x23, 0x92, 0x4f, 0x10, 0x00, 0x6a, 0x23, 0x3f, 0x40,
  0x5c, 0x23, 0xb1, 0x13, 0x2a, 0x1b, 0x82, 0x4f, 0x70, 0x23, 0x0f, 0x93,
  0x02, 0x24, 0xb1, 0x13, 0x20, 0x1b, 0xcb, 0x43, 0x00, 0x00, 0x0b, 0x16,
  0x10, 0x01, 0xb2, 0x40, 0x4e, 0x26, 0x6c, 0x23, 0x13, 0x3c, 0xcf, 0x93,
  0x00, 0x00, 0x0d, 0x24, 0xcf, 0x93, 0x14, 0x00, 0x0a, 0x20, 0x3f, 0x50,
  0x16, 0x00, 0xb0, 0x13, 0x62, 0xc1, 0x0f, 0x93, 0x04, 0x24, 0x1f, 0x42,
  0x6c, 0x23, 0xb1, 0x13, 0x54, 0x1b, 0xb2, 0x50, 0x1e, 0x00, 0x6c, 0x23,
  0x1f, 0x42, 0x6c, 0x23, 0x3f, 0x90, 0xa8, 0x26, 0xe8, 0x2b, 0xb1, 0x13,
  0xaa, 0x17, 0x3f, 0x40, 0xa6, 0x27, 0xb0, 0x13, 0xbe, 0x52, 0x10, 0x01,
  0x0b, 0x14, 0x0b, 0x4f, 0x3d, 0x42, 0x3f, 0x52, 0xb1, 0x13, 0x4c, 0x48,
  0xeb, 0xe3, 0x08, 0x00, 0x0b, 0x16, 0x10, 0x01, 0x0b, 0x14, 0x0b, 0x4f,
  0x3d, 0x42, 0x3e, 0x52, 0xb1, 0x13, 0x4c, 0x48, 0xeb, 0xe3, 0x00, 0x00,
  0x0b, 0x16, 0x10, 0x01, 0x2b, 0x14, 0x09, 0x4f, 0x0d, 0x43, 0x4f, 0x43,
  0x0c, 0x49, 0x0c, 0x5d, 0x6a, 0x4c, 0x0c, 0x4e, 0x0c, 0x5d, 0x6b, 0x4c,
  0x4c, 0x4f, 0x7c, 0x52, 0x4a, 0x9b, 0x06, 0x20, 0x4f, 0x4c, 0x1d, 0x53,
  0x7c, 0x90, 0x80, 0xff, 0xf1, 0x23, 0x08, 0x3c, 0x4e, 0x4a, 0x4e, 0xeb,
  0x4e, 0x93, 0x04, 0x38, 0x5f, 0x53, 0x4e, 0x5e, 0x4f, 0x9c, 0xfa, 0x23,
  0x29, 0x16, 0x10, 0x01, 0x4b, 0x14, 0x0b, 0x4f, 0x08, 0x4e, 0xbe, 0x90,
  0xfe, 0x80, 0x00, 0x00, 0x26, 0x24, 0xfe, 0x93, 0x00, 0x00, 0x23, 0x24,
  0xb2, 0x40, 0x4e, 0x26, 0x6c, 0x23, 0x09, 0x43, 0x47, 0x43, 0x17, 0x3c,
  0xca, 0x93, 0x00, 0x00, 0x10, 0x24, 0xda, 0x93, 0x12, 0x00, 0x0d, 0x20,
  0xba, 0x90, 0xfe, 0x80, 0x02, 0x00, 0x09, 0x24, 0x0e, 0x4a, 0x2e, 0x53,
  0x0f, 0x48, 0xb1, 0x13, 0x16, 0x1c, 0x4f, 0x97, 0x02, 0x28, 0x09, 0x4a,
  0x47, 0x4f, 0x3a, 0x50, 0x1e, 0x00, 0x82, 0x4a, 0x6c, 0x23, 0x1a, 0x42,
  0x6c, 0x23, 0x3a, 0x90, 0xa8, 0x26, 0xe4, 0x2b, 0x04, 0x3c, 0x5f, 0x43,
  0xb1, 0x13, 0xe6, 0x19, 0x09, 0x4f, 0x09, 0x93, 0x11, 0x20, 0x8b, 0x43,
  0x00, 0x00, 0x8b, 0x43, 0x02, 0x00, 0x8b, 0x43, 0x04, 0x00, 0x8b, 0x43,
  0x06, 0x00, 0x8b, 0x43, 0x08, 0x00, 0x8b, 0x43, 0x0a, 0x00, 0x8b, 0x43,
  0x0c, 0x00, 0x8b, 0x43, 0x0e, 0x00, 0x07, 0x3c, 0x3d, 0x40, 0x10, 0x00,
  0x0e, 0x49, 0x2e, 0x53, 0x0f, 0x4b, 0xb1, 0x13, 0x4c, 0x48, 0x47, 0x16,
  0x10, 0x01, 0x2b, 0x14, 0xb0, 0x13, 0xc8, 0x6f, 0x09, 0x4f, 0xb0, 0x13,
  0xc8, 0x6f, 0x1a, 0x42, 0x40, 0x26, 0x1b, 0x42, 0x42, 0x26, 0x4e, 0x49,
  0x8e, 0x10, 0x0c, 0x4a, 0x0d, 0x4b, 0x0e, 0x5f, 0x0f, 0x43, 0xb0, 0x13,
  0x2c, 0x34, 0x0c, 0x4a, 0x0d, 0x4b, 0x12, 0xc3, 0x0d, 0x10, 0x0c, 0x10,
  0x0e, 0x5c, 0x0f, 0x6d, 0x29, 0x16, 0x10, 0x01, 0x82, 0x93, 0x4c, 0x23,
  0x26, 0x20, 0x82, 0x93, 0x4e, 0x23, 0x23, 0x20, 0x82, 0x93, 0x50, 0x23,
  0x20, 0x20, 0x82, 0x93, 0x52, 0x23, 0x1d, 0x20, 0x82, 0x93, 0x54, 0x23,
  0x1a, 0x20, 0x82, 0x93, 0x56, 0x23, 0x17, 0x20, 0x82, 0x93, 0x58, 0x23,
  0x14, 0x20, 0x82, 0x93, 0x5a, 0x23, 0x11, 0x20, 0xb2, 0x40, 0xfd, 0x00,
  0x4c, 0x23, 0x82, 0x43, 0x4e, 0x23, 0x82, 0x43, 0x50, 0x23, 0x82, 0x43,
  0x52, 0x23, 0x82, 0x43, 0x54, 0x23, 0x82, 0x43, 0x56, 0x23, 0x82, 0x43,
  0x58, 0x23, 0x82, 0x43, 0x5a, 0x23, 0xb1, 0x13, 0x2a, 0x12, 0xb1, 0x13,
  0xe4, 0x14, 0xb2, 0x90, 0x03, 0x00, 0x68, 0x11, 0x10, 0x38, 0x30, 0x12,
  0xcb, 0xf5, 0x30, 0x12, 0xd3, 0xf5, 0x30, 0x12, 0xd8, 0xf5, 0xb1, 0x13,
  0x88, 0x3e, 0x31, 0x50, 0x06, 0x00, 0x32, 0x12, 0x30, 0x12, 0x54, 0xf6,
  0xb1, 0x13, 0x88, 0x3e, 0x21, 0x52, 0xb2, 0x90, 0x03, 0x00, 0x68, 0x11,
  0x10, 0x38, 0x30, 0x12, 0xcb, 0xf5, 0x30, 0x12, 0xd3, 0xf5, 0x30, 0x12,
  0xd8, 0xf5, 0xb1, 0x13, 0x88, 0x3e, 0x31, 0x50, 0x06, 0x00, 0x23, 0x12,
  0x30, 0x12, 0x68, 0xf6, 0xb1, 0x13, 0x88, 0x3e, 0x21, 0x52, 0xb2, 0x90,
  0x03, 0x00, 0x68, 0x11, 0x11, 0x38, 0x30, 0x12, 0xcb, 0xf5, 0x30, 0x12,
  0xd3, 0xf5, 0x30, 0x12, 0xd8, 0xf5, 0xb1, 0x13, 0x88, 0x3e, 0x31, 0x50,
  0x06, 0x00, 0x30, 0x12, 0x03, 0x00, 0x30, 0x12, 0x7c, 0xf6, 0xb1, 0x13,
  0x88, 0x3e, 0x21, 0x52, 0xb2, 0x90, 0x03, 0x00, 0x68, 0x11, 0x10, 0x38,
  0x30, 0x12, 0xcb, 0xf5, 0x30, 0x12, 0xd3, 0xf5, 0x30, 0x12, 0xd8, 0xf5,
  0xb1, 0x13, 0x88, 0x3e, 0x31, 0x50, 0x06, 0x00, 0x03, 0x12, 0x30, 0x12,
  0x89, 0xf6, 0xb1, 0x13, 0x88, 0x3e, 0x21, 0x52, 0xb2, 0x90, 0x03, 0x00,
  0x68, 0x11, 0x11, 0x38, 0x30, 0x12, 0xcb, 0xf5, 0x30, 0x12, 0xd3, 0xf5,
  0x30, 0x12, 0xd8, 0xf5, 0xb1, 0x13, 0x88, 0x3e, 0x31, 0x50, 0x06, 0x00,
  0x30, 0x12, 0x03, 0x00, 0x30, 0x12, 0x94, 0xf6, 0xb1, 0x13, 0x88, 0x3e,
  0x21, 0x52, 0xb2, 0x90, 0x03, 0x00, 0x68, 0x11, 0x11, 0x38, 0x30, 0x12,
  0xcb, 0xf5, 0x30, 0x12, 0xd3, 0xf5, 0x30, 0x12, 0xd8, 0xf5, 0xb1, 0x13,
  0x88, 0x3e, 0x31, 0x50, 0x06, 0x00, 0x30, 0x12, 0x07, 0x00, 0x30, 0x12,
  0xaa, 0xf6, 0xb1, 0x13, 0x88, 0x3e, 0x21, 0x52, 0xb2, 0x90, 0x03, 0x00,
  0x68, 0x11, 0x10, 0x38, 0x30, 0x12, 0xcb, 0xf5, 0x30, 0x12, 0xd3, 0xf5,
  0x30, 0x12, 0xd8, 0xf5, 0xb1, 0x13, 0x88, 0x3e, 0x31, 0x50, 0x06, 0x00,
  0x23, 0x12, 0x30, 0x12, 0xc2, 0xf6, 0xb1, 0x13, 0x88, 0x3e, 0x21, 0x52,
  0x3d, 0x40, 0x5a, 0x00, 0x0e, 0x43, 0x3f, 0x40, 0x4c, 0x27, 0xb1, 0x13,
  0x1c, 0x4a, 0x3d, 0x40, 0x10, 0x01, 0x0e, 0x43, 0x3f, 0x40, 0x3a, 0x26,
  0xb1, 0x13, 0x1c, 0x4a, 0xf2, 0x40, 0x1e, 0x00, 0x4b, 0x27, 0xf2, 0x40,
  0x14, 0x00, 0x4a, 0x27, 0xb2, 0x40, 0x00, 0x05, 0x3a, 0x26, 0x82, 0x43,
  0x3c, 0x26, 0xf2, 0x40, 0x40, 0x00, 0x3e, 0x26, 0xb2, 0x40, 0x60, 0xea,
  0x40, 0x26, 0x82, 0x43, 0x42, 0x26, 0xb1, 0x13, 0xec, 0x1c, 0x82, 0x4e,
  0x44, 0x26, 0x82, 0x4f, 0x46, 0x26, 0xb2, 0x40, 0xe8, 0x03, 0x48, 0x26,
  0x82, 0x43, 0x4a, 0x26, 0xc2, 0x43, 0x4c, 0x26, 0xb2, 0x40, 0xfe, 0x80,
  0x5c, 0x23, 0x82, 0x43, 0x5e, 0x23, 0x82, 0x43, 0x60, 0x23, 0x82, 0x43,
  0x62, 0x23, 0x03, 0x12, 0x03, 0x12, 0x03, 0x12, 0x03, 0x12, 0x4c, 0x43,
  0x4d, 0x43, 0x7e, 0x40, 0x40, 0x00, 0x3f, 0x40, 0x5c, 0x23, 0xb1, 0x13,
  0x7e, 0x18, 0x31, 0x52, 0x3e, 0x40, 0xb6, 0x27, 0x3f, 0x40, 0x5c, 0x23,
  0xb1, 0x13, 0xee, 0x1b, 0x5c, 0x43, 0x0d, 0x43, 0x0e, 0x43, 0x3f, 0x40,
  0x5c, 0x23, 0xb1, 0x13, 0x6c, 0x1a, 0xb2, 0x40, 0xff, 0x02, 0x5c, 0x23,
  0x82, 0x43, 0x5e, 0x23, 0x82, 0x43, 0x60, 0x23, 0x82, 0x43, 0x62, 0x23,
  0x82, 0x43, 0x64, 0x23, 0x82, 0x43, 0x66, 0x23, 0x82, 0x43, 0x68, 0x23,
  0xb2, 0x40, 0x00, 0x01, 0x6a, 0x23, 0x3f, 0x40, 0x5c, 0x23, 0xb1, 0x13,
  0x24, 0x1a, 0xb2, 0x40, 0xff, 0x02, 0x5c, 0x23, 0x82, 0x43, 0x5e, 0x23,
  0x82, 0x43, 0x60, 0x23, 0x82, 0x43, 0x62, 0x23, 0x82, 0x43, 0x64, 0x23,
  0x82, 0x43, 0x66, 0x23, 0x82, 0x43, 0x68, 0x23, 0xb2, 0x40, 0x00, 0x02,
  0x6a, 0x23, 0x3f, 0x40, 0x5c, 0x23, 0xb1, 0x13, 0x24, 0x1a, 0x3d, 0x40,
  0x00, 0x1e, 0x0e, 0x43, 0x3f, 0x40, 0xa6, 0x27, 0xb0, 0x13, 0xac, 0x52,
  0x10, 0x01, 0x2b, 0x14, 0x31, 0x50, 0xf0, 0xff, 0xb2, 0x90, 0x03, 0x00,
  0x68, 0x11, 0x0f, 0x38, 0x30, 0x12, 0xd8, 0xf6, 0x30, 0x12, 0xdf, 0xf6,
  0x30, 0x12, 0xe4, 0xf6, 0xb1, 0x13, 0x88, 0x3e, 0x31, 0x50, 0x06, 0x00,
  0x30, 0x12, 0xf3, 0xf6, 0xb1, 0x13, 0x88, 0x3e, 0x21, 0x53, 0xb2, 0x90,
  0x03, 0x00, 0x68, 0x11, 0x04, 0x38, 0x3f, 0x40, 0xc6, 0x27, 0xb0, 0x13,
  0xe8, 0x60, 0xb2, 0x90, 0x03, 0x00, 0x68, 0x11, 0x05, 0x38, 0x30, 0x12,
  0x0d, 0xf7, 0xb1, 0x13, 0x88, 0x3e, 0x21, 0x53, 0xb2, 0x90, 0x03, 0x00,
  0x68, 0x11, 0x04, 0x38, 0x3f, 0x40, 0xd6, 0x27, 0xb0, 0x13, 0xe8, 0x60,
  0xb2, 0x90, 0x03, 0x00, 0x68, 0x11, 0x04, 0x38, 0x3f, 0x40, 0x0a, 0x00,
  0xb1, 0x13, 0x8a, 0x11, 0x3d, 0x40, 0x10, 0x00, 0x3e, 0x40, 0xc6, 0x27,
  0x0f, 0x41, 0xb1, 0x13, 0x4c, 0x48, 0x59, 0x42, 0xc5, 0x27, 0xb1, 0x13,
  0x42, 0x30, 0x3f, 0x40, 0x84, 0x23, 0xb0, 0x13, 0x46, 0x60, 0x14, 0x3c,
  0x3a, 0x0b, 0x02, 0x00, 0xda, 0x03, 0x0d, 0x24, 0x1d, 0x42, 0x22, 0x24,
  0x3d, 0x50, 0x2c, 0x00, 0x1c, 0x42, 0xb2, 0x27, 0x3c, 0x50, 0xd4, 0xff,
  0x3d, 0x50, 0xbe, 0x27, 0x4e, 0x49, 0x0f, 0x41, 0x4a, 0x13, 0x0f, 0x4b,
  0xb0, 0x13, 0xdc, 0x60, 0x0b, 0x4f, 0x0f, 0x93, 0xe9, 0x23, 0xb1, 0x13,
  0x0e, 0x3c, 0x31, 0x50, 0x10, 0x00, 0x29, 0x16, 0x10, 0x01, 0x0b, 0x14,
  0xb2, 0x90, 0x03, 0x00, 0x68, 0x11, 0x0f, 0x38, 0x30, 0x12, 0xd8, 0xf6,
  0x30, 0x12, 0xdf, 0xf6, 0x30, 0x12, 0xe4, 0xf6, 0xb1, 0x13, 0x88, 0x3e,
  0x31, 0x50, 0x06, 0x00, 0x30, 0x12, 0x12, 0xf7, 0xb1, 0x13, 0x88, 0x3e,
  0x21, 0x53, 0xb2, 0x90, 0x03, 0x00, 0x68, 0x11, 0x04, 0x38, 0x3f, 0x40,
  0xc6, 0x27, 0xb0, 0x13, 0xe8, 0x60, 0xb2, 0x90, 0x03, 0x00, 0x68, 0x11,
  0x05, 0x38, 0x30, 0x12, 0x0d, 0xf7, 0xb1, 0x13, 0x88, 0x3e, 0x21, 0x53,
  0xb2, 0x90, 0x03, 0x00, 0x68, 0x11, 0x04, 0x38, 0x3f, 0x40, 0xd6, 0x27,
  0xb0, 0x13, 0xe8, 0x60, 0xb2, 0x90, 0x03, 0x00, 0x68, 0x11, 0x04, 0x38,
  0x3f, 0x40, 0x0a, 0x00, 0xb1, 0x13, 0x8a, 0x11, 0xd2, 0x42, 0x3e, 0x26,
  0xc5, 0x27, 0x3d, 0x40, 0x10, 0x00, 0x3e, 0x40, 0xc6, 0x27, 0xf2, 0x93,
  0xd6, 0x27, 0x0d, 0x20, 0x0f, 0x4e, 0x3f, 0x50, 0x10, 0x00, 0xb1, 0x13,
  0x4c, 0x48, 0x3e, 0x40, 0xd6, 0x27, 0x0f, 0x4e, 0x3f, 0x50, 0xf0, 0xff,
  0xb1, 0x13, 0x52, 0x1c, 0x15, 0x3c, 0x3f, 0x40, 0x74, 0x23, 0xb1, 0x13,
  0x4c, 0x48, 0x3d, 0x40, 0x10, 0x00, 0x3e, 0x40, 0xd6, 0x27, 0x0f, 0x4e,
  0x3f, 0x50, 0xf0, 0xff, 0xb1, 0x13, 0x4c, 0x48, 0x3d, 0x40, 0x10, 0x00,
  0x3e, 0x40, 0x74, 0x23, 0x3f, 0x40, 0xd6, 0x27, 0xb1, 0x13, 0x4c, 0x48,
  0xb1, 0x13, 0x42, 0x30, 0x1b, 0x42, 0x22, 0x24, 0x3b, 0x50, 0x28, 0x00,
  0x3b, 0x50, 0xbe, 0x27, 0xfb, 0x40, 0x81, 0xff, 0x00, 0x00, 0xcb, 0x43,
  0x01, 0x00, 0x8b, 0x43, 0x02, 0x00, 0xb1, 0x13, 0x0a, 0x30, 0x3f, 0xe3,
  0x8b, 0x4f, 0x02, 0x00, 0xb2, 0x90, 0x03, 0x00, 0x68, 0x11, 0x0f, 0x38,
  0x30, 0x12, 0xd8, 0xf6, 0x30, 0x12, 0xdf, 0xf6, 0x30, 0x12, 0xe4, 0xf6,
  0xb1, 0x13, 0x88, 0x3e, 0x31, 0x50, 0x06, 0x00, 0x30, 0x12, 0x2e, 0xf7,
  0xb1, 0x13, 0x88, 0x3e, 0x21, 0x53, 0xb2, 0x90, 0x03, 0x00, 0x68, 0x11,
  0x04, 0x38, 0x3f, 0x40, 0xd6, 0x27, 0xb0, 0x13, 0xe8, 0x60, 0xb2, 0x90,
  0x03, 0x00, 0x68, 0x11, 0x05, 0x38, 0x30, 0x12, 0x45, 0xf7, 0xb1, 0x13,
  0x88, 0x3e, 0x21, 0x53, 0xb2, 0x90, 0x03, 0x00, 0x68, 0x11, 0x04, 0x38,
  0x3f, 0x40, 0xc6, 0x27, 0xb0, 0x13, 0xe8, 0x60, 0xb2, 0x90, 0x03, 0x00,
  0x68, 0x11, 0x04, 0x38, 0x3f, 0x40, 0x0a, 0x00, 0xb1, 0x13, 0x8a, 0x11,
  0x0b, 0x16, 0x10, 0x01, 0x1b, 0x14, 0x4b, 0x4f, 0x4a, 0x4e, 0x3f, 0x40,
  0x72, 0x23, 0xb0, 0x13, 0x46, 0x60, 0x0b, 0x3c, 0xcf, 0x9b, 0x02, 0x00,
  0x06, 0x20, 0x5d, 0x4f, 0x03, 0x00, 0x4d, 0x9a, 0x0c, 0x24, 0x7d, 0x93,
  0x0a, 0x24, 0xb0, 0x13, 0xdc, 0x60, 0x0f, 0x93, 0xf3, 0x23, 0x03, 0x3c,
  0x4f, 0x13, 0x4f, 0x43, 0x07, 0x3c, 0x5f, 0x43, 0x05, 0x3c, 0x3f, 0x0f,
  0x04, 0x00, 0xdf, 0x03, 0xf7, 0x23, 0xf9, 0x3f, 0x1a, 0x16, 0x10, 0x01,
  0x0e, 0x4f, 0x3f, 0x40, 0x72, 0x23, 0xb0, 0x13, 0xa6, 0x60, 0x10, 0x01,
  0x4b, 0x14, 0x49, 0x4f, 0x48, 0x4e, 0x0a, 0x4c, 0x0b, 0x4d, 0xf2, 0x90,
  0x3a, 0x00, 0xa9, 0x24, 0x0a, 0x20, 0x1f, 0x42, 0x22, 0x24, 0x3f, 0x50,
  0x28, 0x00, 0xcf, 0x93, 0xbe, 0x27, 0x03, 0x38, 0xb1, 0x13, 0x0e, 0x3c,
  0xcd, 0x3c, 0x82, 0x93, 0xc6, 0x27, 0x15, 0x20, 0x82, 0x93, 0xc8, 0x27,
  0x12, 0x20, 0x82, 0x93, 0xca, 0x27, 0x0f, 0x20, 0x82, 0x93, 0xcc, 0x27,
  0x0c, 0x20, 0x82, 0x93, 0xce, 0x27, 0x09, 0x20, 0x82, 0x93, 0xd0, 0x27,
  0x06, 0x20, 0x82, 0x93, 0xd2, 0x27, 0x03, 0x20, 0x82, 0x93, 0xd4, 0x27,
  0xe5, 0x27, 0xf2, 0x93, 0xc6, 0x27, 0xe2, 0x27, 0x80, 0x13, 0xc0, 0xc9,
  0x4f, 0x93, 0x11, 0x20, 0xa2, 0x93, 0x68, 0x11, 0x0e, 0x38, 0x30, 0x12,
  0xd8, 0xf6, 0x30, 0x12, 0x4c, 0xf7, 0x30, 0x12, 0xe4, 0xf6, 0xb1, 0x13,
  0x88, 0x3e, 0x31, 0x50, 0x06, 0x00, 0x3f, 0x40, 0x51, 0xf7, 0xb1, 0x13,
  0xc4, 0x47, 0x3d, 0x40, 0x10, 0x00, 0x3e, 0x40, 0xd6, 0x27, 0x3f, 0x40,
  0x74, 0x23, 0xb1, 0x13, 0x4c, 0x48, 0x1d, 0x42, 0xb2, 0x27, 0x3d, 0x50,
  0x30, 0x00, 0x3d, 0x90, 0x01, 0x05, 0x02, 0x28, 0x3d, 0x40, 0x00, 0x05,
  0x82, 0x4d, 0xb2, 0x27, 0x82, 0x43, 0x22, 0x24, 0x3d, 0x50, 0xd0, 0xff,
  0x3e, 0x40, 0xbe, 0x27, 0x0f, 0x4e, 0x3f, 0x50, 0x30, 0x00, 0xb1, 0x13,
  0x34, 0x49, 0xf2, 0x40, 0x60, 0x00, 0xbe, 0x27, 0xc2, 0x43, 0xbf, 0x27,
  0x82, 0x43, 0xc0, 0x27, 0xf2, 0x40, 0x3a, 0x00, 0xc4, 0x27, 0xd2, 0x42,
  0x3e, 0x26, 0xc5, 0x27, 0x3d, 0x40, 0x10, 0x00, 0x3e, 0x40, 0xc6, 0x27,
  0x0f, 0x4e, 0x3f, 0x50, 0x10, 0x00, 0xb1, 0x13, 0x4c, 0x48, 0xf2, 0x93,
  0x74, 0x23, 0x04, 0x20, 0x69, 0x92, 0x94, 0x23, 0x68, 0x93, 0x92, 0x23,
  0x3e, 0x40, 0x74, 0x23, 0x3f, 0x40, 0xc6, 0x27, 0xb1, 0x13, 0x52, 0x1c,
  0x17, 0x42, 0x22, 0x24, 0x0d, 0x47, 0x3d, 0x50, 0x28, 0x00, 0x3d, 0x50,
  0xbe, 0x27, 0xcd, 0x49, 0x00, 0x00, 0xcd, 0x48, 0x01, 0x00, 0x0e, 0x4a,
  0x0f, 0x4b, 0xb1, 0x13, 0x84, 0x3a, 0x87, 0x4e, 0xea, 0x27, 0x87, 0x4f,
  0xec, 0x27, 0x1e, 0x42, 0xb2, 0x27, 0x3e, 0x50, 0xd8, 0xff, 0x3f, 0x40,
  0xbe, 0x27, 0xb1, 0x13, 0xdc, 0x3a, 0x1b, 0x42, 0x22, 0x24, 0x3b, 0x50,
  0x28, 0x00, 0x3b, 0x50, 0xbe, 0x27, 0x8b, 0x43, 0x02, 0x00, 0xb1, 0x13,
  0x0a, 0x30, 0x3f, 0xe3, 0x8b, 0x4f, 0x02, 0x00, 0xa2, 0x93, 0x68, 0x11,
  0x14, 0x38, 0x30, 0x12, 0xd8, 0xf6, 0x30, 0x12, 0x4c, 0xf7, 0x30, 0x12,
  0xe4, 0xf6, 0xb1, 0x13, 0x88, 0x3e, 0x31, 0x50, 0x06, 0x00, 0x48, 0x48,
  0x08, 0x12, 0x49, 0x49, 0x09, 0x12, 0x30, 0x12, 0x91, 0xf7, 0xb1, 0x13,
  0x88, 0x3e, 0x31, 0x50, 0x06, 0x00, 0xa2, 0x93, 0x68, 0x11, 0x04, 0x38,
  0x3f, 0x40, 0xd6, 0x27, 0xb0, 0x13, 0xe8, 0x60, 0xa2, 0x93, 0x68, 0x11,
  0x05, 0x38, 0x30, 0x12, 0x45, 0xf7, 0xb1, 0x13, 0x88, 0x3e, 0x21, 0x53,
  0xa2, 0x93, 0x68, 0x11, 0x04, 0x38, 0x3f, 0x40, 0xc6, 0x27, 0xb0, 0x13,
  0xe8, 0x60, 0xa2, 0x93, 0x68, 0x11, 0x04, 0x38, 0x3f, 0x40, 0x0a, 0x00,
  0xb1, 0x13, 0x8a, 0x11, 0x47, 0x16, 0x10, 0x01, 0x3b, 0x14, 0x0b, 0x4f,
  0x09, 0x4e, 0x08, 0x4d, 0x0a, 0x4c, 0xf2, 0x40, 0x60, 0x00, 0xbe, 0x27,
  0xc2, 0x43, 0xbf, 0x27, 0x82, 0x43, 0xc0, 0x27, 0xf2, 0x40, 0x3a, 0x00,
  0xc4, 0x27, 0xd2, 0x42, 0x3e, 0x26, 0xc5, 0x27, 0x0e, 0x4c, 0x2e, 0x52,
  0x3f, 0x40, 0xbe, 0x27, 0xb1, 0x13, 0xdc, 0x3a, 0x0b, 0x93, 0x12, 0x20,
  0x92, 0x93, 0x68, 0x11, 0x5c, 0x38, 0x30, 0x12, 0xd8, 0xf6, 0x30, 0x12,
  0xc2, 0xf7, 0x30, 0x12, 0xe4, 0xf6, 0xb1, 0x13, 0x88, 0x3e, 0x31, 0x50,
  0x06, 0x00, 0x3f, 0x40, 0xc6, 0xf7, 0xb1, 0x13, 0xc4, 0x47, 0x4d, 0x3c,
  0x3d, 0x40, 0x10, 0x00, 0x0e, 0x4b, 0x3f, 0x40, 0xd6, 0x27, 0xb1, 0x13,
  0x4c, 0x48, 0x3e, 0x40, 0xd6, 0x27, 0x0f, 0x4e, 0x3f, 0x50, 0xf0, 0xff,
  0xb1, 0x13, 0x52, 0x1c, 0x1b, 0x42, 0x22, 0x24, 0x3b, 0x50, 0x28, 0x00,
  0x3b, 0x50, 0xbe, 0x27, 0xcb, 0x49, 0x00, 0x00, 0xcb, 0x48, 0x01, 0x00,
  0x8b, 0x43, 0x02, 0x00, 0xb1, 0x13, 0x0a, 0x30, 0x3f, 0xe3, 0x8b, 0x4f,
  0x02, 0x00, 0x0f, 0x4a, 0x3f, 0x50, 0x2c, 0x00, 0x82, 0x4f, 0xb2, 0x27,
  0xb2, 0x90, 0x03, 0x00, 0x68, 0x11, 0x0f, 0x38, 0x30, 0x12, 0xd8, 0xf6,
  0x30, 0x12, 0xdf, 0xf6, 0x30, 0x12, 0xe4, 0xf6, 0xb1, 0x13, 0x88, 0x3e,
  0x31, 0x50, 0x06, 0x00, 0x30, 0x12, 0xe5, 0xf7, 0xb1, 0x13, 0x88, 0x3e,
  0x21, 0x53, 0xb2, 0x90, 0x03, 0x00, 0x68, 0x11, 0x04, 0x38, 0x3f, 0x40,
  0xd6, 0x27, 0xb0, 0x13, 0xe8, 0x60, 0xb2, 0x90, 0x03, 0x00, 0x68, 0x11,
  0x08, 0x38, 0x0a, 0x12, 0x08, 0x12, 0x09, 0x12, 0x30, 0x12, 0xff, 0xf7,
  0xb1, 0x13, 0x88, 0x3e, 0x31, 0x52, 0xb0, 0x13, 0xd2, 0xc1, 0x38, 0x16,
  0x10, 0x01, 0x3f, 0x40, 0x0c, 0x12, 0xb1, 0x13, 0x06, 0x22, 0x3f, 0x40,
  0x14, 0x12, 0xb1, 0x13, 0x06, 0x22, 0x10, 0x01, 0x1b, 0x14, 0x31, 0x82,
  0xb2, 0x90, 0x03, 0x00, 0x68, 0x11, 0x0f, 0x38, 0x30, 0x12, 0x1b, 0xf8,
  0x30, 0x12, 0x24, 0xf8, 0x30, 0x12, 0x29, 0xf8, 0xb1, 0x13, 0x88, 0x3e,
  0x31, 0x50, 0x06, 0x00, 0x30, 0x12, 0x38, 0xf8, 0xb1, 0x13, 0x88, 0x3e,
  0x21, 0x53, 0xb2, 0x90, 0x03, 0x00, 0x68, 0x11, 0x04, 0x38, 0x3f, 0x40,
  0xc6, 0x27, 0xb0, 0x13, 0xe8, 0x60, 0xb2, 0x90, 0x03, 0x00, 0x68, 0x11,
  0x05, 0x38, 0x30, 0x12, 0x4a, 0xf8, 0xb1, 0x13, 0x88, 0x3e, 0x21, 0x53,
  0xb2, 0x90, 0x03, 0x00, 0x68, 0x11, 0x04, 0x38, 0x3f, 0x40, 0xd6, 0x27,
  0xb0, 0x13, 0xe8, 0x60, 0xb2, 0x90, 0x03, 0x00, 0x68, 0x11, 0x05, 0x38,
  0x30, 0x12, 0x4f, 0xf8, 0xb1, 0x13, 0x88, 0x3e, 0x21, 0x53, 0xb2, 0x90,
  0x03, 0x00, 0x68, 0x11, 0x06, 0x38, 0x1f, 0x42, 0x22, 0x24, 0x3f, 0x50,
  0xee, 0x27, 0xb0, 0x13, 0xe8, 0x60, 0xb2, 0x90, 0x03, 0x00, 0x68, 0x11,
  0x04, 0x38, 0x3f, 0x40, 0x0a, 0x00, 0xb1, 0x13, 0x8a, 0x11, 0xf2, 0x93,
  0xc5, 0x27, 0x08, 0x20, 0x1f, 0x42, 0x22, 0x24, 0xff, 0x93, 0xee, 0x27,
  0x03, 0x24, 0xcf, 0x93, 0xe7, 0x27, 0x12, 0x24, 0x92, 0x93, 0x68, 0x11,
  0x02, 0x34, 0x80, 0x01, 0xf4, 0x28, 0x30, 0x12, 0x1b, 0xf8, 0x30, 0x12,
  0x65, 0xf8, 0x30, 0x12, 0x29, 0xf8, 0xb1, 0x13, 0x88, 0x3e, 0x31, 0x50,
  0x06, 0x00, 0x3f, 0x40, 0x69, 0xf8, 0x27, 0x3c, 0x82, 0x43, 0x86, 0x23,
  0xb2, 0x40, 0x14, 0x00, 0x88, 0x23, 0x9a, 0x3c, 0x0e, 0x4d, 0x3e, 0x50,
  0x2c, 0x00, 0x3e, 0x50, 0xbe, 0x27, 0xce, 0x93, 0x01, 0x00, 0x01, 0x20,
  0xdf, 0x3f, 0xde, 0x93, 0x00, 0x00, 0x71, 0x20, 0x3d, 0x50, 0x36, 0x00,
  0x0c, 0x9d, 0x15, 0x2c, 0x92, 0x93, 0x68, 0x11, 0x02, 0x34, 0x80, 0x01,
  0xf4, 0x28, 0x30, 0x12, 0x1b, 0xf8, 0x30, 0x12, 0x65, 0xf8, 0x30, 0x12,
  0x29, 0xf8, 0xb1, 0x13, 0x88, 0x3e, 0x31, 0x50, 0x06, 0x00, 0x3f, 0x40,
  0x7c, 0xf8, 0xb1, 0x13, 0xc4, 0x47, 0x80, 0x01, 0xf4, 0x28, 0x82, 0x4e,
  0x86, 0x23, 0x82, 0x93, 0xc6, 0x27, 0x16, 0x20, 0x82, 0x93, 0xc8, 0x27,
  0x13, 0x20, 0x82, 0x93, 0xca, 0x27, 0x10, 0x20, 0x82, 0x93, 0xcc, 0x27,
  0x0d, 0x20, 0x82, 0x93, 0xce, 0x27, 0x0a, 0x20, 0x82, 0x93, 0xd0, 0x27,
  0x07, 0x20, 0x82, 0x93, 0xd2, 0x27, 0x04, 0x20, 0x82, 0x93, 0xd4, 0x27,
  0x01, 0x20, 0xa8, 0x3f, 0x3d, 0x42, 0x2e, 0x53, 0x0f, 0x41, 0xb1, 0x13,
  0x4c, 0x48, 0x3f, 0x40, 0xc6, 0x27, 0xb1, 0x13, 0x64, 0x13, 0x82, 0x4f,
  0x8a, 0x23, 0x0f, 0x93, 0x0d, 0x20, 0x03, 0x12, 0x30, 0x12, 0x05, 0x00,
  0x6c, 0x43, 0x4d, 0x43, 0x0e, 0x41, 0x2e, 0x52, 0x3f, 0x40, 0xc6, 0x27,
  0xb1, 0x13, 0x3c, 0x12, 0x21, 0x52, 0x35, 0x3c, 0xb1, 0x13, 0x4c, 0x13,
  0x0f, 0x93, 0x02, 0x20, 0x80, 0x01, 0xf4, 0x28, 0x3d, 0x42, 0x0e, 0x4f,
  0x1f, 0x42, 0x86, 0x23, 0x2f, 0x53, 0xb1, 0x13, 0x20, 0x48, 0x0f, 0x93,
  0x0c, 0x24, 0x0e, 0x41, 0x3f, 0x40, 0x8a, 0x23, 0xb1, 0x13, 0xa6, 0x13,
  0x0f, 0x93, 0x02, 0x34, 0x80, 0x01, 0xf4, 0x28, 0x1f, 0x42, 0x8a, 0x23,
  0x05, 0x3c, 0x1f, 0x42, 0x8a, 0x23, 0xcf, 0x93, 0x11, 0x00, 0x15, 0x20,
  0xef, 0x43, 0x11, 0x00, 0x12, 0x3c, 0xa2, 0x93, 0x68, 0x11, 0x0f, 0x38,
  0x30, 0x12, 0x1b, 0xf8, 0x30, 0x12, 0xa2, 0xf8, 0x30, 0x12, 0x29, 0xf8,
  0xb1, 0x13, 0x88, 0x3e, 0x31, 0x50, 0x06, 0x00, 0x30, 0x12, 0xa7, 0xf8,
  0xb1, 0x13, 0x88, 0x3e, 0x21, 0x53, 0x1e, 0x42, 0x88, 0x23, 0x0f, 0x4e,
  0x1f, 0x52, 0x22, 0x24, 0x5f, 0x4f, 0xeb, 0x27, 0x5f, 0x0a, 0x0f, 0x5e,
  0x82, 0x4f, 0x88, 0x23, 0x1f, 0x42, 0x22, 0x24, 0x0d, 0x4f, 0x1d, 0x52,
  0x88, 0x23, 0x1c, 0x42, 0xb2, 0x27, 0x0e, 0x4d, 0x3e, 0x50, 0x2e, 0x00,
  0x0e, 0x9c, 0x5a, 0x2b, 0x3f, 0x50, 0xee, 0x27, 0xb1, 0x13, 0xbc, 0x19,
  0x82, 0x4f, 0x8c, 0x23, 0x0f, 0x93, 0x02, 0x20, 0x80, 0x01, 0xf4, 0x28,
  0x82, 0x93, 0xc6, 0x27, 0x15, 0x20, 0x82, 0x93, 0xc8, 0x27, 0x12, 0x20,
  0x82, 0x93, 0xca, 0x27, 0x0f, 0x20, 0x82, 0x93, 0xcc, 0x27, 0x0c, 0x20,
  0x82, 0x93, 0xce, 0x27, 0x09, 0x20, 0x82, 0x93, 0xd0, 0x27, 0x06, 0x20,
  0x82, 0x93, 0xd2, 0x27, 0x03, 0x20, 0x82, 0x93, 0xd4, 0x27, 0xd7, 0x24,
  0x3f, 0x40, 0xc6, 0x27, 0xb1, 0x13, 0xbc, 0x19, 0x0f, 0x93, 0x01, 0x24,
  0x19, 0x3f, 0xb2, 0x90, 0xff, 0x02, 0xd6, 0x27, 0x14, 0x20, 0x82, 0x93,
  0xd8, 0x27, 0x11, 0x20, 0x82, 0x93, 0xda, 0x27, 0x0e, 0x20, 0x82, 0x93,
  0xdc, 0x27, 0x0b, 0x20, 0x82, 0x93, 0xde, 0x27, 0x08, 0x20, 0xb2, 0x90,
  0x00, 0x01, 0xe0, 0x27, 0x04, 0x20, 0xf2, 0x93, 0xe2, 0x27, 0x01, 0x20,
  0x09, 0x3c, 0x3f, 0x40, 0xd6, 0x27, 0xb1, 0x13, 0xbc, 0x19, 0x82, 0x9f,
  0x8c, 0x23, 0x02, 0x24, 0x80, 0x01, 0x86, 0x25, 0x3d, 0x40, 0x10, 0x00,
  0x3e, 0x40, 0xc6, 0x27, 0x0f, 0x4e, 0x3f, 0x50, 0x10, 0x00, 0xb1, 0x13,
  0x4c, 0x48, 0x3d, 0x40, 0x10, 0x00, 0x1e, 0x42, 0x22, 0x24, 0x3e, 0x50,
  0xee, 0x27, 0x3f, 0x40, 0xc6, 0x27, 0xb1, 0x13, 0x4c, 0x48, 0xb1, 0x13,
  0x0e, 0x3c, 0xf2, 0x40, 0x60, 0x00, 0xbe, 0x27, 0xc2, 0x43, 0xbf, 0x27,
  0x82, 0x43, 0xc0, 0x27, 0x3e, 0x40, 0x28, 0x00, 0x3f, 0x40, 0xbe, 0x27,
  0xb1, 0x13, 0xdc, 0x3a, 0xf2, 0x40, 0x3a, 0x00, 0xc4, 0x27, 0xf2, 0x43,
  0xc5, 0x27, 0x1a, 0x42, 0x22, 0x24, 0x0b, 0x4a, 0x3b, 0x50, 0x28, 0x00,
  0x3b, 0x50, 0xbe, 0x27, 0xfb, 0x40, 0x88, 0xff, 0x00, 0x00, 0xcb, 0x43,
  0x01, 0x00, 0x0f, 0x4a, 0x3f, 0x50, 0x2c, 0x00, 0x3f, 0x50, 0xbe, 0x27,
  0xff, 0x40, 0xe0, 0xff, 0x00, 0x00, 0x3d, 0x40, 0x10, 0x00, 0x1e, 0x42,
  0x8c, 0x23, 0x2e, 0x53, 0x2f, 0x52, 0xb1, 0x13, 0x4c, 0x48, 0x0f, 0x4a,
  0x3f, 0x50, 0x40, 0x00, 0x0a, 0x4f, 0x3a, 0x50, 0xbe, 0x27, 0xef, 0x43,
  0xbe, 0x27, 0xea, 0x43, 0x01, 0x00, 0x3d, 0x42, 0x3e, 0x40, 0xb6, 0x27,
  0x0f, 0x4a, 0x2f, 0x53, 0xb1, 0x13, 0x4c, 0x48, 0x3d, 0x40, 0x06, 0x00,
  0x0e, 0x43, 0x0f, 0x4a, 0x3f, 0x50, 0x0a, 0x00, 0xb1, 0x13, 0x1c, 0x4a,
  0x8b, 0x43, 0x02, 0x00, 0xb1, 0x13, 0x0a, 0x30, 0x3f, 0xe3, 0x8b, 0x4f,
  0x02, 0x00, 0x3f, 0x40, 0x50, 0x00, 0xb1, 0x13, 0xca, 0x3a, 0xb2, 0x90,
  0x03, 0x00, 0x68, 0x11, 0x0f, 0x38, 0x30, 0x12, 0x1b, 0xf8, 0x30, 0x12,
  0x24, 0xf8, 0x30, 0x12, 0x29, 0xf8, 0xb1, 0x13, 0x88, 0x3e, 0x31, 0x50,
  0x06, 0x00, 0x30, 0x12, 0xc5, 0xf8, 0xb1, 0x13, 0x88, 0x3e, 0x21, 0x53,
  0xb2, 0x90, 0x03, 0x00, 0x68, 0x11, 0x04, 0x38, 0x3f, 0x40, 0xd6, 0x27,
  0xb0, 0x13, 0xe8, 0x60, 0xb2, 0x90, 0x03, 0x00, 0x68, 0x11, 0x05, 0x38,
  0x30, 0x12, 0xd4, 0xf8, 0xb1, 0x13, 0x88, 0x3e, 0x21, 0x53, 0xb2, 0x90,
  0x03, 0x00, 0x68, 0x11, 0x04, 0x38, 0x3f, 0x40, 0xc6, 0x27, 0xb0, 0x13,
  0xe8, 0x60, 0xb2, 0x90, 0x03, 0x00, 0x68, 0x11, 0x05, 0x38, 0x30, 0x12,
  0x4f, 0xf8, 0xb1, 0x13, 0x88, 0x3e, 0x21, 0x53, 0xb2, 0x90, 0x03, 0x00,
  0x68, 0x11, 0x06, 0x38, 0x1f, 0x42, 0x22, 0x24, 0x3f, 0x50, 0xee, 0x27,
  0xb0, 0x13, 0xe8, 0x60, 0xb2, 0x90, 0x03, 0x00, 0x68, 0x11, 0x07, 0x38,
  0x3f, 0x40, 0x0a, 0x00, 0xb1, 0x13, 0x8a, 0x11, 0x02, 0x3c, 0xb1, 0x13,
  0x0e, 0x3c, 0x31, 0x52, 0x1a, 0x16, 0x10, 0x01, 0x3f, 0x40, 0x1c, 0x12,
  0xb1, 0x13, 0x06, 0x22, 0x10, 0x01, 0x0b, 0x14, 0x31, 0x50, 0xf0, 0xff,
  0x0b, 0x4e, 0x0e, 0x4f, 0x0f, 0x41, 0x80, 0x13, 0xa8, 0xc9, 0x3d, 0x40,
  0x10, 0x00, 0x0e, 0x4b, 0x0f, 0x41, 0xb1, 0x13, 0x20, 0x48, 0x1e, 0x43,
  0x0f, 0x93, 0x01, 0x24, 0x0e, 0x43, 0x0f, 0x4e, 0x31, 0x50, 0x10, 0x00,
  0x0b, 0x16, 0x10, 0x01, 0x1f, 0x42, 0x8e, 0x23, 0x10, 0x01, 0x2b, 0x14,
  0x09, 0x4f, 0x0a, 0x4e, 0x3f, 0x40, 0x90, 0x23, 0xb0, 0x13, 0x46, 0x60,
  0x05, 0x3c, 0x0a, 0x93, 0x05, 0x20, 0x0f, 0x4b, 0xb0, 0x13, 0xdc, 0x60,
  0x0b, 0x4f, 0x0a, 0x3c, 0x19, 0x9b, 0x06, 0x00, 0xf8, 0x23, 0x0e, 0x4a,
  0x0f, 0x4b, 0xb1, 0x13, 0x08, 0x29, 0x0f, 0x93, 0x03, 0x20, 0xf1, 0x3f,
  0x0f, 0x93, 0xed, 0x23, 0x0f, 0x4b, 0x29, 0x16, 0x10, 0x01, 0x1b, 0x14,
  0x31, 0x50, 0xee, 0xff, 0x0a, 0x4f, 0x0f, 0x41, 0x81, 0x4e, 0x10, 0x00,
  0x80, 0x13, 0xa4, 0xc9, 0x1e, 0x41, 0x10, 0x00, 0x0f, 0x4a, 0xb1, 0x13,
  0x3c, 0x29, 0x0b, 0x4f, 0x0e, 0x41, 0x0f, 0x4a, 0xb1, 0x13, 0x3c, 0x29,
  0x3e, 0x40, 0x09, 0x00, 0x02, 0x3c, 0x1b, 0x4b, 0x10, 0x00, 0x0b, 0x93,
  0x04, 0x24, 0x0b, 0x9f, 0x04, 0x24, 0x3e, 0x53, 0xf8, 0x23, 0x0f, 0x43,
  0x01, 0x3c, 0x1f, 0x43, 0x31, 0x50, 0x12, 0x00, 0x1a, 0x16, 0x10, 0x01,
  0x2b, 0x14, 0x09, 0x4f, 0x0a, 0x4d, 0xb1, 0x13, 0x3c, 0x29, 0x0b, 0x4f,
  0x0f, 0x93, 0x1a, 0x24, 0x1f, 0x4f, 0x10, 0x00, 0x0f, 0x93, 0x16, 0x24,
  0x0a, 0x93, 0x14, 0x24, 0x19, 0x9f, 0x06, 0x00, 0x11, 0x20, 0x0e, 0x4a,
  0xb1, 0x13, 0x08, 0x29, 0x0f, 0x93, 0x0c, 0x24, 0x8b, 0x93, 0x04, 0x00,
  0x04, 0x20, 0xbb, 0x90, 0x3d, 0x00, 0x02, 0x00, 0x05, 0x28, 0xbb, 0x40,
  0x3c, 0x00, 0x02, 0x00, 0x8b, 0x43, 0x04, 0x00, 0x29, 0x16, 0x10, 0x01,
  0x6b, 0x14, 0x08, 0x4f, 0x0a, 0x4e, 0x07, 0x4d, 0x16, 0x41, 0x20, 0x00,
  0x15, 0x41, 0x22, 0x00, 0xb1, 0x13, 0x3c, 0x29, 0x0b, 0x4f, 0x0e, 0x47,
  0x0f, 0x48, 0xb1, 0x13, 0x3c, 0x29, 0x09, 0x4f, 0x07, 0x93, 0x21, 0x24,
  0x0f, 0x93, 0x1f, 0x20, 0x33, 0x12, 0x33, 0x12, 0x0d, 0x43, 0x0e, 0x47,
  0x0f, 0x48, 0xb1, 0x13, 0x0a, 0x2a, 0x21, 0x52, 0x09, 0x4f, 0x0f, 0x93,
  0x14, 0x20, 0x92, 0x93, 0x68, 0x11, 0x01, 0x34, 0x0e, 0x3c, 0x30, 0x12,
  0xdb, 0xf8, 0x30, 0x12, 0xe3, 0xf8, 0x30, 0x12, 0xe7, 0xf8, 0xb1, 0x13,
  0x88, 0x3e, 0x31, 0x50, 0x06, 0x00, 0x3f, 0x40, 0xf6, 0xf8, 0xb1, 0x13,
  0xc4, 0x47, 0x0b, 0x43, 0x8b, 0x3c, 0x0b, 0x93, 0x30, 0x20, 0x3f, 0x40,
  0x24, 0x12, 0xb0, 0x13, 0xba, 0x62, 0x0b, 0x4f, 0x0f, 0x93, 0x20, 0x20,
  0x92, 0x93, 0x68, 0x11, 0x0f, 0x38, 0x30, 0x12, 0xdb, 0xf8, 0x30, 0x12,
  0xe3, 0xf8, 0x30, 0x12, 0xe7, 0xf8, 0xb1, 0x13, 0x88, 0x3e, 0x31, 0x50,
  0x06, 0x00, 0x30, 0x12, 0x17, 0xf9, 0xb1, 0x13, 0x88, 0x3e, 0x21, 0x53,
  0x92, 0x93, 0x68, 0x11, 0x03, 0x38, 0x0f, 0x4a, 0xb0, 0x13, 0xe8, 0x60,
  0x92, 0x93, 0x68, 0x11, 0xda, 0x3b, 0x3f, 0x40, 0x0a, 0x00, 0xb1, 0x13,
  0x8a, 0x11, 0x62, 0x3c, 0x8f, 0x43, 0x10, 0x00, 0x0e, 0x4f, 0x3f, 0x40,
  0x90, 0x23, 0xb0, 0x13, 0xa6, 0x60, 0x92, 0x53, 0x8e, 0x23, 0x8b, 0x48,
  0x06, 0x00, 0x8b, 0x46, 0x02, 0x00, 0x8b, 0x45, 0x04, 0x00, 0x3d, 0x42,
  0x0e, 0x4a, 0x3e, 0x52, 0x0f, 0x4b, 0x3f, 0x52, 0xb1, 0x13, 0x4c, 0x48,
  0x0e, 0x4a, 0x0f, 0x48, 0xb1, 0x13, 0x78, 0x29, 0x0f, 0x93, 0x0d, 0x24,
  0x15, 0x4b, 0x10, 0x00, 0x8b, 0x49, 0x10, 0x00, 0x0e, 0x4a, 0x0f, 0x48,
  0xb1, 0x13, 0x78, 0x29, 0x0f, 0x93, 0x05, 0x20, 0x8b, 0x45, 0x10, 0x00,
  0x02, 0x3c, 0x8b, 0x49, 0x10, 0x00, 0xb2, 0x90, 0x03, 0x00, 0x68, 0x11,
  0x0f, 0x38, 0x30, 0x12, 0xdb, 0xf8, 0x30, 0x12, 0x34, 0xf9, 0x30, 0x12,
  0xe7, 0xf8, 0xb1, 0x13, 0x88, 0x3e, 0x31, 0x50, 0x06, 0x00, 0x30, 0x12,
  0x39, 0xf9, 0xb1, 0x13, 0x88, 0x3e, 0x21, 0x53, 0xb2, 0x90, 0x03, 0x00,
  0x68, 0x11, 0x03, 0x38, 0x0f, 0x4a, 0xb0, 0x13, 0xe8, 0x60, 0xb2, 0x90,
  0x03, 0x00, 0x68, 0x11, 0x05, 0x38, 0x30, 0x12, 0x53, 0xf9, 0xb1, 0x13,
  0x88, 0x3e, 0x21, 0x53, 0xb2, 0x90, 0x03, 0x00, 0x68, 0x11, 0x03, 0x38,
  0x0f, 0x47, 0xb0, 0x13, 0xe8, 0x60, 0xb2, 0x90, 0x03, 0x00, 0x68, 0x11,
  0x09, 0x38, 0x12, 0x12, 0x8e, 0x23, 0x06, 0x12, 0x30, 0x12, 0x5d, 0xf9,
  0xb1, 0x13, 0x88, 0x3e, 0x31, 0x50, 0x06, 0x00, 0x0f, 0x4b, 0x65, 0x16,
  0x10, 0x01, 0x82, 0x43, 0x8e, 0x23, 0x3f, 0x40, 0x24, 0x12, 0xb0, 0x13,
  0x84, 0x62, 0x3f, 0x40, 0x90, 0x23, 0xb0, 0x13, 0x40, 0x60, 0x10, 0x01,
  0x3f, 0x40, 0x90, 0x23, 0xb0, 0x13, 0x46, 0x60, 0x10, 0x01, 0xb0, 0x13,
  0xdc, 0x60, 0x10, 0x01, 0x5b, 0x14, 0x31, 0x50, 0xf0, 0xff, 0x07, 0x4f,
  0x3f, 0x40, 0x90, 0x23, 0xb0, 0x13, 0x46, 0x60, 0x09, 0x4f, 0x36, 0x40,
  0xa8, 0xc9, 0x5f, 0x3c, 0x0f, 0x49, 0xb0, 0x13, 0xdc, 0x60, 0x08, 0x4f,
  0x1c, 0x49, 0x02, 0x00, 0x1d, 0x49, 0x04, 0x00, 0x0c, 0x93, 0x41, 0x20,
  0x0d, 0x93, 0x3f, 0x20, 0x3f, 0x40, 0x90, 0x23, 0xb0, 0x13, 0x46, 0x60,
  0x05, 0x3c, 0x8f, 0x99, 0x10, 0x00, 0x4a, 0x24, 0xb0, 0x13, 0xdc, 0x60,
  0x0f, 0x93, 0xf9, 0x23, 0x49, 0x3c, 0x0e, 0x49, 0x0f, 0x41, 0x66, 0x13,
  0xb2, 0x90, 0x03, 0x00, 0x68, 0x11, 0x0f, 0x38, 0x30, 0x12, 0xdb, 0xf8,
  0x30, 0x12, 0x34, 0xf9, 0x30, 0x12, 0xe7, 0xf8, 0xb1, 0x13, 0x88, 0x3e,
  0x31, 0x50, 0x06, 0x00, 0x30, 0x12, 0x7a, 0xf9, 0xb1, 0x13, 0x88, 0x3e,
  0x21, 0x53, 0xb2, 0x90, 0x03, 0x00, 0x68, 0x11, 0x03, 0x38, 0x0f, 0x41,
  0xb0, 0x13, 0xe8, 0x60, 0xb2, 0x90, 0x03, 0x00, 0x68, 0x11, 0x04, 0x38,
  0x3f, 0x40, 0x0a, 0x00, 0xb1, 0x13, 0x8a, 0x11, 0x0e, 0x49, 0x3f, 0x40,
  0x90, 0x23, 0xb0, 0x13, 0x5c, 0x60, 0x0e, 0x49, 0x3f, 0x40, 0x24, 0x12,
  0xb0, 0x13, 0xf8, 0x62, 0xb2, 0x53, 0x8e, 0x23, 0x13, 0x3c, 0x3c, 0x93,
  0x02, 0x20, 0x3d, 0x93, 0x0f, 0x24, 0x0a, 0x47, 0x0b, 0x43, 0x0b, 0x9d,
  0x02, 0x28, 0x07, 0x9c, 0x03, 0x2c, 0x0c, 0x8a, 0x0d, 0x7b, 0x02, 0x3c,
  0x0c, 0x43, 0x0d, 0x43, 0x89, 0x4c, 0x02, 0x00, 0x89, 0x4d, 0x04, 0x00,
  0x09, 0x48, 0x09, 0x93, 0x9f, 0x23, 0x05, 0x3c, 0xb2, 0x90, 0x03, 0x00,
  0x68, 0x11, 0xd8, 0x3b, 0xb2, 0x3f, 0x31, 0x50, 0x10, 0x00, 0x56, 0x16,
  0x10, 0x01, 0x1b, 0x14, 0x3f, 0x40, 0x90, 0x23, 0xb0, 0x13, 0x46, 0x60,
  0x0b, 0x4f, 0x11, 0x3c, 0x0f, 0x4b, 0xb0, 0x13, 0xdc, 0x60, 0x0a, 0x4f,
  0x0e, 0x4b, 0x3f, 0x40, 0x90, 0x23, 0xb0, 0x13, 0x5c, 0x60, 0x0e, 0x4b,
  0x3f, 0x40, 0x24, 0x12, 0xb0, 0x13, 0xf8, 0x62, 0xb2, 0x53, 0x8e, 0x23,
  0x0b, 0x4a, 0x0b, 0x93, 0xed, 0x23, 0x1a, 0x16, 0x10, 0x01, 0x3b, 0x14,
  0x31, 0x50, 0xe0, 0xff, 0x09, 0x4f, 0x0a, 0x4e, 0x08, 0x4d, 0x2b, 0x00,
  0xa8, 0xc9, 0x0e, 0x4d, 0x0f, 0x41, 0x3f, 0x50, 0x10, 0x00, 0x4b, 0x13,
  0x1e, 0x48, 0x10, 0x00, 0x0f, 0x41, 0x4b, 0x13, 0x0d, 0x41, 0x3d, 0x50,
  0x10, 0x00, 0x0e, 0x4a, 0x0f, 0x49, 0xb1, 0x13, 0x3a, 0x3c, 0x0b, 0x4f,
  0x0f, 0x9a, 0x44, 0x34, 0x0e, 0x4a, 0x0e, 0x8f, 0x0f, 0x49, 0x0f, 0x5b,
  0x88, 0x93, 0x10, 0x00, 0x09, 0x20, 0x30, 0x12, 0x95, 0xf9, 0x0e, 0x12,
  0x0f, 0x12, 0xb1, 0x13, 0xf0, 0x3e, 0x31, 0x50, 0x06, 0x00, 0x12, 0x3c,
  0x30, 0x12, 0xa4, 0xf9, 0x0e, 0x12, 0x0f, 0x12, 0xb1, 0x13, 0xf0, 0x3e,
  0x31, 0x50, 0x06, 0x00, 0x0b, 0x5f, 0x0b, 0x9a, 0x29, 0x34, 0x0d, 0x41,
  0x0e, 0x4a, 0x0e, 0x8b, 0x0f, 0x49, 0x0f, 0x5b, 0xb1, 0x13, 0x3a, 0x3c,
  0x0b, 0x5f, 0x0b, 0x9a, 0x1f, 0x34, 0x1c, 0x48, 0x02, 0x00, 0x1d, 0x48,
  0x04, 0x00, 0x3c, 0x93, 0x02, 0x20, 0x3d, 0x93, 0x0c, 0x24, 0x1d, 0x15,
  0x30, 0x12, 0xaa, 0xf9, 0x0a, 0x8b, 0x0a, 0x12, 0x09, 0x5b, 0x09, 0x12,
  0xb1, 0x13, 0xf0, 0x3e, 0x31, 0x50, 0x0a, 0x00, 0x0a, 0x3c, 0x30, 0x12,
  0xc3, 0xf9, 0x0a, 0x8b, 0x0a, 0x12, 0x09, 0x5b, 0x09, 0x12, 0xb1, 0x13,
  0xf0, 0x3e, 0x31, 0x50, 0x06, 0x00, 0x0b, 0x5f, 0x0f, 0x4b, 0x31, 0x50,
  0x20, 0x00, 0x38, 0x16, 0x10, 0x01, 0x0b, 0x14, 0x3d, 0x53, 0x0d, 0x5e,
  0x0a, 0x3c, 0x6c, 0x4e, 0x8c, 0x10, 0x5b, 0x4e, 0x01, 0x00, 0x0c, 0x5b,
  0x0f, 0x5c, 0x0f, 0x9c, 0x01, 0x2c, 0x1f, 0x53, 0x2e, 0x53, 0x0e, 0x9d,
  0xf4, 0x2b, 0x06, 0x20, 0x6e, 0x4e, 0x8e, 0x10, 0x0f, 0x5e, 0x0f, 0x9e,
  0x01, 0x2c, 0x1f, 0x53, 0x0b, 0x16, 0x10, 0x01, 0x0b, 0x14, 0x21, 0x83,
  0x4b, 0x4f, 0x3f, 0x40, 0xbe, 0x27, 0xb1, 0x13, 0xea, 0x3a, 0x1f, 0x82,
  0x22, 0x24, 0x81, 0x4f, 0x00, 0x00, 0xa2, 0x92, 0x68, 0x11, 0x17, 0x38,
  0x30, 0x12, 0xd9, 0xf9, 0x30, 0x12, 0xde, 0xf9, 0x30, 0x12, 0xe2, 0xf9,
  0xb1, 0x13, 0x88, 0x3e, 0x31, 0x50, 0x06, 0x00, 0x2f, 0x41, 0x1e, 0x42,
  0x22, 0x24, 0x3e, 0x50, 0x28, 0x00, 0x0e, 0x12, 0x0f, 0x12, 0x30, 0x12,
  0xf1, 0xf9, 0xb1, 0x13, 0x88, 0x3e, 0x31, 0x50, 0x06, 0x00, 0x2f, 0x41,
  0x4b, 0x4b, 0x3d, 0x40, 0x20, 0x00, 0x3e, 0x40, 0xc6, 0x27, 0x0f, 0x5b,
  0xb1, 0x13, 0xa0, 0x2d, 0x2d, 0x41, 0x1e, 0x42, 0x22, 0x24, 0x3e, 0x50,
  0x28, 0x00, 0x3e, 0x50, 0xbe, 0x27, 0xb1, 0x13, 0xa0, 0x2d, 0x0f, 0x93,
  0x07, 0x24, 0x0e, 0x4f, 0x8e, 0x10, 0x4e, 0x4e, 0x4f, 0x4f, 0x8f, 0x10,
  0x0f, 0xde, 0x01, 0x3c, 0x3f, 0x43, 0x21, 0x53, 0x0b, 0x16, 0x10, 0x01,
  0x5b, 0x14, 0x07, 0x4f, 0x5a, 0x4f, 0x01, 0x00, 0x5a, 0x0a, 0x3a, 0x52,
  0x28, 0x43, 0x36, 0x40, 0xc8, 0xc9, 0xa4, 0x3c, 0x09, 0x47, 0x09, 0x58,
  0x5b, 0x49, 0x01, 0x00, 0x2b, 0x53, 0x0b, 0x58, 0x0a, 0x9b, 0x12, 0x2c,
  0x92, 0x93, 0x68, 0x11, 0x8a, 0x38, 0x30, 0x12, 0xd9, 0xf9, 0x30, 0x12,
  0x18, 0xfa, 0x30, 0x12, 0xe2, 0xf9, 0xb1, 0x13, 0x88, 0x3e, 0x31, 0x50,
  0x06, 0x00, 0x3f, 0x40, 0x1c, 0xfa, 0xb1, 0x13, 0xc4, 0x47, 0x7b, 0x3c,
  0x6f, 0x49, 0x5f, 0x93, 0x19, 0x24, 0x04, 0x28, 0x7f, 0x90, 0x63, 0x00,
  0x50, 0x20, 0x26, 0x3c, 0xa2, 0x92, 0x68, 0x11, 0x0e, 0x38, 0x30, 0x12,
  0xd9, 0xf9, 0x30, 0x12, 0xde, 0xf9, 0x30, 0x12, 0xe2, 0xf9, 0xb1, 0x13,
  0x88, 0x3e, 0x31, 0x50, 0x06, 0x00, 0x3f, 0x40, 0x4e, 0xfa, 0xb1, 0x13,
  0xc4, 0x47, 0x0b, 0x48, 0x1b, 0x53, 0x6d, 0x3c, 0xa2, 0x92, 0x68, 0x11,
  0x6a, 0x38, 0x30, 0x12, 0xd9, 0xf9, 0x30, 0x12, 0xde, 0xf9, 0x30, 0x12,
  0xe2, 0xf9, 0xb1, 0x13, 0x88, 0x3e, 0x31, 0x50, 0x06, 0x00, 0x3f, 0x40,
  0x65, 0xfa, 0xb1, 0x13, 0xc4, 0x47, 0x5b, 0x3c, 0xa2, 0x92, 0x68, 0x11,
  0x0e, 0x38, 0x30, 0x12, 0xd9, 0xf9, 0x30, 0x12, 0xde, 0xf9, 0x30, 0x12,
  0xe2, 0xf9, 0xb1, 0x13, 0x88, 0x3e, 0x31, 0x50, 0x06, 0x00, 0x3f, 0x40,
  0x7c, 0xfa, 0xb1, 0x13, 0xc4, 0x47, 0x0e, 0x48, 0x0f, 0x47, 0x66, 0x13,
  0x0f, 0x93, 0x45, 0x20, 0x92, 0x93, 0x68, 0x11, 0x01, 0x34, 0x48, 0x3c,
  0x30, 0x12, 0xd9, 0xf9, 0x30, 0x12, 0x18, 0xfa, 0x30, 0x12, 0xe2, 0xf9,
  0xb1, 0x13, 0x88, 0x3e, 0x31, 0x50, 0x06, 0x00, 0x3f, 0x40, 0x92, 0xfa,
  0xb1, 0x13, 0xc4, 0x47, 0x39, 0x3c, 0xa2, 0x92, 0x68, 0x11, 0x11, 0x38,
  0x30, 0x12, 0xd9, 0xf9, 0x30, 0x12, 0xde, 0xf9, 0x30, 0x12, 0xe2, 0xf9,
  0xb1, 0x13, 0x88, 0x3e, 0x31, 0x50, 0x06, 0x00, 0x6f, 0x49, 0x0f, 0x12,
  0x30, 0x12, 0xb4, 0xfa, 0xb1, 0x13, 0x88, 0x3e, 0x21, 0x52, 0x6f, 0x49,
  0x7f, 0xf0, 0xc0, 0xff, 0x7f, 0x90, 0x80, 0xff, 0x0a, 0x24, 0x7f, 0x90,
  0xc0, 0xff, 0x04, 0x24, 0x7f, 0x90, 0x40, 0x00, 0x12, 0x20, 0x18, 0x3c,
  0xf2, 0x93, 0xd6, 0x27, 0x15, 0x24, 0x0c, 0x49, 0x3c, 0x80, 0xbe, 0x27,
  0x0d, 0x4c, 0x8d, 0x10, 0x8d, 0x11, 0x8d, 0x10, 0x8d, 0x11, 0x6e, 0x43,
  0x6f, 0x42, 0xb1, 0x13, 0x12, 0x22, 0x6f, 0x43, 0x08, 0x3c, 0x08, 0x4b,
  0x0f, 0x48, 0x2f, 0x53, 0x0a, 0x9f, 0x58, 0x2f, 0x4f, 0x43, 0x01, 0x3c,
  0x5f, 0x43, 0x56, 0x16, 0x10, 0x01, 0xb2, 0x90, 0x01, 0x05, 0xb2, 0x27,
  0x09, 0x28, 0x3c, 0x40, 0x00, 0x05, 0x0d, 0x43, 0x4e, 0x43, 0x6f, 0x43,
  0xb1, 0x13, 0x12, 0x22, 0x4f, 0x43, 0x10, 0x01, 0x5f, 0x43, 0x10, 0x01,
  0x5f, 0x42, 0xc5, 0x27, 0x6f, 0x93, 0x09, 0x2c, 0x0c, 0x43, 0x0d, 0x43,
  0x4e, 0x43, 0x7f, 0x40, 0x03, 0x00, 0xb1, 0x13, 0x12, 0x22, 0x4f, 0x43,
  0x10, 0x01, 0x7f, 0x53, 0xc2, 0x4f, 0xc5, 0x27, 0x5f, 0x43, 0x10, 0x01,
  0x7f, 0x40, 0x3a, 0x00, 0xb1, 0x13, 0xd2, 0x2d, 0x10, 0x01, 0x7f, 0x40,
  0x11, 0x00, 0xb1, 0x13, 0xd2, 0x2d, 0x10, 0x01, 0xb1, 0x13, 0x20, 0x3c,
  0xb1, 0x13, 0x22, 0x1d, 0xb1, 0x13, 0xcc, 0x24, 0xb1, 0x13, 0xfe, 0x28,
  0xb2, 0x40, 0x00, 0x04, 0x24, 0x24, 0x3f, 0x40, 0x64, 0x28, 0x8f, 0x43,
  0x00, 0x00, 0x8f, 0x43, 0x1a, 0x00, 0x10, 0x01, 0x0b, 0x14, 0x82, 0x93,
  0x22, 0x24, 0x4f, 0x24, 0xa2, 0x92, 0x68, 0x11, 0x14, 0x38, 0x30, 0x12,
  0xd9, 0xf9, 0x30, 0x12, 0xde, 0xf9, 0x30, 0x12, 0xe2, 0xf9, 0xb1, 0x13,
  0x88, 0x3e, 0x31, 0x50, 0x06, 0x00, 0x12, 0x12, 0xb2, 0x27, 0x12, 0x12,
  0x22, 0x24, 0x30, 0x12, 0xd3, 0xfa, 0xb1, 0x13, 0x88, 0x3e, 0x31, 0x50,
  0x06, 0x00, 0x1d, 0x42, 0xb2, 0x27, 0x1b, 0x42, 0x22, 0x24, 0x0e, 0x4b,
  0x3e, 0x50, 0x28, 0x00, 0x0d, 0x9e, 0x14, 0x2c, 0x92, 0x93, 0x68, 0x11,
  0x0e, 0x38, 0x30, 0x12, 0xd9, 0xf9, 0x30, 0x12, 0x18, 0xfa, 0x30, 0x12,
  0xe2, 0xf9, 0xb1, 0x13, 0x88, 0x3e, 0x31, 0x50, 0x06, 0x00, 0x3f, 0x40,
  0x0d, 0xfb, 0xb1, 0x13, 0xc4, 0x47, 0xb1, 0x13, 0x0e, 0x3c, 0x1d, 0x3c,
  0xd2, 0x42, 0xa9, 0x24, 0xc4, 0x27, 0x3d, 0x50, 0xd8, 0xff, 0x0d, 0x8b,
  0x3e, 0x50, 0xbe, 0x27, 0x3f, 0x40, 0xe6, 0x27, 0xb1, 0x13, 0x34, 0x49,
  0x0f, 0x4b, 0x3f, 0xe3, 0x1f, 0x53, 0xb1, 0x13, 0xae, 0x3a, 0x4f, 0x93,
  0x0a, 0x24, 0x1e, 0x42, 0xb2, 0x27, 0x3e, 0x50, 0xd8, 0xff, 0x3f, 0x40,
  0xbe, 0x27, 0xb1, 0x13, 0xdc, 0x3a, 0x5f, 0x43, 0x01, 0x3c, 0x4f, 0x43,
  0x0b, 0x16, 0x10, 0x01, 0x2b, 0x14, 0x21, 0x83, 0x6f, 0x92, 0x02, 0x20,
  0x80, 0x01, 0xb8, 0x38, 0xb2, 0x40, 0xfa, 0x27, 0x4e, 0x28, 0xb2, 0x40,
  0xfa, 0x27, 0xb4, 0x27, 0x7f, 0x90, 0x05, 0x00, 0x17, 0x20, 0x1f, 0x42,
  0x4c, 0x28, 0x8f, 0x93, 0x10, 0x00, 0x02, 0x20, 0x80, 0x01, 0x4c, 0x3a,
  0x82, 0x43, 0x50, 0x28, 0xb2, 0x40, 0xee, 0x27, 0x4e, 0x28, 0xb2, 0x40,
  0xee, 0x27, 0xb4, 0x27, 0x82, 0x43, 0x52, 0x28, 0x82, 0x43, 0xb2, 0x27,
  0xf2, 0x42, 0x4a, 0x28, 0x80, 0x01, 0xb4, 0x38, 0x1b, 0x42, 0xb2, 0x27,
  0x3b, 0x90, 0x28, 0x00, 0x18, 0x2c, 0xa2, 0x93, 0x68, 0x11, 0x02, 0x34,
  0x80, 0x01, 0x4c, 0x3a, 0x30, 0x12, 0xd9, 0xf9, 0x30, 0x12, 0x33, 0xfb,
  0x30, 0x12, 0xe2, 0xf9, 0xb1, 0x13, 0x88, 0x3e, 0x31, 0x50, 0x06, 0x00,
  0x12, 0x12, 0xb2, 0x27, 0x30, 0x12, 0x38, 0xfb, 0xb1, 0x13, 0x88, 0x3e,
  0x21, 0x52, 0x80, 0x01, 0x4c, 0x3a, 0x5f, 0x42, 0xbe, 0x27, 0x7f, 0xf0,
  0xf0, 0xff, 0x7f, 0x90, 0x60, 0x00, 0x12, 0x24, 0x92, 0x93, 0x68, 0x11,
  0x02, 0x34, 0x80, 0x01, 0x4c, 0x3a, 0x30, 0x12, 0xd9, 0xf9, 0x30, 0x12,
  0x18, 0xfa, 0x30, 0x12, 0xe2, 0xf9, 0xb1, 0x13, 0x88, 0x3e, 0x31, 0x50,
  0x06, 0x00, 0x3f, 0x40, 0x64, 0xfb, 0x17, 0x3c, 0x3f, 0x40, 0xbe, 0x27,
  0xb1, 0x13, 0xea, 0x3a, 0x0b, 0x9f, 0x15, 0x2c, 0x92, 0x93, 0x68, 0x11,
  0x02, 0x34, 0x80, 0x01, 0x4c, 0x3a, 0x30, 0x12, 0xd9, 0xf9, 0x30, 0x12,
  0x18, 0xfa, 0x30, 0x12, 0xe2, 0xf9, 0xb1, 0x13, 0x88, 0x3e, 0x31, 0x50,
  0x06, 0x00, 0x3f, 0x40, 0x74, 0xfb, 0xb1, 0x13, 0xc4, 0x47, 0x80, 0x01,
  0x4c, 0x3a, 0x3f, 0x40, 0xbe, 0x27, 0xb1, 0x13, 0xea, 0x3a, 0x0e, 0x4f,
  0x3e, 0x50, 0x28, 0x00, 0x82, 0x4e, 0xb2, 0x27, 0x3e, 0x90, 0x8d, 0x00,
  0x17, 0x28, 0xa2, 0x93, 0x68, 0x11, 0x02, 0x34, 0x80, 0x01, 0x4c, 0x3a,
  0x30, 0x12, 0xd9, 0xf9, 0x30, 0x12, 0x33, 0xfb, 0x30, 0x12, 0xe2, 0xf9,
  0xb1, 0x13, 0x88, 0x3e, 0x31, 0x50, 0x06, 0x00, 0x30, 0x12, 0x8c, 0x00,
  0x12, 0x12, 0xb2, 0x27, 0x30, 0x12, 0x9e, 0xfb, 0x80, 0x01, 0x8a, 0x37,
  0xc2, 0x43, 0xa9, 0x24, 0x3d, 0x40, 0xa9, 0x24, 0x3f, 0x40, 0xbe, 0x27,
  0xb1, 0x13, 0x5a, 0x3b, 0x0f, 0x93, 0x12, 0x20, 0x92, 0x93, 0x68, 0x11,
  0x02, 0x34, 0x80, 0x01, 0x4c, 0x3a, 0x30, 0x12, 0xd9, 0xf9, 0x30, 0x12,
  0x18, 0xfa, 0x30, 0x12, 0xe2, 0xf9, 0xb1, 0x13, 0x88, 0x3e, 0x31, 0x50,
  0x06, 0x00, 0x3f, 0x40, 0xc3, 0xfb, 0xbd, 0x3f, 0x3f, 0x80, 0xe6, 0x27,
  0x82, 0x4f, 0x22, 0x24, 0xb2, 0x90, 0x03, 0x00, 0x68, 0x11, 0x0f, 0x38,
  0x30, 0x12, 0xd9, 0xf9, 0x30, 0x12, 0xe2, 0xfb, 0x30, 0x12, 0xe2, 0xf9,
  0xb1, 0x13, 0x88, 0x3e, 0x31, 0x50, 0x06, 0x00, 0x30, 0x12, 0xe7, 0xfb,
  0xb1, 0x13, 0x88, 0x3e, 0x21, 0x53, 0xb2, 0x90, 0x03, 0x00, 0x68, 0x11,
  0x04, 0x38, 0x3f, 0x40, 0xc6, 0x27, 0xb0, 0x13, 0xe8, 0x60, 0xb2, 0x90,
  0x03, 0x00, 0x68, 0x11, 0x05, 0x38, 0x30, 0x12, 0xfd, 0xfb, 0xb1, 0x13,
  0x88, 0x3e, 0x21, 0x53, 0xb2, 0x90, 0x03, 0x00, 0x68, 0x11, 0x04, 0x38,
  0x3f, 0x40, 0xd6, 0x27, 0xb0, 0x13, 0xe8, 0x60, 0xb2, 0x90, 0x03, 0x00,
  0x68, 0x11, 0x04, 0x38, 0x3f, 0x40, 0x0a, 0x00, 0xb1, 0x13, 0x8a, 0x11,
  0xf2, 0x93, 0xc6, 0x27, 0x12, 0x20, 0x92, 0x93, 0x68, 0x11, 0x02, 0x34,
  0x80, 0x01, 0x4c, 0x3a, 0x30, 0x12, 0xd9, 0xf9, 0x30, 0x12, 0x18, 0xfa,
  0x30, 0x12, 0xe2, 0xf9, 0xb1, 0x13, 0x88, 0x3e, 0x31, 0x50, 0x06, 0x00,
  0x3f, 0x40, 0x02, 0xfc, 0x70, 0x3f, 0x5c, 0x43, 0x0d, 0x41, 0x1e, 0x42,
  0xb2, 0x27, 0x3f, 0x40, 0xbe, 0x27, 0xb1, 0x13, 0xf8, 0x3a, 0x0f, 0x93,
  0x0d, 0x24, 0xc1, 0x93, 0x00, 0x00, 0x0a, 0x20, 0xb1, 0x13, 0x5a, 0x2e,
  0x5f, 0x93, 0x02, 0x20, 0x80, 0x01, 0x4c, 0x3a, 0x6f, 0x93, 0x02, 0x20,
  0x80, 0x01, 0x14, 0x3a, 0x3f, 0x40, 0xd6, 0x27, 0xb1, 0x13, 0xbc, 0x19,
  0x0f, 0x93, 0xad, 0x20, 0x3f, 0x40, 0xd6, 0x27, 0xb1, 0x13, 0x2a, 0x1b,
  0x0f, 0x93, 0xa7, 0x20, 0x5f, 0x42, 0xd6, 0x27, 0x7f, 0x93, 0x55, 0x24,
  0xb2, 0x90, 0xfe, 0x80, 0xd6, 0x27, 0x51, 0x24, 0xb2, 0x90, 0xfe, 0x80,
  0xc6, 0x27, 0x4d, 0x24, 0x82, 0x93, 0xc6, 0x27, 0x15, 0x20, 0x82, 0x93,
  0xc8, 0x27, 0x12, 0x20, 0x82, 0x93, 0xca, 0x27, 0x0f, 0x20, 0x82, 0x93,
  0xcc, 0x27, 0x0c, 0x20, 0x82, 0x93, 0xce, 0x27, 0x09, 0x20, 0x82, 0x93,
  0xd0, 0x27, 0x06, 0x20, 0x82, 0x93, 0xd2, 0x27, 0x03, 0x20, 0x82, 0x93,
  0xd4, 0x27, 0x35, 0x24, 0x82, 0x93, 0xd6, 0x27, 0x02, 0x24, 0x80, 0x01,
  0x86, 0x35, 0x82, 0x93, 0xd8, 0x27, 0x02, 0x24, 0x80, 0x01, 0x86, 0x35,
  0x82, 0x93, 0xda, 0x27, 0x02, 0x24, 0x80, 0x01, 0x86, 0x35, 0x82, 0x93,
  0xdc, 0x27, 0x02, 0x24, 0x80, 0x01, 0x86, 0x35, 0x82, 0x93, 0xde, 0x27,
  0x02, 0x24, 0x80, 0x01, 0x86, 0x35, 0x82, 0x93, 0xe0, 0x27, 0x02, 0x24,
  0x80, 0x01, 0x86, 0x35, 0x82, 0x93, 0xe2, 0x27, 0x02, 0x24, 0x80, 0x01,
  0x86, 0x35, 0xb2, 0x90, 0x00, 0x01, 0xe4, 0x27, 0x0e, 0x24, 0x80, 0x01,
  0x86, 0x35, 0xb2, 0x90, 0x03, 0x00, 0x68, 0x11, 0x02, 0x34, 0x80, 0x01,
  0x14, 0x3a, 0x3f, 0x40, 0x0a, 0x00, 0xb1, 0x13, 0x8a, 0x11, 0x80, 0x01,
  0x14, 0x3a, 0xb2, 0x90, 0xfe, 0x80, 0xc6, 0x27, 0x37, 0x20, 0x82, 0x93,
  0xd6, 0x27, 0x16, 0x20, 0x82, 0x93, 0xd8, 0x27, 0x13, 0x20, 0x82, 0x93,
  0xda, 0x27, 0x10, 0x20, 0x82, 0x93, 0xdc, 0x27, 0x0d, 0x20, 0x82, 0x93,
  0xde, 0x27, 0x0a, 0x20, 0x82, 0x93, 0xe0, 0x27, 0x07, 0x20, 0x82, 0x93,
  0xe2, 0x27, 0x04, 0x20, 0xb2, 0x90, 0x00, 0x01, 0xe4, 0x27, 0x1e, 0x24,
  0x7f, 0x93, 0x1c, 0x24, 0x3f, 0x40, 0xd6, 0x27, 0xb1, 0x13, 0x7a, 0x19,
  0x4f, 0x93, 0x16, 0x20, 0x92, 0x93, 0x68, 0x11, 0x0e, 0x38, 0x30, 0x12,
  0xd9, 0xf9, 0x30, 0x12, 0x18, 0xfa, 0x30, 0x12, 0xe2, 0xf9, 0xb1, 0x13,
  0x88, 0x3e, 0x31, 0x50, 0x06, 0x00, 0x3f, 0x40, 0x20, 0xfc, 0xb1, 0x13,
  0xc4, 0x47, 0x0c, 0x43, 0x0d, 0x43, 0x6e, 0x43, 0x80, 0x01, 0x6c, 0x38,
  0x92, 0x93, 0x68, 0x11, 0x02, 0x34, 0x80, 0x01, 0x4c, 0x3a, 0x30, 0x12,
  0xd9, 0xf9, 0x30, 0x12, 0x18, 0xfa, 0x30, 0x12, 0xe2, 0xf9, 0xb1, 0x13,
  0x88, 0x3e, 0x31, 0x50, 0x06, 0x00, 0x3f, 0x40, 0x56, 0xfc, 0x80, 0x01,
  0xd8, 0x31, 0xc2, 0x43, 0xaa, 0x24, 0x5c, 0x43, 0x0d, 0x41, 0x1e, 0x42,
  0xb2, 0x27, 0x3f, 0x40, 0xbe, 0x27, 0xb2, 0x3c, 0x7e, 0x90, 0x2c, 0x00,
  0x91, 0x24, 0x7e, 0x90, 0x2d, 0x00, 0x06, 0x2c, 0x4e, 0x93, 0x0d, 0x24,
  0x7e, 0x90, 0x2b, 0x00, 0xba, 0x20, 0x49, 0x3c, 0x7e, 0x90, 0x3b, 0x00,
  0x02, 0x20, 0x80, 0x01, 0x4c, 0x3a, 0x7e, 0x90, 0x3c, 0x00, 0xb1, 0x20,
  0x17, 0x3c, 0xa2, 0x92, 0x68, 0x11, 0x0e, 0x38, 0x30, 0x12, 0xd9, 0xf9,
  0x30, 0x12, 0xde, 0xf9, 0x30, 0x12, 0xe2, 0xf9, 0xb1, 0x13, 0x88, 0x3e,
  0x31, 0x50, 0x06, 0x00, 0x3f, 0x40, 0x8e, 0xfc, 0xb1, 0x13, 0xc4, 0x47,
  0x5f, 0x42, 0xaa, 0x24, 0x5f, 0xb3, 0x9b, 0x20, 0x5f, 0xd3, 0x1c, 0x3c,
  0xa2, 0x92, 0x68, 0x11, 0x0e, 0x38, 0x30, 0x12, 0xd9, 0xf9, 0x30, 0x12,
  0xde, 0xf9, 0x30, 0x12, 0xe2, 0xf9, 0xb1, 0x13, 0x88, 0x3e, 0x31, 0x50,
  0x06, 0x00, 0x3f, 0x40, 0xa4, 0xfc, 0xb1, 0x13, 0xc4, 0x47, 0x5f, 0x42,
  0xaa, 0x24, 0x6f, 0xb3, 0x06, 0x24, 0x7f, 0xb0, 0x40, 0x00, 0x81, 0x20,
  0x7f, 0xd0, 0x40, 0x00, 0x01, 0x3c, 0x6f, 0xd3, 0xc2, 0x4f, 0xaa, 0x24,
  0x0f, 0x4b, 0xb1, 0x13, 0x5a, 0x2e, 0x5f, 0x93, 0x02, 0x20, 0x80, 0x01,
  0x4c, 0x3a, 0x6f, 0x93, 0x57, 0x20, 0x80, 0x01, 0x14, 0x3a, 0x5f, 0x42,
  0xaa, 0x24, 0x6f, 0xb2, 0x6c, 0x20, 0x6f, 0xd2, 0xc2, 0x4f, 0xaa, 0x24,
  0xa2, 0x92, 0x68, 0x11, 0x0e, 0x38, 0x30, 0x12, 0xd9, 0xf9, 0x30, 0x12,
  0xde, 0xf9, 0x30, 0x12, 0xe2, 0xf9, 0xb1, 0x13, 0x88, 0x3e, 0x31, 0x50,
  0x06, 0x00, 0x3f, 0x40, 0xbc, 0xfc, 0xb1, 0x13, 0xc4, 0x47, 0xcb, 0x93,
  0x03, 0x00, 0x3a, 0x24, 0x80, 0x13, 0xcc, 0xc9, 0x0f, 0x93, 0x0e, 0x24,
  0xb1, 0x13, 0xc8, 0x2f, 0x4f, 0x93, 0x02, 0x20, 0x80, 0x01, 0x14, 0x3a,
  0xb1, 0x13, 0xe6, 0x2f, 0x4f, 0x93, 0x02, 0x20, 0x80, 0x01, 0x14, 0x3a,
  0x80, 0x01, 0xd8, 0x33, 0x92, 0x93, 0x68, 0x11, 0x40, 0x38, 0x30, 0x12,
  0xd9, 0xf9, 0x30, 0x12, 0x18, 0xfa, 0x30, 0x12, 0xe2, 0xf9, 0xb1, 0x13,
  0x88, 0x3e, 0x31, 0x50, 0x06, 0x00, 0x3f, 0x40, 0xd6, 0xfc, 0xb1, 0x13,
  0xc4, 0x47, 0x31, 0x3c, 0x92, 0x93, 0x68, 0x11, 0x02, 0x34, 0x80, 0x01,
  0x4c, 0x3a, 0x30, 0x12, 0xd9, 0xf9, 0x30, 0x12, 0x18, 0xfa, 0x30, 0x12,
  0xe2, 0xf9, 0xb1, 0x13, 0x88, 0x3e, 0x31, 0x50, 0x06, 0x00, 0x30, 0x12,
  0xf0, 0xfc, 0xb1, 0x13, 0x88, 0x3e, 0x21, 0x53, 0x80, 0x01, 0x4c, 0x3a,
  0x1e, 0x42, 0xb2, 0x27, 0x3e, 0x50, 0xbe, 0x27, 0x4c, 0x43, 0x0d, 0x41,
  0x0e, 0x8b, 0x0f, 0x4b, 0xb1, 0x13, 0xf8, 0x3a, 0x0b, 0x4f, 0x0f, 0x93,
  0x0e, 0x24, 0x6e, 0x41, 0x7e, 0x90, 0x06, 0x00, 0x0a, 0x24, 0x7e, 0x90,
  0x11, 0x00, 0x02, 0x20, 0x80, 0x01, 0x5a, 0x3a, 0x7e, 0x90, 0x3a, 0x00,
  0x3d, 0x23, 0x80, 0x01, 0x6e, 0x3a, 0x0c, 0x4b, 0x3c, 0x80, 0xbe, 0x27,
  0x0d, 0x4c, 0x8d, 0x10, 0x8d, 0x11, 0x8d, 0x10, 0x8d, 0x11, 0x5e, 0x43,
  0x6f, 0x42, 0xb1, 0x13, 0x12, 0x22, 0x92, 0x93, 0x68, 0x11, 0x02, 0x34,
  0x80, 0x01, 0x14, 0x3a, 0x30, 0x12, 0xd9, 0xf9, 0x30, 0x12, 0x18, 0xfa,
  0x30, 0x12, 0xe2, 0xf9, 0xb1, 0x13, 0x88, 0x3e, 0x31, 0x50, 0x06, 0x00,
  0x3f, 0x40, 0x02, 0xfd, 0xb1, 0x13, 0xc4, 0x47, 0x80, 0x01, 0x14, 0x3a,
  0x30, 0x12, 0xd9, 0xf9, 0x30, 0x12, 0xe2, 0xfb, 0x30, 0x12, 0xe2, 0xf9,
  0xb1, 0x13, 0x88, 0x3e, 0x31, 0x50, 0x06, 0x00, 0x1f, 0x42, 0x22, 0x24,
  0x3f, 0x50, 0x28, 0x00, 0x5f, 0x4f, 0xbe, 0x27, 0x0f, 0x12, 0x12, 0x12,
  0xb2, 0x27, 0x30, 0x12, 0x16, 0xfd, 0xb1, 0x13, 0x88, 0x3e, 0x31, 0x50,
  0x06, 0x00, 0xb1, 0x13, 0x0a, 0x30, 0x3f, 0x93, 0x13, 0x24, 0x92, 0x93,
  0x68, 0x11, 0x02, 0x34, 0x80, 0x01, 0x4c, 0x3a, 0x30, 0x12, 0xd9, 0xf9,
  0x30, 0x12, 0x18, 0xfa, 0x30, 0x12, 0xe2, 0xf9, 0xb1, 0x13, 0x88, 0x3e,
  0x31, 0x50, 0x06, 0x00, 0x3f, 0x40, 0x38, 0xfd, 0x80, 0x01, 0xd8, 0x31,
  0x1f, 0x42, 0x22, 0x24, 0x3f, 0x50, 0x28, 0x00, 0x3f, 0x50, 0xbe, 0x27,
  0x5e, 0x4f, 0x01, 0x00, 0x6f, 0x4f, 0xb1, 0x13, 0xc2, 0x21, 0x5f, 0x93,
  0x1b, 0x20, 0x92, 0x93, 0x68, 0x11, 0x16, 0x38, 0x30, 0x12, 0xd9, 0xf9,
  0x30, 0x12, 0x18, 0xfa, 0x30, 0x12, 0xe2, 0xf9, 0xb1, 0x13, 0x88, 0x3e,
  0x31, 0x50, 0x06, 0x00, 0x1f, 0x42, 0x22, 0x24, 0x3f, 0x50, 0x28, 0x00,
  0x5f, 0x4f, 0xbe, 0x27, 0x0f, 0x12, 0x30, 0x12, 0x4c, 0xfd, 0xb1, 0x13,
  0x88, 0x3e, 0x21, 0x52, 0xb1, 0x13, 0x0e, 0x3c, 0x82, 0x93, 0xb2, 0x27,
  0x02, 0x24, 0x80, 0x01, 0x14, 0x3a, 0x80, 0x01, 0x4c, 0x3a, 0x30, 0x12,
  0xd9, 0xf9, 0x30, 0x12, 0xe2, 0xfb, 0x30, 0x12, 0xe2, 0xf9, 0xb1, 0x13,
  0x88, 0x3e, 0x31, 0x50, 0x06, 0x00, 0x3f, 0x40, 0x71, 0xfd, 0xb1, 0x13,
  0xc4, 0x47, 0x1f, 0x42, 0x22, 0x24, 0x3f, 0x50, 0x28, 0x00, 0x8f, 0x93,
  0xc4, 0x27, 0x22, 0x24, 0xb1, 0x13, 0x14, 0x30, 0x3f, 0x93, 0x1e, 0x24,
  0x92, 0x93, 0x68, 0x11, 0x02, 0x34, 0x80, 0x01, 0x4c, 0x3a, 0x30, 0x12,
  0xd9, 0xf9, 0x30, 0x12, 0x18, 0xfa, 0x30, 0x12, 0xe2, 0xf9, 0xb1, 0x13,
  0x88, 0x3e, 0x31, 0x50, 0x06, 0x00, 0xb1, 0x13, 0x14, 0x30, 0x0f, 0x12,
  0x1f, 0x42, 0x22, 0x24, 0x1f, 0x12, 0xec, 0x27, 0x30, 0x12, 0x86, 0xfd,
  0xb1, 0x13, 0x88, 0x3e, 0x31, 0x50, 0x06, 0x00, 0x80, 0x01, 0x4c, 0x3a,
  0x1a, 0x42, 0x22, 0x24, 0x3a, 0x50, 0x28, 0x00, 0x3a, 0x50, 0xbe, 0x27,
  0x19, 0x4a, 0x02, 0x00, 0x09, 0x93, 0x13, 0x20, 0x92, 0x93, 0x68, 0x11,
  0x02, 0x34, 0x80, 0x01, 0x4c, 0x3a, 0x30, 0x12, 0xd9, 0xf9, 0x30, 0x12,
  0x18, 0xfa, 0x30, 0x12, 0xe2, 0xf9, 0xb1, 0x13, 0x88, 0x3e, 0x31, 0x50,
  0x06, 0x00, 0x3f, 0x40, 0xa7, 0xfd, 0x80, 0x01, 0xd8, 0x31, 0xb2, 0x40,
  0x54, 0x28, 0x4c, 0x28, 0x31, 0x3c, 0x1f, 0x4b, 0x10, 0x00, 0x0f, 0x93,
  0x29, 0x24, 0x09, 0x9f, 0x27, 0x20, 0x1f, 0x4b, 0x12, 0x00, 0x0f, 0x93,
  0x02, 0x24, 0x2f, 0x9a, 0x21, 0x20, 0x8b, 0x93, 0x00, 0x00, 0x15, 0x20,
  0x8b, 0x93, 0x02, 0x00, 0x12, 0x20, 0x8b, 0x93, 0x04, 0x00, 0x0f, 0x20,
  0x8b, 0x93, 0x06, 0x00, 0x0c, 0x20, 0x8b, 0x93, 0x08, 0x00, 0x09, 0x20,
  0x8b, 0x93, 0x0a, 0x00, 0x06, 0x20, 0x8b, 0x93, 0x0c, 0x00, 0x03, 0x20,
  0x8b, 0x93, 0x0e, 0x00, 0x2a, 0x24, 0x3d, 0x40, 0x10, 0x00, 0x0e, 0x4b,
  0x3f, 0x40, 0xc6, 0x27, 0xb1, 0x13, 0x20, 0x48, 0x0f, 0x93, 0x21, 0x24,
  0x3b, 0x50, 0x1a, 0x00, 0x82, 0x4b, 0x4c, 0x28, 0x1b, 0x42, 0x4c, 0x28,
  0x3b, 0x90, 0x88, 0x28, 0xca, 0x2b, 0x92, 0x93, 0x68, 0x11, 0x0e, 0x38,
  0x30, 0x12, 0xd9, 0xf9, 0x30, 0x12, 0x18, 0xfa, 0x30, 0x12, 0xe2, 0xf9,
  0xb1, 0x13, 0x88, 0x3e, 0x31, 0x50, 0x06, 0x00, 0x3f, 0x40, 0xb7, 0xfd,
  0xb1, 0x13, 0xc4, 0x47, 0x0c, 0x43, 0x0d, 0x43, 0x6e, 0x42, 0x5f, 0x43,
  0xb1, 0x13, 0x12, 0x22, 0xd0, 0x3c, 0xa2, 0x92, 0x68, 0x11, 0x0e, 0x38,
  0x30, 0x12, 0xd9, 0xf9, 0x30, 0x12, 0xde, 0xf9, 0x30, 0x12, 0xe2, 0xf9,
  0xb1, 0x13, 0x88, 0x3e, 0x31, 0x50, 0x06, 0x00, 0x3f, 0x40, 0xd9, 0xfd,
  0xb1, 0x13, 0xc4, 0x47, 0xb2, 0x50, 0xd0, 0xff, 0xb2, 0x27, 0xb2, 0x40,
  0xee, 0x27, 0x4e, 0x28, 0x82, 0x43, 0x50, 0x28, 0xe2, 0x43, 0x4a, 0x28,
  0xb2, 0x40, 0xee, 0x27, 0xb4, 0x27, 0x82, 0x43, 0x52, 0x28, 0xb0, 0x13,
  0xb6, 0xc6, 0xa2, 0x92, 0x68, 0x11, 0x0e, 0x38, 0x30, 0x12, 0xd9, 0xf9,
  0x30, 0x12, 0xde, 0xf9, 0x30, 0x12, 0xe2, 0xf9, 0xb1, 0x13, 0x88, 0x3e,
  0x31, 0x50, 0x06, 0x00, 0x3f, 0x40, 0xe6, 0xfd, 0xb1, 0x13, 0xc4, 0x47,
  0x1e, 0x42, 0x52, 0x28, 0x0e, 0x93, 0xb5, 0x24, 0x0f, 0x4e, 0x3f, 0x50,
  0x30, 0x00, 0x82, 0x4f, 0xb2, 0x27, 0x3e, 0x52, 0x3f, 0x40, 0xbe, 0x27,
  0xb1, 0x13, 0xdc, 0x3a, 0xf2, 0x40, 0x60, 0x00, 0xbe, 0x27, 0xc2, 0x43,
  0xbf, 0x27, 0x1e, 0x42, 0x4c, 0x28, 0xd2, 0x4e, 0x14, 0x00, 0xc5, 0x27,
  0xf2, 0x40, 0x11, 0x00, 0xc4, 0x27, 0x1f, 0x42, 0x22, 0x24, 0x3f, 0x50,
  0x28, 0x00, 0x3f, 0x50, 0xbe, 0x27, 0x1c, 0x42, 0x52, 0x28, 0x3c, 0x52,
  0x4d, 0x4c, 0x8d, 0x10, 0x8c, 0x10, 0x4c, 0x4c, 0x0c, 0xdd, 0x8f, 0x4c,
  0x04, 0x00, 0x8f, 0x43, 0x06, 0x00, 0x9f, 0x4e, 0x10, 0x00, 0x00, 0x00,
  0x9f, 0x4e, 0x12, 0x00, 0x02, 0x00, 0x3d, 0x40, 0x10, 0x00, 0x3f, 0x40,
  0xd6, 0x27, 0xb1, 0x13, 0x4c, 0x48, 0x3e, 0x40, 0xd6, 0x27, 0x0f, 0x4e,
  0x3f, 0x50, 0xf0, 0xff, 0xb1, 0x13, 0x52, 0x1c, 0xb2, 0x40, 0xfa, 0x27,
  0x4e, 0x28, 0xb2, 0x90, 0x03, 0x00, 0x68, 0x11, 0x11, 0x38, 0x30, 0x12,
  0xd9, 0xf9, 0x30, 0x12, 0xe2, 0xfb, 0x30, 0x12, 0xe2, 0xf9, 0xb1, 0x13,
  0x88, 0x3e, 0x31, 0x50, 0x06, 0x00, 0x30, 0x12, 0x3c, 0x00, 0x30, 0x12,
  0xf2, 0xfd, 0xb1, 0x13, 0x88, 0x3e, 0x21, 0x52, 0xb2, 0x90, 0x03, 0x00,
  0x68, 0x11, 0x16, 0x38, 0x30, 0x12, 0xd9, 0xf9, 0x30, 0x12, 0xe2, 0xfb,
  0x30, 0x12, 0xe2, 0xf9, 0xb1, 0x13, 0x88, 0x3e, 0x31, 0x50, 0x06, 0x00,
  0x5f, 0x42, 0xf7, 0x27, 0x0f, 0x12, 0x5f, 0x42, 0xf6, 0x27, 0x0f, 0x12,
  0x03, 0x12, 0x30, 0x12, 0x05, 0xfe, 0xb1, 0x13, 0x88, 0x3e, 0x31, 0x52,
  0xb2, 0x90, 0x03, 0x00, 0x68, 0x11, 0x0f, 0x38, 0x30, 0x12, 0xd9, 0xf9,
  0x30, 0x12, 0xe2, 0xfb, 0x30, 0x12, 0xe2, 0xf9, 0xb1, 0x13, 0x88, 0x3e,
  0x31, 0x50, 0x06, 0x00, 0x30, 0x12, 0x0e, 0xfe, 0xb1, 0x13, 0x88, 0x3e,
  0x21, 0x53, 0x1b, 0x42, 0x22, 0x24, 0x3b, 0x50, 0x28, 0x00, 0x3b, 0x50,
  0xbe, 0x27, 0xb1, 0x13, 0x14, 0x30, 0x3f, 0xe3, 0x8b, 0x4f, 0x06, 0x00,
  0x1f, 0x42, 0x22, 0x24, 0x3f, 0x50, 0x28, 0x00, 0x3f, 0x50, 0xbe, 0x27,
  0x8f, 0x93, 0x06, 0x00, 0x02, 0x20, 0xbf, 0x43, 0x06, 0x00, 0x82, 0x43,
  0xc0, 0x27, 0xb2, 0x90, 0x03, 0x00, 0x68, 0x11, 0x1c, 0x38, 0x30, 0x12,
  0xd9, 0xf9, 0x30, 0x12, 0xe2, 0xfb, 0x30, 0x12, 0xe2, 0xf9, 0xb1, 0x13,
  0x88, 0x3e, 0x31, 0x50, 0x06, 0x00, 0x3f, 0x40, 0xbe, 0x27, 0xb1, 0x13,
  0xea, 0x3a, 0x0f, 0x12, 0x12, 0x12, 0xb2, 0x27, 0x30, 0x12, 0x18, 0xfe,
  0xb1, 0x13, 0x88, 0x3e, 0x31, 0x50, 0x06, 0x00, 0x04, 0x3c, 0xb1, 0x13,
  0x0e, 0x3c, 0xc2, 0x43, 0xaa, 0x24, 0xc2, 0x43, 0x4a, 0x28, 0x12, 0x3c,
  0xb1, 0x13, 0x42, 0x30, 0xb2, 0x90, 0x03, 0x00, 0x68, 0x11, 0x02, 0x34,
  0x80, 0x01, 0x44, 0x37, 0x80, 0x01, 0x28, 0x37, 0xb2, 0x90, 0x03, 0x00,
  0x68, 0x11, 0x02, 0x34, 0x80, 0x01, 0x9c, 0x36, 0x80, 0x01, 0x6a, 0x36,
  0x21, 0x53, 0x29, 0x16, 0x10, 0x01, 0x1b, 0x14, 0x4a, 0x4f, 0x8a, 0x10,
  0x8f, 0x10, 0x4f, 0x4f, 0x0c, 0x4a, 0x0c, 0xdf, 0x0d, 0x43, 0x4a, 0x4e,
  0x8a, 0x10, 0x0b, 0x4e, 0x8b, 0x10, 0x4b, 0x4b, 0x0e, 0x43, 0x0f, 0x43,
  0x0f, 0x4a, 0x0f, 0xdb, 0x0e, 0xdc, 0x0f, 0xdd, 0x1a, 0x16, 0x10, 0x01,
  0x0e, 0x4f, 0x1e, 0x52, 0xb2, 0x27, 0x3e, 0x90, 0x01, 0x05, 0x06, 0x2c,
  0x82, 0x5f, 0x22, 0x24, 0x82, 0x4e, 0xb2, 0x27, 0x5f, 0x43, 0x10, 0x01,
  0x4f, 0x43, 0x10, 0x01, 0x3f, 0x90, 0x01, 0x05, 0x04, 0x2c, 0x82, 0x4f,
  0xb2, 0x27, 0x5f, 0x43, 0x10, 0x01, 0x4f, 0x43, 0x10, 0x01, 0x0d, 0x4e,
  0x8d, 0x10, 0xcf, 0x4d, 0x04, 0x00, 0xcf, 0x4e, 0x05, 0x00, 0x10, 0x01,
  0x5e, 0x4f, 0x04, 0x00, 0x8e, 0x10, 0x5f, 0x4f, 0x05, 0x00, 0x0f, 0x5e,
  0x10, 0x01, 0x4c, 0x93, 0x06, 0x24, 0xdd, 0x4f, 0x06, 0x00, 0x00, 0x00,
  0x3c, 0x40, 0x28, 0x00, 0x06, 0x3c, 0xed, 0x4f, 0x00, 0x00, 0x5c, 0x4f,
  0x01, 0x00, 0x5c, 0x0a, 0x3c, 0x52, 0x0e, 0x9c, 0x02, 0x2c, 0x0f, 0x43,
  0x10, 0x01, 0x0f, 0x5c, 0x6d, 0x4d, 0x7d, 0x90, 0x06, 0x00, 0x12, 0x24,
  0x7d, 0x90, 0x11, 0x00, 0x12, 0x24, 0x7d, 0x90, 0x3a, 0x00, 0x11, 0x24,
  0x0d, 0x4c, 0x2d, 0x53, 0x0e, 0x9d, 0xef, 0x2b, 0x5d, 0x4f, 0x01, 0x00,
  0x5d, 0x0a, 0x3d, 0x52, 0x0c, 0x5d, 0x0e, 0x9c, 0x08, 0x2c, 0xe7, 0x3f,
  0x3d, 0x40, 0x14, 0x00, 0xf9, 0x3f, 0x3d, 0x42, 0xf7, 0x3f, 0x2d, 0x42,
  0xf5, 0x3f, 0x10, 0x01, 0x2b, 0x14, 0x0a, 0x4f, 0x09, 0x4e, 0x0b, 0x4d,
  0x5c, 0x43, 0x05, 0x3c, 0x0e, 0x4a, 0x0e, 0x8f, 0x4c, 0x43, 0x0d, 0x4b,
  0x0e, 0x59, 0xb1, 0x13, 0xf8, 0x3a, 0x0f, 0x93, 0x0a, 0x24, 0x6c, 0x4b,
  0x7c, 0x90, 0x06, 0x00, 0x06, 0x24, 0x7c, 0x90, 0x11, 0x00, 0x03, 0x24,
  0x7c, 0x90, 0x3a, 0x00, 0xed, 0x23, 0x29, 0x16, 0x10, 0x01, 0x2b, 0x14,
  0x21, 0x83, 0x0a, 0x4f, 0x09, 0x4e, 0x4b, 0x4d, 0x5c, 0x43, 0x0d, 0x41,
  0x05, 0x3c, 0x0e, 0x4a, 0x0e, 0x8f, 0x4c, 0x43, 0x0d, 0x41, 0x0e, 0x59,
  0xb1, 0x13, 0xf8, 0x3a, 0x0f, 0x93, 0x0c, 0x24, 0x6c, 0x41, 0x4c, 0x9b,
  0x09, 0x24, 0x7c, 0x90, 0x06, 0x00, 0x06, 0x24, 0x7c, 0x90, 0x11, 0x00,
  0x03, 0x24, 0x7c, 0x90, 0x3a, 0x00, 0xeb, 0x23, 0x6b, 0x91, 0x01, 0x24,
  0x0f, 0x43, 0x21, 0x53, 0x29, 0x16, 0x10, 0x01, 0x7f, 0x92, 0x05, 0x2c,
  0x4f, 0x4f, 0x5f, 0x02, 0x1f, 0x4f, 0x26, 0x24, 0x10, 0x01, 0x0f, 0x43,
  0x10, 0x01, 0x7f, 0x92, 0x06, 0x2c, 0x4f, 0x4f, 0x5f, 0x02, 0x8f, 0x4e,
  0x26, 0x24, 0x1f, 0x43, 0x10, 0x01, 0x0f, 0x43, 0x10, 0x01, 0x3d, 0x40,
  0x10, 0x00, 0x3e, 0x40, 0x36, 0x24, 0x3f, 0x40, 0x26, 0x24, 0xb1, 0x13,
  0x4c, 0x48, 0x10, 0x01, 0x82, 0x43, 0xb2, 0x27, 0x82, 0x43, 0x22, 0x24,
  0xc2, 0x43, 0xa9, 0x24, 0xb1, 0x13, 0xfc, 0x3b, 0x10, 0x01, 0x0b, 0x14,
  0x3b, 0x40, 0x36, 0x24, 0x3d, 0x40, 0x10, 0x00, 0x0e, 0x43, 0x0f, 0x4b,
  0xb1, 0x13, 0x1c, 0x4a, 0xbb, 0x43, 0x00, 0x00, 0x0b, 0x16, 0x10, 0x01,
  0x6b, 0x14, 0x05, 0x4f, 0x07, 0x4e, 0x0a, 0x4d, 0x0e, 0x93, 0x81, 0x24,
  0x0d, 0x93, 0x09, 0x20, 0x30, 0x12, 0x3c, 0xfe, 0x0e, 0x12, 0x0f, 0x12,
  0xb1, 0x13, 0xf0, 0x3e, 0x31, 0x50, 0x06, 0x00, 0x77, 0x3c, 0x8d, 0x93,
  0x00, 0x00, 0x24, 0x20, 0x8d, 0x93, 0x02, 0x00, 0x21, 0x20, 0x8d, 0x93,
  0x04, 0x00, 0x1e, 0x20, 0x8d, 0x93, 0x06, 0x00, 0x1b, 0x20, 0x8d, 0x93,
  0x08, 0x00, 0x18, 0x20, 0xbd, 0x93, 0x0a, 0x00, 0x15, 0x20, 0x5f, 0x4d,
  0x0f, 0x00, 0x0f, 0x12, 0x5f, 0x4d, 0x0e, 0x00, 0x0f, 0x12, 0x5f, 0x4d,
  0x0d, 0x00, 0x0f, 0x12, 0x5f, 0x4d, 0x0c, 0x00, 0x0f, 0x12, 0x30, 0x12,
  0x4b, 0xfe, 0x0e, 0x12, 0x05, 0x12, 0xb1, 0x13, 0xf0, 0x3e, 0x31, 0x50,
  0x0e, 0x00, 0x50, 0x3c, 0x08, 0x43, 0x09, 0x43, 0x0b, 0x43, 0x01, 0x3c,
  0x09, 0x46, 0x0f, 0x4a, 0x0f, 0x58, 0x66, 0x4f, 0x86, 0x10, 0x5f, 0x4f,
  0x01, 0x00, 0x06, 0x5f, 0x16, 0x20, 0x09, 0x93, 0x14, 0x38, 0x06, 0x49,
  0x16, 0x53, 0x09, 0x93, 0x36, 0x20, 0x30, 0x12, 0x5e, 0xfe, 0x0f, 0x47,
  0x0f, 0x8b, 0x0f, 0x12, 0x0f, 0x45, 0x0f, 0x5b, 0x0f, 0x12, 0xb1, 0x13,
  0xf0, 0x3e, 0x31, 0x50, 0x06, 0x00, 0x0b, 0x5f, 0x0b, 0x97, 0x27, 0x28,
  0x2a, 0x3c, 0x19, 0x93, 0x12, 0x34, 0x08, 0x93, 0x11, 0x24, 0x30, 0x12,
  0x61, 0xfe, 0x0f, 0x47, 0x0f, 0x8b, 0x0f, 0x12, 0x0f, 0x45, 0x0f, 0x5b,
  0x0f, 0x12, 0xb1, 0x13, 0xf0, 0x3e, 0x31, 0x50, 0x06, 0x00, 0x0b, 0x5f,
  0x0b, 0x97, 0x02, 0x28, 0x16, 0x3c, 0x39, 0x43, 0x06, 0x12, 0x30, 0x12,
  0x63, 0xfe, 0x0f, 0x47, 0x0f, 0x8b, 0x0f, 0x12, 0x0f, 0x45, 0x0f, 0x5b,
  0x0f, 0x12, 0xb1, 0x13, 0xf0, 0x3e, 0x31, 0x52, 0x0b, 0x5f, 0x0b, 0x97,
  0x01, 0x28, 0x05, 0x3c, 0x06, 0x49, 0x28, 0x53, 0x38, 0x90, 0x10, 0x00,
  0xb7, 0x23, 0x0f, 0x4b, 0x01, 0x3c, 0x0f, 0x43, 0x65, 0x16, 0x10, 0x01,
  0x1f, 0x42, 0x46, 0x24, 0x3f, 0x53, 0x82, 0x4f, 0x46, 0x24, 0x03, 0x20,
  0xb2, 0x40, 0x1c, 0x5a, 0x20, 0x01, 0x10, 0x01, 0x1f, 0x42, 0x20, 0x01,
  0x3f, 0xf0, 0xff, 0x00, 0x3f, 0xd0, 0x18, 0x5a, 0x82, 0x4f, 0x20, 0x01,
  0x10, 0x01, 0x1f, 0x42, 0x46, 0x24, 0x1f, 0x53, 0x82, 0x4f, 0x46, 0x24,
  0x1f, 0x93, 0x03, 0x20, 0xb2, 0x40, 0x80, 0x5a, 0x20, 0x01, 0x10, 0x01,
  0x82, 0x43, 0x46, 0x24, 0xb1, 0x13, 0x74, 0x3d, 0xd2, 0xc3, 0x02, 0x00,
  0xd2, 0xd3, 0x00, 0x00, 0x10, 0x01, 0x0b, 0x14, 0xb0, 0x13, 0xa2, 0x63,
  0xf2, 0xf0, 0xef, 0xff, 0x1d, 0x00, 0xf2, 0xb2, 0x03, 0x00, 0xfd, 0x27,
  0xf2, 0x40, 0x05, 0x00, 0x6f, 0x00, 0xd2, 0xb3, 0x6d, 0x00, 0xfd, 0x23,
  0x5e, 0x42, 0x6e, 0x00, 0xc2, 0x43, 0x6f, 0x00, 0xe2, 0xb2, 0x03, 0x00,
  0xfd, 0x27, 0x5b, 0x42, 0x6e, 0x00, 0xf2, 0xd0, 0x10, 0x00, 0x1d, 0x00,
  0x02, 0xdf, 0xb1, 0x13, 0x62, 0x3d, 0x5b, 0xb3, 0xe1, 0x23, 0x4f, 0x4b,
  0x0b, 0x16, 0x10, 0x01, 0xb0, 0x13, 0xc0, 0xbf, 0xf2, 0xd0, 0x10, 0x00,
  0x1e, 0x00, 0xf2, 0xd0, 0x80, 0xff, 0x32, 0x00, 0xf2, 0xd0, 0x10, 0x00,
  0x1d, 0x00, 0xf2, 0xd0, 0x80, 0xff, 0x31, 0x00, 0x10, 0x01, 0x5b, 0x14,
  0x07, 0x4f, 0x09, 0x4e, 0x06, 0x4c, 0x0a, 0x4d, 0x08, 0x4f, 0x08, 0x5e,
  0xb1, 0x13, 0x9c, 0x3d, 0xb0, 0x13, 0xa2, 0x63, 0xf2, 0xf0, 0xef, 0xff,
  0x1d, 0x00, 0xf2, 0xb2, 0x03, 0x00, 0xfd, 0x27, 0xf2, 0x40, 0x03, 0x00,
  0x6f, 0x00, 0xf2, 0xb2, 0x03, 0x00, 0xfd, 0x27, 0xc2, 0x4a, 0x6f, 0x00,
  0xf2, 0xb2, 0x03, 0x00, 0xfd, 0x27, 0x0b, 0x46, 0x8b, 0x10, 0x8a, 0x10,
  0x4b, 0xea, 0x0b, 0xea, 0xc2, 0x4b, 0x6f, 0x00, 0x5b, 0x42, 0x03, 0x00,
  0x7b, 0xf2, 0xfc, 0x27, 0xc2, 0x46, 0x6f, 0x00, 0xd2, 0xb3, 0x6d, 0x00,
  0xfd, 0x23, 0x5e, 0x42, 0x6e, 0x00, 0x0d, 0x47, 0x0b, 0x3c, 0xc2, 0x43,
  0x6f, 0x00, 0xe2, 0xb2, 0x03, 0x00, 0xfd, 0x27, 0x5e, 0x42, 0x6e, 0x00,
  0x7e, 0xe3, 0xcd, 0x4e, 0x00, 0x00, 0x1d, 0x53, 0x0d, 0x98, 0xf3, 0x2b,
  0xf2, 0xd0, 0x10, 0x00, 0x1d, 0x00, 0x02, 0xdf, 0x0f, 0x49, 0x56, 0x16,
  0x10, 0x01, 0x0d, 0x41, 0x2d, 0x52, 0x3e, 0x4d, 0x8f, 0x01, 0x8a, 0x11,
  0xb1, 0x13, 0x82, 0x40, 0x10, 0x01, 0x1e, 0x42, 0x4a, 0x24, 0x1e, 0x93,
  0x0b, 0x38, 0x1d, 0x42, 0x48, 0x24, 0xcd, 0x4f, 0x00, 0x00, 0x1d, 0x53,
  0x82, 0x4d, 0x48, 0x24, 0x3e, 0x53, 0x82, 0x4e, 0x4a, 0x24, 0x10, 0x01,
  0x3f, 0x43, 0x10, 0x01, 0x1b, 0x14, 0x21, 0x83, 0x81, 0x4e, 0x00, 0x00,
  0x1a, 0x42, 0x48, 0x24, 0x1b, 0x42, 0x4a, 0x24, 0x0d, 0x4e, 0x0e, 0x4f,
  0x8f, 0x01, 0x98, 0x3e, 0xb1, 0x13, 0x82, 0x40, 0x0f, 0x9b, 0x04, 0x38,
  0x0b, 0x5a, 0xcb, 0x43, 0xff, 0xff, 0x04, 0x3c, 0x1e, 0x42, 0x48, 0x24,
  0xce, 0x43, 0x00, 0x00, 0x21, 0x53, 0x1a, 0x16, 0x10, 0x01, 0x92, 0x41,
  0x04, 0x00, 0x48, 0x24, 0x92, 0x41, 0x06, 0x00, 0x4a, 0x24, 0x0e, 0x41,
  0x3e, 0x50, 0x0a, 0x00, 0x1f, 0x41, 0x08, 0x00, 0xb1, 0x13, 0xba, 0x3e,
  0x10, 0x01, 0x7b, 0x14, 0x31, 0x82, 0xc9, 0x0f, 0x05, 0x4e, 0x0b, 0x4d,
  0x17, 0x41, 0x2c, 0x00, 0x1d, 0x41, 0x2e, 0x00, 0x06, 0x4d, 0x86, 0x10,
  0x4f, 0x46, 0x4c, 0x4d, 0x4e, 0x47, 0x4e, 0x93, 0x11, 0x34, 0xf1, 0x40,
  0x30, 0x00, 0x00, 0x00, 0x0d, 0x47, 0x8d, 0x10, 0x6d, 0xf3, 0x03, 0x24,
  0x7d, 0x40, 0x58, 0x00, 0x02, 0x3c, 0x7d, 0x40, 0x78, 0x00, 0xc1, 0x4d,
  0x01, 0x00, 0x0a, 0x41, 0x2a, 0x53, 0x0f, 0x3c, 0x7e, 0xb0, 0x40, 0x00,
  0x04, 0x24, 0xf1, 0x40, 0x30, 0x00, 0x00, 0x00, 0x04, 0x3c, 0x4c, 0x93,
  0x05, 0x24, 0xc1, 0x4d, 0x00, 0x00, 0x0a, 0x41, 0x1a, 0x53, 0x01, 0x3c,
  0x0a, 0x41, 0x0a, 0x81, 0x87, 0x10, 0x77, 0xb2, 0x02, 0x24, 0x08, 0x4f,
  0x01, 0x3c, 0x38, 0x43, 0x7e, 0xf0, 0x20, 0x00, 0x47, 0x20, 0x0c, 0x45,
  0x3c, 0x53, 0x1c, 0x53, 0xcc, 0x93, 0x00, 0x00, 0xfc, 0x23, 0x0c, 0x85,
  0x0b, 0x9a, 0x02, 0x28, 0x0b, 0x8a, 0x01, 0x3c, 0x0b, 0x43, 0x67, 0xb2,
  0x05, 0x24, 0x0b, 0x9f, 0x02, 0x28, 0x0b, 0x8f, 0x01, 0x3c, 0x0b, 0x43,
  0x08, 0x9c, 0x01, 0x2c, 0x0c, 0x48, 0x57, 0xb3, 0x11, 0x20, 0xf1, 0x40,
  0x20, 0x00, 0x02, 0x00, 0x04, 0x43, 0x0d, 0x43, 0x16, 0x3c, 0x0f, 0x41,
  0x0f, 0x54, 0x6f, 0x4f, 0x8f, 0x11, 0x14, 0x53, 0x81, 0x4c, 0x06, 0x00,
  0x49, 0x13, 0x1c, 0x41, 0x06, 0x00, 0x01, 0x3c, 0x04, 0x43, 0x04, 0x9a,
  0xf2, 0x3b, 0x04, 0x4a, 0x0a, 0x93, 0x01, 0x34, 0x04, 0x43, 0x0d, 0x4a,
  0xf1, 0x40, 0x30, 0x00, 0x02, 0x00, 0x0c, 0x8d, 0x81, 0x4c, 0x04, 0x00,
  0x09, 0x3c, 0x5f, 0x41, 0x02, 0x00, 0x8f, 0x11, 0x81, 0x4d, 0x06, 0x00,
  0x49, 0x13, 0x1d, 0x41, 0x06, 0x00, 0x1d, 0x53, 0x1f, 0x41, 0x04, 0x00,
  0x0f, 0x5d, 0x0f, 0x9b, 0xf2, 0x2b, 0x02, 0x3c, 0x04, 0x43, 0x0d, 0x43,
  0x0d, 0x84, 0x81, 0x4d, 0x04, 0x00, 0x05, 0x3c, 0x14, 0x53, 0x0d, 0x51,
  0x6f, 0x4d, 0x8f, 0x11, 0x49, 0x13, 0x0d, 0x44, 0x1f, 0x41, 0x04, 0x00,
  0x0f, 0x54, 0x81, 0x4f, 0x02, 0x00, 0x04, 0x9a, 0xf3, 0x3b, 0x67, 0xf2,
  0x05, 0x24, 0x4a, 0x46, 0x0a, 0x3c, 0x4f, 0x46, 0x1f, 0x51, 0x02, 0x00,
  0x08, 0x5f, 0x0a, 0x4f, 0x05, 0x8f, 0x0a, 0x3c, 0x3f, 0x40, 0x30, 0x00,
  0x49, 0x13, 0x7a, 0x53, 0x7a, 0x93, 0xfa, 0x23, 0xf2, 0x3f, 0x8f, 0x11,
  0x49, 0x13, 0x1a, 0x53, 0x0f, 0x45, 0x0f, 0x5a, 0x6f, 0x4f, 0x4f, 0x93,
  0x07, 0x24, 0x0a, 0x98, 0xf6, 0x23, 0x04, 0x3c, 0x3f, 0x40, 0x20, 0x00,
  0x49, 0x13, 0x1a, 0x53, 0x0a, 0x9b, 0xfa, 0x2b, 0x0f, 0x4a, 0x31, 0x52,
  0x74, 0x16, 0x10, 0x01, 0x7b, 0x14, 0x31, 0x50, 0xbe, 0xff, 0x71, 0x0f,
  0x3c, 0x00, 0x0b, 0x4d, 0x81, 0x4e, 0x40, 0x00, 0xc1, 0x43, 0x2b, 0x00,
  0xc1, 0x43, 0x26, 0x00, 0xc1, 0x43, 0x2a, 0x00, 0xc1, 0x43, 0x27, 0x00,
  0x81, 0x43, 0x30, 0x00, 0x04, 0x43, 0x0d, 0x43, 0x81, 0x43, 0x28, 0x00,
  0x08, 0x41, 0x38, 0x50, 0x18, 0x00, 0x81, 0x48, 0x1c, 0x00, 0x80, 0x01,
  0xa4, 0x47, 0x0d, 0x93, 0x1d, 0x20, 0x7f, 0x90, 0x25, 0x00, 0x13, 0x20,
  0x81, 0x43, 0x18, 0x00, 0x81, 0x43, 0x1a, 0x00, 0x81, 0x4e, 0x40, 0x00,
  0xc1, 0x43, 0x2b, 0x00, 0xc1, 0x43, 0x26, 0x00, 0xc1, 0x43, 0x2a, 0x00,
  0xc1, 0x43, 0x27, 0x00, 0x81, 0x43, 0x30, 0x00, 0x80, 0x01, 0x9c, 0x47,
  0x0b, 0x4a, 0x8f, 0x11, 0x51, 0x13, 0x3e, 0x00, 0x91, 0x53, 0x28, 0x00,
  0x80, 0x01, 0x84, 0x47, 0x7f, 0x90, 0x3a, 0x00, 0x2b, 0x34, 0x7f, 0x90,
  0x31, 0x00, 0xba, 0x34, 0x7f, 0x90, 0x2a, 0x00, 0x8d, 0x24, 0x7f, 0x90,
  0x2b, 0x00, 0x11, 0x34, 0x7f, 0x90, 0x20, 0x00, 0x73, 0x24, 0x7f, 0x90,
  0x21, 0x00, 0x04, 0x34, 0x7f, 0x90, 0x8a, 0xff, 0x43, 0x20, 0x50, 0x3c,
  0x7f, 0x90, 0x23, 0x00, 0x48, 0x24, 0x7f, 0x90, 0x25, 0x00, 0x3c, 0x20,
  0xdc, 0x3f, 0x7f, 0x90, 0x2d, 0x00, 0x58, 0x24, 0x7f, 0x90, 0x2e, 0x00,
  0x04, 0x34, 0x7f, 0x90, 0x2b, 0x00, 0x32, 0x20, 0x56, 0x3c, 0x7f, 0x90,
  0x2e, 0x00, 0x63, 0x24, 0x7f, 0x90, 0x30, 0x00, 0x2b, 0x20, 0x7f, 0x3c,
  0x7f, 0x90, 0x6c, 0x00, 0x39, 0x24, 0x7f, 0x90, 0x6d, 0x00, 0x11, 0x34,
  0x7f, 0x90, 0x63, 0x00, 0x92, 0x24, 0x7f, 0x90, 0x64, 0x00, 0x04, 0x34,
  0x7f, 0x90, 0x58, 0x00, 0x1b, 0x20, 0xd4, 0x3c, 0x7f, 0x90, 0x64, 0x00,
  0xd4, 0x24, 0x7f, 0x90, 0x69, 0x00, 0x14, 0x20, 0xd0, 0x3c, 0x7f, 0x90,
  0x73, 0x00, 0x90, 0x24, 0x7f, 0x90, 0x74, 0x00, 0x07, 0x34, 0x7f, 0x90,
  0x6f, 0x00, 0x11, 0x24, 0x7f, 0x90, 0x70, 0x00, 0x07, 0x20, 0xaa, 0x3c,
  0x7f, 0x90, 0x75, 0x00, 0xc2, 0x24, 0x7f, 0x90, 0x78, 0x00, 0xc2, 0x24,
  0x19, 0x41, 0x40, 0x00, 0x1a, 0x41, 0x28, 0x00, 0x0a, 0x89, 0x80, 0x01,
  0x72, 0x47, 0x3a, 0x42, 0xbb, 0x3c, 0xf1, 0xd0, 0x10, 0x00, 0x18, 0x00,
  0x80, 0x01, 0x9e, 0x47, 0xd1, 0xd3, 0x18, 0x00, 0x80, 0x01, 0x9e, 0x47,
  0x5e, 0x41, 0x18, 0x00, 0x6e, 0xf3, 0x5f, 0x41, 0x18, 0x00, 0x03, 0x24,
  0x6f, 0xc3, 0x6f, 0xd2, 0x01, 0x3c, 0x6f, 0xd3, 0xc1, 0x4f, 0x18, 0x00,
  0x80, 0x01, 0x9e, 0x47, 0xf1, 0xd0, 0x20, 0x00, 0x18, 0x00, 0x80, 0x01,
  0x9e, 0x47, 0xf1, 0x40, 0x2b, 0x00, 0x1a, 0x00, 0x80, 0x01, 0x9e, 0x47,
  0xf1, 0x90, 0x2b, 0x00, 0x1a, 0x00, 0x02, 0x20, 0x80, 0x01, 0x9e, 0x47,
  0xf1, 0x40, 0x20, 0x00, 0x1a, 0x00, 0x80, 0x01, 0x9e, 0x47, 0xc1, 0x93,
  0x27, 0x00, 0x02, 0x24, 0x80, 0x01, 0x88, 0x47, 0xd1, 0x43, 0x2a, 0x00,
  0x80, 0x01, 0x9e, 0x47, 0x0f, 0x4b, 0x2f, 0x53, 0x2e, 0x4b, 0x0e, 0x93,
  0x02, 0x38, 0x04, 0x4e, 0x0b, 0x3c, 0xc1, 0x93, 0x2a, 0x00, 0x02, 0x24,
  0x80, 0x01, 0x96, 0x47, 0xf1, 0xd0, 0x20, 0x00, 0x18, 0x00, 0x04, 0x4e,
  0x34, 0xe3, 0x14, 0x53, 0x0b, 0x4f, 0xd1, 0x43, 0x27, 0x00, 0x80, 0x01,
  0x9e, 0x47, 0x04, 0x93, 0x11, 0x20, 0xc1, 0x93, 0x2a, 0x00, 0x0e, 0x20,
  0x5f, 0x41, 0x18, 0x00, 0x5f, 0x0f, 0x5f, 0x03, 0x59, 0x43, 0x49, 0xcf,
  0x5e, 0x41, 0x19, 0x00, 0x5e, 0xc3, 0x4e, 0xd9, 0xc1, 0x4e, 0x19, 0x00,
  0x80, 0x01, 0x9e, 0x47, 0x0e, 0x44, 0x5e, 0x02, 0x54, 0x0a, 0x04, 0x5e,
  0x34, 0x50, 0xd0, 0xff, 0x8f, 0x11, 0x04, 0x5f, 0xe0, 0x3f, 0x0a, 0x4b,
  0x2a, 0x53, 0x6f, 0x4b, 0xc1, 0x93, 0x2a, 0x00, 0x03, 0x20, 0xc1, 0x93,
  0x27, 0x00, 0x26, 0x27, 0xc1, 0x4f, 0x00, 0x00, 0xc1, 0x43, 0x01, 0x00,
  0x0e, 0x41, 0x03, 0x3c, 0x0a, 0x4b, 0x2a, 0x53, 0x2e, 0x4b, 0xc1, 0x93,
  0x2a, 0x00, 0x05, 0x24, 0xf1, 0xd2, 0x19, 0x00, 0xc1, 0x44, 0x1b, 0x00,
  0x05, 0x3c, 0xc1, 0x93, 0x27, 0x00, 0x02, 0x24, 0x81, 0x44, 0x30, 0x00,
  0x0e, 0x93, 0x02, 0x20, 0x3e, 0x40, 0x66, 0xfe, 0x11, 0x12, 0x1c, 0x00,
  0x11, 0x12, 0x1c, 0x00, 0x1d, 0x41, 0x34, 0x00, 0x3f, 0x01, 0x40, 0x00,
  0xb1, 0x13, 0x0c, 0x3f, 0x21, 0x52, 0x81, 0x5f, 0x28, 0x00, 0x0b, 0x4a,
  0x80, 0x01, 0x84, 0x47, 0x0d, 0x4b, 0x2d, 0x53, 0x2e, 0x4b, 0x81, 0x4e,
  0x1e, 0x00, 0x5f, 0x43, 0x0e, 0x93, 0x01, 0x20, 0x4f, 0x43, 0x1f, 0xf3,
  0x5f, 0x0e, 0x5e, 0x41, 0x18, 0x00, 0x7e, 0xf0, 0xef, 0xff, 0x4e, 0xdf,
  0xc1, 0x4e, 0x18, 0x00, 0x0b, 0x4d, 0x3a, 0x40, 0x10, 0x00, 0x70, 0x3c,
  0xe1, 0xd3, 0x19, 0x00, 0x05, 0x3c, 0xf1, 0xd2, 0x18, 0x00, 0x3a, 0x40,
  0x0a, 0x00, 0x02, 0x3c, 0x3a, 0x40, 0x10, 0x00, 0x5f, 0x41, 0x18, 0x00,
  0x6f, 0xb2, 0x24, 0x24, 0x0c, 0x4b, 0x3c, 0x52, 0x2d, 0x4b, 0x1e, 0x4b,
  0x02, 0x00, 0x1f, 0x4b, 0x04, 0x00, 0x1b, 0x4b, 0x06, 0x00, 0x81, 0x4d,
  0x1e, 0x00, 0x81, 0x4e, 0x20, 0x00, 0x81, 0x4f, 0x22, 0x00, 0x81, 0x4b,
  0x24, 0x00, 0xd1, 0x43, 0x26, 0x00, 0x0d, 0x93, 0x06, 0x20, 0x0e, 0x93,
  0x04, 0x20, 0x0f, 0x93, 0x02, 0x20, 0x0b, 0x93, 0x02, 0x24, 0xc1, 0x43,
  0x26, 0x00, 0x0b, 0x5b, 0x0b, 0x43, 0x0b, 0x6b, 0xc1, 0x4b, 0x2b, 0x00,
  0x0b, 0x4c, 0x3e, 0x3c, 0x6f, 0xb3, 0x18, 0x24, 0x0d, 0x4b, 0x2d, 0x52,
  0x2e, 0x4b, 0x1f, 0x4b, 0x02, 0x00, 0x81, 0x4e, 0x1e, 0x00, 0x81, 0x4f,
  0x20, 0x00, 0xd1, 0x43, 0x26, 0x00, 0x0e, 0x93, 0x02, 0x20, 0x0f, 0x93,
  0x02, 0x24, 0xc1, 0x43, 0x26, 0x00, 0x0f, 0x5f, 0x0f, 0x43, 0x0f, 0x6f,
  0xc1, 0x4f, 0x2b, 0x00, 0x0b, 0x4d, 0x24, 0x3c, 0x5f, 0xf3, 0x0e, 0x4b,
  0x11, 0x24, 0x2e, 0x52, 0x0f, 0x0b, 0x71, 0x0f, 0x1e, 0x00, 0xd1, 0x43,
  0x26, 0x00, 0xdf, 0x03, 0x02, 0x24, 0xc1, 0x43, 0x26, 0x00, 0xd1, 0x43,
  0x2b, 0x00, 0xdf, 0x03, 0x12, 0x38, 0xc1, 0x43, 0x2b, 0x00, 0x0f, 0x3c,
  0x2e, 0x53, 0x2f, 0x4b, 0x81, 0x4f, 0x1e, 0x00, 0xd1, 0x43, 0x26, 0x00,
  0x0f, 0x93, 0x02, 0x24, 0xc1, 0x43, 0x26, 0x00, 0x0f, 0x5f, 0x0f, 0x43,
  0x0f, 0x6f, 0xc1, 0x4f, 0x2b, 0x00, 0x0b, 0x4e, 0xf1, 0xb0, 0x10, 0x00,
  0x18, 0x00, 0x11, 0x24, 0xc1, 0x93, 0x26, 0x00, 0x0e, 0x20, 0x5f, 0x41,
  0x18, 0x00, 0x3a, 0x90, 0x10, 0x00, 0x03, 0x20, 0x7f, 0xd0, 0x80, 0xff,
  0x04, 0x3c, 0x3a, 0x92, 0x04, 0x20, 0x7f, 0xd0, 0x40, 0x00, 0xc1, 0x4f,
  0x18, 0x00, 0x5d, 0x41, 0x18, 0x00, 0x7d, 0xb2, 0x45, 0x24, 0xc1, 0x93,
  0x2b, 0x00, 0x42, 0x24, 0xf1, 0x40, 0x2d, 0x00, 0x1a, 0x00, 0x6d, 0xb2,
  0x11, 0x24, 0xb1, 0xe3, 0x1e, 0x00, 0xb1, 0xe3, 0x20, 0x00, 0xb1, 0xe3,
  0x22, 0x00, 0xb1, 0xe3, 0x24, 0x00, 0x91, 0x53, 0x1e, 0x00, 0x81, 0x63,
  0x20, 0x00, 0x81, 0x63, 0x22, 0x00, 0x81, 0x63, 0x24, 0x00, 0x2c, 0x3c,
  0x6d, 0xb3, 0x0f, 0x24, 0x1e, 0x41, 0x1e, 0x00, 0x1f, 0x41, 0x20, 0x00,
  0x3e, 0xe3, 0x3f, 0xe3, 0x08, 0x4e, 0x09, 0x4f, 0x18, 0x53, 0x09, 0x63,
  0x81, 0x48, 0x1e, 0x00, 0x81, 0x49, 0x20, 0x00, 0x1b, 0x3c, 0x5d, 0xb3,
  0x13, 0x24, 0x18, 0x41, 0x1e, 0x00, 0x19, 0x41, 0x20, 0x00, 0x0f, 0x49,
  0x3f, 0xf0, 0x0f, 0x00, 0x12, 0xc3, 0x04, 0x18, 0x4f, 0x10, 0x00, 0x18,
  0x4f, 0xd8, 0x00, 0x18, 0x7f, 0xe3, 0xaf, 0x00, 0x01, 0x00, 0x71, 0x0f,
  0x1e, 0x00, 0x06, 0x3c, 0x1f, 0x41, 0x1e, 0x00, 0x3f, 0xe3, 0x1f, 0x53,
  0x81, 0x4f, 0x1e, 0x00, 0xc1, 0x43, 0x17, 0x00, 0x6d, 0xb2, 0x68, 0x24,
  0x16, 0x41, 0x1e, 0x00, 0x15, 0x41, 0x20, 0x00, 0x91, 0x41, 0x22, 0x00,
  0x2c, 0x00, 0x17, 0x41, 0x24, 0x00, 0x08, 0x41, 0x38, 0x50, 0x15, 0x00,
  0x81, 0x4a, 0x32, 0x00, 0x0f, 0x4a, 0x8f, 0x10, 0x8f, 0x11, 0x8f, 0x10,
  0x8f, 0x11, 0x81, 0x4f, 0x34, 0x00, 0x81, 0x4f, 0x36, 0x00, 0x81, 0x4f,
  0x38, 0x00, 0x1c, 0x41, 0x32, 0x00, 0x1d, 0x41, 0x34, 0x00, 0x1e, 0x41,
  0x36, 0x00, 0x1f, 0x41, 0x38, 0x00, 0x3f, 0x15, 0x0c, 0x46, 0x0d, 0x45,
  0x1e, 0x41, 0x34, 0x00, 0x0f, 0x47, 0xb0, 0x13, 0xee, 0x34, 0x31, 0x52,
  0x3c, 0x90, 0x0a, 0x00, 0x06, 0x34, 0x09, 0x48, 0x7c, 0x50, 0x30, 0x00,
  0xc8, 0x4c, 0x01, 0x00, 0x0d, 0x3c, 0x4c, 0x4c, 0xe1, 0xb3, 0x19, 0x00,
  0x03, 0x24, 0x7f, 0x40, 0x37, 0x00, 0x02, 0x3c, 0x7f, 0x40, 0x57, 0x00,
  0x09, 0x48, 0x4f, 0x5c, 0xc8, 0x4f, 0x01, 0x00, 0x1c, 0x41, 0x32, 0x00,
  0x1d, 0x41, 0x34, 0x00, 0x1e, 0x41, 0x36, 0x00, 0x1f, 0x41, 0x38, 0x00,
  0x3f, 0x15, 0x0c, 0x46, 0x0d, 0x45, 0x1e, 0x41, 0x34, 0x00, 0x0f, 0x47,
  0xb0, 0x13, 0xd4, 0x34, 0x31, 0x52, 0x06, 0x4c, 0x05, 0x4d, 0x81, 0x4e,
  0x2c, 0x00, 0x07, 0x4f, 0x38, 0x53, 0x0c, 0x93, 0xb3, 0x23, 0x0d, 0x93,
  0xb1, 0x23, 0x0e, 0x93, 0xaf, 0x23, 0x0f, 0x93, 0xad, 0x23, 0x81, 0x43,
  0x1e, 0x00, 0x81, 0x43, 0x20, 0x00, 0x81, 0x43, 0x22, 0x00, 0x81, 0x43,
  0x24, 0x00, 0xc2, 0x3c, 0x6d, 0xb3, 0x3a, 0x24, 0x15, 0x41, 0x1e, 0x00,
  0x16, 0x41, 0x20, 0x00, 0x07, 0x41, 0x37, 0x50, 0x15, 0x00, 0x08, 0x4a,
  0x88, 0x10, 0x88, 0x11, 0x88, 0x10, 0x88, 0x11, 0x0c, 0x4a, 0x0d, 0x48,
  0x0e, 0x45, 0x0f, 0x46, 0xb0, 0x13, 0x2c, 0x34, 0x3e, 0x90, 0x0a, 0x00,
  0x06, 0x34, 0x09, 0x47, 0x7e, 0x50, 0x30, 0x00, 0xc7, 0x4e, 0x01, 0x00,
  0x0d, 0x3c, 0x4e, 0x4e, 0xe1, 0xb3, 0x19, 0x00, 0x03, 0x24, 0x7f, 0x40,
  0x37, 0x00, 0x02, 0x3c, 0x7f, 0x40, 0x57, 0x00, 0x09, 0x47, 0x4f, 0x5e,
  0xc7, 0x4f, 0x01, 0x00, 0x0c, 0x4a, 0x0d, 0x48, 0x0e, 0x45, 0x0f, 0x46,
  0xb0, 0x13, 0xfe, 0x33, 0x05, 0x4e, 0x06, 0x4f, 0x37, 0x53, 0x0e, 0x93,
  0xd4, 0x23, 0x0f, 0x93, 0xd2, 0x23, 0x81, 0x43, 0x1e, 0x00, 0x81, 0x43,
  0x20, 0x00, 0x86, 0x3c, 0x5d, 0xf3, 0x5b, 0x24, 0x1d, 0x41, 0x1e, 0x00,
  0x1e, 0x41, 0x20, 0x00, 0x06, 0x4e, 0x36, 0xf0, 0x0f, 0x00, 0x12, 0xc3,
  0x04, 0x18, 0x46, 0x10, 0x00, 0x18, 0x46, 0xdd, 0x07, 0x41, 0x37, 0x50,
  0x15, 0x00, 0x08, 0x4a, 0x0a, 0x93, 0x03, 0x34, 0x80, 0x1f, 0x78, 0xd0,
  0x00, 0x00, 0xc5, 0x06, 0x04, 0x18, 0x45, 0x65, 0xcd, 0x08, 0x04, 0x18,
  0x4d, 0x6d, 0x0c, 0x48, 0x3d, 0xf0, 0x0f, 0x00, 0x0e, 0x46, 0xc9, 0x05,
  0x39, 0xf0, 0x0f, 0x00, 0x0f, 0x49, 0xb0, 0x13, 0x2c, 0x34, 0x81, 0x4e,
  0x2c, 0x00, 0x81, 0x4f, 0x2e, 0x00, 0x3f, 0x01, 0x2c, 0x00, 0x3f, 0x90,
  0x0a, 0x00, 0x06, 0x34, 0x09, 0x47, 0x7f, 0x50, 0x30, 0x00, 0xc7, 0x4f,
  0x01, 0x00, 0x0d, 0x3c, 0x4f, 0x4f, 0xe1, 0xb3, 0x19, 0x00, 0x03, 0x24,
  0x7e, 0x40, 0x37, 0x00, 0x02, 0x3c, 0x7e, 0x40, 0x57, 0x00, 0x09, 0x47,
  0x4e, 0x5f, 0xc7, 0x4e, 0x01, 0x00, 0xcd, 0x08, 0x04, 0x18, 0x4d, 0x6d,
  0x0c, 0x48, 0x3d, 0xf0, 0x0f, 0x00, 0x0e, 0x46, 0xc8, 0x05, 0x38, 0xf0,
  0x0f, 0x00, 0x0f, 0x48, 0xb0, 0x13, 0xfe, 0x33, 0x81, 0x4e, 0x2c, 0x00,
  0x81, 0x4f, 0x2e, 0x00, 0x36, 0x01, 0x2c, 0x00, 0x37, 0x53, 0xd6, 0x03,
  0xb8, 0x23, 0xcc, 0x03, 0x71, 0x0c, 0x1e, 0x00, 0x29, 0x3c, 0x17, 0x41,
  0x1e, 0x00, 0x08, 0x41, 0x38, 0x50, 0x15, 0x00, 0x0e, 0x4a, 0x0f, 0x47,
  0xb0, 0x13, 0xbc, 0x33, 0x3f, 0x90, 0x0a, 0x00, 0x06, 0x34, 0x09, 0x48,
  0x7f, 0x50, 0x30, 0x00, 0xc8, 0x4f, 0x01, 0x00, 0x0d, 0x3c, 0x4f, 0x4f,
  0xe1, 0xb3, 0x19, 0x00, 0x03, 0x24, 0x7e, 0x40, 0x37, 0x00, 0x02, 0x3c,
  0x7e, 0x40, 0x57, 0x00, 0x09, 0x48, 0x4e, 0x5f, 0xc8, 0x4e, 0x01, 0x00,
  0x0e, 0x4a, 0x0f, 0x47, 0xb0, 0x13, 0xa2, 0x33, 0x07, 0x4f, 0x38, 0x53,
  0x0f, 0x93, 0xde, 0x23, 0x81, 0x43, 0x1e, 0x00, 0x3a, 0x90, 0x0a, 0x00,
  0x02, 0x24, 0xc1, 0x43, 0x1a, 0x00, 0xc1, 0x93, 0x2a, 0x00, 0x0d, 0x24,
  0x1f, 0x41, 0x1c, 0x00, 0x0f, 0x89, 0x2f, 0x83, 0x0f, 0x94, 0x0c, 0x2c,
  0xe1, 0xd2, 0x19, 0x00, 0x4d, 0x44, 0x4d, 0x8f, 0xc1, 0x4d, 0x1b, 0x00,
  0x05, 0x3c, 0xc1, 0x93, 0x27, 0x00, 0x02, 0x24, 0x81, 0x44, 0x30, 0x00,
  0x11, 0x12, 0x1c, 0x00, 0x11, 0x12, 0x1c, 0x00, 0x1d, 0x41, 0x34, 0x00,
  0x0e, 0x49, 0x1e, 0x53, 0x3f, 0x01, 0x40, 0x00, 0xb1, 0x13, 0x0c, 0x3f,
  0x21, 0x52, 0x81, 0x5f, 0x28, 0x00, 0x0d, 0x3c, 0x7f, 0x49, 0x8f, 0x11,
  0x51, 0x13, 0x3e, 0x00, 0x0f, 0x49, 0x0f, 0x5a, 0x19, 0x91, 0x3a, 0x00,
  0xf7, 0x2b, 0x81, 0x49, 0x40, 0x00, 0x81, 0x4f, 0x28, 0x00, 0x0d, 0x43,
  0x0c, 0x3c, 0x81, 0x44, 0x30, 0x00, 0xd1, 0x43, 0x2a, 0x00, 0xc1, 0x43,
  0x27, 0x00, 0x03, 0x3c, 0x0b, 0x4f, 0xd1, 0x43, 0x27, 0x00, 0x04, 0x43,
  0x1d, 0x43, 0x1e, 0x41, 0x3a, 0x00, 0x81, 0x4e, 0x3a, 0x00, 0x08, 0x4e,
  0x91, 0x53, 0x3a, 0x00, 0x7f, 0x48, 0x4f, 0x93, 0x02, 0x24, 0x80, 0x01,
  0xbc, 0x40, 0x1f, 0x41, 0x28, 0x00, 0x31, 0x50, 0x42, 0x00, 0x74, 0x16,
  0x10, 0x01, 0x0b, 0x14, 0x0b, 0x4f, 0x6f, 0x4b, 0x4f, 0x93, 0x06, 0x24,
  0x1b, 0x53, 0x8f, 0x11, 0xb1, 0x13, 0x8a, 0x11, 0x0f, 0x93, 0xf7, 0x37,
  0xcb, 0x93, 0x00, 0x00, 0x05, 0x20, 0x3f, 0x40, 0x0a, 0x00, 0xb1, 0x13,
  0x8a, 0x11, 0x01, 0x3c, 0x3f, 0x43, 0x0b, 0x16, 0x10, 0x01, 0x3c, 0x40,
  0x6d, 0x4e, 0x3d, 0x40, 0xc6, 0x41, 0x1e, 0x42, 0x34, 0x12, 0x1f, 0x42,
  0x36, 0x12, 0xb0, 0x13, 0x7c, 0x33, 0x3e, 0x50, 0x39, 0x30, 0x0f, 0x63,
  0x82, 0x4e, 0x34, 0x12, 0x82, 0x4f, 0x36, 0x12, 0x0f, 0x4e, 0x10, 0x01,
  0x82, 0x4f, 0x34, 0x12, 0x82, 0x43, 0x36, 0x12, 0x10, 0x01, 0x1b, 0x14,
  0x0d, 0x93, 0x10, 0x24, 0x0c, 0x43, 0x0b, 0x4f, 0x0b, 0x5c, 0x6a, 0x4b,
  0x0b, 0x4e, 0x0b, 0x5c, 0x6b, 0x4b, 0x4a, 0x9b, 0x04, 0x24, 0x4f, 0x4a,
  0x4b, 0x4b, 0x0f, 0x8b, 0x04, 0x3c, 0x1c, 0x53, 0x0d, 0x9c, 0xf1, 0x23,
  0x0f, 0x43, 0x1a, 0x16, 0x10, 0x01, 0x3b, 0x14, 0x0d, 0x93, 0x6f, 0x24,
  0x0f, 0x9e, 0x6d, 0x24, 0x35, 0x2c, 0x0c, 0x4e, 0x0c, 0xdf, 0x1c, 0xf3,
  0x1d, 0x24, 0x0c, 0x4e, 0x0c, 0xef, 0x1c, 0xf3, 0x07, 0x20, 0x2d, 0x93,
  0x07, 0x28, 0x0c, 0x4e, 0x1c, 0xf3, 0x2b, 0x43, 0x0b, 0x8c, 0x03, 0x3c,
  0x0b, 0x4d, 0x01, 0x3c, 0x1b, 0x43, 0x0d, 0x8b, 0x0c, 0x43, 0x09, 0x4e,
  0x09, 0x5c, 0x0a, 0x4f, 0x0a, 0x5c, 0xea, 0x49, 0x00, 0x00, 0x1c, 0x53,
  0x0c, 0x9b, 0xf7, 0x23, 0x0b, 0x4f, 0x0b, 0x5c, 0x0e, 0x5c, 0x01, 0x3c,
  0x0b, 0x4f, 0x0c, 0x4d, 0x5c, 0x03, 0x0b, 0x24, 0x0a, 0x4c, 0x08, 0x4e,
  0x09, 0x4b, 0xb9, 0x48, 0x00, 0x00, 0x29, 0x53, 0x3a, 0x53, 0xfb, 0x23,
  0x5c, 0x02, 0x0e, 0x5c, 0x0b, 0x5c, 0x1d, 0xf3, 0x3a, 0x24, 0xeb, 0x4e,
  0x00, 0x00, 0x37, 0x3c, 0x0e, 0x5d, 0x0c, 0x4f, 0x0c, 0x5d, 0x0b, 0x4c,
  0x0b, 0xde, 0x1b, 0xf3, 0x1b, 0x24, 0x0b, 0x4c, 0x0b, 0xee, 0x1b, 0xf3,
  0x06, 0x20, 0x3d, 0x90, 0x03, 0x00, 0x03, 0x28, 0x0a, 0x4e, 0x1a, 0xf3,
  0x01, 0x3c, 0x0a, 0x4d, 0x0d, 0x8a, 0x0b, 0x4a, 0x3b, 0x53, 0x3a, 0xe3,
  0x1a, 0x53, 0x0e, 0x5a, 0x0c, 0x5a, 0x09, 0x4e, 0x09, 0x5b, 0x0a, 0x4c,
  0x0a, 0x5b, 0xea, 0x49, 0x00, 0x00, 0x3b, 0x53, 0x3b, 0x93, 0xf7, 0x23,
  0x0a, 0x4d, 0x5a, 0x03, 0x0d, 0x24, 0x0b, 0x4a, 0x08, 0x4e, 0x09, 0x4c,
  0x28, 0x83, 0x29, 0x83, 0xa9, 0x48, 0x00, 0x00, 0x3b, 0x53, 0xfa, 0x23,
  0x0b, 0x8a, 0x5b, 0x02, 0x0e, 0x5b, 0x0c, 0x5b, 0x1d, 0xf3, 0x03, 0x24,
  0xdc, 0x4e, 0xff, 0xff, 0xff, 0xff, 0x38, 0x16, 0x10, 0x01, 0x3b, 0x14,
  0x0d, 0x93, 0x6f, 0x24, 0x0f, 0x9e, 0x6d, 0x24, 0x35, 0x2c, 0x0c, 0x4e,
  0x0c, 0xdf, 0x1c, 0xf3, 0x1d, 0x24, 0x0c, 0x4e, 0x0c, 0xef, 0x1c, 0xf3,
  0x07, 0x20, 0x2d, 0x93, 0x07, 0x28, 0x0c, 0x4e, 0x1c, 0xf3, 0x2b, 0x43,
  0x0b, 0x8c, 0x03, 0x3c, 0x0b, 0x4d, 0x01, 0x3c, 0x1b, 0x43, 0x0d, 0x8b,
  0x0c, 0x43, 0x09, 0x4e, 0x09, 0x5c, 0x0a, 0x4f, 0x0a, 0x5c, 0xea, 0x49,
  0x00, 0x00, 0x1c, 0x53, 0x0c, 0x9b, 0xf7, 0x23, 0x0b, 0x4f, 0x0b, 0x5c,
  0x0e, 0x5c, 0x01, 0x3c, 0x0b, 0x4f, 0x0c, 0x4d, 0x5c, 0x03, 0x0b, 0x24,
  0x0a, 0x4c, 0x08, 0x4e, 0x09, 0x4b, 0xb9, 0x48, 0x00, 0x00, 0x29, 0x53,
  0x3a, 0x53, 0xfb, 0x23, 0x5c, 0x02, 0x0e, 0x5c, 0x0b, 0x5c, 0x1d, 0xf3,
  0x3a, 0x24, 0xeb, 0x4e, 0x00, 0x00, 0x37, 0x3c, 0x0e, 0x5d, 0x0c, 0x4f,
  0x0c, 0x5d, 0x0b, 0x4c, 0x0b, 0xde, 0x1b, 0xf3, 0x1b, 0x24, 0x0b, 0x4c,
  0x0b, 0xee, 0x1b, 0xf3, 0x06, 0x20, 0x3d, 0x90, 0x03, 0x00, 0x03, 0x28,
  0x0a, 0x4e, 0x1a, 0xf3, 0x01, 0x3c, 0x0a, 0x4d, 0x0d, 0x8a, 0x0b, 0x4a,
  0x3b, 0x53, 0x3a, 0xe3, 0x1a, 0x53, 0x0e, 0x5a, 0x0c, 0x5a, 0x09, 0x4e,
  0x09, 0x5b, 0x0a, 0x4c, 0x0a, 0x5b, 0xea, 0x49, 0x00, 0x00, 0x3b, 0x53,
  0x3b, 0x93, 0xf7, 0x23, 0x0a, 0x4d, 0x5a, 0x03, 0x0d, 0x24, 0x0b, 0x4a,
  0x08, 0x4e, 0x09, 0x4c, 0x28, 0x83, 0x29, 0x83, 0xa9, 0x48, 0x00, 0x00,
  0x3b, 0x53, 0xfa, 0x23, 0x0b, 0x8a, 0x5b, 0x02, 0x0e, 0x5b, 0x0c, 0x5b,
  0x1d, 0xf3, 0x03, 0x24, 0xdc, 0x4e, 0xff, 0xff, 0xff, 0xff, 0x38, 0x16,
  0x10, 0x01, 0x3b, 0x14, 0x3d, 0x90, 0x06, 0x00, 0x09, 0x2c, 0x0d, 0x5f,
  0x0c, 0x4f, 0x03, 0x3c, 0xcc, 0x4e, 0x00, 0x00, 0x1c, 0x53, 0x0c, 0x9d,
  0xfb, 0x23, 0x1f, 0x3c, 0x0b, 0x4e, 0x3b, 0xf0, 0xff, 0x00, 0x03, 0x24,
  0x0c, 0x4b, 0x8c, 0x10, 0x0b, 0xdc, 0x1f, 0xb3, 0x06, 0x24, 0x3d, 0x53,
  0xcf, 0x4e, 0x00, 0x00, 0x0a, 0x4f, 0x1a, 0x53, 0x01, 0x3c, 0x0a, 0x4f,
  0x0c, 0x4d, 0x5c, 0x03, 0x08, 0x4a, 0x09, 0x4c, 0x88, 0x4b, 0x00, 0x00,
  0x28, 0x53, 0x39, 0x53, 0xfb, 0x23, 0x5c, 0x02, 0x0c, 0x5a, 0x1d, 0xf3,
  0x02, 0x24, 0xcc, 0x4e, 0x00, 0x00, 0x38, 0x16, 0x10, 0x01, 0x47, 0x43,
  0x43, 0x3a, 0x20, 0x28, 0x47, 0x4e, 0x55, 0x29, 0x20, 0x34, 0x2e, 0x37,
  0x2e, 0x32, 0x20, 0x32, 0x30, 0x31, 0x32, 0x30, 0x39, 0x32, 0x30, 0x20,
  0x28, 0x6d, 0x73, 0x70, 0x67, 0x63, 0x63, 0x20, 0x64, 0x65, 0x76, 0x20,
  0x32, 0x30, 0x31, 0x32, 0x30, 0x39, 0x31, 0x31, 0x29, 0x00, 0x00, 0x00,
  0x00, 0x00, 0x00, 0x00, 0x1c, 0x00, 0x00, 0x00, 0x02, 0x00, 0x00, 0x00,
  0x00, 0x00, 0x04, 0x00, 0x00, 0x00, 0x00, 0x00, 0x76, 0x33, 0x00, 0x00,
  0x04, 0x00, 0x00, 0x00, 0x00, 0x00, 0x00, 0x00, 0x00, 0x00, 0x00, 0x00,
  0x1c, 0x00, 0x00, 0x00, 0x02, 0x00, 0xb1, 0x00, 0x00, 0x00, 0x04, 0x00,
  0x00, 0x00, 0x00, 0x00, 0x7c, 0x33, 0x00, 0x00, 0x26, 0x00, 0x00, 0x00,
  0x00, 0x00, 0x00, 0x00, 0x00, 0x00, 0x00, 0x00, 0x1c, 0x00, 0x00, 0x00,
  0x02, 0x00, 0x5f, 0x01, 0x00, 0x00, 0x04, 0x00, 0x00, 0x00, 0x00, 0x00,
  0xa2, 0x33, 0x00, 0x00, 0x22, 0x00, 0x00, 0x00, 0x00, 0x00, 0x00, 0x00,
  0x00, 0x00, 0x00, 0x00, 0x1c, 0x00, 0x00, 0x00, 0x02, 0x00, 0x0d, 0x02,
  0x00, 0x00, 0x04, 0x00, 0x00, 0x00, 0x00, 0x00, 0xc4, 0x33, 0x00, 0x00,
  0x3a, 0x00, 0x00, 0x00, 0x00, 0x00, 0x00, 0x00, 0x00, 0x00, 0x00, 0x00,
  0x1c, 0x00, 0x00, 0x00, 0x02, 0x00, 0xbb, 0x02, 0x00, 0x00, 0x04, 0x00,
  0x00, 0x00, 0x00, 0x00, 0xfe, 0x33, 0x00, 0x00, 0x38, 0x00, 0x00, 0x00,
  0x00, 0x00, 0x00, 0x00, 0x00, 0x00, 0x00, 0x00, 0x1c, 0x00, 0x00, 0x00,
  0x02, 0x00, 0x69, 0x03, 0x00, 0x00, 0x04, 0x00, 0x00, 0x00, 0x00, 0x00,
  0x36, 0x34, 0x00, 0x00, 0x4c, 0x00, 0x00, 0x00, 0x00, 0x00, 0x00, 0x00,
  0x00, 0x00, 0x00, 0x00, 0x1c, 0x00, 0x00, 0x00, 0x02, 0x00, 0x70, 0x16,
  0x00, 0x00, 0x04, 0x00, 0x00, 0x00, 0x00, 0x00, 0x82, 0x34, 0x00, 0x00,
  0xbc, 0x00, 0x00, 0x00, 0x00, 0x00, 0x00, 0x00, 0x00, 0x00, 0x00, 0x00,
  0x1c, 0x00, 0x00, 0x00, 0x02, 0x00, 0x1e, 0x17, 0x00, 0x00, 0x04, 0x00,
  0x00, 0x00, 0x00, 0x00, 0x00, 0x31, 0x00, 0x00, 0x0c, 0x00, 0x00, 0x00,
  0x00, 0x00, 0x00, 0x00, 0x00, 0x00, 0x00, 0x00, 0x1c, 0x00, 0x00, 0x00,
  0x02, 0x00, 0xca, 0x17, 0x00, 0x00, 0x04, 0x00, 0x00, 0x00, 0x00, 0x00,
  0x0c, 0x31, 0x00, 0x00, 0x04, 0x00, 0x00, 0x00, 0x00, 0x00, 0x00, 0x00,
  0x00, 0x00, 0x00, 0x00, 0x1c, 0x00, 0x00, 0x00, 0x02, 0x00, 0x76, 0x18,
  0x00, 0x00, 0x04, 0x00, 0x00, 0x00, 0x00, 0x00, 0x10, 0x31, 0x00, 0x00,
  0x18, 0x00, 0x00, 0x00, 0x00, 0x00, 0x00, 0x00, 0x00, 0x00, 0x00, 0x00,
  0x1c, 0x00, 0x00, 0x00, 0x02, 0x00, 0x22, 0x19, 0x00, 0x00, 0x04, 0x00,
  0x00, 0x00, 0x00, 0x00, 0x28, 0x31, 0x00, 0x00, 0x16, 0x00, 0x00, 0x00,
  0x00, 0x00, 0x00, 0x00, 0x00, 0x00, 0x00, 0x00, 0x1c, 0x00, 0x00, 0x00,
  0x02, 0x00, 0xce, 0x19, 0x00, 0x00, 0x04, 0x00, 0x00, 0x00, 0x00, 0x00,
  0x70, 0x33, 0x00, 0x00, 0x06, 0x00, 0x00, 0x00, 0x00, 0x00, 0x00, 0x00,
  0x00, 0x00, 0x00, 0x00, 0x1c, 0x00, 0x00, 0x00, 0x02, 0x00, 0x7a, 0x1a,
  0x00, 0x00, 0x04, 0x00, 0x00, 0x00, 0x00, 0x00, 0x7a, 0x33, 0x00, 0x00,
  0x02, 0x00, 0x00, 0x00, 0x00, 0x00, 0x00, 0x00, 0x00, 0x00, 0x00, 0x00,
  0x24, 0x00, 0x00, 0x00, 0x02, 0x00, 0x17, 0x04, 0x00, 0x00, 0x04, 0x00,
  0x00, 0x00, 0x00, 0x00, 0x88, 0x3e, 0x01, 0x00, 0x10, 0x00, 0x00, 0x00,
  0x00, 0x00, 0x00, 0x00, 0x0e, 0x00, 0x00, 0x00, 0x00, 0x00, 0x00, 0x00,
  0x00, 0x00, 0x00, 0x00, 0x44, 0x00, 0x00, 0x00, 0x02, 0x00, 0xa4, 0x05,
  0x00, 0x00, 0x04, 0x00, 0x00, 0x00, 0x00, 0x00, 0x98, 0x3e, 0x01, 0x00,
  0x22, 0x00, 0x00, 0x00, 0xba, 0x3e, 0x01, 0x00, 0x36, 0x00, 0x00, 0x00,
  0x00, 0x00, 0x00, 0x00, 0x1a, 0x00, 0x00, 0x00, 0xf0, 0x3e, 0x01, 0x00,
  0x1c, 0x00, 0x00, 0x00, 0x00, 0x00, 0x00, 0x00, 0x16, 0x00, 0x00, 0x00,
  0x00, 0x00, 0x00, 0x00, 0x12, 0x00, 0x00, 0x00, 0x00, 0x00, 0x00, 0x00,
  0x00, 0x00, 0x00, 0x00, 0x24, 0x00, 0x00, 0x00, 0x02, 0x00, 0xf6, 0x08,
  0x00, 0x00, 0x04, 0x00, 0x00, 0x00, 0x00, 0x00, 0x0c, 0x3f, 0x01, 0x00,
  0x76, 0x01, 0x00, 0x00, 0x82, 0x40, 0x01, 0x00, 0x42, 0x07, 0x00, 0x00,
  0x00, 0x00, 0x00, 0x00, 0x00, 0x00, 0x00, 0x00, 0x1c, 0x00, 0x00, 0x00,
  0x02, 0x00, 0x69, 0x0f, 0x00, 0x00, 0x04, 0x00, 0x00, 0x00, 0x00, 0x00,
  0xc4, 0x47, 0x01, 0x00, 0x2c, 0x00, 0x00, 0x00, 0x00, 0x00, 0x00, 0x00,
  0x00, 0x00, 0x00, 0x00, 0x2c, 0x00, 0x00, 0x00, 0x02, 0x00, 0x4a, 0x10,
  0x00, 0x00, 0x04, 0x00, 0x00, 0x00, 0x00, 0x00, 0x00, 0x00, 0x00, 0x00,
  0x24, 0x00, 0x00, 0x00, 0xf0, 0x47, 0x01, 0x00, 0x26, 0x00, 0x00, 0x00,
  0x16, 0x48, 0x01, 0x00, 0x0a, 0x00, 0x00, 0x00, 0x00, 0x00, 0x00, 0x00,
  0x00, 0x00, 0x00, 0x00, 0x1c, 0x00, 0x00, 0x00, 0x02, 0x00, 0xbc, 0x11,
  0x00, 0x00, 0x04, 0x00, 0x00, 0x00, 0x00, 0x00, 0x20, 0x48, 0x01, 0x00,
  0x2c, 0x00, 0x00, 0x00, 0x00, 0x00, 0x00, 0x00, 0x00, 0x00, 0x00, 0x00,
  0x1c, 0x00, 0x00, 0x00, 0x02, 0x00, 0xbb, 0x12, 0x00, 0x00, 0x04, 0x00,
  0x00, 0x00, 0x00, 0x00, 0x4c, 0x48, 0x01, 0x00, 0xe8, 0x00, 0x00, 0x00,
  0x00, 0x00, 0x00, 0x00, 0x00, 0x00, 0x00, 0x00, 0x1c, 0x00, 0x00, 0x00,
  0x02, 0x00, 0xff, 0x13, 0x00, 0x00, 0x04, 0x00, 0x00, 0x00, 0x00, 0x00,
  0x34, 0x49, 0x01, 0x00, 0xe8, 0x00, 0x00, 0x00, 0x00, 0x00, 0x00, 0x00,
  0x00, 0x00, 0x00, 0x00, 0x1c, 0x00, 0x00, 0x00, 0x02, 0x00, 0x43, 0x15,
  0x00, 0x00, 0x04, 0x00, 0x00, 0x00, 0x00, 0x00, 0x1c, 0x4a, 0x01, 0x00,
  0x5c, 0x00, 0x00, 0x00, 0x00, 0x00, 0x00, 0x00, 0x00, 0x00, 0x00, 0x00,
  0xad, 0x00, 0x00, 0x00, 0x02, 0x00, 0x00, 0x00, 0x00, 0x00, 0x04, 0x01,
  0x00, 0x00, 0x00, 0x00, 0x76, 0x33, 0x00, 0x00, 0x7a, 0x33, 0x00, 0x00,
  0x2e, 0x2e, 0x2f, 0x2e, 0x2e, 0x2f, 0x2e, 0x2e, 0x2f, 0x2e, 0x2e, 0x2f,
  0x2e, 0x2e, 0x2f, 0x2e, 0x2e, 0x2f, 0x2e, 0x2e, 0x2f, 0x67, 0x63, 0x63,
  0x2d, 0x34, 0x2e, 0x37, 0x2e, 0x32, 0x2f, 0x6c, 0x69, 0x62, 0x67, 0x63,
  0x63, 0x2f, 0x63, 0x6f, 0x6e, 0x66, 0x69, 0x67, 0x2f, 0x6d, 0x73, 0x70,
  0x34, 0x33, 0x30, 0x2f, 0x63, 0x72, 0x74, 0x30, 0x69, 0x76, 0x74, 0x62,
  0x6c, 0x2e, 0x53, 0x00, 0x2f, 0x68, 0x6f, 0x6d, 0x65, 0x2f, 0x75, 0x73,
  0x65, 0x72, 0x2f, 0x74, 0x6d, 0x70, 0x2f, 0x67, 0x63, 0x63, 0x2d, 0x34,
  0x2e, 0x37, 0x2e, 0x32, 0x2d, 0x6d, 0x73, 0x70, 0x34, 0x33, 0x30, 0x2f,
  0x6d, 0x73, 0x70, 0x34, 0x33, 0x30, 0x2f, 0x6d, 0x63, 0x70, 0x75, 0x2d,
  0x34, 0x33, 0x30, 0x78, 0x2f, 0x6d, 0x6d, 0x70, 0x79, 0x2d, 0x31, 0x36,
  0x2f, 0x6d, 0x73, 0x72, 0x32, 0x30, 0x2f, 0x6d, 0x63, 0x32, 0x30, 0x2f,
  0x6c, 0x69, 0x62, 0x67, 0x63, 0x63, 0x00, 0x47, 0x4e, 0x55, 0x20, 0x41,
  0x53, 0x20, 0x32, 0x2e, 0x32, 0x32, 0x00, 0x01, 0x80, 0xaa, 0x00, 0x00,
  0x00, 0x02, 0x00, 0x14, 0x00, 0x00, 0x00, 0x04, 0x01, 0x6f, 0x00, 0x00,
  0x00, 0x7c, 0x33, 0x00, 0x00, 0xa2, 0x33, 0x00, 0x00, 0x2e, 0x2e, 0x2f,
  0x2e, 0x2e, 0x2f, 0x2e, 0x2e, 0x2f, 0x2e, 0x2e, 0x2f, 0x2e, 0x2e, 0x2f,
  0x2e, 0x2e, 0x2f, 0x2e, 0x2e, 0x2f, 0x67, 0x63, 0x63, 0x2d, 0x34, 0x2e,
  0x37, 0x2e, 0x32, 0x2f, 0x6c, 0x69, 0x62, 0x67, 0x63, 0x63, 0x2f, 0x63,
  0x6f, 0x6e, 0x66, 0x69, 0x67, 0x2f, 0x6d, 0x73, 0x70, 0x34, 0x33, 0x30,
  0x2f, 0x6c, 0x69, 0x62, 0x67, 0x63, 0x63, 0x2e, 0x53, 0x00, 0x2f, 0x68,
  0x6f, 0x6d, 0x65, 0x2f, 0x75, 0x73, 0x65, 0x72, 0x2f, 0x74, 0x6d, 0x70,
  0x2f, 0x67, 0x63, 0x63, 0x2d, 0x34, 0x2e, 0x37, 0x2e, 0x32, 0x2d, 0x6d,
  0x73, 0x70, 0x34, 0x33, 0x30, 0x2f, 0x6d, 0x73, 0x70, 0x34, 0x33, 0x30,
  0x2f, 0x6d, 0x63, 0x70, 0x75, 0x2d, 0x34, 0x33, 0x30, 0x78, 0x2f, 0x6d,
  0x6d, 0x70, 0x79, 0x2d, 0x31, 0x36, 0x2f, 0x6d, 0x73, 0x72, 0x32, 0x30,
  0x2f, 0x6d, 0x63, 0x32, 0x30, 0x2f, 0x6c, 0x69, 0x62, 0x67, 0x63, 0x63,
  0x00, 0x47, 0x4e, 0x55, 0x20, 0x41, 0x53, 0x20, 0x32, 0x2e, 0x32, 0x32,
  0x00, 0x01, 0x80, 0xaa, 0x00, 0x00, 0x00, 0x02, 0x00, 0x28, 0x00, 0x00,
  0x00, 0x04, 0x01, 0xee, 0x00, 0x00, 0x00, 0xa2, 0x33, 0x00, 0x00, 0xc4,
  0x33, 0x00, 0x00, 0x2e, 0x2e, 0x2f, 0x2e, 0x2e, 0x2f, 0x2e, 0x2e, 0x2f,
  0x2e, 0x2e, 0x2f, 0x2e, 0x2e, 0x2f, 0x2e, 0x2e, 0x2f, 0x2e, 0x2e, 0x2f,
  0x67, 0x63, 0x63, 0x2d, 0x34, 0x2e, 0x37, 0x2e, 0x32, 0x2f, 0x6c, 0x69,
  0x62, 0x67, 0x63, 0x63, 0x2f, 0x63, 0x6f, 0x6e, 0x66, 0x69, 0x67, 0x2f,
  0x6d, 0x73, 0x70, 0x34, 0x33, 0x30, 0x2f, 0x6c, 0x69, 0x62, 0x67, 0x63,
  0x63, 0x2e, 0x53, 0x00, 0x2f, 0x68, 0x6f, 0x6d, 0x65, 0x2f, 0x75, 0x73,
  0x65, 0x72, 0x2f, 0x74, 0x6d, 0x70, 0x2f, 0x67, 0x63, 0x63, 0x2d, 0x34,
  0x2e, 0x37, 0x2e, 0x32, 0x2d, 0x6d, 0x73, 0x70, 0x34, 0x33, 0x30, 0x2f,
  0x6d, 0x73, 0x70, 0x34, 0x33, 0x30, 0x2f, 0x6d, 0x63, 0x70, 0x75, 0x2d,
  0x34, 0x33, 0x30, 0x78, 0x2f, 0x6d, 0x6d, 0x70, 0x79, 0x2d, 0x31, 0x36,
  0x2f, 0x6d, 0x73, 0x72, 0x32, 0x30, 0x2f, 0x6d, 0x63, 0x32, 0x30, 0x2f,
  0x6c, 0x69, 0x62, 0x67, 0x63, 0x63, 0x00, 0x47, 0x4e, 0x55, 0x20, 0x41,
  0x53, 0x20, 0x32, 0x2e, 0x32, 0x32, 0x00, 0x01, 0x80, 0xaa, 0x00, 0x00,
  0x00, 0x02, 0x00, 0x3c, 0x00, 0x00, 0x00, 0x04, 0x01, 0x69, 0x01, 0x00,
  0x00, 0xc4, 0x33, 0x00, 0x00, 0xfe, 0x33, 0x00, 0x00, 0x2e, 0x2e, 0x2f,
  0x2e, 0x2e, 0x2f, 0x2e, 0x2e, 0x2f, 0x2e, 0x2e, 0x2f, 0x2e, 0x2e, 0x2f,
  0x2e, 0x2e, 0x2f, 0x2e, 0x2e, 0x2f, 0x67, 0x63, 0x63, 0x2d, 0x34, 0x2e,
  0x37, 0x2e, 0x32, 0x2f, 0x6c, 0x69, 0x62, 0x67, 0x63, 0x63, 0x2f, 0x63,
  0x6f, 0x6e, 0x66, 0x69, 0x67, 0x2f, 0x6d, 0x73, 0x70, 0x34, 0x33, 0x30,
  0x2f, 0x6c, 0x69, 0x62, 0x67, 0x63, 0x63, 0x2e, 0x53, 0x00, 0x2f, 0x68,
  0x6f, 0x6d, 0x65, 0x2f, 0x75, 0x73, 0x65, 0x72, 0x2f, 0x74, 0x6d, 0x70,
  0x2f, 0x67, 0x63, 0x63, 0x2d, 0x34, 0x2e, 0x37, 0x2e, 0x32, 0x2d, 0x6d,
  0x73, 0x70, 0x34, 0x33, 0x30, 0x2f, 0x6d, 0x73, 0x70, 0x34, 0x33, 0x30,
  0x2f, 0x6d, 0x63, 0x70, 0x75, 0x2d, 0x34, 0x33, 0x30, 0x78, 0x2f, 0x6d,
  0x6d, 0x70, 0x79, 0x2d, 0x31, 0x36, 0x2f, 0x6d, 0x73, 0x72, 0x32, 0x30,
  0x2f, 0x6d, 0x63, 0x32, 0x30, 0x2f, 0x6c, 0x69, 0x62, 0x67, 0x63, 0x63,
  0x00, 0x47, 0x4e, 0x55, 0x20, 0x41, 0x53, 0x20, 0x32, 0x2e, 0x32, 0x32,
  0x00, 0x01, 0x80, 0xaa, 0x00, 0x00, 0x00, 0x02, 0x00, 0x50, 0x00, 0x00,
  0x00, 0x04, 0x01, 0xef, 0x01, 0x00, 0x00, 0xfe, 0x33, 0x00, 0x00, 0x36,
  0x34, 0x00, 0x00, 0x2e, 0x2e, 0x2f, 0x2e, 0x2e, 0x2f, 0x2e, 0x2e, 0x2f,
  0x2e, 0x2e, 0x2f, 0x2e, 0x2e, 0x2f, 0x2e, 0x2e, 0x2f, 0x2e, 0x2e, 0x2f,
  0x67, 0x63, 0x63, 0x2d, 0x34, 0x2e, 0x37, 0x2e, 0x32, 0x2f, 0x6c, 0x69,
  0x62, 0x67, 0x63, 0x63, 0x2f, 0x63, 0x6f, 0x6e, 0x66, 0x69, 0x67, 0x2f,
  0x6d, 0x73, 0x70, 0x34, 0x33, 0x30, 0x2f, 0x6c, 0x69, 0x62, 0x67, 0x63,
  0x63, 0x2e, 0x53, 0x00, 0x2f, 0x68, 0x6f, 0x6d, 0x65, 0x2f, 0x75, 0x73,
  0x65, 0x72, 0x2f, 0x74, 0x6d, 0x70, 0x2f, 0x67, 0x63, 0x63, 0x2d, 0x34,
  0x2e, 0x37, 0x2e, 0x32, 0x2d, 0x6d, 0x73, 0x70, 0x34, 0x33, 0x30, 0x2f,
  0x6d, 0x73, 0x70, 0x34, 0x33, 0x30, 0x2f, 0x6d, 0x63, 0x70, 0x75, 0x2d,
  0x34, 0x33, 0x30, 0x78, 0x2f, 0x6d, 0x6d, 0x70, 0x79, 0x2d, 0x31, 0x36,
  0x2f, 0x6d, 0x73, 0x72, 0x32, 0x30, 0x2f, 0x6d, 0x63, 0x32, 0x30, 0x2f,
  0x6c, 0x69, 0x62, 0x67, 0x63, 0x63, 0x00, 0x47, 0x4e, 0x55, 0x20, 0x41,
  0x53, 0x20, 0x32, 0x2e, 0x32, 0x32, 0x00, 0x01, 0x80, 0xaa, 0x00, 0x00,
  0x00, 0x02, 0x00, 0x64, 0x00, 0x00, 0x00, 0x04, 0x01, 0x75, 0x02, 0x00,
  0x00, 0x36, 0x34, 0x00, 0x00, 0x82, 0x34, 0x00, 0x00, 0x2e, 0x2e, 0x2f,
  0x2e, 0x2e, 0x2f, 0x2e, 0x2e, 0x2f, 0x2e, 0x2e, 0x2f, 0x2e, 0x2e, 0x2f,
  0x2e, 0x2e, 0x2f, 0x2e, 0x2e, 0x2f, 0x67, 0x63, 0x63, 0x2d, 0x34, 0x2e,
  0x37, 0x2e, 0x32, 0x2f, 0x6c, 0x69, 0x62, 0x67, 0x63, 0x63, 0x2f, 0x63,
  0x6f, 0x6e, 0x66, 0x69, 0x67, 0x2f, 0x6d, 0x73, 0x70, 0x34, 0x33, 0x30,
  0x2f, 0x6c, 0x69, 0x62, 0x67, 0x63, 0x63, 0x2e, 0x53, 0x00, 0x2f, 0x68,
  0x6f, 0x6d, 0x65, 0x2f, 0x75, 0x73, 0x65, 0x72, 0x2f, 0x74, 0x6d, 0x70,
  0x2f, 0x67, 0x63, 0x63, 0x2d, 0x34, 0x2e, 0x37, 0x2e, 0x32, 0x2d, 0x6d,
  0x73, 0x70, 0x34, 0x33, 0x30, 0x2f, 0x6d, 0x73, 0x70, 0x34, 0x33, 0x30,
  0x2f, 0x6d, 0x63, 0x70, 0x75, 0x2d, 0x34, 0x33, 0x30, 0x78, 0x2f, 0x6d,
  0x6d, 0x70, 0x79, 0x2d, 0x31, 0x36, 0x2f, 0x6d, 0x73, 0x72, 0x32, 0x30,
  0x2f, 0x6d, 0x63, 0x32, 0x30, 0x2f, 0x6c, 0x69, 0x62, 0x67, 0x63, 0x63,
  0x00, 0x47, 0x4e, 0x55, 0x20, 0x41, 0x53, 0x20, 0x32, 0x2e, 0x32, 0x32,
  0x00, 0x01, 0x80, 0x89, 0x01, 0x00, 0x00, 0x02, 0x00, 0x78, 0x00, 0x00,
  0x00, 0x04, 0x01, 0x5c, 0x00, 0x00, 0x00, 0x01, 0x1a, 0x00, 0x00, 0x00,
  0xc2, 0x00, 0x00, 0x00, 0x00, 0x00, 0x00, 0x00, 0x00, 0x00, 0x00, 0x00,
  0x00, 0x00, 0x00, 0x00, 0x04, 0x03, 0x00, 0x00, 0x02, 0x02, 0x05, 0x69,
  0x6e, 0x74, 0x00, 0x03, 0x02, 0x07, 0xa2, 0x00, 0x00, 0x00, 0x03, 0x01,
  0x06, 0x3d, 0x00, 0x00, 0x00, 0x03, 0x04, 0x05, 0xb4, 0x00, 0x00, 0x00,
  0x03, 0x08, 0x05, 0xaf, 0x00, 0x00, 0x00, 0x03, 0x01, 0x08, 0x3b, 0x00,
  0x00, 0x00, 0x03, 0x04, 0x07, 0x9d, 0x00, 0x00, 0x00, 0x03, 0x08, 0x07,
  0x98, 0x00, 0x00, 0x00, 0x03, 0x04, 0x05, 0x87, 0x00, 0x00, 0x00, 0x03,
  0x04, 0x07, 0x8f, 0x00, 0x00, 0x00, 0x03, 0x02, 0x07, 0x49, 0x00, 0x00,
  0x00, 0x03, 0x01, 0x06, 0x44, 0x00, 0x00, 0x00, 0x04, 0x02, 0x83, 0x00,
  0x00, 0x00, 0x05, 0x76, 0x00, 0x00, 0x00, 0x06, 0x2c, 0x00, 0x00, 0x00,
  0x02, 0x28, 0x93, 0x00, 0x00, 0x00, 0x07, 0x02, 0x00, 0x00, 0x00, 0x00,
  0x06, 0x33, 0x00, 0x00, 0x00, 0x02, 0x66, 0x88, 0x00, 0x00, 0x00, 0x08,
  0x01, 0x23, 0x01, 0x00, 0x00, 0x01, 0x24, 0x01, 0x29, 0x00, 0x00, 0x00,
  0x88, 0x3e, 0x01, 0x00, 0x98, 0x3e, 0x01, 0x00, 0x02, 0x71, 0x02, 0x01,
  0x04, 0x01, 0x00, 0x00, 0x09, 0x66, 0x6d, 0x74, 0x00, 0x01, 0x24, 0x7d,
  0x00, 0x00, 0x00, 0x02, 0x91, 0x00, 0x0a, 0x0b, 0xbd, 0x00, 0x00, 0x00,
  0x01, 0x26, 0x99, 0x00, 0x00, 0x00, 0x00, 0x00, 0x00, 0x00, 0x0c, 0x72,
  0x63, 0x00, 0x01, 0x27, 0x29, 0x00, 0x00, 0x00, 0x01, 0x5f, 0x0d, 0x96,
  0x3e, 0x01, 0x00, 0x58, 0x01, 0x00, 0x00, 0x0e, 0x01, 0x5e, 0x04, 0x91,
  0x02, 0x94, 0x02, 0x0e, 0x01, 0x5d, 0x02, 0x91, 0x04, 0x00, 0x00, 0x08,
  0x01, 0x12, 0x00, 0x00, 0x00, 0x01, 0x30, 0x01, 0x29, 0x00, 0x00, 0x00,
  0x00, 0x00, 0x00, 0x00, 0x00, 0x00, 0x00, 0x00, 0x02, 0x71, 0x02, 0x01,
  0x58, 0x01, 0x00, 0x00, 0x0f, 0x66, 0x6d, 0x74, 0x00, 0x01, 0x30, 0x7d,
  0x00, 0x00, 0x00, 0x20, 0x00, 0x00, 0x00, 0x10, 0xbd, 0x00, 0x00, 0x00,
  0x01, 0x30, 0x99, 0x00, 0x00, 0x00, 0x4c, 0x00, 0x00, 0x00, 0x0d, 0x00,
  0x00, 0x00, 0x00, 0x58, 0x01, 0x00, 0x00, 0x0e, 0x01, 0x5e, 0x03, 0xf3,
  0x01, 0x5f, 0x0e, 0x01, 0x5d, 0x03, 0xf3, 0x01, 0x5e, 0x00, 0x00, 0x11,
  0x01, 0x4a, 0x01, 0x00, 0x00, 0x03, 0x35, 0x01, 0x29, 0x00, 0x00, 0x00,
  0x01, 0x7a, 0x01, 0x00, 0x00, 0x12, 0x7a, 0x01, 0x00, 0x00, 0x12, 0x7d,
  0x00, 0x00, 0x00, 0x12, 0x99, 0x00, 0x00, 0x00, 0x00, 0x04, 0x04, 0x80,
  0x01, 0x00, 0x00, 0x13, 0x01, 0x29, 0x00, 0x00, 0x00, 0x12, 0x29, 0x00,
  0x00, 0x00, 0x00, 0x00, 0x4e, 0x03, 0x00, 0x00, 0x02, 0x00, 0x72, 0x01,
  0x00, 0x00, 0x04, 0x01, 0x5c, 0x00, 0x00, 0x00, 0x01, 0x0d, 0x01, 0x00,
  0x00, 0xc2, 0x00, 0x00, 0x00, 0x18, 0x00, 0x00, 0x00, 0x00, 0x00, 0x00,
  0x00, 0x00, 0x00, 0x00, 0x00, 0xb1, 0x03, 0x00, 0x00, 0x02, 0x02, 0x05,
  0x69, 0x6e, 0x74, 0x00, 0x03, 0xf1, 0x00, 0x00, 0x00, 0x02, 0xd5, 0x3b,
  0x00, 0x00, 0x00, 0x04, 0x02, 0x07, 0xa2, 0x00, 0x00, 0x00, 0x04, 0x01,
  0x06, 0x3d, 0x00, 0x00, 0x00, 0x04, 0x04, 0x05, 0xb4, 0x00, 0x00, 0x00,
  0x04, 0x08, 0x05, 0xaf, 0x00, 0x00, 0x00, 0x04, 0x01, 0x08, 0x3b, 0x00,
  0x00, 0x00, 0x04, 0x04, 0x07, 0x9d, 0x00, 0x00, 0x00, 0x04, 0x08, 0x07,
  0x98, 0x00, 0x00, 0x00, 0x04, 0x04, 0x05, 0x87, 0x00, 0x00, 0x00, 0x04,
  0x04, 0x07, 0x8f, 0x00, 0x00, 0x00, 0x04, 0x02, 0x07, 0x49, 0x00, 0x00,
  0x00, 0x05, 0x02, 0x87, 0x00, 0x00, 0x00, 0x04, 0x01, 0x06, 0x44, 0x00,
  0x00, 0x00, 0x05, 0x02, 0x94, 0x00, 0x00, 0x00, 0x06, 0x87, 0x00, 0x00,
  0x00, 0x03, 0x2c, 0x00, 0x00, 0x00, 0x03, 0x28, 0xa4, 0x00, 0x00, 0x00,
  0x07, 0x02, 0x00, 0x00, 0x00, 0x00, 0x03, 0x33, 0x00, 0x00, 0x00, 0x03,
  0x66, 0x99, 0x00, 0x00, 0x00, 0x08, 0xea, 0x00, 0x00, 0x00, 0x01, 0x2e,
  0x01, 0x29, 0x00, 0x00, 0x00, 0x98, 0x3e, 0x01, 0x00, 0xba, 0x3e, 0x01,
  0x00, 0x02, 0x71, 0x02, 0x01, 0xdf, 0x00, 0x00, 0x00, 0x09, 0x63, 0x00,
  0x01, 0x2e, 0x29, 0x00, 0x00, 0x00, 0x78, 0x00, 0x00, 0x00, 0x00, 0x0a,
  0x45, 0x01, 0x00, 0x00, 0x01, 0x38, 0x01, 0x29, 0x00, 0x00, 0x00, 0xba,
  0x3e, 0x01, 0x00, 0xf0, 0x3e, 0x01, 0x00, 0x99, 0x00, 0x00, 0x00, 0x01,
  0x54, 0x01, 0x00, 0x00, 0x09, 0x66, 0x6d, 0x74, 0x00, 0x01, 0x38, 0x8e,
  0x00, 0x00, 0x00, 0xc5, 0x00, 0x00, 0x00, 0x0b, 0xbd, 0x00, 0x00, 0x00,
  0x01, 0x38, 0xaa, 0x00, 0x00, 0x00, 0xf1, 0x00, 0x00, 0x00, 0x0c, 0x53,
  0x01, 0x00, 0x00, 0x01, 0x3a, 0x81, 0x00, 0x00, 0x00, 0x01, 0x5a, 0x0d,
  0xf8, 0x00, 0x00, 0x00, 0x01, 0x3b, 0x29, 0x00, 0x00, 0x00, 0x10, 0x01,
  0x00, 0x00, 0x0e, 0x72, 0x63, 0x00, 0x01, 0x3c, 0x29, 0x00, 0x00, 0x00,
  0x01, 0x5f, 0x0f, 0xd6, 0x3e, 0x01, 0x00, 0x1d, 0x03, 0x00, 0x00, 0x10,
  0x01, 0x5e, 0x03, 0xf3, 0x01, 0x5f, 0x00, 0x00, 0x11, 0x01, 0x2b, 0x01,
  0x00, 0x00, 0x01, 0x48, 0x01, 0x29, 0x00, 0x00, 0x00, 0x00, 0x00, 0x00,
  0x00, 0x00, 0x00, 0x00, 0x00, 0x02, 0x71, 0x02, 0x01, 0xb6, 0x01, 0x00,
  0x00, 0x12, 0x62, 0x75, 0x66, 0x00, 0x01, 0x48, 0x81, 0x00, 0x00, 0x00,
  0x02, 0x91, 0x00, 0x12, 0x66, 0x6d, 0x74, 0x00, 0x01, 0x48, 0x8e, 0x00,
  0x00, 0x00, 0x02, 0x91, 0x02, 0x13, 0x0c, 0xbd, 0x00, 0x00, 0x00, 0x01,
  0x4a, 0xaa, 0x00, 0x00, 0x00, 0x03, 0x91, 0x06, 0x9f, 0x0f, 0x00, 0x00,
  0x00, 0x00, 0xdf, 0x00, 0x00, 0x00, 0x10, 0x01, 0x5f, 0x04, 0x91, 0x04,
  0x94, 0x02, 0x10, 0x01, 0x5e, 0x02, 0x91, 0x06, 0x00, 0x00, 0x11, 0x01,
  0x21, 0x01, 0x00, 0x00, 0x01, 0x53, 0x01, 0x29, 0x00, 0x00, 0x00, 0xf0,
  0x3e, 0x01, 0x00, 0x0c, 0x3f, 0x01, 0x00, 0x02, 0x71, 0x02, 0x01, 0x26,
  0x02, 0x00, 0x00, 0x12, 0x62, 0x75, 0x66, 0x00, 0x01, 0x53, 0x81, 0x00,
  0x00, 0x00, 0x02, 0x91, 0x00, 0x14, 0x40, 0x01, 0x00, 0x00, 0x01, 0x53,
  0x30, 0x00, 0x00, 0x00, 0x02, 0x91, 0x02, 0x12, 0x66, 0x6d, 0x74, 0x00,
  0x01, 0x53, 0x8e, 0x00, 0x00, 0x00, 0x02, 0x91, 0x04, 0x13, 0x0c, 0xbd,
  0x00, 0x00, 0x00, 0x01, 0x55, 0xaa, 0x00, 0x00, 0x00, 0x03, 0x91, 0x08,
  0x9f, 0x0f, 0x0a, 0x3f, 0x01, 0x00, 0xdf, 0x00, 0x00, 0x00, 0x10, 0x01,
  0x5f, 0x04, 0x91, 0x06, 0x94, 0x02, 0x10, 0x01, 0x5e, 0x02, 0x91, 0x08,
  0x00, 0x00, 0x11, 0x01, 0x2a, 0x01, 0x00, 0x00, 0x01, 0x5e, 0x01, 0x29,
  0x00, 0x00, 0x00, 0x00, 0x00, 0x00, 0x00, 0x00, 0x00, 0x00, 0x00, 0x02,
  0x71, 0x02, 0x01, 0x89, 0x02, 0x00, 0x00, 0x09, 0x62, 0x75, 0x66, 0x00,
  0x01, 0x5e, 0x81, 0x00, 0x00, 0x00, 0x2e, 0x01, 0x00, 0x00, 0x09, 0x66,
  0x6d, 0x74, 0x00, 0x01, 0x5e, 0x8e, 0x00, 0x00, 0x00, 0x5e, 0x01, 0x00,
  0x00, 0x0b, 0xbd, 0x00, 0x00, 0x00, 0x01, 0x5e, 0xaa, 0x00, 0x00, 0x00,
  0x8a, 0x01, 0x00, 0x00, 0x0f, 0x00, 0x00, 0x00, 0x00, 0xdf, 0x00, 0x00,
  0x00, 0x10, 0x01, 0x5f, 0x03, 0xf3, 0x01, 0x5e, 0x10, 0x01, 0x5e, 0x03,
  0xf3, 0x01, 0x5d, 0x00, 0x00, 0x11, 0x01, 0x20, 0x01, 0x00, 0x00, 0x01,
  0x66, 0x01, 0x29, 0x00, 0x00, 0x00, 0x00, 0x00, 0x00, 0x00, 0x00, 0x00,
  0x00, 0x00, 0x02, 0x71, 0x02, 0x01, 0xfb, 0x02, 0x00, 0x00, 0x09, 0x62,
  0x75, 0x66, 0x00, 0x01, 0x66, 0x81, 0x00, 0x00, 0x00, 0xab, 0x01, 0x00,
  0x00, 0x0b, 0x40, 0x01, 0x00, 0x00, 0x01, 0x66, 0x30, 0x00, 0x00, 0x00,
  0xdb, 0x01, 0x00, 0x00, 0x09, 0x66, 0x6d, 0x74, 0x00, 0x01, 0x66, 0x8e,
  0x00, 0x00, 0x00, 0x0b, 0x02, 0x00, 0x00, 0x0b, 0xbd, 0x00, 0x00, 0x00,
  0x01, 0x66, 0xaa, 0x00, 0x00, 0x00, 0x2c, 0x02, 0x00, 0x00, 0x0f, 0x00,
  0x00, 0x00, 0x00, 0xdf, 0x00, 0x00, 0x00, 0x10, 0x01, 0x5f, 0x03, 0xf3,
  0x01, 0x5d, 0x10, 0x01, 0x5e, 0x03, 0xf3, 0x01, 0x5c, 0x00, 0x00, 0x0c,
  0x02, 0x01, 0x00, 0x00, 0x01, 0x28, 0x29, 0x00, 0x00, 0x00, 0x05, 0x03,
  0x4a, 0x24, 0x00, 0x00, 0x0c, 0x33, 0x01, 0x00, 0x00, 0x01, 0x2b, 0x81,
  0x00, 0x00, 0x00, 0x05, 0x03, 0x48, 0x24, 0x00, 0x00, 0x15, 0x01, 0x4a,
  0x01, 0x00, 0x00, 0x04, 0x35, 0x01, 0x29, 0x00, 0x00, 0x00, 0x01, 0x3f,
  0x03, 0x00, 0x00, 0x16, 0x3f, 0x03, 0x00, 0x00, 0x16, 0x8e, 0x00, 0x00,
  0x00, 0x16, 0xaa, 0x00, 0x00, 0x00, 0x00, 0x05, 0x04, 0x45, 0x03, 0x00,
  0x00, 0x17, 0x01, 0x29, 0x00, 0x00, 0x00, 0x16, 0x29, 0x00, 0x00, 0x00,
  0x00, 0x00, 0x6f, 0x06, 0x00, 0x00, 0x02, 0x00, 0xbe, 0x02, 0x00, 0x00,
  0x04, 0x01, 0x5c, 0x00, 0x00, 0x00, 0x01, 0x1c, 0x03, 0x00, 0x00, 0xc2,
  0x00, 0x00, 0x00, 0x80, 0x00, 0x00, 0x00, 0x00, 0x00, 0x00, 0x00, 0x00,
  0x00, 0x00, 0x00, 0xc4, 0x04, 0x00, 0x00, 0x02, 0x04, 0x05, 0x87, 0x00,
  0x00, 0x00, 0x03, 0x02, 0x05, 0x69, 0x6e, 0x74, 0x00, 0x02, 0x02, 0x07,
  0xa2, 0x00, 0x00, 0x00, 0x02, 0x01, 0x06, 0x3d, 0x00, 0x00, 0x00, 0x04,
  0xa0, 0x02, 0x00, 0x00, 0x02, 0x27, 0x30, 0x00, 0x00, 0x00, 0x04, 0x8d,
  0x02, 0x00, 0x00, 0x02, 0x28, 0x5b, 0x00, 0x00, 0x00, 0x02, 0x04, 0x05,
  0xb4, 0x00, 0x00, 0x00, 0x04, 0x6b, 0x01, 0x00, 0x00, 0x02, 0x29, 0x6d,
  0x00, 0x00, 0x00, 0x02, 0x08, 0x05, 0xaf, 0x00, 0x00, 0x00, 0x04, 0xa2,
  0x01, 0x00, 0x00, 0x02, 0x2b, 0x7f, 0x00, 0x00, 0x00, 0x02, 0x01, 0x08,
  0x3b, 0x00, 0x00, 0x00, 0x04, 0x9f, 0x02, 0x00, 0x00, 0x02, 0x2c, 0x37,
  0x00, 0x00, 0x00, 0x04, 0x8c, 0x02, 0x00, 0x00, 0x02, 0x2d, 0x9c, 0x00,
  0x00, 0x00, 0x02, 0x04, 0x07, 0x9d, 0x00, 0x00, 0x00, 0x04, 0x6a, 0x01,
  0x00, 0x00, 0x02, 0x2e, 0xae, 0x00, 0x00, 0x00, 0x02, 0x08, 0x07, 0x98,
  0x00, 0x00, 0x00, 0x04, 0x73, 0x02, 0x00, 0x00, 0x02, 0x31, 0xc0, 0x00,
  0x00, 0x00, 0x02, 0x04, 0x05, 0x87, 0x00, 0x00, 0x00, 0x04, 0x72, 0x02,
  0x00, 0x00, 0x02, 0x32, 0xd2, 0x00, 0x00, 0x00, 0x02, 0x04, 0x07, 0x8f,
  0x00, 0x00, 0x00, 0x04, 0x07, 0x04, 0x00, 0x00, 0x02, 0x5b, 0x45, 0x00,
  0x00, 0x00, 0x02, 0x02, 0x07, 0x49, 0x00, 0x00, 0x00, 0x05, 0x02, 0xf1,
  0x00, 0x00, 0x00, 0x02, 0x01, 0x06, 0x44, 0x00, 0x00, 0x00, 0x05, 0x02,
  0xfe, 0x00, 0x00, 0x00, 0x06, 0xf1, 0x00, 0x00, 0x00, 0x04, 0x2c, 0x00,
  0x00, 0x00, 0x03, 0x28, 0x0e, 0x01, 0x00, 0x00, 0x07, 0x02, 0x00, 0x00,
  0x00, 0x00, 0x04, 0x33, 0x00, 0x00, 0x00, 0x03, 0x66, 0x03, 0x01, 0x00,
  0x00, 0x08, 0x04, 0x01, 0x37, 0x10, 0x02, 0x00, 0x00, 0x09, 0xcc, 0x01,
  0x00, 0x00, 0x01, 0x3a, 0x74, 0x00, 0x00, 0x00, 0x01, 0x01, 0x07, 0x02,
  0x23, 0x00, 0x09, 0x95, 0x02, 0x00, 0x00, 0x01, 0x3d, 0x74, 0x00, 0x00,
  0x00, 0x01, 0x01, 0x06, 0x02, 0x23, 0x00, 0x09, 0xfc, 0x01, 0x00, 0x00,
  0x01, 0x40, 0x74, 0x00, 0x00, 0x00, 0x01, 0x01, 0x05, 0x02, 0x23, 0x00,
  0x09, 0xe3, 0x02, 0x00, 0x00, 0x01, 0x42, 0x74, 0x00, 0x00, 0x00, 0x01,
  0x01, 0x04, 0x02, 0x23, 0x00, 0x09, 0xde, 0x01, 0x00, 0x00, 0x01, 0x43,
  0x74, 0x00, 0x00, 0x00, 0x01, 0x01, 0x03, 0x02, 0x23, 0x00, 0x09, 0x06,
  0x02, 0x00, 0x00, 0x01, 0x44, 0x74, 0x00, 0x00, 0x00, 0x01, 0x01, 0x02,
  0x02, 0x23, 0x00, 0x09, 0x78, 0x01, 0x00, 0x00, 0x01, 0x45, 0x74, 0x00,
  0x00, 0x00, 0x01, 0x01, 0x01, 0x02, 0x23, 0x00, 0x09, 0xaa, 0x01, 0x00,
  0x00, 0x01, 0x46, 0x74, 0x00, 0x00, 0x00, 0x01, 0x01, 0x00, 0x02, 0x23,
  0x00, 0x09, 0x12, 0x03, 0x00, 0x00, 0x01, 0x47, 0x74, 0x00, 0x00, 0x00,
  0x01, 0x01, 0x07, 0x02, 0x23, 0x01, 0x09, 0x24, 0x02, 0x00, 0x00, 0x01,
  0x48, 0x74, 0x00, 0x00, 0x00, 0x01, 0x01, 0x06, 0x02, 0x23, 0x01, 0x09,
  0x2e, 0x02, 0x00, 0x00, 0x01, 0x49, 0x74, 0x00, 0x00, 0x00, 0x01, 0x01,
  0x05, 0x02, 0x23, 0x01, 0x09, 0xf7, 0x02, 0x00, 0x00, 0x01, 0x4a, 0x74,
  0x00, 0x00, 0x00, 0x01, 0x01, 0x04, 0x02, 0x23, 0x01, 0x0a, 0xed, 0x02,
  0x00, 0x00, 0x01, 0x4b, 0xf1, 0x00, 0x00, 0x00, 0x02, 0x23, 0x02, 0x0a,
  0x37, 0x02, 0x00, 0x00, 0x01, 0x4c, 0x74, 0x00, 0x00, 0x00, 0x02, 0x23,
  0x03, 0x00, 0x04, 0x0a, 0x03, 0x00, 0x00, 0x01, 0x4d, 0x1f, 0x01, 0x00,
  0x00, 0x0b, 0x75, 0x03, 0x00, 0x00, 0x01, 0x6d, 0x01, 0x30, 0x00, 0x00,
  0x00, 0x01, 0x4c, 0x02, 0x00, 0x00, 0x0c, 0xad, 0x02, 0x00, 0x00, 0x01,
  0x6d, 0xeb, 0x00, 0x00, 0x00, 0x0c, 0x86, 0x02, 0x00, 0x00, 0x01, 0x6d,
  0x10, 0x02, 0x00, 0x00, 0x0d, 0x70, 0x00, 0x01, 0x6f, 0xeb, 0x00, 0x00,
  0x00, 0x00, 0x0e, 0x66, 0x02, 0x00, 0x00, 0x01, 0x87, 0x01, 0x30, 0x00,
  0x00, 0x00, 0x0c, 0x3f, 0x01, 0x00, 0x82, 0x40, 0x01, 0x00, 0x4d, 0x02,
  0x00, 0x00, 0x01, 0x6f, 0x03, 0x00, 0x00, 0x0f, 0x97, 0x01, 0x00, 0x00,
  0x01, 0x87, 0x7f, 0x03, 0x00, 0x00, 0x79, 0x02, 0x00, 0x00, 0x0f, 0xc5,
  0x01, 0x00, 0x00, 0x01, 0x87, 0xf8, 0x00, 0x00, 0x00, 0x97, 0x02, 0x00,
  0x00, 0x0f, 0xdd, 0x02, 0x00, 0x00, 0x01, 0x87, 0x37, 0x00, 0x00, 0x00,
  0xce, 0x02, 0x00, 0x00, 0x0f, 0x86, 0x02, 0x00, 0x00, 0x01, 0x88, 0x10,
  0x02, 0x00, 0x00, 0xec, 0x02, 0x00, 0x00, 0x10, 0x36, 0x03, 0x00, 0x00,
  0x01, 0x8a, 0x30, 0x00, 0x00, 0x00, 0x57, 0x03, 0x00, 0x00, 0x11, 0xad,
  0x02, 0x00, 0x00, 0x01, 0x8b, 0x85, 0x03, 0x00, 0x00, 0x02, 0x91, 0x54,
  0x10, 0x7b, 0x02, 0x00, 0x00, 0x01, 0x8c, 0x30, 0x00, 0x00, 0x00, 0xa3,
  0x03, 0x00, 0x00, 0x10, 0xf7, 0x02, 0x00, 0x00, 0x01, 0x8d, 0x37, 0x00,
  0x00, 0x00, 0x06, 0x04, 0x00, 0x00, 0x11, 0xba, 0x01, 0x00, 0x00, 0x01,
  0x8e, 0x30, 0x00, 0x00, 0x00, 0x01, 0x5a, 0x12, 0x1b, 0x02, 0x00, 0x00,
  0x26, 0x3f, 0x01, 0x00, 0x6e, 0x3f, 0x01, 0x00, 0x01, 0x8e, 0x26, 0x03,
  0x00, 0x00, 0x13, 0x37, 0x02, 0x00, 0x00, 0x2f, 0x04, 0x00, 0x00, 0x13,
  0x2c, 0x02, 0x00, 0x00, 0x91, 0x04, 0x00, 0x00, 0x14, 0x26, 0x3f, 0x01,
  0x00, 0x6e, 0x3f, 0x01, 0x00, 0x15, 0x42, 0x02, 0x00, 0x00, 0xb1, 0x04,
  0x00, 0x00, 0x00, 0x00, 0x16, 0x80, 0x3f, 0x01, 0x00, 0x0e, 0x40, 0x01,
  0x00, 0x52, 0x03, 0x00, 0x00, 0x10, 0x8a, 0x01, 0x00, 0x00, 0x01, 0x96,
  0xf1, 0x00, 0x00, 0x00, 0x24, 0x05, 0x00, 0x00, 0x17, 0x6c, 0x65, 0x6e,
  0x00, 0x01, 0x97, 0x37, 0x00, 0x00, 0x00, 0x45, 0x05, 0x00, 0x00, 0x00,
  0x18, 0x50, 0x40, 0x01, 0x00, 0x62, 0x03, 0x00, 0x00, 0x19, 0x01, 0x5f,
  0x02, 0x08, 0x30, 0x00, 0x1a, 0x74, 0x40, 0x01, 0x00, 0x19, 0x01, 0x5f,
  0x02, 0x08, 0x20, 0x00, 0x00, 0x1b, 0x01, 0x30, 0x00, 0x00, 0x00, 0x7f,
  0x03, 0x00, 0x00, 0x1c, 0x30, 0x00, 0x00, 0x00, 0x00, 0x05, 0x04, 0x6f,
  0x03, 0x00, 0x00, 0x1d, 0xf1, 0x00, 0x00, 0x00, 0x95, 0x03, 0x00, 0x00,
  0x1e, 0x95, 0x03, 0x00, 0x00, 0x01, 0x00, 0x02, 0x02, 0x07, 0x1b, 0x02,
  0x00, 0x00, 0x1f, 0x01, 0x4a, 0x01, 0x00, 0x00, 0x01, 0x07, 0x01, 0x01,
  0x30, 0x00, 0x00, 0x00, 0x82, 0x40, 0x01, 0x00, 0xc4, 0x47, 0x01, 0x00,
  0x63, 0x05, 0x00, 0x00, 0x01, 0x5f, 0x06, 0x00, 0x00, 0x20, 0x97, 0x01,
  0x00, 0x00, 0x01, 0x07, 0x01, 0x7f, 0x03, 0x00, 0x00, 0xf8, 0x05, 0x00,
  0x00, 0x20, 0x63, 0x01, 0x00, 0x00, 0x01, 0x07, 0x01, 0xf8, 0x00, 0x00,
  0x00, 0x17, 0x06, 0x00, 0x00, 0x20, 0xa8, 0x02, 0x00, 0x00, 0x01, 0x07,
  0x01, 0x14, 0x01, 0x00, 0x00, 0xb3, 0x06, 0x00, 0x00, 0x21, 0x36, 0x03,
  0x00, 0x00, 0x01, 0x09, 0x01, 0x30, 0x00, 0x00, 0x00, 0xad, 0x07, 0x00,
  0x00, 0x22, 0x02, 0x01, 0x0b, 0x01, 0x11, 0x04, 0x00, 0x00, 0x23, 0x52,
  0x03, 0x00, 0x00, 0x00, 0x23, 0x5c, 0x02, 0x00, 0x00, 0x01, 0x00, 0x21,
  0x73, 0x01, 0x00, 0x00, 0x01, 0x0b, 0x01, 0xfb, 0x03, 0x00, 0x00, 0x01,
  0x08, 0x00, 0x00, 0x21, 0x46, 0x02, 0x00, 0x00, 0x01, 0x0c, 0x01, 0x37,
  0x00, 0x00, 0x00, 0xa8, 0x08, 0x00, 0x00, 0x21, 0xdd, 0x02, 0x00, 0x00,
  0x01, 0x0d, 0x01, 0x37, 0x00, 0x00, 0x00, 0x24, 0x09, 0x00, 0x00, 0x24,
  0x86, 0x02, 0x00, 0x00, 0x01, 0x0e, 0x01, 0x10, 0x02, 0x00, 0x00, 0x03,
  0x91, 0xb2, 0x7f, 0x21, 0x11, 0x02, 0x00, 0x00, 0x01, 0x0f, 0x01, 0xf8,
  0x00, 0x00, 0x00, 0x68, 0x09, 0x00, 0x00, 0x21, 0xc5, 0x01, 0x00, 0x00,
  0x01, 0x10, 0x01, 0xeb, 0x00, 0x00, 0x00, 0xd8, 0x09, 0x00, 0x00, 0x21,
  0x6b, 0x03, 0x00, 0x00, 0x01, 0x11, 0x01, 0xf1, 0x00, 0x00, 0x00, 0xbb,
  0x0a, 0x00, 0x00, 0x21, 0xbb, 0x02, 0x00, 0x00, 0x01, 0x12, 0x01, 0x30,
  0x00, 0x00, 0x00, 0x21, 0x0c, 0x00, 0x00, 0x21, 0x41, 0x02, 0x00, 0x00,
  0x01, 0x13, 0x01, 0x5f, 0x06, 0x00, 0x00, 0x56, 0x0c, 0x00, 0x00, 0x21,
  0xc1, 0x02, 0x00, 0x00, 0x01, 0x14, 0x01, 0x5f, 0x06, 0x00, 0x00, 0xbe,
  0x0c, 0x00, 0x00, 0x21, 0xd6, 0x01, 0x00, 0x00, 0x01, 0x15, 0x01, 0x5f,
  0x06, 0x00, 0x00, 0x02, 0x0d, 0x00, 0x00, 0x21, 0xf0, 0x01, 0x00, 0x00,
  0x01, 0x16, 0x01, 0x5f, 0x06, 0x00, 0x00, 0x46, 0x0d, 0x00, 0x00, 0x25,
  0x08, 0x01, 0x17, 0x01, 0x17, 0x05, 0x00, 0x00, 0x26, 0x69, 0x31, 0x36,
  0x00, 0x01, 0x19, 0x01, 0x45, 0x00, 0x00, 0x00, 0x26, 0x70, 0x74, 0x72,
  0x00, 0x01, 0x1a, 0x01, 0xd9, 0x00, 0x00, 0x00, 0x26, 0x69, 0x32, 0x30,
  0x00, 0x01, 0x1c, 0x01, 0xb5, 0x00, 0x00, 0x00, 0x26, 0x69, 0x33, 0x32,
  0x00, 0x01, 0x1f, 0x01, 0x50, 0x00, 0x00, 0x00, 0x26, 0x69, 0x36, 0x34,
  0x00, 0x01, 0x22, 0x01, 0x62, 0x00, 0x00, 0x00, 0x00, 0x24, 0x55, 0x02,
  0x00, 0x00, 0x01, 0x24, 0x01, 0xd1, 0x04, 0x00, 0x00, 0x02, 0x71, 0x1e,
  0x24, 0xb4, 0x02, 0x00, 0x00, 0x01, 0x25, 0x01, 0x66, 0x06, 0x00, 0x00,
  0x03, 0x91, 0x9a, 0x7f, 0x27, 0x65, 0x03, 0x00, 0x00, 0x01, 0x37, 0x01,
  0xec, 0x40, 0x01, 0x00, 0x27, 0x5f, 0x01, 0x00, 0x00, 0x01, 0x6c, 0x02,
  0xaa, 0x41, 0x01, 0x00, 0x27, 0x46, 0x03, 0x00, 0x00, 0x01, 0xbe, 0x01,
  0xb0, 0x42, 0x01, 0x00, 0x27, 0x59, 0x03, 0x00, 0x00, 0x01, 0x12, 0x02,
  0xfe, 0x43, 0x01, 0x00, 0x27, 0x4f, 0x02, 0x00, 0x00, 0x01, 0xef, 0x01,
  0x32, 0x43, 0x01, 0x00, 0x28, 0x50, 0x00, 0x00, 0x00, 0x8c, 0x05, 0x00,
  0x00, 0x21, 0xd6, 0x02, 0x00, 0x00, 0x01, 0x5d, 0x02, 0x30, 0x00, 0x00,
  0x00, 0x8a, 0x0d, 0x00, 0x00, 0x00, 0x28, 0x68, 0x00, 0x00, 0x00, 0xa6,
  0x05, 0x00, 0x00, 0x29, 0x76, 0x61, 0x6c, 0x00, 0x01, 0x86, 0x01, 0x30,
  0x00, 0x00, 0x00, 0x9d, 0x0d, 0x00, 0x00, 0x00, 0x16, 0xda, 0x44, 0x01,
  0x00, 0x70, 0x45, 0x01, 0x00, 0xc4, 0x05, 0x00, 0x00, 0x21, 0x30, 0x03,
  0x00, 0x00, 0x01, 0x45, 0x02, 0x30, 0x00, 0x00, 0x00, 0xbb, 0x0d, 0x00,
  0x00, 0x00, 0x16, 0xa4, 0x45, 0x01, 0x00, 0xf8, 0x45, 0x01, 0x00, 0xe2,
  0x05, 0x00, 0x00, 0x21, 0x30, 0x03, 0x00, 0x00, 0x01, 0x4a, 0x02, 0x30,
  0x00, 0x00, 0x00, 0xd9, 0x0d, 0x00, 0x00, 0x00, 0x16, 0x2c, 0x46, 0x01,
  0x00, 0xb8, 0x46, 0x01, 0x00, 0x00, 0x06, 0x00, 0x00, 0x21, 0x30, 0x03,
  0x00, 0x00, 0x01, 0x4f, 0x02, 0x30, 0x00, 0x00, 0x00, 0xf7, 0x0d, 0x00,
  0x00, 0x00, 0x16, 0xce, 0x46, 0x01, 0x00, 0x0e, 0x47, 0x01, 0x00, 0x1e,
  0x06, 0x00, 0x00, 0x21, 0x30, 0x03, 0x00, 0x00, 0x01, 0x52, 0x02, 0x30,
  0x00, 0x00, 0x00, 0x2d, 0x0e, 0x00, 0x00, 0x00, 0x2a, 0xe6, 0x42, 0x01,
  0x00, 0x4c, 0x02, 0x00, 0x00, 0x3d, 0x06, 0x00, 0x00, 0x19, 0x01, 0x5f,
  0x05, 0x91, 0x68, 0xf6, 0x04, 0x29, 0x19, 0x01, 0x5d, 0x04, 0x91, 0x5c,
  0x94, 0x02, 0x00, 0x2b, 0x62, 0x47, 0x01, 0x00, 0x4c, 0x02, 0x00, 0x00,
  0x19, 0x01, 0x5f, 0x05, 0x91, 0x68, 0xf6, 0x04, 0x29, 0x19, 0x01, 0x5e,
  0x02, 0x79, 0x01, 0x19, 0x01, 0x5d, 0x04, 0x91, 0x5c, 0x94, 0x02, 0x00,
  0x00, 0x02, 0x01, 0x02, 0xd0, 0x02, 0x00, 0x00, 0x2c, 0xf1, 0x00, 0x00,
  0x00, 0x1e, 0x95, 0x03, 0x00, 0x00, 0x17, 0x00, 0x00, 0xdd, 0x00, 0x00,
  0x00, 0x02, 0x00, 0xfc, 0x04, 0x00, 0x00, 0x04, 0x01, 0x5c, 0x00, 0x00,
  0x00, 0x01, 0x8a, 0x03, 0x00, 0x00, 0xc2, 0x00, 0x00, 0x00, 0x98, 0x00,
  0x00, 0x00, 0x00, 0x00, 0x00, 0x00, 0x00, 0x00, 0x00, 0x00, 0x21, 0x08,
  0x00, 0x00, 0x02, 0x02, 0x05, 0x69, 0x6e, 0x74, 0x00, 0x03, 0x02, 0x07,
  0xa2, 0x00, 0x00, 0x00, 0x03, 0x01, 0x06, 0x3d, 0x00, 0x00, 0x00, 0x03,
  0x04, 0x05, 0xb4, 0x00, 0x00, 0x00, 0x03, 0x08, 0x05, 0xaf, 0x00, 0x00,
  0x00, 0x03, 0x01, 0x08, 0x3b, 0x00, 0x00, 0x00, 0x03, 0x04, 0x07, 0x9d,
  0x00, 0x00, 0x00, 0x03, 0x08, 0x07, 0x98, 0x00, 0x00, 0x00, 0x03, 0x04,
  0x05, 0x87, 0x00, 0x00, 0x00, 0x03, 0x04, 0x07, 0x8f, 0x00, 0x00, 0x00,
  0x03, 0x02, 0x07, 0x49, 0x00, 0x00, 0x00, 0x03, 0x01, 0x06, 0x44, 0x00,
  0x00, 0x00, 0x04, 0x02, 0x83, 0x00, 0x00, 0x00, 0x05, 0x76, 0x00, 0x00,
  0x00, 0x06, 0x01, 0xa2, 0x03, 0x00, 0x00, 0x01, 0x23, 0x01, 0x29, 0x00,
  0x00, 0x00, 0xc4, 0x47, 0x01, 0x00, 0xf0, 0x47, 0x01, 0x00, 0x4b, 0x0e,
  0x00, 0x00, 0x01, 0xcc, 0x00, 0x00, 0x00, 0x07, 0x73, 0x00, 0x01, 0x23,
  0x7d, 0x00, 0x00, 0x00, 0x6b, 0x0e, 0x00, 0x00, 0x08, 0xd6, 0x47, 0x01,
  0x00, 0xcc, 0x00, 0x00, 0x00, 0x09, 0xe8, 0x47, 0x01, 0x00, 0xcc, 0x00,
  0x00, 0x00, 0x0a, 0x01, 0x5f, 0x01, 0x3a, 0x00, 0x00, 0x0b, 0x01, 0x9a,
  0x03, 0x00, 0x00, 0x02, 0x3b, 0x01, 0x29, 0x00, 0x00, 0x00, 0x01, 0x0c,
  0x29, 0x00, 0x00, 0x00, 0x00, 0x00, 0x6e, 0x01, 0x00, 0x00, 0x02, 0x00,
  0x9f, 0x05, 0x00, 0x00, 0x04, 0x01, 0x5c, 0x00, 0x00, 0x00, 0x01, 0xb2,
  0x03, 0x00, 0x00, 0xc2, 0x00, 0x00, 0x00, 0xa8, 0x00, 0x00, 0x00, 0x00,
  0x00, 0x00, 0x00, 0x00, 0x00, 0x00, 0x00, 0x88, 0x08, 0x00, 0x00, 0x02,
  0x02, 0x05, 0x69, 0x6e, 0x74, 0x00, 0x03, 0x02, 0x07, 0xa2, 0x00, 0x00,
  0x00, 0x03, 0x01, 0x06, 0x3d, 0x00, 0x00, 0x00, 0x03, 0x04, 0x05, 0xb4,
  0x00, 0x00, 0x00, 0x03, 0x08, 0x05, 0xaf, 0x00, 0x00, 0x00, 0x03, 0x01,
  0x08, 0x3b, 0x00, 0x00, 0x00, 0x03, 0x04, 0x07, 0x9d, 0x00, 0x00, 0x00,
  0x03, 0x08, 0x07, 0x98, 0x00, 0x00, 0x00, 0x03, 0x04, 0x05, 0x87, 0x00,
  0x00, 0x00, 0x03, 0x04, 0x07, 0x8f, 0x00, 0x00, 0x00, 0x03, 0x02, 0x07,
  0x49, 0x00, 0x00, 0x00, 0x03, 0x01, 0x06, 0x44, 0x00, 0x00, 0x00, 0x04,
  0xce, 0x03, 0x00, 0x00, 0x01, 0x2e, 0x01, 0x29, 0x00, 0x00, 0x00, 0x01,
  0x9a, 0x00, 0x00, 0x00, 0x05, 0x63, 0x74, 0x78, 0x00, 0x01, 0x2e, 0x9a,
  0x00, 0x00, 0x00, 0x00, 0x06, 0x02, 0x53, 0x00, 0x00, 0x00, 0x07, 0x01,
  0xc2, 0x03, 0x00, 0x00, 0x01, 0x35, 0x01, 0x29, 0x00, 0x00, 0x00, 0x00,
  0x00, 0x00, 0x00, 0x00, 0x00, 0x00, 0x00, 0x89, 0x0e, 0x00, 0x00, 0x01,
  0xf9, 0x00, 0x00, 0x00, 0x08, 0x63, 0x74, 0x78, 0x00, 0x01, 0x35, 0xf9,
  0x00, 0x00, 0x00, 0xa9, 0x0e, 0x00, 0x00, 0x09, 0x76, 0x61, 0x6c, 0x00,
  0x01, 0x37, 0x53, 0x00, 0x00, 0x00, 0xd5, 0x0e, 0x00, 0x00, 0x0a, 0x7d,
  0x00, 0x00, 0x00, 0x00, 0x00, 0x00, 0x00, 0x00, 0x00, 0x00, 0x00, 0x01,
  0x38, 0x0b, 0x8e, 0x00, 0x00, 0x00, 0x06, 0xf2, 0x17, 0x11, 0x00, 0x00,
  0x00, 0x00, 0x00, 0x06, 0x02, 0x30, 0x00, 0x00, 0x00, 0x0c, 0x01, 0xd1,
  0x03, 0x00, 0x00, 0x01, 0x40, 0x01, 0x29, 0x00, 0x00, 0x00, 0xf0, 0x47,
  0x01, 0x00, 0x16, 0x48, 0x01, 0x00, 0x02, 0x71, 0x02, 0x01, 0x39, 0x01,
  0x00, 0x00, 0x0a, 0x7d, 0x00, 0x00, 0x00, 0xf0, 0x47, 0x01, 0x00, 0x12,
  0x48, 0x01, 0x00, 0x01, 0x42, 0x0b, 0x8e, 0x00, 0x00, 0x00, 0x06, 0x03,
  0x34, 0x12, 0x00, 0x00, 0x9f, 0x00, 0x00, 0x0d, 0x01, 0xac, 0x03, 0x00,
  0x00, 0x01, 0x46, 0x01, 0x16, 0x48, 0x01, 0x00, 0x20, 0x48, 0x01, 0x00,
  0x02, 0x71, 0x02, 0x01, 0x60, 0x01, 0x00, 0x00, 0x0e, 0xc9, 0x03, 0x00,
  0x00, 0x01, 0x46, 0x30, 0x00, 0x00, 0x00, 0x01, 0x5f, 0x00, 0x0f, 0xa7,
  0x03, 0x00, 0x00, 0x01, 0x3d, 0x53, 0x00, 0x00, 0x00, 0x05, 0x03, 0x34,
  0x12, 0x00, 0x00, 0x00, 0xfb, 0x00, 0x00, 0x00, 0x02, 0x00, 0x9a, 0x06,
  0x00, 0x00, 0x04, 0x01, 0x5c, 0x00, 0x00, 0x00, 0x01, 0xdd, 0x03, 0x00,
  0x00, 0xc2, 0x00, 0x00, 0x00, 0xc8, 0x00, 0x00, 0x00, 0x00, 0x00, 0x00,
  0x00, 0x00, 0x00, 0x00, 0x00, 0xf6, 0x08, 0x00, 0x00, 0x02, 0x02, 0x05,
  0x69, 0x6e, 0x74, 0x00, 0x03, 0xf1, 0x00, 0x00, 0x00, 0x02, 0xd5, 0x3b,
  0x00, 0x00, 0x00, 0x04, 0x02, 0x07, 0xa2, 0x00, 0x00, 0x00, 0x04, 0x01,
  0x06, 0x3d, 0x00, 0x00, 0x00, 0x04, 0x04, 0x05, 0xb4, 0x00, 0x00, 0x00,
  0x04, 0x08, 0x05, 0xaf, 0x00, 0x00, 0x00, 0x04, 0x01, 0x08, 0x3b, 0x00,
  0x00, 0x00, 0x04, 0x04, 0x07, 0x9d, 0x00, 0x00, 0x00, 0x04, 0x08, 0x07,
  0x98, 0x00, 0x00, 0x00, 0x04, 0x04, 0x05, 0x87, 0x00, 0x00, 0x00, 0x04,
  0x04, 0x07, 0x8f, 0x00, 0x00, 0x00, 0x04, 0x02, 0x07, 0x49, 0x00, 0x00,
  0x00, 0x04, 0x01, 0x06, 0x44, 0x00, 0x00, 0x00, 0x05, 0x01, 0xd6, 0x03,
  0x00, 0x00, 0x01, 0x26, 0x01, 0x29, 0x00, 0x00, 0x00, 0x20, 0x48, 0x01,
  0x00, 0x4c, 0x48, 0x01, 0x00, 0x01, 0x0f, 0x00, 0x00, 0x01, 0xec, 0x00,
  0x00, 0x00, 0x06, 0x73, 0x31, 0x00, 0x01, 0x26, 0xec, 0x00, 0x00, 0x00,
  0x21, 0x0f, 0x00, 0x00, 0x07, 0x73, 0x32, 0x00, 0x01, 0x27, 0xec, 0x00,
  0x00, 0x00, 0x01, 0x5e, 0x06, 0x6e, 0x00, 0x01, 0x28, 0x30, 0x00, 0x00,
  0x00, 0x5b, 0x0f, 0x00, 0x00, 0x08, 0x28, 0x48, 0x01, 0x00, 0x46, 0x48,
  0x01, 0x00, 0x09, 0x70, 0x31, 0x00, 0x01, 0x2c, 0xf3, 0x00, 0x00, 0x00,
  0x09, 0x70, 0x32, 0x00, 0x01, 0x2c, 0xf3, 0x00, 0x00, 0x00, 0x00, 0x00,
  0x0a, 0x02, 0xf2, 0x00, 0x00, 0x00, 0x0b, 0x0a, 0x02, 0xf9, 0x00, 0x00,
  0x00, 0x0c, 0x57, 0x00, 0x00, 0x00, 0x00, 0x40, 0x01, 0x00, 0x00, 0x02,
  0x00, 0x38, 0x07, 0x00, 0x00, 0x04, 0x01, 0x5c, 0x00, 0x00, 0x00, 0x01,
  0xf4, 0x03, 0x00, 0x00, 0xc2, 0x00, 0x00, 0x00, 0xd8, 0x00, 0x00, 0x00,
  0x00, 0x00, 0x00, 0x00, 0x00, 0x00, 0x00, 0x00, 0x87, 0x09, 0x00, 0x00,
  0x02, 0x02, 0x05, 0x69, 0x6e, 0x74, 0x00, 0x03, 0xf1, 0x00, 0x00, 0x00,
  0x02, 0xd5, 0x3b, 0x00, 0x00, 0x00, 0x04, 0x02, 0x07, 0xa2, 0x00, 0x00,
  0x00, 0x04, 0x01, 0x06, 0x3d, 0x00, 0x00, 0x00, 0x04, 0x04, 0x05, 0xb4,
  0x00, 0x00, 0x00, 0x04, 0x08, 0x05, 0xaf, 0x00, 0x00, 0x00, 0x04, 0x01,
  0x08, 0x3b, 0x00, 0x00, 0x00, 0x03, 0x9f, 0x02, 0x00, 0x00, 0x03, 0x2c,
  0x3b, 0x00, 0x00, 0x00, 0x04, 0x04, 0x07, 0x9d, 0x00, 0x00, 0x00, 0x04,
  0x08, 0x07, 0x98, 0x00, 0x00, 0x00, 0x04, 0x04, 0x05, 0x87, 0x00, 0x00,
  0x00, 0x04, 0x04, 0x07, 0x8f, 0x00, 0x00, 0x00, 0x03, 0x06, 0x04, 0x00,
  0x00, 0x03, 0x5c, 0x5e, 0x00, 0x00, 0x00, 0x04, 0x02, 0x07, 0x49, 0x00,
  0x00, 0x00, 0x05, 0x02, 0x9d, 0x00, 0x00, 0x00, 0x04, 0x01, 0x06, 0x44,
  0x00, 0x00, 0x00, 0x05, 0x02, 0xaa, 0x00, 0x00, 0x00, 0x06, 0x9d, 0x00,
  0x00, 0x00, 0x03, 0xef, 0x03, 0x00, 0x00, 0x01, 0x29, 0x29, 0x00, 0x00,
  0x00, 0x07, 0x01, 0x15, 0x04, 0x00, 0x00, 0x01, 0x35, 0x01, 0x3a, 0x01,
  0x00, 0x00, 0x4c, 0x48, 0x01, 0x00, 0x34, 0x49, 0x01, 0x00, 0x6e, 0x0f,
  0x00, 0x00, 0x01, 0x3a, 0x01, 0x00, 0x00, 0x08, 0x10, 0x04, 0x00, 0x00,
  0x01, 0x35, 0x3a, 0x01, 0x00, 0x00, 0x01, 0x5f, 0x09, 0x23, 0x04, 0x00,
  0x00, 0x01, 0x35, 0x3c, 0x01, 0x00, 0x00, 0x8e, 0x0f, 0x00, 0x00, 0x09,
  0x1c, 0x04, 0x00, 0x00, 0x01, 0x35, 0x30, 0x00, 0x00, 0x00, 0xe1, 0x0f,
  0x00, 0x00, 0x0a, 0x64, 0x73, 0x74, 0x00, 0x01, 0x40, 0x97, 0x00, 0x00,
  0x00, 0x0a, 0x10, 0x00, 0x00, 0x0a, 0x73, 0x72, 0x63, 0x00, 0x01, 0x41,
  0xa4, 0x00, 0x00, 0x00, 0x9a, 0x10, 0x00, 0x00, 0x0a, 0x74, 0x00, 0x01,
  0x42, 0x85, 0x00, 0x00, 0x00, 0x26, 0x11, 0x00, 0x00, 0x0b, 0x28, 0x04,
  0x00, 0x00, 0x01, 0x80, 0x30, 0x49, 0x01, 0x00, 0x00, 0x0c, 0x02, 0x05,
  0x02, 0x42, 0x01, 0x00, 0x00, 0x0d, 0x00, 0x40, 0x01, 0x00, 0x00, 0x02,
  0x00, 0xe3, 0x07, 0x00, 0x00, 0x04, 0x01, 0x5c, 0x00, 0x00, 0x00, 0x01,
  0x35, 0x04, 0x00, 0x00, 0xc2, 0x00, 0x00, 0x00, 0xe8, 0x00, 0x00, 0x00,
  0x00, 0x00, 0x00, 0x00, 0x00, 0x00, 0x00, 0x00, 0xa1, 0x0a, 0x00, 0x00,
  0x02, 0x02, 0x05, 0x69, 0x6e, 0x74, 0x00, 0x03, 0xf1, 0x00, 0x00, 0x00,
  0x02, 0xd5, 0x3b, 0x00, 0x00, 0x00, 0x04, 0x02, 0x07, 0xa2, 0x00, 0x00,
  0x00, 0x04, 0x01, 0x06, 0x3d, 0x00, 0x00, 0x00, 0x04, 0x04, 0x05, 0xb4,
  0x00, 0x00, 0x00, 0x04, 0x08, 0x05, 0xaf, 0x00, 0x00, 0x00, 0x04, 0x01,
  0x08, 0x3b, 0x00, 0x00, 0x00, 0x03, 0x9f, 0x02, 0x00, 0x00, 0x03, 0x2c,
  0x3b, 0x00, 0x00, 0x00, 0x04, 0x04, 0x07, 0x9d, 0x00, 0x00, 0x00, 0x04,
  0x08, 0x07, 0x98, 0x00, 0x00, 0x00, 0x04, 0x04, 0x05, 0x87, 0x00, 0x00,
  0x00, 0x04, 0x04, 0x07, 0x8f, 0x00, 0x00, 0x00, 0x03, 0x06, 0x04, 0x00,
  0x00, 0x03, 0x5c, 0x5e, 0x00, 0x00, 0x00, 0x04, 0x02, 0x07, 0x49, 0x00,
  0x00, 0x00, 0x05, 0x02, 0x9d, 0x00, 0x00, 0x00, 0x04, 0x01, 0x06, 0x44,
  0x00, 0x00, 0x00, 0x05, 0x02, 0xaa, 0x00, 0x00, 0x00, 0x06, 0x9d, 0x00,
  0x00, 0x00, 0x03, 0xef, 0x03, 0x00, 0x00, 0x01, 0x29, 0x29, 0x00, 0x00,
  0x00, 0x07, 0x01, 0x2d, 0x04, 0x00, 0x00, 0x01, 0x39, 0x01, 0x3a, 0x01,
  0x00, 0x00, 0x34, 0x49, 0x01, 0x00, 0x1c, 0x4a, 0x01, 0x00, 0x31, 0x12,
  0x00, 0x00, 0x01, 0x3a, 0x01, 0x00, 0x00, 0x08, 0x10, 0x04, 0x00, 0x00,
  0x01, 0x39, 0x3a, 0x01, 0x00, 0x00, 0x01, 0x5f, 0x09, 0x23, 0x04, 0x00,
  0x00, 0x01, 0x39, 0x3c, 0x01, 0x00, 0x00, 0x51, 0x12, 0x00, 0x00, 0x09,
  0x1c, 0x04, 0x00, 0x00, 0x01, 0x39, 0x30, 0x00, 0x00, 0x00, 0xa4, 0x12,
  0x00, 0x00, 0x0a, 0x64, 0x73, 0x74, 0x00, 0x01, 0x40, 0x97, 0x00, 0x00,
  0x00, 0xcd, 0x12, 0x00, 0x00, 0x0a, 0x73, 0x72, 0x63, 0x00, 0x01, 0x41,
  0xa4, 0x00, 0x00, 0x00, 0x5d, 0x13, 0x00, 0x00, 0x0a, 0x74, 0x00, 0x01,
  0x42, 0x85, 0x00, 0x00, 0x00, 0xe9, 0x13, 0x00, 0x00, 0x0b, 0x28, 0x04,
  0x00, 0x00, 0x01, 0x80, 0x18, 0x4a, 0x01, 0x00, 0x00, 0x0c, 0x02, 0x05,
  0x02, 0x42, 0x01, 0x00, 0x00, 0x0d, 0x00, 0x29, 0x01, 0x00, 0x00, 0x02,
  0x00, 0x8e, 0x08, 0x00, 0x00, 0x04, 0x01, 0x5c, 0x00, 0x00, 0x00, 0x01,
  0x56, 0x04, 0x00, 0x00, 0xc2, 0x00, 0x00, 0x00, 0xf8, 0x00, 0x00, 0x00,
  0x00, 0x00, 0x00, 0x00, 0x00, 0x00, 0x00, 0x00, 0xba, 0x0b, 0x00, 0x00,
  0x02, 0x01, 0x06, 0x3d, 0x00, 0x00, 0x00, 0x03, 0x02, 0x05, 0x69, 0x6e,
  0x74, 0x00, 0x02, 0x04, 0x05, 0xb4, 0x00, 0x00, 0x00, 0x02, 0x08, 0x05,
  0xaf, 0x00, 0x00, 0x00, 0x02, 0x01, 0x08, 0x3b, 0x00, 0x00, 0x00, 0x04,
  0x9f, 0x02, 0x00, 0x00, 0x02, 0x2c, 0x57, 0x00, 0x00, 0x00, 0x02, 0x02,
  0x07, 0xa2, 0x00, 0x00, 0x00, 0x02, 0x04, 0x07, 0x9d, 0x00, 0x00, 0x00,
  0x02, 0x08, 0x07, 0x98, 0x00, 0x00, 0x00, 0x02, 0x04, 0x05, 0x87, 0x00,
  0x00, 0x00, 0x02, 0x04, 0x07, 0x8f, 0x00, 0x00, 0x00, 0x04, 0x06, 0x04,
  0x00, 0x00, 0x02, 0x5c, 0x4c, 0x00, 0x00, 0x00, 0x04, 0x48, 0x04, 0x00,
  0x00, 0x03, 0x30, 0x45, 0x00, 0x00, 0x00, 0x02, 0x02, 0x07, 0x49, 0x00,
  0x00, 0x00, 0x04, 0x68, 0x04, 0x00, 0x00, 0x03, 0x32, 0x57, 0x00, 0x00,
  0x00, 0x02, 0x01, 0x06, 0x44, 0x00, 0x00, 0x00, 0x04, 0xf1, 0x00, 0x00,
  0x00, 0x04, 0xd5, 0x57, 0x00, 0x00, 0x00, 0x05, 0x01, 0x4f, 0x04, 0x00,
  0x00, 0x01, 0x36, 0x01, 0x24, 0x01, 0x00, 0x00, 0x1c, 0x4a, 0x01, 0x00,
  0x78, 0x4a, 0x01, 0x00, 0xf4, 0x14, 0x00, 0x00, 0x01, 0x24, 0x01, 0x00,
  0x00, 0x06, 0x10, 0x04, 0x00, 0x00, 0x01, 0x36, 0x24, 0x01, 0x00, 0x00,
  0x01, 0x5f, 0x07, 0x63, 0x30, 0x00, 0x01, 0x36, 0x30, 0x00, 0x00, 0x00,
  0x01, 0x5e, 0x08, 0x1c, 0x04, 0x00, 0x00, 0x01, 0x36, 0xa9, 0x00, 0x00,
  0x00, 0x14, 0x15, 0x00, 0x00, 0x09, 0x74, 0x00, 0x01, 0x39, 0x7a, 0x00,
  0x00, 0x00, 0x40, 0x15, 0x00, 0x00, 0x09, 0x63, 0x00, 0x01, 0x3b, 0x97,
  0x00, 0x00, 0x00, 0xba, 0x15, 0x00, 0x00, 0x09, 0x64, 0x73, 0x74, 0x00,
  0x01, 0x3d, 0x26, 0x01, 0x00, 0x00, 0xcd, 0x15, 0x00, 0x00, 0x00, 0x0a,
  0x02, 0x0b, 0x02, 0x85, 0x00, 0x00, 0x00, 0x00, 0xaa, 0x00, 0x00, 0x00,
  0x02, 0x00, 0x2f, 0x09, 0x00, 0x00, 0x04, 0x01, 0xae, 0x0c, 0x00, 0x00,
  0x82, 0x34, 0x00, 0x00, 0x3e, 0x35, 0x00, 0x00, 0x2e, 0x2e, 0x2f, 0x2e,
  0x2e, 0x2f, 0x2e, 0x2e, 0x2f, 0x2e, 0x2e, 0x2f, 0x2e, 0x2e, 0x2f, 0x2e,
  0x2e, 0x2f, 0x2e, 0x2e, 0x2f, 0x67, 0x63, 0x63, 0x2d, 0x34, 0x2e, 0x37,
  0x2e, 0x32, 0x2f, 0x6c, 0x69, 0x62, 0x67, 0x63, 0x63, 0x2f, 0x63, 0x6f,
  0x6e, 0x66, 0x69, 0x67, 0x2f, 0x6d, 0x73, 0x70, 0x34, 0x33, 0x30, 0x2f,
  0x6c, 0x69, 0x62, 0x67, 0x63, 0x63, 0x2e, 0x53, 0x00, 0x2f, 0x68, 0x6f,
  0x6d, 0x65, 0x2f, 0x75, 0x73, 0x65, 0x72, 0x2f, 0x74, 0x6d, 0x70, 0x2f,
  0x67, 0x63, 0x63, 0x2d, 0x34, 0x2e, 0x37, 0x2e, 0x32, 0x2d, 0x6d, 0x73,
  0x70, 0x34, 0x33, 0x30, 0x2f, 0x6d, 0x73, 0x70, 0x34, 0x33, 0x30, 0x2f,
  0x6d, 0x63, 0x70, 0x75, 0x2d, 0x34, 0x33, 0x30, 0x78, 0x2f, 0x6d, 0x6d,
  0x70, 0x79, 0x2d, 0x31, 0x36, 0x2f, 0x6d, 0x73, 0x72, 0x32, 0x30, 0x2f,
  0x6d, 0x63, 0x32, 0x30, 0x2f, 0x6c, 0x69, 0x62, 0x67, 0x63, 0x63, 0x00,
  0x47, 0x4e, 0x55, 0x20, 0x41, 0x53, 0x20, 0x32, 0x2e, 0x32, 0x32, 0x00,
  0x01, 0x80, 0xa8, 0x00, 0x00, 0x00, 0x02, 0x00, 0x43, 0x09, 0x00, 0x00,
  0x04, 0x01, 0x72, 0x0d, 0x00, 0x00, 0x00, 0x31, 0x00, 0x00, 0x0c, 0x31,
  0x00, 0x00, 0x2e, 0x2e, 0x2f, 0x2e, 0x2e, 0x2f, 0x2e, 0x2e, 0x2f, 0x2e,
  0x2e, 0x2f, 0x2e, 0x2e, 0x2f, 0x2e, 0x2e, 0x2f, 0x2e, 0x2e, 0x2f, 0x67,
  0x63, 0x63, 0x2d, 0x34, 0x2e, 0x37, 0x2e, 0x32, 0x2f, 0x6c, 0x69, 0x62,
  0x67, 0x63, 0x63, 0x2f, 0x63, 0x6f, 0x6e, 0x66, 0x69, 0x67, 0x2f, 0x6d,
  0x73, 0x70, 0x34, 0x33, 0x30, 0x2f, 0x63, 0x72, 0x74, 0x30, 0x2e, 0x53,
  0x00, 0x2f, 0x68, 0x6f, 0x6d, 0x65, 0x2f, 0x75, 0x73, 0x65, 0x72, 0x2f,
  0x74, 0x6d, 0x70, 0x2f, 0x67, 0x63, 0x63, 0x2d, 0x34, 0x2e, 0x37, 0x2e,
  0x32, 0x2d, 0x6d, 0x73, 0x70, 0x34, 0x33, 0x30, 0x2f, 0x6d, 0x73, 0x70,
  0x34, 0x33, 0x30, 0x2f, 0x6d, 0x63, 0x70, 0x75, 0x2d, 0x34, 0x33, 0x30,
  0x78, 0x2f, 0x6d, 0x6d, 0x70, 0x79, 0x2d, 0x31, 0x36, 0x2f, 0x6d, 0x73,
  0x72, 0x32, 0x30, 0x2f, 0x6d, 0x63, 0x32, 0x30, 0x2f, 0x6c, 0x69, 0x62,
  0x67, 0x63, 0x63, 0x00, 0x47, 0x4e, 0x55, 0x20, 0x41, 0x53, 0x20, 0x32,
  0x2e, 0x32, 0x32, 0x00, 0x01, 0x80, 0xa8, 0x00, 0x00, 0x00, 0x02, 0x00,
  0x57, 0x09, 0x00, 0x00, 0x04, 0x01, 0xdf, 0x0d, 0x00, 0x00, 0x0c, 0x31,
  0x00, 0x00, 0x10, 0x31, 0x00, 0x00, 0x2e, 0x2e, 0x2f, 0x2e, 0x2e, 0x2f,
  0x2e, 0x2e, 0x2f, 0x2e, 0x2e, 0x2f, 0x2e, 0x2e, 0x2f, 0x2e, 0x2e, 0x2f,
  0x2e, 0x2e, 0x2f, 0x67, 0x63, 0x63, 0x2d, 0x34, 0x2e, 0x37, 0x2e, 0x32,
  0x2f, 0x6c, 0x69, 0x62, 0x67, 0x63, 0x63, 0x2f, 0x63, 0x6f, 0x6e, 0x66,
  0x69, 0x67, 0x2f, 0x6d, 0x73, 0x70, 0x34, 0x33, 0x30, 0x2f, 0x63, 0x72,
  0x74, 0x30, 0x2e, 0x53, 0x00, 0x2f, 0x68, 0x6f, 0x6d, 0x65, 0x2f, 0x75,
  0x73, 0x65, 0x72, 0x2f, 0x74, 0x6d, 0x70, 0x2f, 0x67, 0x63, 0x63, 0x2d,
  0x34, 0x2e, 0x37, 0x2e, 0x32, 0x2d, 0x6d, 0x73, 0x70, 0x34, 0x33, 0x30,
  0x2f, 0x6d, 0x73, 0x70, 0x34, 0x33, 0x30, 0x2f, 0x6d, 0x63, 0x70, 0x75,
  0x2d, 0x34, 0x33, 0x30, 0x78, 0x2f, 0x6d, 0x6d, 0x70, 0x79, 0x2d, 0x31,
  0x36, 0x2f, 0x6d, 0x73, 0x72, 0x32, 0x30, 0x2f, 0x6d, 0x63, 0x32, 0x30,
  0x2f, 0x6c, 0x69, 0x62, 0x67, 0x63, 0x63, 0x00, 0x47, 0x4e, 0x55, 0x20,
  0x41, 0x53, 0x20, 0x32, 0x2e, 0x32, 0x32, 0x00, 0x01, 0x80, 0xa8, 0x00,
  0x00, 0x00, 0x02, 0x00, 0x6b, 0x09, 0x00, 0x00, 0x04, 0x01, 0x4a, 0x0e,
  0x00, 0x00, 0x10, 0x31, 0x00, 0x00, 0x28, 0x31, 0x00, 0x00, 0x2e, 0x2e,
  0x2f, 0x2e, 0x2e, 0x2f, 0x2e, 0x2e, 0x2f, 0x2e, 0x2e, 0x2f, 0x2e, 0x2e,
  0x2f, 0x2e, 0x2e, 0x2f, 0x2e, 0x2e, 0x2f, 0x67, 0x63, 0x63, 0x2d, 0x34,
  0x2e, 0x37, 0x2e, 0x32, 0x2f, 0x6c, 0x69, 0x62, 0x67, 0x63, 0x63, 0x2f,
  0x63, 0x6f, 0x6e, 0x66, 0x69, 0x67, 0x2f, 0x6d, 0x73, 0x70, 0x34, 0x33,
  0x30, 0x2f, 0x63, 0x72, 0x74, 0x30, 0x2e, 0x53, 0x00, 0x2f, 0x68, 0x6f,
  0x6d, 0x65, 0x2f, 0x75, 0x73, 0x65, 0x72, 0x2f, 0x74, 0x6d, 0x70, 0x2f,
  0x67, 0x63, 0x63, 0x2d, 0x34, 0x2e, 0x37, 0x2e, 0x32, 0x2d, 0x6d, 0x73,
  0x70, 0x34, 0x33, 0x30, 0x2f, 0x6d, 0x73, 0x70, 0x34, 0x33, 0x30, 0x2f,
  0x6d, 0x63, 0x70, 0x75, 0x2d, 0x34, 0x33, 0x30, 0x78, 0x2f, 0x6d, 0x6d,
  0x70, 0x79, 0x2d, 0x31, 0x36, 0x2f, 0x6d, 0x73, 0x72, 0x32, 0x30, 0x2f,
  0x6d, 0x63, 0x32, 0x30, 0x2f, 0x6c, 0x69, 0x62, 0x67, 0x63, 0x63, 0x00,
  0x47, 0x4e, 0x55, 0x20, 0x41, 0x53, 0x20, 0x32, 0x2e, 0x32, 0x32, 0x00,
  0x01, 0x80, 0xa8, 0x00, 0x00, 0x00, 0x02, 0x00, 0x7f, 0x09, 0x00, 0x00,
  0x04, 0x01, 0xbb, 0x0e, 0x00, 0x00, 0x28, 0x31, 0x00, 0x00, 0x3e, 0x31,
  0x00, 0x00, 0x2e, 0x2e, 0x2f, 0x2e, 0x2e, 0x2f, 0x2e, 0x2e, 0x2f, 0x2e,
  0x2e, 0x2f, 0x2e, 0x2e, 0x2f, 0x2e, 0x2e, 0x2f, 0x2e, 0x2e, 0x2f, 0x67,
  0x63, 0x63, 0x2d, 0x34, 0x2e, 0x37, 0x2e, 0x32, 0x2f, 0x6c, 0x69, 0x62,
  0x67, 0x63, 0x63, 0x2f, 0x63, 0x6f, 0x6e, 0x66, 0x69, 0x67, 0x2f, 0x6d,
  0x73, 0x70, 0x34, 0x33, 0x30, 0x2f, 0x63, 0x72, 0x74, 0x30, 0x2e, 0x53,
  0x00, 0x2f, 0x68, 0x6f, 0x6d, 0x65, 0x2f, 0x75, 0x73, 0x65, 0x72, 0x2f,
  0x74, 0x6d, 0x70, 0x2f, 0x67, 0x63, 0x63, 0x2d, 0x34, 0x2e, 0x37, 0x2e,
  0x32, 0x2d, 0x6d, 0x73, 0x70, 0x34, 0x33, 0x30, 0x2f, 0x6d, 0x73, 0x70,
  0x34, 0x33, 0x30, 0x2f, 0x6d, 0x63, 0x70, 0x75, 0x2d, 0x34, 0x33, 0x30,
  0x78, 0x2f, 0x6d, 0x6d, 0x70, 0x79, 0x2d, 0x31, 0x36, 0x2f, 0x6d, 0x73,
  0x72, 0x32, 0x30, 0x2f, 0x6d, 0x63, 0x32, 0x30, 0x2f, 0x6c, 0x69, 0x62,
  0x67, 0x63, 0x63, 0x00, 0x47, 0x4e, 0x55, 0x20, 0x41, 0x53, 0x20, 0x32,
  0x2e, 0x32, 0x32, 0x00, 0x01, 0x80, 0xa8, 0x00, 0x00, 0x00, 0x02, 0x00,
  0x93, 0x09, 0x00, 0x00, 0x04, 0x01, 0x2c, 0x0f, 0x00, 0x00, 0x70, 0x33,
  0x00, 0x00, 0x76, 0x33, 0x00, 0x00, 0x2e, 0x2e, 0x2f, 0x2e, 0x2e, 0x2f,
  0x2e, 0x2e, 0x2f, 0x2e, 0x2e, 0x2f, 0x2e, 0x2e, 0x2f, 0x2e, 0x2e, 0x2f,
  0x2e, 0x2e, 0x2f, 0x67, 0x63, 0x63, 0x2d, 0x34, 0x2e, 0x37, 0x2e, 0x32,
  0x2f, 0x6c, 0x69, 0x62, 0x67, 0x63, 0x63, 0x2f, 0x63, 0x6f, 0x6e, 0x66,
  0x69, 0x67, 0x2f, 0x6d, 0x73, 0x70, 0x34, 0x33, 0x30, 0x2f, 0x63, 0x72,
  0x74, 0x30, 0x2e, 0x53, 0x00, 0x2f, 0x68, 0x6f, 0x6d, 0x65, 0x2f, 0x75,
  0x73, 0x65, 0x72, 0x2f, 0x74, 0x6d, 0x70, 0x2f, 0x67, 0x63, 0x63, 0x2d,
  0x34, 0x2e, 0x37, 0x2e, 0x32, 0x2d, 0x6d, 0x73, 0x70, 0x34, 0x33, 0x30,
  0x2f, 0x6d, 0x73, 0x70, 0x34, 0x33, 0x30, 0x2f, 0x6d, 0x63, 0x70, 0x75,
  0x2d, 0x34, 0x33, 0x30, 0x78, 0x2f, 0x6d, 0x6d, 0x70, 0x79, 0x2d, 0x31,
  0x36, 0x2f, 0x6d, 0x73, 0x72, 0x32, 0x30, 0x2f, 0x6d, 0x63, 0x32, 0x30,
  0x2f, 0x6c, 0x69, 0x62, 0x67, 0x63, 0x63, 0x00, 0x47, 0x4e, 0x55, 0x20,
  0x41, 0x53, 0x20, 0x32, 0x2e, 0x32, 0x32, 0x00, 0x01, 0x80, 0xa8, 0x00,
  0x00, 0x00, 0x02, 0x00, 0xa7, 0x09, 0x00, 0x00, 0x04, 0x01, 0x98, 0x0f,
  0x00, 0x00, 0x7a, 0x33, 0x00, 0x00, 0x7c, 0x33, 0x00, 0x00, 0x2e, 0x2e,
  0x2f, 0x2e, 0x2e, 0x2f, 0x2e, 0x2e, 0x2f, 0x2e, 0x2e, 0x2f, 0x2e, 0x2e,
  0x2f, 0x2e, 0x2e, 0x2f, 0x2e, 0x2e, 0x2f, 0x67, 0x63, 0x63, 0x2d, 0x34,
  0x2e, 0x37, 0x2e, 0x32, 0x2f, 0x6c, 0x69, 0x62, 0x67, 0x63, 0x63, 0x2f,
  0x63, 0x6f, 0x6e, 0x66, 0x69, 0x67, 0x2f, 0x6d, 0x73, 0x70, 0x34, 0x33,
  0x30, 0x2f, 0x63, 0x72, 0x74, 0x30, 0x2e, 0x53, 0x00, 0x2f, 0x68, 0x6f,
  0x6d, 0x65, 0x2f, 0x75, 0x73, 0x65, 0x72, 0x2f, 0x74, 0x6d, 0x70, 0x2f,
  0x67, 0x63, 0x63, 0x2d, 0x34, 0x2e, 0x37, 0x2e, 0x32, 0x2d, 0x6d, 0x73,
  0x70, 0x34, 0x33, 0x30, 0x2f, 0x6d, 0x73, 0x70, 0x34, 0x33, 0x30, 0x2f,
  0x6d, 0x63, 0x70, 0x75, 0x2d, 0x34, 0x33, 0x30, 0x78, 0x2f, 0x6d, 0x6d,
  0x70, 0x79, 0x2d, 0x31, 0x36, 0x2f, 0x6d, 0x73, 0x72, 0x32, 0x30, 0x2f,
  0x6d, 0x63, 0x32, 0x30, 0x2f, 0x6c, 0x69, 0x62, 0x67, 0x63, 0x63, 0x00,
  0x47, 0x4e, 0x55, 0x20, 0x41, 0x53, 0x20, 0x32, 0x2e, 0x32, 0x32, 0x00,
  0x01, 0x80, 0x01, 0x11, 0x00, 0x10, 0x06, 0x11, 0x01, 0x12, 0x01, 0x03,
  0x08, 0x1b, 0x08, 0x25, 0x08, 0x13, 0x05, 0x00, 0x00, 0x00, 0x01, 0x11,
  0x00, 0x10, 0x06, 0x11, 0x01, 0x12, 0x01, 0x03, 0x08, 0x1b, 0x08, 0x25,
  0x08, 0x13, 0x05, 0x00, 0x00, 0x00, 0x01, 0x11, 0x00, 0x10, 0x06, 0x11,
  0x01, 0x12, 0x01, 0x03, 0x08, 0x1b, 0x08, 0x25, 0x08, 0x13, 0x05, 0x00,
  0x00, 0x00, 0x01, 0x11, 0x00, 0x10, 0x06, 0x11, 0x01, 0x12, 0x01, 0x03,
  0x08, 0x1b, 0x08, 0x25, 0x08, 0x13, 0x05, 0x00, 0x00, 0x00, 0x01, 0x11,
  0x00, 0x10, 0x06, 0x11, 0x01, 0x12, 0x01, 0x03, 0x08, 0x1b, 0x08, 0x25,
  0x08, 0x13, 0x05, 0x00, 0x00, 0x00, 0x01, 0x11, 0x00, 0x10, 0x06, 0x11,
  0x01, 0x12, 0x01, 0x03, 0x08, 0x1b, 0x08, 0x25, 0x08, 0x13, 0x05, 0x00,
  0x00, 0x00, 0x01, 0x11, 0x01, 0x25, 0x0e, 0x13, 0x0b, 0x03, 0x0e, 0x1b,
  0x0e, 0x55, 0x06, 0x11, 0x01, 0x52, 0x01, 0x10, 0x06, 0x00, 0x00, 0x02,
  0x24, 0x00, 0x0b, 0x0b, 0x3e, 0x0b, 0x03, 0x08, 0x00, 0x00, 0x03, 0x24,
  0x00, 0x0b, 0x0b, 0x3e, 0x0b, 0x03, 0x0e, 0x00, 0x00, 0x04, 0x0f, 0x00,
  0x0b, 0x0b, 0x49, 0x13, 0x00, 0x00, 0x05, 0x26, 0x00, 0x49, 0x13, 0x00,
  0x00, 0x06, 0x16, 0x00, 0x03, 0x0e, 0x3a, 0x0b, 0x3b, 0x0b, 0x49, 0x13,
  0x00, 0x00, 0x07, 0x0f, 0x00, 0x0b, 0x0b, 0x03, 0x0e, 0x00, 0x00, 0x08,
  0x2e, 0x01, 0x3f, 0x0c, 0x03, 0x0e, 0x3a, 0x0b, 0x3b, 0x0b, 0x27, 0x0c,
  0x49, 0x13, 0x11, 0x01, 0x12, 0x01, 0x40, 0x0a, 0x97, 0x42, 0x0c, 0x01,
  0x13, 0x00, 0x00, 0x09, 0x05, 0x00, 0x03, 0x08, 0x3a, 0x0b, 0x3b, 0x0b,
  0x49, 0x13, 0x02, 0x0a, 0x00, 0x00, 0x0a, 0x18, 0x00, 0x00, 0x00, 0x0b,
  0x34, 0x00, 0x03, 0x0e, 0x3a, 0x0b, 0x3b, 0x0b, 0x49, 0x13, 0x02, 0x06,
  0x00, 0x00, 0x0c, 0x34, 0x00, 0x03, 0x08, 0x3a, 0x0b, 0x3b, 0x0b, 0x49,
  0x13, 0x02, 0x0a, 0x00, 0x00, 0x0d, 0x89, 0x82, 0x01, 0x01, 0x11, 0x01,
  0x31, 0x13, 0x00, 0x00, 0x0e, 0x8a, 0x82, 0x01, 0x00, 0x02, 0x0a, 0x91,
  0x42, 0x0a, 0x00, 0x00, 0x0f, 0x05, 0x00, 0x03, 0x08, 0x3a, 0x0b, 0x3b,
  0x0b, 0x49, 0x13, 0x02, 0x06, 0x00, 0x00, 0x10, 0x05, 0x00, 0x03, 0x0e,
  0x3a, 0x0b, 0x3b, 0x0b, 0x49, 0x13, 0x02, 0x06, 0x00, 0x00, 0x11, 0x2e,
  0x01, 0x3f, 0x0c, 0x03, 0x0e, 0x3a, 0x0b, 0x3b, 0x0b, 0x27, 0x0c, 0x49,
  0x13, 0x3c, 0x0c, 0x01, 0x13, 0x00, 0x00, 0x12, 0x05, 0x00, 0x49, 0x13,
  0x00, 0x00, 0x13, 0x15, 0x01, 0x27, 0x0c, 0x49, 0x13, 0x00, 0x00, 0x00,
  0x01, 0x11, 0x01, 0x25, 0x0e, 0x13, 0x0b, 0x03, 0x0e, 0x1b, 0x0e, 0x55,
  0x06, 0x11, 0x01, 0x52, 0x01, 0x10, 0x06, 0x00, 0x00, 0x02, 0x24, 0x00,
  0x0b, 0x0b, 0x3e, 0x0b, 0x03, 0x08, 0x00, 0x00, 0x03, 0x16, 0x00, 0x03,
  0x0e, 0x3a, 0x0b, 0x3b, 0x0b, 0x49, 0x13, 0x00, 0x00, 0x04, 0x24, 0x00,
  0x0b, 0x0b, 0x3e, 0x0b, 0x03, 0x0e, 0x00, 0x00, 0x05, 0x0f, 0x00, 0x0b,
  0x0b, 0x49, 0x13, 0x00, 0x00, 0x06, 0x26, 0x00, 0x49, 0x13, 0x00, 0x00,
  0x07, 0x0f, 0x00, 0x0b, 0x0b, 0x03, 0x0e, 0x00, 0x00, 0x08, 0x2e, 0x01,
  0x03, 0x0e, 0x3a, 0x0b, 0x3b, 0x0b, 0x27, 0x0c, 0x49, 0x13, 0x11, 0x01,
  0x12, 0x01, 0x40, 0x0a, 0x97, 0x42, 0x0c, 0x01, 0x13, 0x00, 0x00, 0x09,
  0x05, 0x00, 0x03, 0x08, 0x3a, 0x0b, 0x3b, 0x0b, 0x49, 0x13, 0x02, 0x06,
  0x00, 0x00, 0x0a, 0x2e, 0x01, 0x03, 0x0e, 0x3a, 0x0b, 0x3b, 0x0b, 0x27,
  0x0c, 0x49, 0x13, 0x11, 0x01, 0x12, 0x01, 0x40, 0x06, 0x97, 0x42, 0x0c,
  0x01, 0x13, 0x00, 0x00, 0x0b, 0x05, 0x00, 0x03, 0x0e, 0x3a, 0x0b, 0x3b,
  0x0b, 0x49, 0x13, 0x02, 0x06, 0x00, 0x00, 0x0c, 0x34, 0x00, 0x03, 0x0e,
  0x3a, 0x0b, 0x3b, 0x0b, 0x49, 0x13, 0x02, 0x0a, 0x00, 0x00, 0x0d, 0x34,
  0x00, 0x03, 0x0e, 0x3a, 0x0b, 0x3b, 0x0b, 0x49, 0x13, 0x02, 0x06, 0x00,
  0x00, 0x0e, 0x34, 0x00, 0x03, 0x08, 0x3a, 0x0b, 0x3b, 0x0b, 0x49, 0x13,
  0x02, 0x0a, 0x00, 0x00, 0x0f, 0x89, 0x82, 0x01, 0x01, 0x11, 0x01, 0x31,
  0x13, 0x00, 0x00, 0x10, 0x8a, 0x82, 0x01, 0x00, 0x02, 0x0a, 0x91, 0x42,
  0x0a, 0x00, 0x00, 0x11, 0x2e, 0x01, 0x3f, 0x0c, 0x03, 0x0e, 0x3a, 0x0b,
  0x3b, 0x0b, 0x27, 0x0c, 0x49, 0x13, 0x11, 0x01, 0x12, 0x01, 0x40, 0x0a,
  0x97, 0x42, 0x0c, 0x01, 0x13, 0x00, 0x00, 0x12, 0x05, 0x00, 0x03, 0x08,
  0x3a, 0x0b, 0x3b, 0x0b, 0x49, 0x13, 0x02, 0x0a, 0x00, 0x00, 0x13, 0x18,
  0x00, 0x00, 0x00, 0x14, 0x05, 0x00, 0x03, 0x0e, 0x3a, 0x0b, 0x3b, 0x0b,
  0x49, 0x13, 0x02, 0x0a, 0x00, 0x00, 0x15, 0x2e, 0x01, 0x3f, 0x0c, 0x03,
  0x0e, 0x3a, 0x0b, 0x3b, 0x0b, 0x27, 0x0c, 0x49, 0x13, 0x3c, 0x0c, 0x01,
  0x13, 0x00, 0x00, 0x16, 0x05, 0x00, 0x49, 0x13, 0x00, 0x00, 0x17, 0x15,
  0x01, 0x27, 0x0c, 0x49, 0x13, 0x00, 0x00, 0x00, 0x01, 0x11, 0x01, 0x25,
  0x0e, 0x13, 0x0b, 0x03, 0x0e, 0x1b, 0x0e, 0x55, 0x06, 0x11, 0x01, 0x52,
  0x01, 0x10, 0x06, 0x00, 0x00, 0x02, 0x24, 0x00, 0x0b, 0x0b, 0x3e, 0x0b,
  0x03, 0x0e, 0x00, 0x00, 0x03, 0x24, 0x00, 0x0b, 0x0b, 0x3e, 0x0b, 0x03,
  0x08, 0x00, 0x00, 0x04, 0x16, 0x00, 0x03, 0x0e, 0x3a, 0x0b, 0x3b, 0x0b,
  0x49, 0x13, 0x00, 0x00, 0x05, 0x0f, 0x00, 0x0b, 0x0b, 0x49, 0x13, 0x00,
  0x00, 0x06, 0x26, 0x00, 0x49, 0x13, 0x00, 0x00, 0x07, 0x0f, 0x00, 0x0b,
  0x0b, 0x03, 0x0e, 0x00, 0x00, 0x08, 0x13, 0x01, 0x0b, 0x0b, 0x3a, 0x0b,
  0x3b, 0x0b, 0x01, 0x13, 0x00, 0x00, 0x09, 0x0d, 0x00, 0x03, 0x0e, 0x3a,
  0x0b, 0x3b, 0x0b, 0x49, 0x13, 0x0b, 0x0b, 0x0d, 0x0b, 0x0c, 0x0b, 0x38,
  0x0a, 0x00, 0x00, 0x0a, 0x0d, 0x00, 0x03, 0x0e, 0x3a, 0x0b, 0x3b, 0x0b,
  0x49, 0x13, 0x38, 0x0a, 0x00, 0x00, 0x0b, 0x2e, 0x01, 0x03, 0x0e, 0x3a,
  0x0b, 0x3b, 0x0b, 0x27, 0x0c, 0x49, 0x13, 0x20, 0x0b, 0x01, 0x13, 0x00,
  0x00, 0x0c, 0x05, 0x00, 0x03, 0x0e, 0x3a, 0x0b, 0x3b, 0x0b, 0x49, 0x13,
  0x00, 0x00, 0x0d, 0x34, 0x00, 0x03, 0x08, 0x3a, 0x0b, 0x3b, 0x0b, 0x49,
  0x13, 0x00, 0x00, 0x0e, 0x2e, 0x01, 0x03, 0x0e, 0x3a, 0x0b, 0x3b, 0x0b,
  0x27, 0x0c, 0x49, 0x13, 0x11, 0x01, 0x12, 0x01, 0x40, 0x06, 0x96, 0x42,
  0x0c, 0x01, 0x13, 0x00, 0x00, 0x0f, 0x05, 0x00, 0x03, 0x0e, 0x3a, 0x0b,
  0x3b, 0x0b, 0x49, 0x13, 0x02, 0x06, 0x00, 0x00, 0x10, 0x34, 0x00, 0x03,
  0x0e, 0x3a, 0x0b, 0x3b, 0x0b, 0x49, 0x13, 0x02, 0x06, 0x00, 0x00, 0x11,
  0x34, 0x00, 0x03, 0x0e, 0x3a, 0x0b, 0x3b, 0x0b, 0x49, 0x13, 0x02, 0x0a,
  0x00, 0x00, 0x12, 0x1d, 0x01, 0x31, 0x13, 0x11, 0x01, 0x12, 0x01, 0x58,
  0x0b, 0x59, 0x0b, 0x01, 0x13, 0x00, 0x00, 0x13, 0x05, 0x00, 0x31, 0x13,
  0x02, 0x06, 0x00, 0x00, 0x14, 0x0b, 0x01, 0x11, 0x01, 0x12, 0x01, 0x00,
  0x00, 0x15, 0x34, 0x00, 0x31, 0x13, 0x02, 0x06, 0x00, 0x00, 0x16, 0x0b,
  0x01, 0x11, 0x01, 0x12, 0x01, 0x01, 0x13, 0x00, 0x00, 0x17, 0x34, 0x00,
  0x03, 0x08, 0x3a, 0x0b, 0x3b, 0x0b, 0x49, 0x13, 0x02, 0x06, 0x00, 0x00,
  0x18, 0x89, 0x82, 0x01, 0x01, 0x11, 0x01, 0x01, 0x13, 0x00, 0x00, 0x19,
  0x8a, 0x82, 0x01, 0x00, 0x02, 0x0a, 0x91, 0x42, 0x0a, 0x00, 0x00, 0x1a,
  0x89, 0x82, 0x01, 0x01, 0x11, 0x01, 0x00, 0x00, 0x1b, 0x15, 0x01, 0x27,
  0x0c, 0x49, 0x13, 0x01, 0x13, 0x00, 0x00, 0x1c, 0x05, 0x00, 0x49, 0x13,
  0x00, 0x00, 0x1d, 0x01, 0x01, 0x49, 0x13, 0x01, 0x13, 0x00, 0x00, 0x1e,
  0x21, 0x00, 0x49, 0x13, 0x2f, 0x0b, 0x00, 0x00, 0x1f, 0x2e, 0x01, 0x3f,
  0x0c, 0x03, 0x0e, 0x3a, 0x0b, 0x3b, 0x05, 0x27, 0x0c, 0x49, 0x13, 0x11,
  0x01, 0x12, 0x01, 0x40, 0x06, 0x96, 0x42, 0x0c, 0x01, 0x13, 0x00, 0x00,
  0x20, 0x05, 0x00, 0x03, 0x0e, 0x3a, 0x0b, 0x3b, 0x05, 0x49, 0x13, 0x02,
  0x06, 0x00, 0x00, 0x21, 0x34, 0x00, 0x03, 0x0e, 0x3a, 0x0b, 0x3b, 0x05,
  0x49, 0x13, 0x02, 0x06, 0x00, 0x00, 0x22, 0x04, 0x01, 0x0b, 0x0b, 0x3a,
  0x0b, 0x3b, 0x05, 0x01, 0x13, 0x00, 0x00, 0x23, 0x28, 0x00, 0x03, 0x0e,
  0x1c, 0x0d, 0x00, 0x00, 0x24, 0x34, 0x00, 0x03, 0x0e, 0x3a, 0x0b, 0x3b,
  0x05, 0x49, 0x13, 0x02, 0x0a, 0x00, 0x00, 0x25, 0x17, 0x01, 0x0b, 0x0b,
  0x3a, 0x0b, 0x3b, 0x05, 0x01, 0x13, 0x00, 0x00, 0x26, 0x0d, 0x00, 0x03,
  0x08, 0x3a, 0x0b, 0x3b, 0x05, 0x49, 0x13, 0x00, 0x00, 0x27, 0x0a, 0x00,
  0x03, 0x0e, 0x3a, 0x0b, 0x3b, 0x05, 0x11, 0x01, 0x00, 0x00, 0x28, 0x0b,
  0x01, 0x55, 0x06, 0x01, 0x13, 0x00, 0x00, 0x29, 0x34, 0x00, 0x03, 0x08,
  0x3a, 0x0b, 0x3b, 0x05, 0x49, 0x13, 0x02, 0x06, 0x00, 0x00, 0x2a, 0x89,
  0x82, 0x01, 0x01, 0x11, 0x01, 0x31, 0x13, 0x01, 0x13, 0x00, 0x00, 0x2b,
  0x89, 0x82, 0x01, 0x01, 0x11, 0x01, 0x31, 0x13, 0x00, 0x00, 0x2c, 0x01,
  0x01, 0x49, 0x13, 0x00, 0x00, 0x00, 0x01, 0x11, 0x01, 0x25, 0x0e, 0x13,
  0x0b, 0x03, 0x0e, 0x1b, 0x0e, 0x55, 0x06, 0x11, 0x01, 0x52, 0x01, 0x10,
  0x06, 0x00, 0x00, 0x02, 0x24, 0x00, 0x0b, 0x0b, 0x3e, 0x0b, 0x03, 0x08,
  0x00, 0x00, 0x03, 0x24, 0x00, 0x0b, 0x0b, 0x3e, 0x0b, 0x03, 0x0e, 0x00,
  0x00, 0x04, 0x0f, 0x00, 0x0b, 0x0b, 0x49, 0x13, 0x00, 0x00, 0x05, 0x26,
  0x00, 0x49, 0x13, 0x00, 0x00, 0x06, 0x2e, 0x01, 0x3f, 0x0c, 0x03, 0x0e,
  0x3a, 0x0b, 0x3b, 0x0b, 0x27, 0x0c, 0x49, 0x13, 0x11, 0x01, 0x12, 0x01,
  0x40, 0x06, 0x97, 0x42, 0x0c, 0x01, 0x13, 0x00, 0x00, 0x07, 0x05, 0x00,
  0x03, 0x08, 0x3a, 0x0b, 0x3b, 0x0b, 0x49, 0x13, 0x02, 0x06, 0x00, 0x00,
  0x08, 0x89, 0x82, 0x01, 0x00, 0x11, 0x01, 0x31, 0x13, 0x00, 0x00, 0x09,
  0x89, 0x82, 0x01, 0x01, 0x11, 0x01, 0x31, 0x13, 0x00, 0x00, 0x0a, 0x8a,
  0x82, 0x01, 0x00, 0x02, 0x0a, 0x91, 0x42, 0x0a, 0x00, 0x00, 0x0b, 0x2e,
  0x01, 0x3f, 0x0c, 0x03, 0x0e, 0x3a, 0x0b, 0x3b, 0x0b, 0x27, 0x0c, 0x49,
  0x13, 0x3c, 0x0c, 0x00, 0x00, 0x0c, 0x05, 0x00, 0x49, 0x13, 0x00, 0x00,
  0x00, 0x01, 0x11, 0x01, 0x25, 0x0e, 0x13, 0x0b, 0x03, 0x0e, 0x1b, 0x0e,
  0x55, 0x06, 0x11, 0x01, 0x52, 0x01, 0x10, 0x06, 0x00, 0x00, 0x02, 0x24,
  0x00, 0x0b, 0x0b, 0x3e, 0x0b, 0x03, 0x08, 0x00, 0x00, 0x03, 0x24, 0x00,
  0x0b, 0x0b, 0x3e, 0x0b, 0x03, 0x0e, 0x00, 0x00, 0x04, 0x2e, 0x01, 0x03,
  0x0e, 0x3a, 0x0b, 0x3b, 0x0b, 0x27, 0x0c, 0x49, 0x13, 0x20, 0x0b, 0x01,
  0x13, 0x00, 0x00, 0x05, 0x05, 0x00, 0x03, 0x08, 0x3a, 0x0b, 0x3b, 0x0b,
  0x49, 0x13, 0x00, 0x00, 0x06, 0x0f, 0x00, 0x0b, 0x0b, 0x49, 0x13, 0x00,
  0x00, 0x07, 0x2e, 0x01, 0x3f, 0x0c, 0x03, 0x0e, 0x3a, 0x0b, 0x3b, 0x0b,
  0x27, 0x0c, 0x49, 0x13, 0x11, 0x01, 0x12, 0x01, 0x40, 0x06, 0x96, 0x42,
  0x0c, 0x01, 0x13, 0x00, 0x00, 0x08, 0x05, 0x00, 0x03, 0x08, 0x3a, 0x0b,
  0x3b, 0x0b, 0x49, 0x13, 0x02, 0x06, 0x00, 0x00, 0x09, 0x34, 0x00, 0x03,
  0x08, 0x3a, 0x0b, 0x3b, 0x0b, 0x49, 0x13, 0x02, 0x06, 0x00, 0x00, 0x0a,
  0x1d, 0x01, 0x31, 0x13, 0x11, 0x01, 0x12, 0x01, 0x58, 0x0b, 0x59, 0x0b,
  0x00, 0x00, 0x0b, 0x05, 0x00, 0x31, 0x13, 0x02, 0x0a, 0x00, 0x00, 0x0c,
  0x2e, 0x01, 0x3f, 0x0c, 0x03, 0x0e, 0x3a, 0x0b, 0x3b, 0x0b, 0x27, 0x0c,
  0x49, 0x13, 0x11, 0x01, 0x12, 0x01, 0x40, 0x0a, 0x96, 0x42, 0x0c, 0x01,
  0x13, 0x00, 0x00, 0x0d, 0x2e, 0x01, 0x3f, 0x0c, 0x03, 0x0e, 0x3a, 0x0b,
  0x3b, 0x0b, 0x27, 0x0c, 0x11, 0x01, 0x12, 0x01, 0x40, 0x0a, 0x97, 0x42,
  0x0c, 0x01, 0x13, 0x00, 0x00, 0x0e, 0x05, 0x00, 0x03, 0x0e, 0x3a, 0x0b,
  0x3b, 0x0b, 0x49, 0x13, 0x02, 0x0a, 0x00, 0x00, 0x0f, 0x34, 0x00, 0x03,
  0x0e, 0x3a, 0x0b, 0x3b, 0x0b, 0x49, 0x13, 0x02, 0x0a, 0x00, 0x00, 0x00,
  0x01, 0x11, 0x01, 0x25, 0x0e, 0x13, 0x0b, 0x03, 0x0e, 0x1b, 0x0e, 0x55,
  0x06, 0x11, 0x01, 0x52, 0x01, 0x10, 0x06, 0x00, 0x00, 0x02, 0x24, 0x00,
  0x0b, 0x0b, 0x3e, 0x0b, 0x03, 0x08, 0x00, 0x00, 0x03, 0x16, 0x00, 0x03,
  0x0e, 0x3a, 0x0b, 0x3b, 0x0b, 0x49, 0x13, 0x00, 0x00, 0x04, 0x24, 0x00,
  0x0b, 0x0b, 0x3e, 0x0b, 0x03, 0x0e, 0x00, 0x00, 0x05, 0x2e, 0x01, 0x3f,
  0x0c, 0x03, 0x0e, 0x3a, 0x0b, 0x3b, 0x0b, 0x27, 0x0c, 0x49, 0x13, 0x11,
  0x01, 0x12, 0x01, 0x40, 0x06, 0x97, 0x42, 0x0c, 0x01, 0x13, 0x00, 0x00,
  0x06, 0x05, 0x00, 0x03, 0x08, 0x3a, 0x0b, 0x3b, 0x0b, 0x49, 0x13, 0x02,
  0x06, 0x00, 0x00, 0x07, 0x05, 0x00, 0x03, 0x08, 0x3a, 0x0b, 0x3b, 0x0b,
  0x49, 0x13, 0x02, 0x0a, 0x00, 0x00, 0x08, 0x0b, 0x01, 0x11, 0x01, 0x12,
  0x01, 0x00, 0x00, 0x09, 0x34, 0x00, 0x03, 0x08, 0x3a, 0x0b, 0x3b, 0x0b,
  0x49, 0x13, 0x00, 0x00, 0x0a, 0x0f, 0x00, 0x0b, 0x0b, 0x49, 0x13, 0x00,
  0x00, 0x0b, 0x26, 0x00, 0x00, 0x00, 0x0c, 0x26, 0x00, 0x49, 0x13, 0x00,
  0x00, 0x00, 0x01, 0x11, 0x01, 0x25, 0x0e, 0x13, 0x0b, 0x03, 0x0e, 0x1b,
  0x0e, 0x55, 0x06, 0x11, 0x01, 0x52, 0x01, 0x10, 0x06, 0x00, 0x00, 0x02,
  0x24, 0x00, 0x0b, 0x0b, 0x3e, 0x0b, 0x03, 0x08, 0x00, 0x00, 0x03, 0x16,
  0x00, 0x03, 0x0e, 0x3a, 0x0b, 0x3b, 0x0b, 0x49, 0x13, 0x00, 0x00, 0x04,
  0x24, 0x00, 0x0b, 0x0b, 0x3e, 0x0b, 0x03, 0x0e, 0x00, 0x00, 0x05, 0x0f,
  0x00, 0x0b, 0x0b, 0x49, 0x13, 0x00, 0x00, 0x06, 0x26, 0x00, 0x49, 0x13,
  0x00, 0x00, 0x07, 0x2e, 0x01, 0x3f, 0x0c, 0x03, 0x0e, 0x3a, 0x0b, 0x3b,
  0x0b, 0x27, 0x0c, 0x49, 0x13, 0x11, 0x01, 0x12, 0x01, 0x40, 0x06, 0x97,
  0x42, 0x0c, 0x01, 0x13, 0x00, 0x00, 0x08, 0x05, 0x00, 0x03, 0x0e, 0x3a,
  0x0b, 0x3b, 0x0b, 0x49, 0x13, 0x02, 0x0a, 0x00, 0x00, 0x09, 0x05, 0x00,
  0x03, 0x0e, 0x3a, 0x0b, 0x3b, 0x0b, 0x49, 0x13, 0x02, 0x06, 0x00, 0x00,
  0x0a, 0x34, 0x00, 0x03, 0x08, 0x3a, 0x0b, 0x3b, 0x0b, 0x49, 0x13, 0x02,
  0x06, 0x00, 0x00, 0x0b, 0x0a, 0x00, 0x03, 0x0e, 0x3a, 0x0b, 0x3b, 0x0b,
  0x11, 0x01, 0x00, 0x00, 0x0c, 0x0f, 0x00, 0x0b, 0x0b, 0x00, 0x00, 0x0d,
  0x26, 0x00, 0x00, 0x00, 0x00, 0x01, 0x11, 0x01, 0x25, 0x0e, 0x13, 0x0b,
  0x03, 0x0e, 0x1b, 0x0e, 0x55, 0x06, 0x11, 0x01, 0x52, 0x01, 0x10, 0x06,
  0x00, 0x00, 0x02, 0x24, 0x00, 0x0b, 0x0b, 0x3e, 0x0b, 0x03, 0x08, 0x00,
  0x00, 0x03, 0x16, 0x00, 0x03, 0x0e, 0x3a, 0x0b, 0x3b, 0x0b, 0x49, 0x13,
  0x00, 0x00, 0x04, 0x24, 0x00, 0x0b, 0x0b, 0x3e, 0x0b, 0x03, 0x0e, 0x00,
  0x00, 0x05, 0x0f, 0x00, 0x0b, 0x0b, 0x49, 0x13, 0x00, 0x00, 0x06, 0x26,
  0x00, 0x49, 0x13, 0x00, 0x00, 0x07, 0x2e, 0x01, 0x3f, 0x0c, 0x03, 0x0e,
  0x3a, 0x0b, 0x3b, 0x0b, 0x27, 0x0c, 0x49, 0x13, 0x11, 0x01, 0x12, 0x01,
  0x40, 0x06, 0x97, 0x42, 0x0c, 0x01, 0x13, 0x00, 0x00, 0x08, 0x05, 0x00,
  0x03, 0x0e, 0x3a, 0x0b, 0x3b, 0x0b, 0x49, 0x13, 0x02, 0x0a, 0x00, 0x00,
  0x09, 0x05, 0x00, 0x03, 0x0e, 0x3a, 0x0b, 0x3b, 0x0b, 0x49, 0x13, 0x02,
  0x06, 0x00, 0x00, 0x0a, 0x34, 0x00, 0x03, 0x08, 0x3a, 0x0b, 0x3b, 0x0b,
  0x49, 0x13, 0x02, 0x06, 0x00, 0x00, 0x0b, 0x0a, 0x00, 0x03, 0x0e, 0x3a,
  0x0b, 0x3b, 0x0b, 0x11, 0x01, 0x00, 0x00, 0x0c, 0x0f, 0x00, 0x0b, 0x0b,
  0x00, 0x00, 0x0d, 0x26, 0x00, 0x00, 0x00, 0x00, 0x01, 0x11, 0x01, 0x25,
  0x0e, 0x13, 0x0b, 0x03, 0x0e, 0x1b, 0x0e, 0x55, 0x06, 0x11, 0x01, 0x52,
  0x01, 0x10, 0x06, 0x00, 0x00, 0x02, 0x24, 0x00, 0x0b, 0x0b, 0x3e, 0x0b,
  0x03, 0x0e, 0x00, 0x00, 0x03, 0x24, 0x00, 0x0b, 0x0b, 0x3e, 0x0b, 0x03,
  0x08, 0x00, 0x00, 0x04, 0x16, 0x00, 0x03, 0x0e, 0x3a, 0x0b, 0x3b, 0x0b,
  0x49, 0x13, 0x00, 0x00, 0x05, 0x2e, 0x01, 0x3f, 0x0c, 0x03, 0x0e, 0x3a,
  0x0b, 0x3b, 0x0b, 0x27, 0x0c, 0x49, 0x13, 0x11, 0x01, 0x12, 0x01, 0x40,
  0x06, 0x97, 0x42, 0x0c, 0x01, 0x13, 0x00, 0x00, 0x06, 0x05, 0x00, 0x03,
  0x0e, 0x3a, 0x0b, 0x3b, 0x0b, 0x49, 0x13, 0x02, 0x0a, 0x00, 0x00, 0x07,
  0x05, 0x00, 0x03, 0x08, 0x3a, 0x0b, 0x3b, 0x0b, 0x49, 0x13, 0x02, 0x0a,
  0x00, 0x00, 0x08, 0x05, 0x00, 0x03, 0x0e, 0x3a, 0x0b, 0x3b, 0x0b, 0x49,
  0x13, 0x02, 0x06, 0x00, 0x00, 0x09, 0x34, 0x00, 0x03, 0x08, 0x3a, 0x0b,
  0x3b, 0x0b, 0x49, 0x13, 0x02, 0x06, 0x00, 0x00, 0x0a, 0x0f, 0x00, 0x0b,
  0x0b, 0x00, 0x00, 0x0b, 0x0f, 0x00, 0x0b, 0x0b, 0x49, 0x13, 0x00, 0x00,
  0x00, 0x01, 0x11, 0x00, 0x10, 0x06, 0x11, 0x01, 0x12, 0x01, 0x03, 0x08,
  0x1b, 0x08, 0x25, 0x08, 0x13, 0x05, 0x00, 0x00, 0x00, 0x01, 0x11, 0x00,
  0x10, 0x06, 0x11, 0x01, 0x12, 0x01, 0x03, 0x08, 0x1b, 0x08, 0x25, 0x08,
  0x13, 0x05, 0x00, 0x00, 0x00, 0x01, 0x11, 0x00, 0x10, 0x06, 0x11, 0x01,
  0x12, 0x01, 0x03, 0x08, 0x1b, 0x08, 0x25, 0x08, 0x13, 0x05, 0x00, 0x00,
  0x00, 0x01, 0x11, 0x00, 0x10, 0x06, 0x11, 0x01, 0x12, 0x01, 0x03, 0x08,
  0x1b, 0x08, 0x25, 0x08, 0x13, 0x05, 0x00, 0x00, 0x00, 0x01, 0x11, 0x00,
  0x10, 0x06, 0x11, 0x01, 0x12, 0x01, 0x03, 0x08, 0x1b, 0x08, 0x25, 0x08,
  0x13, 0x05, 0x00, 0x00, 0x00, 0x01, 0x11, 0x00, 0x10, 0x06, 0x11, 0x01,
  0x12, 0x01, 0x03, 0x08, 0x1b, 0x08, 0x25, 0x08, 0x13, 0x05, 0x00, 0x00,
  0x00, 0x01, 0x11, 0x00, 0x10, 0x06, 0x11, 0x01, 0x12, 0x01, 0x03, 0x08,
  0x1b, 0x08, 0x25, 0x08, 0x13, 0x05, 0x00, 0x00, 0x00, 0x6b, 0x00, 0x00,
  0x00, 0x02, 0x00, 0x56, 0x00, 0x00, 0x00, 0x01, 0x01, 0xfb, 0x0e, 0x0d,
  0x00, 0x01, 0x01, 0x01, 0x01, 0x00, 0x00, 0x00, 0x01, 0x00, 0x00, 0x01,
  0x2e, 0x2e, 0x2f, 0x2e, 0x2e, 0x2f, 0x2e, 0x2e, 0x2f, 0x2e, 0x2e, 0x2f,
  0x2e, 0x2e, 0x2f, 0x2e, 0x2e, 0x2f, 0x2e, 0x2e, 0x2f, 0x67, 0x63, 0x63,
  0x2d, 0x34, 0x2e, 0x37, 0x2e, 0x32, 0x2f, 0x6c, 0x69, 0x62, 0x67, 0x63,
  0x63, 0x2f, 0x63, 0x6f, 0x6e, 0x66, 0x69, 0x67, 0x2f, 0x6d, 0x73, 0x70,
  0x34, 0x33, 0x30, 0x00, 0x00, 0x63, 0x72, 0x74, 0x30, 0x69, 0x76, 0x74,
  0x62, 0x6c, 0x2e, 0x53, 0x00, 0x01, 0x00, 0x00, 0x00, 0x00, 0x05, 0x02,
  0x76, 0x33, 0x00, 0x00, 0x03, 0x23, 0x01, 0x02, 0x04, 0x00, 0x01, 0x01,
  0x7b, 0x00, 0x00, 0x00, 0x02, 0x00, 0x53, 0x00, 0x00, 0x00, 0x01, 0x01,
  0xfb, 0x0e, 0x0d, 0x00, 0x01, 0x01, 0x01, 0x01, 0x00, 0x00, 0x00, 0x01,
  0x00, 0x00, 0x01, 0x2e, 0x2e, 0x2f, 0x2e, 0x2e, 0x2f, 0x2e, 0x2e, 0x2f,
  0x2e, 0x2e, 0x2f, 0x2e, 0x2e, 0x2f, 0x2e, 0x2e, 0x2f, 0x2e, 0x2e, 0x2f,
  0x67, 0x63, 0x63, 0x2d, 0x34, 0x2e, 0x37, 0x2e, 0x32, 0x2f, 0x6c, 0x69,
  0x62, 0x67, 0x63, 0x63, 0x2f, 0x63, 0x6f, 0x6e, 0x66, 0x69, 0x67, 0x2f,
  0x6d, 0x73, 0x70, 0x34, 0x33, 0x30, 0x00, 0x00, 0x6c, 0x69, 0x62, 0x67,
  0x63, 0x63, 0x2e, 0x53, 0x00, 0x01, 0x00, 0x00, 0x00, 0x00, 0x05, 0x02,
  0x7c, 0x33, 0x00, 0x00, 0x03, 0x82, 0x02, 0x01, 0x35, 0x2f, 0x2f, 0x31,
  0x33, 0x2f, 0x2f, 0x2f, 0x2f, 0x2f, 0x2f, 0x2f, 0x2f, 0x2f, 0x2f, 0x2f,
  0x30, 0x35, 0x02, 0x02, 0x00, 0x01, 0x01, 0x77, 0x00, 0x00, 0x00, 0x02,
  0x00, 0x53, 0x00, 0x00, 0x00, 0x01, 0x01, 0xfb, 0x0e, 0x0d, 0x00, 0x01,
  0x01, 0x01, 0x01, 0x00, 0x00, 0x00, 0x01, 0x00, 0x00, 0x01, 0x2e, 0x2e,
  0x2f, 0x2e, 0x2e, 0x2f, 0x2e, 0x2e, 0x2f, 0x2e, 0x2e, 0x2f, 0x2e, 0x2e,
  0x2f, 0x2e, 0x2e, 0x2f, 0x2e, 0x2e, 0x2f, 0x67, 0x63, 0x63, 0x2d, 0x34,
  0x2e, 0x37, 0x2e, 0x32, 0x2f, 0x6c, 0x69, 0x62, 0x67, 0x63, 0x63, 0x2f,
  0x63, 0x6f, 0x6e, 0x66, 0x69, 0x67, 0x2f, 0x6d, 0x73, 0x70, 0x34, 0x33,
  0x30, 0x00, 0x00, 0x6c, 0x69, 0x62, 0x67, 0x63, 0x63, 0x2e, 0x53, 0x00,
  0x01, 0x00, 0x00, 0x00, 0x00, 0x05, 0x02, 0xa2, 0x33, 0x00, 0x00, 0x03,
  0xd5, 0x04, 0x01, 0x4b, 0x2f, 0x2f, 0x2f, 0x2f, 0x2f, 0x2f, 0x2f, 0x2f,
  0x2f, 0x2f, 0x34, 0x4b, 0x2f, 0x02, 0x02, 0x00, 0x01, 0x01, 0x82, 0x00,
  0x00, 0x00, 0x02, 0x00, 0x53, 0x00, 0x00, 0x00, 0x01, 0x01, 0xfb, 0x0e,
  0x0d, 0x00, 0x01, 0x01, 0x01, 0x01, 0x00, 0x00, 0x00, 0x01, 0x00, 0x00,
  0x01, 0x2e, 0x2e, 0x2f, 0x2e, 0x2e, 0x2f, 0x2e, 0x2e, 0x2f, 0x2e, 0x2e,
  0x2f, 0x2e, 0x2e, 0x2f, 0x2e, 0x2e, 0x2f, 0x2e, 0x2e, 0x2f, 0x67, 0x63,
  0x63, 0x2d, 0x34, 0x2e, 0x37, 0x2e, 0x32, 0x2f, 0x6c, 0x69, 0x62, 0x67,
  0x63, 0x63, 0x2f, 0x63, 0x6f, 0x6e, 0x66, 0x69, 0x67, 0x2f, 0x6d, 0x73,
  0x70, 0x34, 0x33, 0x30, 0x00, 0x00, 0x6c, 0x69, 0x62, 0x67, 0x63, 0x63,
  0x2e, 0x53, 0x00, 0x01, 0x00, 0x00, 0x00, 0x00, 0x05, 0x02, 0xc4, 0x33,
  0x00, 0x00, 0x03, 0xf7, 0x04, 0x01, 0x2f, 0x2f, 0x2f, 0x4b, 0x2f, 0x2f,
  0x2f, 0x2f, 0x2f, 0x2f, 0x2f, 0x2f, 0x4b, 0x2f, 0x2f, 0x2f, 0x2f, 0x2f,
  0x2f, 0x2f, 0x2f, 0x2f, 0x34, 0x4b, 0x2f, 0x02, 0x02, 0x00, 0x01, 0x01,
  0x82, 0x00, 0x00, 0x00, 0x02, 0x00, 0x53, 0x00, 0x00, 0x00, 0x01, 0x01,
  0xfb, 0x0e, 0x0d, 0x00, 0x01, 0x01, 0x01, 0x01, 0x00, 0x00, 0x00, 0x01,
  0x00, 0x00, 0x01, 0x2e, 0x2e, 0x2f, 0x2e, 0x2e, 0x2f, 0x2e, 0x2e, 0x2f,
  0x2e, 0x2e, 0x2f, 0x2e, 0x2e, 0x2f, 0x2e, 0x2e, 0x2f, 0x2e, 0x2e, 0x2f,
  0x67, 0x63, 0x63, 0x2d, 0x34, 0x2e, 0x37, 0x2e, 0x32, 0x2f, 0x6c, 0x69,
  0x62, 0x67, 0x63, 0x63, 0x2f, 0x63, 0x6f, 0x6e, 0x66, 0x69, 0x67, 0x2f,
  0x6d, 0x73, 0x70, 0x34, 0x33, 0x30, 0x00, 0x00, 0x6c, 0x69, 0x62, 0x67,
  0x63, 0x63, 0x2e, 0x53, 0x00, 0x01, 0x00, 0x00, 0x00, 0x00, 0x05, 0x02,
  0xfe, 0x33, 0x00, 0x00, 0x03, 0xf9, 0x05, 0x01, 0x36, 0x4b, 0x2f, 0x2f,
  0x2f, 0x2f, 0x2f, 0x2f, 0x2f, 0x2f, 0x2f, 0x2f, 0x2f, 0x2f, 0x2f, 0x2f,
  0x2f, 0x2f, 0x2f, 0x30, 0x36, 0x34, 0x4b, 0x2f, 0x2f, 0x02, 0x02, 0x00,
  0x01, 0x01, 0x8b, 0x00, 0x00, 0x00, 0x02, 0x00, 0x53, 0x00, 0x00, 0x00,
  0x01, 0x01, 0xfb, 0x0e, 0x0d, 0x00, 0x01, 0x01, 0x01, 0x01, 0x00, 0x00,
  0x00, 0x01, 0x00, 0x00, 0x01, 0x2e, 0x2e, 0x2f, 0x2e, 0x2e, 0x2f, 0x2e,
  0x2e, 0x2f, 0x2e, 0x2e, 0x2f, 0x2e, 0x2e, 0x2f, 0x2e, 0x2e, 0x2f, 0x2e,
  0x2e, 0x2f, 0x67, 0x63, 0x63, 0x2d, 0x34, 0x2e, 0x37, 0x2e, 0x32, 0x2f,
  0x6c, 0x69, 0x62, 0x67, 0x63, 0x63, 0x2f, 0x63, 0x6f, 0x6e, 0x66, 0x69,
  0x67, 0x2f, 0x6d, 0x73, 0x70, 0x34, 0x33, 0x30, 0x00, 0x00, 0x6c, 0x69,
  0x62, 0x67, 0x63, 0x63, 0x2e, 0x53, 0x00, 0x01, 0x00, 0x00, 0x00, 0x00,
  0x05, 0x02, 0x36, 0x34, 0x00, 0x00, 0x03, 0xb7, 0x06, 0x01, 0x32, 0x2f,
  0x2f, 0x2f, 0x4b, 0x2f, 0x2f, 0x2f, 0x2f, 0x2f, 0x2f, 0x2f, 0x2f, 0x2f,
  0x2f, 0x2f, 0x4b, 0x2f, 0x2f, 0x2f, 0x2f, 0x2f, 0x2f, 0x2f, 0x2f, 0x2f,
  0x2f, 0x2f, 0x31, 0x32, 0x34, 0x4b, 0x2f, 0x2f, 0x02, 0x02, 0x00, 0x01,
  0x01, 0xa9, 0x00, 0x00, 0x00, 0x02, 0x00, 0x81, 0x00, 0x00, 0x00, 0x01,
  0x01, 0xfb, 0x0e, 0x0d, 0x00, 0x01, 0x01, 0x01, 0x01, 0x00, 0x00, 0x00,
  0x01, 0x00, 0x00, 0x01, 0x2e, 0x2f, 0x73, 0x74, 0x64, 0x6c, 0x69, 0x62,
  0x00, 0x2f, 0x68, 0x6f, 0x6d, 0x65, 0x2f, 0x75, 0x73, 0x65, 0x72, 0x2f,
  0x6d, 0x73, 0x70, 0x67, 0x63, 0x63, 0x2d, 0x34, 0x2e, 0x37, 0x2e, 0x32,
  0x2f, 0x6c, 0x69, 0x62, 0x2f, 0x67, 0x63, 0x63, 0x2f, 0x6d, 0x73, 0x70,
  0x34, 0x33, 0x30, 0x2f, 0x34, 0x2e, 0x37, 0x2e, 0x32, 0x2f, 0x69, 0x6e,
  0x63, 0x6c, 0x75, 0x64, 0x65, 0x00, 0x2e, 0x2f, 0x2e, 0x2e, 0x2f, 0x69,
  0x6e, 0x63, 0x6c, 0x75, 0x64, 0x65, 0x00, 0x00, 0x70, 0x72, 0x69, 0x6e,
  0x74, 0x66, 0x2e, 0x63, 0x00, 0x01, 0x00, 0x00, 0x73, 0x74, 0x64, 0x61,
  0x72, 0x67, 0x2e, 0x68, 0x00, 0x02, 0x00, 0x00, 0x73, 0x74, 0x64, 0x69,
  0x6f, 0x2e, 0x68, 0x00, 0x03, 0x00, 0x00, 0x00, 0x00, 0x05, 0x02, 0x88,
  0x3e, 0x01, 0x00, 0x03, 0x24, 0x01, 0x6b, 0x85, 0x02, 0x02, 0x00, 0x01,
  0x01, 0x00, 0x05, 0x02, 0x00, 0x00, 0x00, 0x00, 0x03, 0x30, 0x01, 0x13,
  0xbb, 0x02, 0x02, 0x00, 0x01, 0x01, 0x0f, 0x01, 0x00, 0x00, 0x02, 0x00,
  0x8e, 0x00, 0x00, 0x00, 0x01, 0x01, 0xfb, 0x0e, 0x0d, 0x00, 0x01, 0x01,
  0x01, 0x01, 0x00, 0x00, 0x00, 0x01, 0x00, 0x00, 0x01, 0x2e, 0x2f, 0x73,
  0x74, 0x64, 0x6c, 0x69, 0x62, 0x00, 0x2f, 0x68, 0x6f, 0x6d, 0x65, 0x2f,
  0x75, 0x73, 0x65, 0x72, 0x2f, 0x6d, 0x73, 0x70, 0x67, 0x63, 0x63, 0x2d,
  0x34, 0x2e, 0x37, 0x2e, 0x32, 0x2f, 0x6c, 0x69, 0x62, 0x2f, 0x67, 0x63,
  0x63, 0x2f, 0x6d, 0x73, 0x70, 0x34, 0x33, 0x30, 0x2f, 0x34, 0x2e, 0x37,
  0x2e, 0x32, 0x2f, 0x69, 0x6e, 0x63, 0x6c, 0x75, 0x64, 0x65, 0x00, 0x2e,
  0x2f, 0x2e, 0x2e, 0x2f, 0x69, 0x6e, 0x63, 0x6c, 0x75, 0x64, 0x65, 0x00,
  0x00, 0x73, 0x70, 0x72, 0x69, 0x6e, 0x74, 0x66, 0x2e, 0x63, 0x00, 0x01,
  0x00, 0x00, 0x73, 0x74, 0x64, 0x64, 0x65, 0x66, 0x2e, 0x68, 0x00, 0x02,
  0x00, 0x00, 0x73, 0x74, 0x64, 0x61, 0x72, 0x67, 0x2e, 0x68, 0x00, 0x02,
  0x00, 0x00, 0x73, 0x74, 0x64, 0x69, 0x6f, 0x2e, 0x68, 0x00, 0x03, 0x00,
  0x00, 0x00, 0x00, 0x05, 0x02, 0x98, 0x3e, 0x01, 0x00, 0x03, 0x2e, 0x01,
  0x13, 0x84, 0xd7, 0x67, 0x2b, 0x32, 0x02, 0x02, 0x00, 0x01, 0x01, 0x00,
  0x05, 0x02, 0xba, 0x3e, 0x01, 0x00, 0x03, 0x38, 0x01, 0x83, 0x4b, 0x4d,
  0xbc, 0x4b, 0x84, 0x84, 0x02, 0x06, 0x00, 0x01, 0x01, 0x00, 0x05, 0x02,
  0x00, 0x00, 0x00, 0x00, 0x03, 0xc8, 0x00, 0x01, 0x16, 0x67, 0x67, 0xbb,
  0x02, 0x02, 0x00, 0x01, 0x01, 0x00, 0x05, 0x02, 0xf0, 0x3e, 0x01, 0x00,
  0x03, 0xd3, 0x00, 0x01, 0x16, 0x67, 0x67, 0xd7, 0x02, 0x02, 0x00, 0x01,
  0x01, 0x00, 0x05, 0x02, 0x00, 0x00, 0x00, 0x00, 0x03, 0xde, 0x00, 0x01,
  0x2f, 0x4b, 0x67, 0x83, 0x02, 0x02, 0x00, 0x01, 0x01, 0x00, 0x05, 0x02,
  0x00, 0x00, 0x00, 0x00, 0x03, 0xe6, 0x00, 0x01, 0x13, 0x4b, 0x4b, 0x83,
  0x02, 0x02, 0x00, 0x01, 0x01, 0x59, 0x03, 0x00, 0x00, 0x02, 0x00, 0x84,
  0x00, 0x00, 0x00, 0x01, 0x01, 0xfb, 0x0e, 0x0d, 0x00, 0x01, 0x01, 0x01,
  0x01, 0x00, 0x00, 0x00, 0x01, 0x00, 0x00, 0x01, 0x2e, 0x2f, 0x73, 0x74,
  0x64, 0x6c, 0x69, 0x62, 0x00, 0x2e, 0x2f, 0x2e, 0x2e, 0x2f, 0x69, 0x6e,
  0x63, 0x6c, 0x75, 0x64, 0x65, 0x00, 0x2f, 0x68, 0x6f, 0x6d, 0x65, 0x2f,
  0x75, 0x73, 0x65, 0x72, 0x2f, 0x6d, 0x73, 0x70, 0x67, 0x63, 0x63, 0x2d,
  0x34, 0x2e, 0x37, 0x2e, 0x32, 0x2f, 0x6c, 0x69, 0x62, 0x2f, 0x67, 0x63,
  0x63, 0x2f, 0x6d, 0x73, 0x70, 0x34, 0x33, 0x30, 0x2f, 0x34, 0x2e, 0x37,
  0x2e, 0x32, 0x2f, 0x69, 0x6e, 0x63, 0x6c, 0x75, 0x64, 0x65, 0x00, 0x00,
  0x76, 0x75, 0x70, 0x72, 0x69, 0x6e, 0x74, 0x66, 0x2e, 0x63, 0x00, 0x01,
  0x00, 0x00, 0x73, 0x74, 0x64, 0x69, 0x6e, 0x74, 0x2e, 0x68, 0x00, 0x02,
  0x00, 0x00, 0x73, 0x74, 0x64, 0x61, 0x72, 0x67, 0x2e, 0x68, 0x00, 0x03,
  0x00, 0x00, 0x00, 0x00, 0x05, 0x02, 0x0c, 0x3f, 0x01, 0x00, 0x03, 0x88,
  0x01, 0x01, 0x08, 0x5c, 0x03, 0x63, 0x4a, 0x68, 0x67, 0x08, 0xae, 0x67,
  0x83, 0x4b, 0x03, 0x77, 0x9e, 0x03, 0x0a, 0x2e, 0x03, 0x17, 0x2e, 0x63,
  0x4e, 0x31, 0x69, 0xd9, 0x4b, 0x4c, 0x31, 0x4c, 0x4b, 0x4c, 0x8a, 0x03,
  0x69, 0x4a, 0x03, 0x76, 0x66, 0x2c, 0x47, 0x03, 0x2b, 0x4a, 0x08, 0x1b,
  0x00, 0x02, 0x04, 0x01, 0x32, 0x06, 0xba, 0x06, 0x2c, 0x00, 0x02, 0x04,
  0x01, 0x03, 0x58, 0x66, 0x03, 0x30, 0x82, 0xbb, 0x00, 0x02, 0x04, 0x01,
  0x63, 0x03, 0x57, 0xba, 0x2c, 0x00, 0x02, 0x04, 0x01, 0x2b, 0x03, 0x3a,
  0x82, 0x03, 0x46, 0x2e, 0x03, 0x3a, 0x2e, 0x00, 0x02, 0x04, 0x01, 0x03,
  0x46, 0x66, 0x00, 0x02, 0x04, 0x01, 0x03, 0x37, 0xba, 0x51, 0x03, 0x42,
  0x82, 0x00, 0x02, 0x04, 0x01, 0x06, 0x66, 0x06, 0x03, 0xc2, 0x00, 0x82,
  0x80, 0x03, 0x0a, 0x66, 0x4c, 0x00, 0x02, 0x04, 0x01, 0x03, 0xb4, 0x7f,
  0x2e, 0x00, 0x02, 0x04, 0x01, 0x03, 0xc8, 0x00, 0x4a, 0x00, 0x02, 0x04,
  0x02, 0x06, 0x66, 0x06, 0x03, 0x09, 0x66, 0x67, 0x00, 0x02, 0x04, 0x01,
  0x2b, 0x51, 0x02, 0x08, 0x00, 0x01, 0x01, 0x00, 0x05, 0x02, 0x82, 0x40,
  0x01, 0x00, 0x03, 0x87, 0x02, 0x01, 0xc1, 0x51, 0x49, 0x49, 0x49, 0x03,
  0x7a, 0x4a, 0x49, 0x2d, 0x2c, 0x03, 0xd4, 0x02, 0x4a, 0x03, 0xca, 0x7d,
  0x9e, 0x4c, 0x4e, 0x69, 0xbb, 0xf0, 0x03, 0x83, 0x01, 0x82, 0x03, 0x86,
  0x7f, 0x2e, 0x67, 0x89, 0x00, 0x02, 0x04, 0x01, 0x06, 0x02, 0xb0, 0x01,
  0x12, 0x00, 0x02, 0x04, 0x01, 0x06, 0x03, 0x47, 0x4a, 0x03, 0xdc, 0x01,
  0x9e, 0x03, 0xe5, 0x7e, 0x4a, 0xa4, 0x88, 0xbc, 0x2f, 0x51, 0x03, 0x0b,
  0x9e, 0xa3, 0xa4, 0xbb, 0xa3, 0xa4, 0x88, 0x68, 0x4b, 0x4b, 0xa2, 0x67,
  0x03, 0x77, 0x66, 0x03, 0x0b, 0x2e, 0x03, 0x0b, 0x82, 0x00, 0x02, 0x04,
  0x01, 0x06, 0x4a, 0x06, 0x68, 0x03, 0x0d, 0x08, 0xac, 0x83, 0xa4, 0x67,
  0x00, 0x02, 0x04, 0x01, 0x06, 0x66, 0x06, 0x69, 0x4b, 0x48, 0x31, 0x33,
  0x6a, 0x68, 0x4b, 0x68, 0xa0, 0x00, 0x02, 0x04, 0x03, 0x06, 0x82, 0x00,
  0x02, 0x04, 0x03, 0x06, 0x08, 0x95, 0x6c, 0xa1, 0x08, 0x8d, 0x30, 0x4c,
  0x32, 0x03, 0x0e, 0x66, 0x4e, 0x03, 0x71, 0x66, 0x03, 0x13, 0x4a, 0x84,
  0x02, 0x22, 0x13, 0x08, 0x75, 0x9c, 0x51, 0x4c, 0x08, 0x21, 0xf3, 0x9c,
  0x51, 0x30, 0x2c, 0x30, 0x83, 0xbb, 0xdb, 0x83, 0xbb, 0x9c, 0x36, 0x00,
  0x02, 0x04, 0x01, 0x06, 0x82, 0x06, 0xa0, 0x67, 0x67, 0x4b, 0x84, 0x00,
  0x02, 0x04, 0x01, 0x06, 0x82, 0x06, 0x69, 0x68, 0x4b, 0x02, 0x22, 0x16,
  0x4b, 0x08, 0xcc, 0x4b, 0x02, 0x26, 0x15, 0xbf, 0x03, 0x11, 0x4a, 0x03,
  0xc3, 0x7d, 0x08, 0x58, 0x00, 0x02, 0x04, 0x07, 0x03, 0xbe, 0x02, 0x66,
  0x00, 0x02, 0x04, 0x01, 0x03, 0xc2, 0x7d, 0x02, 0x42, 0x01, 0x00, 0x02,
  0x04, 0x01, 0x03, 0xbe, 0x02, 0x2e, 0x00, 0x02, 0x04, 0x02, 0x06, 0x9e,
  0x82, 0x00, 0x02, 0x04, 0x05, 0x06, 0x03, 0xc2, 0x7d, 0x9e, 0x00, 0x02,
  0x04, 0x05, 0x03, 0xbe, 0x02, 0x2e, 0x00, 0x02, 0x04, 0x06, 0x06, 0x66,
  0x06, 0x02, 0x50, 0x16, 0x03, 0xbe, 0x7d, 0xba, 0x00, 0x02, 0x04, 0x07,
  0x03, 0xc3, 0x02, 0x66, 0x00, 0x02, 0x04, 0x01, 0x03, 0xbd, 0x7d, 0x08,
  0xac, 0x00, 0x02, 0x04, 0x01, 0x03, 0xc3, 0x02, 0x2e, 0x00, 0x02, 0x04,
  0x02, 0x06, 0x9e, 0x82, 0x00, 0x02, 0x04, 0x05, 0x06, 0x03, 0xbd, 0x7d,
  0x9e, 0x00, 0x02, 0x04, 0x05, 0x03, 0xc3, 0x02, 0x2e, 0x00, 0x02, 0x04,
  0x06, 0x06, 0x66, 0x06, 0x02, 0x24, 0x16, 0x03, 0xb7, 0x7f, 0x4a, 0x03,
  0x82, 0x7e, 0x08, 0x74, 0x00, 0x02, 0x04, 0x07, 0x03, 0xc8, 0x02, 0x66,
  0x00, 0x02, 0x04, 0x01, 0x03, 0xb8, 0x7d, 0x02, 0x3e, 0x01, 0x00, 0x02,
  0x04, 0x01, 0x03, 0xc8, 0x02, 0x2e, 0x00, 0x02, 0x04, 0x02, 0x06, 0x9e,
  0x82, 0x00, 0x02, 0x04, 0x05, 0x06, 0x03, 0xb8, 0x7d, 0x9e, 0x00, 0x02,
  0x04, 0x05, 0x03, 0xc8, 0x02, 0x2e, 0x00, 0x02, 0x04, 0x06, 0x06, 0x66,
  0x06, 0x03, 0xb8, 0x7d, 0x02, 0x38, 0x01, 0x00, 0x02, 0x04, 0x07, 0x03,
  0xcb, 0x02, 0x66, 0x00, 0x02, 0x04, 0x01, 0x03, 0xb5, 0x7d, 0xd6, 0x00,
  0x02, 0x04, 0x01, 0x03, 0xcb, 0x02, 0x2e, 0x00, 0x02, 0x04, 0x02, 0x06,
  0x9e, 0x82, 0x00, 0x02, 0x04, 0x05, 0x06, 0x03, 0xb5, 0x7d, 0x9e, 0x00,
  0x02, 0x04, 0x05, 0x03, 0xcb, 0x02, 0x2e, 0x00, 0x02, 0x04, 0x06, 0x06,
  0x66, 0x06, 0x08, 0x41, 0x67, 0x4d, 0x68, 0x83, 0x4c, 0x4b, 0xa1, 0xa0,
  0x03, 0x09, 0x08, 0xe4, 0x00, 0x02, 0x04, 0x01, 0x03, 0x98, 0x7d, 0x82,
  0x00, 0x02, 0x04, 0x01, 0x03, 0xe6, 0x02, 0x4a, 0x06, 0x66, 0x06, 0x87,
  0x03, 0x88, 0x7e, 0x4a, 0x50, 0x48, 0x6e, 0x03, 0x0b, 0x2e, 0x03, 0x7a,
  0x4a, 0x2d, 0x00, 0x02, 0x04, 0x01, 0x03, 0x45, 0x2e, 0x00, 0x02, 0x04,
  0x01, 0x03, 0x58, 0x4a, 0x03, 0xd1, 0x02, 0x08, 0x3c, 0x02, 0x0c, 0x00,
  0x01, 0x01, 0x63, 0x00, 0x00, 0x00, 0x02, 0x00, 0x3e, 0x00, 0x00, 0x00,
  0x01, 0x01, 0xfb, 0x0e, 0x0d, 0x00, 0x01, 0x01, 0x01, 0x01, 0x00, 0x00,
  0x00, 0x01, 0x00, 0x00, 0x01, 0x2e, 0x2f, 0x73, 0x74, 0x64, 0x6c, 0x69,
  0x62, 0x00, 0x2e, 0x2f, 0x2e, 0x2e, 0x2f, 0x69, 0x6e, 0x63, 0x6c, 0x75,
  0x64, 0x65, 0x00, 0x00, 0x70, 0x75, 0x74, 0x73, 0x2e, 0x63, 0x00, 0x01,
  0x00, 0x00, 0x73, 0x74, 0x64, 0x69, 0x6f, 0x2e, 0x68, 0x00, 0x02, 0x00,
  0x00, 0x00, 0x00, 0x05, 0x02, 0xc4, 0x47, 0x01, 0x00, 0x03, 0x23, 0x01,
  0x00, 0x02, 0x04, 0x01, 0x4c, 0x00, 0x02, 0x04, 0x02, 0x06, 0x66, 0x06,
  0xbc, 0x68, 0x9d, 0x30, 0x02, 0x04, 0x00, 0x01, 0x01, 0x6a, 0x00, 0x00,
  0x00, 0x02, 0x00, 0x26, 0x00, 0x00, 0x00, 0x01, 0x01, 0xfb, 0x0e, 0x0d,
  0x00, 0x01, 0x01, 0x01, 0x01, 0x00, 0x00, 0x00, 0x01, 0x00, 0x00, 0x01,
  0x2e, 0x2f, 0x73, 0x74, 0x64, 0x6c, 0x69, 0x62, 0x00, 0x00, 0x72, 0x61,
  0x6e, 0x64, 0x2e, 0x63, 0x00, 0x01, 0x00, 0x00, 0x00, 0x00, 0x05, 0x02,
  0x00, 0x00, 0x00, 0x00, 0x03, 0x35, 0x01, 0x03, 0x7a, 0x4a, 0x08, 0x60,
  0x4c, 0x02, 0x06, 0x00, 0x01, 0x01, 0x00, 0x05, 0x02, 0xf0, 0x47, 0x01,
  0x00, 0x03, 0xc0, 0x00, 0x01, 0x03, 0x6f, 0x01, 0x03, 0x13, 0x02, 0x22,
  0x01, 0x02, 0x04, 0x00, 0x01, 0x01, 0x00, 0x05, 0x02, 0x16, 0x48, 0x01,
  0x00, 0x03, 0xc6, 0x00, 0x01, 0x13, 0x02, 0x0a, 0x00, 0x01, 0x01, 0x8d,
  0x00, 0x00, 0x00, 0x02, 0x00, 0x69, 0x00, 0x00, 0x00, 0x01, 0x01, 0xfb,
  0x0e, 0x0d, 0x00, 0x01, 0x01, 0x01, 0x01, 0x00, 0x00, 0x00, 0x01, 0x00,
  0x00, 0x01, 0x2e, 0x2f, 0x73, 0x74, 0x72, 0x69, 0x6e, 0x67, 0x00, 0x2f,
  0x68, 0x6f, 0x6d, 0x65, 0x2f, 0x75, 0x73, 0x65, 0x72, 0x2f, 0x6d, 0x73,
  0x70, 0x67, 0x63, 0x63, 0x2d, 0x34, 0x2e, 0x37, 0x2e, 0x32, 0x2f, 0x6c,
  0x69, 0x62, 0x2f, 0x67, 0x63, 0x63, 0x2f, 0x6d, 0x73, 0x70, 0x34, 0x33,
  0x30, 0x2f, 0x34, 0x2e, 0x37, 0x2e, 0x32, 0x2f, 0x69, 0x6e, 0x63, 0x6c,
  0x75, 0x64, 0x65, 0x00, 0x00, 0x6d, 0x65, 0x6d, 0x63, 0x6d, 0x70, 0x2e,
  0x63, 0x00, 0x01, 0x00, 0x00, 0x73, 0x74, 0x64, 0x64, 0x65, 0x66, 0x2e,
  0x68, 0x00, 0x02, 0x00, 0x00, 0x00, 0x00, 0x05, 0x02, 0x20, 0x48, 0x01,
  0x00, 0x03, 0x28, 0x01, 0x2f, 0x62, 0x03, 0x0a, 0x4a, 0x03, 0x76, 0x2e,
  0x03, 0x0a, 0x4a, 0x67, 0xa0, 0x4c, 0x2f, 0x02, 0x04, 0x00, 0x01, 0x01,
  0x16, 0x01, 0x00, 0x00, 0x02, 0x00, 0x81, 0x00, 0x00, 0x00, 0x01, 0x01,
  0xfb, 0x0e, 0x0d, 0x00, 0x01, 0x01, 0x01, 0x01, 0x00, 0x00, 0x00, 0x01,
  0x00, 0x00, 0x01, 0x2e, 0x2f, 0x73, 0x74, 0x72, 0x69, 0x6e, 0x67, 0x00,
  0x2f, 0x68, 0x6f, 0x6d, 0x65, 0x2f, 0x75, 0x73, 0x65, 0x72, 0x2f, 0x6d,
  0x73, 0x70, 0x67, 0x63, 0x63, 0x2d, 0x34, 0x2e, 0x37, 0x2e, 0x32, 0x2f,
  0x6c, 0x69, 0x62, 0x2f, 0x67, 0x63, 0x63, 0x2f, 0x6d, 0x73, 0x70, 0x34,
  0x33, 0x30, 0x2f, 0x34, 0x2e, 0x37, 0x2e, 0x32, 0x2f, 0x69, 0x6e, 0x63,
  0x6c, 0x75, 0x64, 0x65, 0x00, 0x2e, 0x2f, 0x2e, 0x2e, 0x2f, 0x69, 0x6e,
  0x63, 0x6c, 0x75, 0x64, 0x65, 0x00, 0x00, 0x62, 0x63, 0x6f, 0x70, 0x79,
  0x2e, 0x63, 0x00, 0x01, 0x00, 0x00, 0x73, 0x74, 0x64, 0x64, 0x65, 0x66,
  0x2e, 0x68, 0x00, 0x02, 0x00, 0x00, 0x73, 0x74, 0x64, 0x69, 0x6e, 0x74,
  0x2e, 0x68, 0x00, 0x03, 0x00, 0x00, 0x00, 0x00, 0x05, 0x02, 0x4c, 0x48,
  0x01, 0x00, 0x03, 0x3e, 0x01, 0x33, 0x00, 0x02, 0x04, 0x01, 0x06, 0x4a,
  0x06, 0x03, 0x09, 0x4a, 0x34, 0x88, 0x00, 0x02, 0x04, 0x01, 0x06, 0x82,
  0x06, 0x4d, 0x9b, 0x6a, 0x00, 0x02, 0x04, 0x01, 0x03, 0x58, 0x4a, 0x00,
  0x02, 0x04, 0x01, 0x03, 0x29, 0x82, 0x03, 0x75, 0x08, 0x20, 0x03, 0x10,
  0x2e, 0x4b, 0x00, 0x02, 0x04, 0x01, 0x06, 0x2e, 0x06, 0x03, 0x51, 0xf2,
  0x03, 0x30, 0x66, 0x2f, 0x00, 0x02, 0x04, 0x01, 0x06, 0x2e, 0x06, 0x03,
  0x09, 0x66, 0x2f, 0x4c, 0x84, 0x00, 0x02, 0x04, 0x01, 0x06, 0x82, 0x06,
  0x69, 0x63, 0x32, 0x03, 0xbd, 0x7f, 0x66, 0x00, 0x02, 0x04, 0x01, 0x06,
  0x82, 0x00, 0x02, 0x04, 0x01, 0x06, 0x03, 0xc4, 0x00, 0x82, 0xa0, 0x4b,
  0x00, 0x02, 0x04, 0x01, 0x06, 0x2e, 0x06, 0x03, 0xb9, 0x7f, 0x08, 0x20,
  0x03, 0xc8, 0x00, 0x82, 0x2f, 0x00, 0x02, 0x04, 0x01, 0x06, 0x2e, 0x06,
  0x6e, 0x02, 0x04, 0x00, 0x01, 0x01, 0x15, 0x01, 0x00, 0x00, 0x02, 0x00,
  0x81, 0x00, 0x00, 0x00, 0x01, 0x01, 0xfb, 0x0e, 0x0d, 0x00, 0x01, 0x01,
  0x01, 0x01, 0x00, 0x00, 0x00, 0x01, 0x00, 0x00, 0x01, 0x2e, 0x2f, 0x73,
  0x74, 0x72, 0x69, 0x6e, 0x67, 0x00, 0x2f, 0x68, 0x6f, 0x6d, 0x65, 0x2f,
  0x75, 0x73, 0x65, 0x72, 0x2f, 0x6d, 0x73, 0x70, 0x67, 0x63, 0x63, 0x2d,
  0x34, 0x2e, 0x37, 0x2e, 0x32, 0x2f, 0x6c, 0x69, 0x62, 0x2f, 0x67, 0x63,
  0x63, 0x2f, 0x6d, 0x73, 0x70, 0x34, 0x33, 0x30, 0x2f, 0x34, 0x2e, 0x37,
  0x2e, 0x32, 0x2f, 0x69, 0x6e, 0x63, 0x6c, 0x75, 0x64, 0x65, 0x00, 0x2e,
  0x2f, 0x2e, 0x2e, 0x2f, 0x69, 0x6e, 0x63, 0x6c, 0x75, 0x64, 0x65, 0x00,
  0x00, 0x62, 0x63, 0x6f, 0x70, 0x79, 0x2e, 0x63, 0x00, 0x01, 0x00, 0x00,
  0x73, 0x74, 0x64, 0x64, 0x65, 0x66, 0x2e, 0x68, 0x00, 0x02, 0x00, 0x00,
  0x73, 0x74, 0x64, 0x69, 0x6e, 0x74, 0x2e, 0x68, 0x00, 0x03, 0x00, 0x00,
  0x00, 0x00, 0x05, 0x02, 0x34, 0x49, 0x01, 0x00, 0x03, 0x3e, 0x01, 0x33,
  0x00, 0x02, 0x04, 0x01, 0x06, 0x4a, 0x06, 0x03, 0x09, 0x4a, 0x34, 0x88,
  0x00, 0x02, 0x04, 0x01, 0x06, 0x82, 0x06, 0x4d, 0x9b, 0x6a, 0x00, 0x02,
  0x04, 0x01, 0x03, 0x5c, 0x4a, 0x00, 0x02, 0x04, 0x01, 0x03, 0x25, 0x82,
  0x03, 0x75, 0x08, 0x20, 0x03, 0x10, 0x2e, 0x4b, 0x00, 0x02, 0x04, 0x01,
  0x06, 0x2e, 0x06, 0x03, 0x55, 0xf2, 0x03, 0x2c, 0x66, 0x2f, 0x00, 0x02,
  0x04, 0x01, 0x06, 0x2e, 0x06, 0x03, 0x09, 0x66, 0x2f, 0x4c, 0x84, 0x00,
  0x02, 0x04, 0x01, 0x06, 0x82, 0x06, 0x69, 0x63, 0x32, 0x03, 0x41, 0x66,
  0x00, 0x02, 0x04, 0x01, 0x06, 0x82, 0x00, 0x02, 0x04, 0x01, 0x06, 0x03,
  0xc0, 0x00, 0x82, 0xa0, 0x4b, 0x00, 0x02, 0x04, 0x01, 0x06, 0x2e, 0x06,
  0x03, 0xbd, 0x7f, 0x08, 0x20, 0x03, 0xc4, 0x00, 0x82, 0x2f, 0x00, 0x02,
  0x04, 0x01, 0x06, 0x2e, 0x06, 0x6e, 0x02, 0x04, 0x00, 0x01, 0x01, 0xf0,
  0x00, 0x00, 0x00, 0x02, 0x00, 0x9e, 0x00, 0x00, 0x00, 0x01, 0x01, 0xfb,
  0x0e, 0x0d, 0x00, 0x01, 0x01, 0x01, 0x01, 0x00, 0x00, 0x00, 0x01, 0x00,
  0x00, 0x01, 0x2e, 0x2f, 0x73, 0x74, 0x72, 0x69, 0x6e, 0x67, 0x00, 0x2e,
  0x2f, 0x2e, 0x2e, 0x2f, 0x69, 0x6e, 0x63, 0x6c, 0x75, 0x64, 0x65, 0x00,
  0x2e, 0x2f, 0x2e, 0x2e, 0x2f, 0x69, 0x6e, 0x63, 0x6c, 0x75, 0x64, 0x65,
  0x2f, 0x73, 0x79, 0x73, 0x00, 0x2f, 0x68, 0x6f, 0x6d, 0x65, 0x2f, 0x75,
  0x73, 0x65, 0x72, 0x2f, 0x6d, 0x73, 0x70, 0x67, 0x63, 0x63, 0x2d, 0x34,
  0x2e, 0x37, 0x2e, 0x32, 0x2f, 0x6c, 0x69, 0x62, 0x2f, 0x67, 0x63, 0x63,
  0x2f, 0x6d, 0x73, 0x70, 0x34, 0x33, 0x30, 0x2f, 0x34, 0x2e, 0x37, 0x2e,
  0x32, 0x2f, 0x69, 0x6e, 0x63, 0x6c, 0x75, 0x64, 0x65, 0x00, 0x00, 0x6d,
  0x65, 0x6d, 0x73, 0x65, 0x74, 0x2e, 0x63, 0x00, 0x01, 0x00, 0x00, 0x73,
  0x74, 0x64, 0x69, 0x6e, 0x74, 0x2e, 0x68, 0x00, 0x02, 0x00, 0x00, 0x74,
  0x79, 0x70, 0x65, 0x73, 0x2e, 0x68, 0x00, 0x03, 0x00, 0x00, 0x73, 0x74,
  0x64, 0x64, 0x65, 0x66, 0x2e, 0x68, 0x00, 0x04, 0x00, 0x00, 0x00, 0x00,
  0x05, 0x02, 0x1c, 0x4a, 0x01, 0x00, 0x03, 0x37, 0x01, 0x03, 0x15, 0x2e,
  0x03, 0x69, 0x66, 0x03, 0x1b, 0x66, 0x00, 0x02, 0x04, 0x01, 0x64, 0x03,
  0x32, 0x66, 0x03, 0x57, 0x66, 0x30, 0x03, 0x0a, 0x66, 0x4d, 0x31, 0x03,
  0x7a, 0x9e, 0x03, 0x0c, 0x2e, 0x00, 0x02, 0x04, 0x01, 0x85, 0x00, 0x02,
  0x04, 0x01, 0x4b, 0x00, 0x02, 0x04, 0x01, 0x30, 0x03, 0x40, 0x4a, 0x03,
  0xc3, 0x00, 0x4a, 0x2f, 0x00, 0x02, 0x04, 0x01, 0x31, 0x4e, 0x02, 0x04,
  0x00, 0x01, 0x01, 0xc0, 0x00, 0x00, 0x00, 0x02, 0x00, 0x53, 0x00, 0x00,
  0x00, 0x01, 0x01, 0xfb, 0x0e, 0x0d, 0x00, 0x01, 0x01, 0x01, 0x01, 0x00,
  0x00, 0x00, 0x01, 0x00, 0x00, 0x01, 0x2e, 0x2e, 0x2f, 0x2e, 0x2e, 0x2f,
  0x2e, 0x2e, 0x2f, 0x2e, 0x2e, 0x2f, 0x2e, 0x2e, 0x2f, 0x2e, 0x2e, 0x2f,
  0x2e, 0x2e, 0x2f, 0x67, 0x63, 0x63, 0x2d, 0x34, 0x2e, 0x37, 0x2e, 0x32,
  0x2f, 0x6c, 0x69, 0x62, 0x67, 0x63, 0x63, 0x2f, 0x63, 0x6f, 0x6e, 0x66,
  0x69, 0x67, 0x2f, 0x6d, 0x73, 0x70, 0x34, 0x33, 0x30, 0x00, 0x00, 0x6c,
  0x69, 0x62, 0x67, 0x63, 0x63, 0x2e, 0x53, 0x00, 0x01, 0x00, 0x00, 0x00,
  0x00, 0x05, 0x02, 0x82, 0x34, 0x00, 0x00, 0x03, 0xf4, 0x06, 0x01, 0x03,
  0x09, 0x2e, 0x4b, 0x2f, 0x2f, 0x2f, 0x2f, 0x2f, 0x2f, 0x2f, 0x2f, 0x2f,
  0x2f, 0x2f, 0x2f, 0x2f, 0x2f, 0x2f, 0x2f, 0x2f, 0x2f, 0x2f, 0x2f, 0x2f,
  0x2f, 0x2f, 0x2f, 0x2f, 0x2f, 0x2f, 0x2f, 0x2f, 0x2f, 0x2f, 0x2f, 0x4b,
  0x2f, 0x30, 0x03, 0x09, 0x2e, 0x35, 0x03, 0x09, 0x2e, 0x4b, 0x4b, 0x4b,
  0x4c, 0x4c, 0x03, 0x09, 0x2e, 0x34, 0x03, 0x09, 0x2e, 0x4b, 0x4b, 0x4b,
  0x4c, 0x4b, 0x2f, 0x2f, 0x2f, 0x30, 0x03, 0x09, 0x2e, 0x34, 0x03, 0x0a,
  0x2e, 0x4b, 0x4b, 0x4b, 0x4c, 0x4c, 0x4b, 0x4b, 0x4b, 0x4b, 0x4d, 0x03,
  0x0a, 0x2e, 0x02, 0x02, 0x00, 0x01, 0x01, 0x69, 0x00, 0x00, 0x00, 0x02,
  0x00, 0x51, 0x00, 0x00, 0x00, 0x01, 0x01, 0xfb, 0x0e, 0x0d, 0x00, 0x01,
  0x01, 0x01, 0x01, 0x00, 0x00, 0x00, 0x01, 0x00, 0x00, 0x01, 0x2e, 0x2e,
  0x2f, 0x2e, 0x2e, 0x2f, 0x2e, 0x2e, 0x2f, 0x2e, 0x2e, 0x2f, 0x2e, 0x2e,
  0x2f, 0x2e, 0x2e, 0x2f, 0x2e, 0x2e, 0x2f, 0x67, 0x63, 0x63, 0x2d, 0x34,
  0x2e, 0x37, 0x2e, 0x32, 0x2f, 0x6c, 0x69, 0x62, 0x67, 0x63, 0x63, 0x2f,
  0x63, 0x6f, 0x6e, 0x66, 0x69, 0x67, 0x2f, 0x6d, 0x73, 0x70, 0x34, 0x33,
  0x30, 0x00, 0x00, 0x63, 0x72, 0x74, 0x30, 0x2e, 0x53, 0x00, 0x01, 0x00,
  0x00, 0x00, 0x00, 0x05, 0x02, 0x00, 0x31, 0x00, 0x00, 0x03, 0xf5, 0x00,
  0x01, 0x4b, 0x4b, 0x02, 0x04, 0x00, 0x01, 0x01, 0x67, 0x00, 0x00, 0x00,
  0x02, 0x00, 0x51, 0x00, 0x00, 0x00, 0x01, 0x01, 0xfb, 0x0e, 0x0d, 0x00,
  0x01, 0x01, 0x01, 0x01, 0x00, 0x00, 0x00, 0x01, 0x00, 0x00, 0x01, 0x2e,
  0x2e, 0x2f, 0x2e, 0x2e, 0x2f, 0x2e, 0x2e, 0x2f, 0x2e, 0x2e, 0x2f, 0x2e,
  0x2e, 0x2f, 0x2e, 0x2e, 0x2f, 0x2e, 0x2e, 0x2f, 0x67, 0x63, 0x63, 0x2d,
  0x34, 0x2e, 0x37, 0x2e, 0x32, 0x2f, 0x6c, 0x69, 0x62, 0x67, 0x63, 0x63,
  0x2f, 0x63, 0x6f, 0x6e, 0x66, 0x69, 0x67, 0x2f, 0x6d, 0x73, 0x70, 0x34,
  0x33, 0x30, 0x00, 0x00, 0x63, 0x72, 0x74, 0x30, 0x2e, 0x53, 0x00, 0x01,
  0x00, 0x00, 0x00, 0x00, 0x05, 0x02, 0x0c, 0x31, 0x00, 0x00, 0x03, 0xa6,
  0x01, 0x01, 0x02, 0x04, 0x00, 0x01, 0x01, 0x6d, 0x00, 0x00, 0x00, 0x02,
  0x00, 0x51, 0x00, 0x00, 0x00, 0x01, 0x01, 0xfb, 0x0e, 0x0d, 0x00, 0x01,
  0x01, 0x01, 0x01, 0x00, 0x00, 0x00, 0x01, 0x00, 0x00, 0x01, 0x2e, 0x2e,
  0x2f, 0x2e, 0x2e, 0x2f, 0x2e, 0x2e, 0x2f, 0x2e, 0x2e, 0x2f, 0x2e, 0x2e,
  0x2f, 0x2e, 0x2e, 0x2f, 0x2e, 0x2e, 0x2f, 0x67, 0x63, 0x63, 0x2d, 0x34,
  0x2e, 0x37, 0x2e, 0x32, 0x2f, 0x6c, 0x69, 0x62, 0x67, 0x63, 0x63, 0x2f,
  0x63, 0x6f, 0x6e, 0x66, 0x69, 0x67, 0x2f, 0x6d, 0x73, 0x70, 0x34, 0x33,
  0x30, 0x00, 0x00, 0x63, 0x72, 0x74, 0x30, 0x2e, 0x53, 0x00, 0x01, 0x00,
  0x00, 0x00, 0x00, 0x05, 0x02, 0x10, 0x31, 0x00, 0x00, 0x03, 0xc9, 0x01,
  0x01, 0x4b, 0x2f, 0x30, 0x67, 0x2f, 0x67, 0x02, 0x02, 0x00, 0x01, 0x01,
  0x6d, 0x00, 0x00, 0x00, 0x02, 0x00, 0x51, 0x00, 0x00, 0x00, 0x01, 0x01,
  0xfb, 0x0e, 0x0d, 0x00, 0x01, 0x01, 0x01, 0x01, 0x00, 0x00, 0x00, 0x01,
  0x00, 0x00, 0x01, 0x2e, 0x2e, 0x2f, 0x2e, 0x2e, 0x2f, 0x2e, 0x2e, 0x2f,
  0x2e, 0x2e, 0x2f, 0x2e, 0x2e, 0x2f, 0x2e, 0x2e, 0x2f, 0x2e, 0x2e, 0x2f,
  0x67, 0x63, 0x63, 0x2d, 0x34, 0x2e, 0x37, 0x2e, 0x32, 0x2f, 0x6c, 0x69,
  0x62, 0x67, 0x63, 0x63, 0x2f, 0x63, 0x6f, 0x6e, 0x66, 0x69, 0x67, 0x2f,
  0x6d, 0x73, 0x70, 0x34, 0x33, 0x30, 0x00, 0x00, 0x63, 0x72, 0x74, 0x30,
  0x2e, 0x53, 0x00, 0x01, 0x00, 0x00, 0x00, 0x00, 0x05, 0x02, 0x28, 0x31,
  0x00, 0x00, 0x03, 0xe3, 0x01, 0x01, 0x4b, 0x2f, 0x30, 0x67, 0x2f, 0x4b,
  0x02, 0x02, 0x00, 0x01, 0x01, 0x68, 0x00, 0x00, 0x00, 0x02, 0x00, 0x51,
  0x00, 0x00, 0x00, 0x01, 0x01, 0xfb, 0x0e, 0x0d, 0x00, 0x01, 0x01, 0x01,
  0x01, 0x00, 0x00, 0x00, 0x01, 0x00, 0x00, 0x01, 0x2e, 0x2e, 0x2f, 0x2e,
  0x2e, 0x2f, 0x2e, 0x2e, 0x2f, 0x2e, 0x2e, 0x2f, 0x2e, 0x2e, 0x2f, 0x2e,
  0x2e, 0x2f, 0x2e, 0x2e, 0x2f, 0x67, 0x63, 0x63, 0x2d, 0x34, 0x2e, 0x37,
  0x2e, 0x32, 0x2f, 0x6c, 0x69, 0x62, 0x67, 0x63, 0x63, 0x2f, 0x63, 0x6f,
  0x6e, 0x66, 0x69, 0x67, 0x2f, 0x6d, 0x73, 0x70, 0x34, 0x33, 0x30, 0x00,
  0x00, 0x63, 0x72, 0x74, 0x30, 0x2e, 0x53, 0x00, 0x01, 0x00, 0x00, 0x00,
  0x00, 0x05, 0x02, 0x70, 0x33, 0x00, 0x00, 0x03, 0x8b, 0x02, 0x01, 0x4b,
  0x02, 0x02, 0x00, 0x01, 0x01, 0x67, 0x00, 0x00, 0x00, 0x02, 0x00, 0x51,
  0x00, 0x00, 0x00, 0x01, 0x01, 0xfb, 0x0e, 0x0d, 0x00, 0x01, 0x01, 0x01,
  0x01, 0x00, 0x00, 0x00, 0x01, 0x00, 0x00, 0x01, 0x2e, 0x2e, 0x2f, 0x2e,
  0x2e, 0x2f, 0x2e, 0x2e, 0x2f, 0x2e, 0x2e, 0x2f, 0x2e, 0x2e, 0x2f, 0x2e,
  0x2e, 0x2f, 0x2e, 0x2e, 0x2f, 0x67, 0x63, 0x63, 0x2d, 0x34, 0x2e, 0x37,
  0x2e, 0x32, 0x2f, 0x6c, 0x69, 0x62, 0x67, 0x63, 0x63, 0x2f, 0x63, 0x6f,
  0x6e, 0x66, 0x69, 0x67, 0x2f, 0x6d, 0x73, 0x70, 0x34, 0x33, 0x30, 0x00,
  0x00, 0x63, 0x72, 0x74, 0x30, 0x2e, 0x53, 0x00, 0x01, 0x00, 0x00, 0x00,
  0x00, 0x05, 0x02, 0x7a, 0x33, 0x00, 0x00, 0x03, 0xda, 0x02, 0x01, 0x02,
  0x02, 0x00, 0x01, 0x01, 0x10, 0x00, 0x00, 0x00, 0xff, 0xff, 0xff, 0xff,
  0x01, 0x00, 0x01, 0x7e, 0x00, 0x0c, 0x01, 0x02, 0x80, 0x01, 0x00, 0x00,
  0x0c, 0x00, 0x00, 0x00, 0x00, 0x00, 0x00, 0x00, 0x88, 0x3e, 0x01, 0x00,
  0x10, 0x00, 0x00, 0x00, 0x0c, 0x00, 0x00, 0x00, 0x00, 0x00, 0x00, 0x00,
  0x00, 0x00, 0x00, 0x00, 0x0e, 0x00, 0x00, 0x00, 0x10, 0x00, 0x00, 0x00,
  0xff, 0xff, 0xff, 0xff, 0x01, 0x00, 0x01, 0x7e, 0x00, 0x0c, 0x01, 0x02,
  0x80, 0x01, 0x00, 0x00, 0x0c, 0x00, 0x00, 0x00, 0x34, 0x00, 0x00, 0x00,
  0x98, 0x3e, 0x01, 0x00, 0x22, 0x00, 0x00, 0x00, 0x18, 0x00, 0x00, 0x00,
  0x34, 0x00, 0x00, 0x00, 0xba, 0x3e, 0x01, 0x00, 0x36, 0x00, 0x00, 0x00,
  0x42, 0x0e, 0x06, 0x8b, 0x01, 0x8a, 0x03, 0x42, 0x0e, 0x08, 0x00, 0x00,
  0x0c, 0x00, 0x00, 0x00, 0x34, 0x00, 0x00, 0x00, 0x00, 0x00, 0x00, 0x00,
  0x1a, 0x00, 0x00, 0x00, 0x0c, 0x00, 0x00, 0x00, 0x34, 0x00, 0x00, 0x00,
  0xf0, 0x3e, 0x01, 0x00, 0x1c, 0x00, 0x00, 0x00, 0x0c, 0x00, 0x00, 0x00,
  0x34, 0x00, 0x00, 0x00, 0x00, 0x00, 0x00, 0x00, 0x16, 0x00, 0x00, 0x00,
  0x0c, 0x00, 0x00, 0x00, 0x34, 0x00, 0x00, 0x00, 0x00, 0x00, 0x00, 0x00,
  0x12, 0x00, 0x00, 0x00, 0x10, 0x00, 0x00, 0x00, 0xff, 0xff, 0xff, 0xff,
  0x01, 0x00, 0x01, 0x7e, 0x00, 0x0c, 0x01, 0x02, 0x80, 0x01, 0x00, 0x00,
  0x28, 0x00, 0x00, 0x00, 0xb4, 0x00, 0x00, 0x00, 0x0c, 0x3f, 0x01, 0x00,
  0x76, 0x01, 0x00, 0x00, 0x42, 0x0e, 0x12, 0x11, 0x0b, 0x7b, 0x11, 0x0a,
  0x7d, 0x11, 0x09, 0x7f, 0x88, 0x01, 0x87, 0x03, 0x86, 0x05, 0x85, 0x07,
  0x84, 0x09, 0x42, 0x0e, 0x1a, 0x00, 0x00, 0x00, 0x44, 0x00, 0x00, 0x00,
  0xb4, 0x00, 0x00, 0x00, 0x82, 0x40, 0x01, 0x00, 0x42, 0x07, 0x00, 0x00,
  0x42, 0x0e, 0x12, 0x11, 0x0b, 0x7b, 0x11, 0x0a, 0x7d, 0x11, 0x09, 0x7f,
  0x88, 0x01, 0x87, 0x03, 0x86, 0x05, 0x85, 0x07, 0x84, 0x09, 0x44, 0x0e,
  0x54, 0x03, 0x52, 0x02, 0x0e, 0x58, 0x4e, 0x0e, 0x54, 0x03, 0x1e, 0x02,
  0x0e, 0x5c, 0x50, 0x0e, 0x54, 0x7e, 0x0e, 0x5c, 0x50, 0x0e, 0x54, 0x03,
  0xee, 0x01, 0x0e, 0x58, 0x52, 0x0e, 0x54, 0x00, 0x10, 0x00, 0x00, 0x00,
  0xff, 0xff, 0xff, 0xff, 0x01, 0x00, 0x01, 0x7e, 0x00, 0x0c, 0x01, 0x02,
  0x80, 0x01, 0x00, 0x00, 0x14, 0x00, 0x00, 0x00, 0x3c, 0x01, 0x00, 0x00,
  0xc4, 0x47, 0x01, 0x00, 0x2c, 0x00, 0x00, 0x00, 0x42, 0x0e, 0x06, 0x8b,
  0x03, 0x00, 0x00, 0x00, 0x10, 0x00, 0x00, 0x00, 0xff, 0xff, 0xff, 0xff,
  0x01, 0x00, 0x01, 0x7e, 0x00, 0x0c, 0x01, 0x02, 0x80, 0x01, 0x00, 0x00,
  0x14, 0x00, 0x00, 0x00, 0x68, 0x01, 0x00, 0x00, 0x00, 0x00, 0x00, 0x00,
  0x24, 0x00, 0x00, 0x00, 0x42, 0x0e, 0x06, 0x8b, 0x03, 0x00, 0x00, 0x00,
  0x0c, 0x00, 0x00, 0x00, 0x68, 0x01, 0x00, 0x00, 0xf0, 0x47, 0x01, 0x00,
  0x26, 0x00, 0x00, 0x00, 0x0c, 0x00, 0x00, 0x00, 0x68, 0x01, 0x00, 0x00,
  0x16, 0x48, 0x01, 0x00, 0x0a, 0x00, 0x00, 0x00, 0x10, 0x00, 0x00, 0x00,
  0xff, 0xff, 0xff, 0xff, 0x01, 0x00, 0x01, 0x7e, 0x00, 0x0c, 0x01, 0x02,
  0x80, 0x01, 0x00, 0x00, 0x14, 0x00, 0x00, 0x00, 0xb4, 0x01, 0x00, 0x00,
  0x20, 0x48, 0x01, 0x00, 0x2c, 0x00, 0x00, 0x00, 0x42, 0x0e, 0x06, 0x8b,
  0x01, 0x8a, 0x03, 0x00, 0x10, 0x00, 0x00, 0x00, 0xff, 0xff, 0xff, 0xff,
  0x01, 0x00, 0x01, 0x7e, 0x00, 0x0c, 0x01, 0x02, 0x80, 0x01, 0x00, 0x00,
  0x18, 0x00, 0x00, 0x00, 0xe0, 0x01, 0x00, 0x00, 0x4c, 0x48, 0x01, 0x00,
  0xe8, 0x00, 0x00, 0x00, 0x42, 0x0e, 0x0a, 0x11, 0x0b, 0x7f, 0x8a, 0x01,
  0x89, 0x03, 0x88, 0x05, 0x10, 0x00, 0x00, 0x00, 0xff, 0xff, 0xff, 0xff,
  0x01, 0x00, 0x01, 0x7e, 0x00, 0x0c, 0x01, 0x02, 0x80, 0x01, 0x00, 0x00,
  0x18, 0x00, 0x00, 0x00, 0x10, 0x02, 0x00, 0x00, 0x34, 0x49, 0x01, 0x00,
  0xe8, 0x00, 0x00, 0x00, 0x42, 0x0e, 0x0a, 0x11, 0x0b, 0x7f, 0x8a, 0x01,
  0x89, 0x03, 0x88, 0x05, 0x10, 0x00, 0x00, 0x00, 0xff, 0xff, 0xff, 0xff,
  0x01, 0x00, 0x01, 0x7e, 0x00, 0x0c, 0x01, 0x02, 0x80, 0x01, 0x00, 0x00,
  0x18, 0x00, 0x00, 0x00, 0x40, 0x02, 0x00, 0x00, 0x1c, 0x4a, 0x01, 0x00,
  0x5c, 0x00, 0x00, 0x00, 0x42, 0x0e, 0x0a, 0x11, 0x0b, 0x7f, 0x8a, 0x01,
  0x89, 0x03, 0x88, 0x05, 0x5f, 0x5f, 0x62, 0x75, 0x69, 0x6c, 0x74, 0x69,
  0x6e, 0x5f, 0x76, 0x61, 0x5f, 0x6c, 0x69, 0x73, 0x74, 0x00, 0x76, 0x70,
  0x72, 0x69, 0x6e, 0x74, 0x66, 0x00, 0x2e, 0x2f, 0x73, 0x74, 0x64, 0x6c,
  0x69, 0x62, 0x2f, 0x70, 0x72, 0x69, 0x6e, 0x74, 0x66, 0x2e, 0x63, 0x00,
  0x5f, 0x5f, 0x67, 0x6e, 0x75, 0x63, 0x5f, 0x76, 0x61, 0x5f, 0x6c, 0x69,
  0x73, 0x74, 0x00, 0x75, 0x6e, 0x73, 0x69, 0x67, 0x6e, 0x65, 0x64, 0x20,
  0x63, 0x68, 0x61, 0x72, 0x00, 0x73, 0x68, 0x6f, 0x72, 0x74, 0x20, 0x75,
  0x6e, 0x73, 0x69, 0x67, 0x6e, 0x65, 0x64, 0x20, 0x69, 0x6e, 0x74, 0x00,
  0x47, 0x4e, 0x55, 0x20, 0x43, 0x20, 0x34, 0x2e, 0x37, 0x2e, 0x32, 0x20,
  0x32, 0x30, 0x31, 0x32, 0x30, 0x39, 0x32, 0x30, 0x20, 0x28, 0x6d, 0x73,
  0x70, 0x67, 0x63, 0x63, 0x20, 0x64, 0x65, 0x76, 0x20, 0x32, 0x30, 0x31,
  0x32, 0x30, 0x39, 0x31, 0x31, 0x29, 0x00, 0x5f, 0x5f, 0x69, 0x6e, 0x74,
  0x32, 0x30, 0x00, 0x5f, 0x5f, 0x75, 0x69, 0x6e, 0x74, 0x32, 0x30, 0x00,
  0x6c, 0x6f, 0x6e, 0x67, 0x20, 0x6c, 0x6f, 0x6e, 0x67, 0x20, 0x75, 0x6e,
  0x73, 0x69, 0x67, 0x6e, 0x65, 0x64, 0x20, 0x69, 0x6e, 0x74, 0x00, 0x6c,
  0x6f, 0x6e, 0x67, 0x20, 0x6c, 0x6f, 0x6e, 0x67, 0x20, 0x69, 0x6e, 0x74,
  0x00, 0x61, 0x72, 0x67, 0x70, 0x00, 0x2f, 0x68, 0x6f, 0x6d, 0x65, 0x2f,
  0x75, 0x73, 0x65, 0x72, 0x2f, 0x74, 0x6d, 0x70, 0x2f, 0x6d, 0x73, 0x70,
  0x34, 0x33, 0x30, 0x2d, 0x6c, 0x69, 0x62, 0x63, 0x2d, 0x32, 0x30, 0x31,
  0x32, 0x30, 0x37, 0x31, 0x36, 0x2f, 0x73, 0x72, 0x63, 0x00, 0x61, 0x70,
  0x70, 0x65, 0x6e, 0x64, 0x00, 0x73, 0x69, 0x7a, 0x65, 0x5f, 0x74, 0x00,
  0x61, 0x76, 0x61, 0x69, 0x6c, 0x61, 0x62, 0x6c, 0x65, 0x00, 0x61, 0x76,
  0x61, 0x69, 0x6c, 0x61, 0x62, 0x6c, 0x65, 0x5f, 0x00, 0x2e, 0x2f, 0x73,
  0x74, 0x64, 0x6c, 0x69, 0x62, 0x2f, 0x73, 0x70, 0x72, 0x69, 0x6e, 0x74,
  0x66, 0x2e, 0x63, 0x00, 0x76, 0x73, 0x6e, 0x70, 0x72, 0x69, 0x6e, 0x74,
  0x66, 0x00, 0x76, 0x73, 0x70, 0x72, 0x69, 0x6e, 0x74, 0x66, 0x00, 0x64,
  0x65, 0x73, 0x74, 0x69, 0x6e, 0x61, 0x74, 0x69, 0x6f, 0x6e, 0x5f, 0x00,
  0x73, 0x69, 0x7a, 0x65, 0x00, 0x63, 0x61, 0x6c, 0x6c, 0x5f, 0x76, 0x75,
  0x70, 0x72, 0x69, 0x6e, 0x74, 0x66, 0x00, 0x64, 0x65, 0x73, 0x74, 0x69,
  0x6e, 0x61, 0x74, 0x69, 0x6f, 0x6e, 0x00, 0x62, 0x61, 0x64, 0x5f, 0x66,
  0x6f, 0x72, 0x6d, 0x61, 0x74, 0x00, 0x75, 0x69, 0x6e, 0x74, 0x36, 0x34,
  0x5f, 0x74, 0x00, 0x6d, 0x6f, 0x64, 0x65, 0x00, 0x65, 0x6d, 0x69, 0x74,
  0x5f, 0x6f, 0x63, 0x74, 0x61, 0x6c, 0x5f, 0x70, 0x72, 0x65, 0x66, 0x69,
  0x78, 0x00, 0x6c, 0x65, 0x61, 0x64, 0x69, 0x6e, 0x67, 0x5f, 0x66, 0x69,
  0x6c, 0x6c, 0x00, 0x77, 0x72, 0x69, 0x74, 0x65, 0x5f, 0x63, 0x68, 0x61,
  0x72, 0x00, 0x75, 0x69, 0x6e, 0x74, 0x38, 0x5f, 0x74, 0x00, 0x65, 0x6d,
  0x69, 0x74, 0x5f, 0x68, 0x65, 0x78, 0x5f, 0x70, 0x72, 0x65, 0x66, 0x69,
  0x78, 0x00, 0x70, 0x72, 0x65, 0x66, 0x69, 0x78, 0x5f, 0x6c, 0x65, 0x6e,
  0x00, 0x63, 0x68, 0x61, 0x72, 0x5f, 0x70, 0x00, 0x69, 0x73, 0x5f, 0x6c,
  0x6f, 0x6e, 0x67, 0x32, 0x30, 0x00, 0x69, 0x73, 0x5f, 0x7a, 0x65, 0x72,
  0x6f, 0x00, 0x69, 0x73, 0x5f, 0x61, 0x6c, 0x74, 0x65, 0x72, 0x6e, 0x61,
  0x74, 0x65, 0x5f, 0x66, 0x6f, 0x72, 0x6d, 0x00, 0x69, 0x73, 0x5f, 0x6e,
  0x65, 0x67, 0x61, 0x74, 0x69, 0x76, 0x65, 0x00, 0x69, 0x73, 0x5f, 0x6c,
  0x6f, 0x6e, 0x67, 0x36, 0x34, 0x00, 0x6c, 0x65, 0x66, 0x74, 0x5f, 0x61,
  0x6c, 0x69, 0x67, 0x6e, 0x00, 0x73, 0x70, 0x65, 0x63, 0x69, 0x66, 0x69,
  0x65, 0x72, 0x00, 0x73, 0x69, 0x7a, 0x65, 0x74, 0x79, 0x70, 0x65, 0x00,
  0x75, 0x70, 0x70, 0x65, 0x72, 0x63, 0x61, 0x73, 0x65, 0x00, 0x7a, 0x65,
  0x72, 0x6f, 0x5f, 0x70, 0x61, 0x64, 0x5f, 0x70, 0x72, 0x65, 0x63, 0x69,
  0x73, 0x69, 0x6f, 0x6e, 0x00, 0x68, 0x61, 0x76, 0x65, 0x5f, 0x77, 0x70,
  0x5f, 0x76, 0x61, 0x6c, 0x75, 0x65, 0x00, 0x66, 0x65, 0x74, 0x63, 0x68,
  0x5f, 0x6e, 0x75, 0x6d, 0x62, 0x65, 0x72, 0x00, 0x46, 0x4f, 0x52, 0x4d,
  0x41, 0x54, 0x49, 0x4e, 0x47, 0x00, 0x70, 0x72, 0x69, 0x6e, 0x74, 0x5f,
  0x66, 0x69, 0x65, 0x6c, 0x64, 0x00, 0x75, 0x69, 0x6e, 0x74, 0x32, 0x30,
  0x5f, 0x74, 0x00, 0x70, 0x72, 0x65, 0x66, 0x69, 0x78, 0x5f, 0x69, 0x64,
  0x78, 0x00, 0x66, 0x6c, 0x61, 0x67, 0x73, 0x00, 0x75, 0x69, 0x6e, 0x74,
  0x33, 0x32, 0x5f, 0x74, 0x00, 0x69, 0x73, 0x5f, 0x6c, 0x6f, 0x6e, 0x67,
  0x33, 0x32, 0x00, 0x75, 0x69, 0x6e, 0x74, 0x31, 0x36, 0x5f, 0x74, 0x00,
  0x61, 0x72, 0x67, 0x73, 0x00, 0x70, 0x72, 0x65, 0x66, 0x69, 0x78, 0x5f,
  0x62, 0x75, 0x66, 0x66, 0x65, 0x72, 0x00, 0x72, 0x61, 0x64, 0x69, 0x78,
  0x00, 0x68, 0x61, 0x76, 0x65, 0x5f, 0x70, 0x72, 0x65, 0x63, 0x69, 0x73,
  0x69, 0x6f, 0x6e, 0x00, 0x5f, 0x42, 0x6f, 0x6f, 0x6c, 0x00, 0x6e, 0x75,
  0x6d, 0x62, 0x65, 0x72, 0x5f, 0x77, 0x69, 0x64, 0x74, 0x68, 0x00, 0x69,
  0x73, 0x5f, 0x73, 0x69, 0x67, 0x6e, 0x65, 0x64, 0x00, 0x73, 0x69, 0x67,
  0x6e, 0x5f, 0x63, 0x68, 0x61, 0x72, 0x00, 0x74, 0x72, 0x75, 0x6e, 0x63,
  0x61, 0x74, 0x65, 0x5f, 0x70, 0x72, 0x65, 0x63, 0x69, 0x73, 0x69, 0x6f,
  0x6e, 0x00, 0x66, 0x6c, 0x61, 0x67, 0x73, 0x5f, 0x74, 0x00, 0x66, 0x69,
  0x6c, 0x6c, 0x5f, 0x7a, 0x65, 0x72, 0x6f, 0x00, 0x2e, 0x2f, 0x73, 0x74,
  0x64, 0x6c, 0x69, 0x62, 0x2f, 0x76, 0x75, 0x70, 0x72, 0x69, 0x6e, 0x74,
  0x66, 0x2e, 0x63, 0x00, 0x64, 0x69, 0x67, 0x69, 0x74, 0x00, 0x63, 0x68,
  0x61, 0x72, 0x61, 0x63, 0x74, 0x65, 0x72, 0x5f, 0x63, 0x6f, 0x75, 0x6e,
  0x74, 0x00, 0x65, 0x6d, 0x69, 0x74, 0x5f, 0x73, 0x74, 0x72, 0x69, 0x6e,
  0x67, 0x00, 0x44, 0x49, 0x52, 0x45, 0x43, 0x54, 0x00, 0x65, 0x6d, 0x69,
  0x74, 0x5f, 0x6e, 0x75, 0x6d, 0x62, 0x65, 0x72, 0x00, 0x77, 0x72, 0x69,
  0x74, 0x65, 0x5f, 0x63, 0x68, 0x61, 0x72, 0x61, 0x63, 0x74, 0x65, 0x72,
  0x00, 0x62, 0x75, 0x69, 0x6c, 0x64, 0x5f, 0x6e, 0x75, 0x6d, 0x65, 0x72,
  0x69, 0x63, 0x5f, 0x70, 0x72, 0x65, 0x66, 0x69, 0x78, 0x00, 0x2e, 0x2f,
  0x73, 0x74, 0x64, 0x6c, 0x69, 0x62, 0x2f, 0x70, 0x75, 0x74, 0x73, 0x2e,
  0x63, 0x00, 0x70, 0x75, 0x74, 0x63, 0x68, 0x61, 0x72, 0x00, 0x70, 0x75,
  0x74, 0x73, 0x00, 0x6e, 0x65, 0x78, 0x74, 0x00, 0x73, 0x72, 0x61, 0x6e,
  0x64, 0x00, 0x2e, 0x2f, 0x73, 0x74, 0x64, 0x6c, 0x69, 0x62, 0x2f, 0x72,
  0x61, 0x6e, 0x64, 0x2e, 0x63, 0x00, 0x72, 0x61, 0x6e, 0x64, 0x5f, 0x72,
  0x00, 0x73, 0x65, 0x65, 0x64, 0x00, 0x64, 0x6f, 0x5f, 0x72, 0x61, 0x6e,
  0x64, 0x00, 0x6d, 0x65, 0x6d, 0x63, 0x6d, 0x70, 0x00, 0x2e, 0x2f, 0x73,
  0x74, 0x72, 0x69, 0x6e, 0x67, 0x2f, 0x6d, 0x65, 0x6d, 0x63, 0x6d, 0x70,
  0x2e, 0x63, 0x00, 0x77, 0x6f, 0x72, 0x64, 0x00, 0x2e, 0x2f, 0x73, 0x74,
  0x72, 0x69, 0x6e, 0x67, 0x2f, 0x6d, 0x65, 0x6d, 0x63, 0x70, 0x79, 0x2e,
  0x63, 0x00, 0x75, 0x69, 0x6e, 0x74, 0x70, 0x74, 0x72, 0x5f, 0x74, 0x00,
  0x64, 0x73, 0x74, 0x30, 0x00, 0x6d, 0x65, 0x6d, 0x63, 0x70, 0x79, 0x00,
  0x6c, 0x65, 0x6e, 0x67, 0x74, 0x68, 0x00, 0x73, 0x72, 0x63, 0x30, 0x00,
  0x64, 0x6f, 0x6e, 0x65, 0x00, 0x6d, 0x65, 0x6d, 0x6d, 0x6f, 0x76, 0x65,
  0x00, 0x2e, 0x2f, 0x73, 0x74, 0x72, 0x69, 0x6e, 0x67, 0x2f, 0x6d, 0x65,
  0x6d, 0x6d, 0x6f, 0x76, 0x65, 0x2e, 0x63, 0x00, 0x75, 0x5f, 0x63, 0x68,
  0x61, 0x72, 0x00, 0x6d, 0x65, 0x6d, 0x73, 0x65, 0x74, 0x00, 0x2e, 0x2f,
  0x73, 0x74, 0x72, 0x69, 0x6e, 0x67, 0x2f, 0x6d, 0x65, 0x6d, 0x73, 0x65,
  0x74, 0x2e, 0x63, 0x00, 0x75, 0x5f, 0x69, 0x6e, 0x74, 0x00, 0x8e, 0x3e,
  0x01, 0x00, 0x95, 0x3e, 0x01, 0x00, 0x01, 0x00, 0x5d, 0x95, 0x3e, 0x01,
  0x00, 0x98, 0x3e, 0x01, 0x00, 0x03, 0x00, 0x91, 0x04, 0x9f, 0x00, 0x00,
  0x00, 0x00, 0x00, 0x00, 0x00, 0x00, 0x00, 0x00, 0x00, 0x00, 0x00, 0x00,
  0x00, 0x00, 0x01, 0x00, 0x5f, 0x00, 0x00, 0x00, 0x00, 0x00, 0x00, 0x00,
  0x00, 0x01, 0x00, 0x5e, 0x00, 0x00, 0x00, 0x00, 0x00, 0x00, 0x00, 0x00,
  0x04, 0x00, 0xf3, 0x01, 0x5f, 0x9f, 0x00, 0x00, 0x00, 0x00, 0x00, 0x00,
  0x00, 0x00, 0x00, 0x00, 0x00, 0x00, 0x00, 0x00, 0x00, 0x00, 0x01, 0x00,
  0x5e, 0x00, 0x00, 0x00, 0x00, 0x00, 0x00, 0x00, 0x00, 0x01, 0x00, 0x5d,
  0x00, 0x00, 0x00, 0x00, 0x00, 0x00, 0x00, 0x00, 0x04, 0x00, 0xf3, 0x01,
  0x5e, 0x9f, 0x00, 0x00, 0x00, 0x00, 0x00, 0x00, 0x00, 0x00, 0x98, 0x3e,
  0x01, 0x00, 0xb8, 0x3e, 0x01, 0x00, 0x01, 0x00, 0x5f, 0xb8, 0x3e, 0x01,
  0x00, 0xba, 0x3e, 0x01, 0x00, 0x04, 0x00, 0xf3, 0x01, 0x5f, 0x9f, 0x00,
  0x00, 0x00, 0x00, 0x00, 0x00, 0x00, 0x00, 0xba, 0x3e, 0x01, 0x00, 0xbc,
  0x3e, 0x01, 0x00, 0x02, 0x00, 0x71, 0x02, 0xbc, 0x3e, 0x01, 0x00, 0xbe,
  0x3e, 0x01, 0x00, 0x02, 0x00, 0x71, 0x06, 0xbe, 0x3e, 0x01, 0x00, 0xf0,
  0x3e, 0x01, 0x00, 0x02, 0x00, 0x71, 0x08, 0x00, 0x00, 0x00, 0x00, 0x00,
  0x00, 0x00, 0x00, 0xba, 0x3e, 0x01, 0x00, 0xd2, 0x3e, 0x01, 0x00, 0x01,
  0x00, 0x5f, 0xd2, 0x3e, 0x01, 0x00, 0xd5, 0x3e, 0x01, 0x00, 0x01, 0x00,
  0x5e, 0xd5, 0x3e, 0x01, 0x00, 0xf0, 0x3e, 0x01, 0x00, 0x04, 0x00, 0xf3,
  0x01, 0x5f, 0x9f, 0x00, 0x00, 0x00, 0x00, 0x00, 0x00, 0x00, 0x00, 0xba,
  0x3e, 0x01, 0x00, 0xce, 0x3e, 0x01, 0x00, 0x01, 0x00, 0x5e, 0xce, 0x3e,
  0x01, 0x00, 0xf0, 0x3e, 0x01, 0x00, 0x02, 0x00, 0x91, 0x78, 0x00, 0x00,
  0x00, 0x00, 0x00, 0x00, 0x00, 0x00, 0xca, 0x3e, 0x01, 0x00, 0xdc, 0x3e,
  0x01, 0x00, 0x01, 0x00, 0x5b, 0xe2, 0x3e, 0x01, 0x00, 0xea, 0x3e, 0x01,
  0x00, 0x01, 0x00, 0x5b, 0x00, 0x00, 0x00, 0x00, 0x00, 0x00, 0x00, 0x00,
  0x00, 0x00, 0x00, 0x00, 0x00, 0x00, 0x00, 0x00, 0x01, 0x00, 0x5f, 0x00,
  0x00, 0x00, 0x00, 0x00, 0x00, 0x00, 0x00, 0x05, 0x00, 0x03, 0x48, 0x24,
  0x00, 0x00, 0x00, 0x00, 0x00, 0x00, 0x00, 0x00, 0x00, 0x00, 0x04, 0x00,
  0xf3, 0x01, 0x5f, 0x9f, 0x00, 0x00, 0x00, 0x00, 0x00, 0x00, 0x00, 0x00,
  0x00, 0x00, 0x00, 0x00, 0x00, 0x00, 0x00, 0x00, 0x01, 0x00, 0x5e, 0x00,
  0x00, 0x00, 0x00, 0x00, 0x00, 0x00, 0x00, 0x01, 0x00, 0x5c, 0x00, 0x00,
  0x00, 0x00, 0x00, 0x00, 0x00, 0x00, 0x04, 0x00, 0xf3, 0x01, 0x5e, 0x9f,
  0x00, 0x00, 0x00, 0x00, 0x00, 0x00, 0x00, 0x00, 0x00, 0x00, 0x00, 0x00,
  0x00, 0x00, 0x00, 0x00, 0x01, 0x00, 0x5d, 0x00, 0x00, 0x00, 0x00, 0x00,
  0x00, 0x00, 0x00, 0x04, 0x00, 0xf3, 0x01, 0x5d, 0x9f, 0x00, 0x00, 0x00,
  0x00, 0x00, 0x00, 0x00, 0x00, 0x00, 0x00, 0x00, 0x00, 0x00, 0x00, 0x00,
  0x00, 0x01, 0x00, 0x5f, 0x00, 0x00, 0x00, 0x00, 0x00, 0x00, 0x00, 0x00,
  0x05, 0x00, 0x03, 0x48, 0x24, 0x00, 0x00, 0x00, 0x00, 0x00, 0x00, 0x00,
  0x00, 0x00, 0x00, 0x04, 0x00, 0xf3, 0x01, 0x5f, 0x9f, 0x00, 0x00, 0x00,
  0x00, 0x00, 0x00, 0x00, 0x00, 0x00, 0x00, 0x00, 0x00, 0x00, 0x00, 0x00,
  0x00, 0x01, 0x00, 0x5e, 0x00, 0x00, 0x00, 0x00, 0x00, 0x00, 0x00, 0x00,
  0x05, 0x00, 0x03, 0x4a, 0x24, 0x00, 0x00, 0x00, 0x00, 0x00, 0x00, 0x00,
  0x00, 0x00, 0x00, 0x04, 0x00, 0xf3, 0x01, 0x5e, 0x9f, 0x00, 0x00, 0x00,
  0x00, 0x00, 0x00, 0x00, 0x00, 0x00, 0x00, 0x00, 0x00, 0x00, 0x00, 0x00,
  0x00, 0x01, 0x00, 0x5d, 0x00, 0x00, 0x00, 0x00, 0x00, 0x00, 0x00, 0x00,
  0x04, 0x00, 0xf3, 0x01, 0x5d, 0x9f, 0x00, 0x00, 0x00, 0x00, 0x00, 0x00,
  0x00, 0x00, 0x00, 0x00, 0x00, 0x00, 0x00, 0x00, 0x00, 0x00, 0x01, 0x00,
  0x5c, 0x00, 0x00, 0x00, 0x00, 0x00, 0x00, 0x00, 0x00, 0x04, 0x00, 0xf3,
  0x01, 0x5c, 0x9f, 0x00, 0x00, 0x00, 0x00, 0x00, 0x00, 0x00, 0x00, 0x0c,
  0x3f, 0x01, 0x00, 0x0e, 0x3f, 0x01, 0x00, 0x02, 0x00, 0x71, 0x02, 0x0e,
  0x3f, 0x01, 0x00, 0x10, 0x3f, 0x01, 0x00, 0x02, 0x00, 0x71, 0x12, 0x10,
  0x3f, 0x01, 0x00, 0x82, 0x40, 0x01, 0x00, 0x02, 0x00, 0x71, 0x1a, 0x00,
  0x00, 0x00, 0x00, 0x00, 0x00, 0x00, 0x00, 0x0c, 0x3f, 0x01, 0x00, 0x24,
  0x3f, 0x01, 0x00, 0x01, 0x00, 0x5f, 0x24, 0x3f, 0x01, 0x00, 0x82, 0x40,
  0x01, 0x00, 0x01, 0x00, 0x59, 0x00, 0x00, 0x00, 0x00, 0x00, 0x00, 0x00,
  0x00, 0x0c, 0x3f, 0x01, 0x00, 0x28, 0x3f, 0x01, 0x00, 0x01, 0x00, 0x5e,
  0x28, 0x3f, 0x01, 0x00, 0x48, 0x40, 0x01, 0x00, 0x01, 0x00, 0x55, 0x48,
  0x40, 0x01, 0x00, 0x4a, 0x40, 0x01, 0x00, 0x04, 0x00, 0xf3, 0x01, 0x5e,
  0x9f, 0x4a, 0x40, 0x01, 0x00, 0x58, 0x40, 0x01, 0x00, 0x01, 0x00, 0x55,
  0x00, 0x00, 0x00, 0x00, 0x00, 0x00, 0x00, 0x00, 0x0c, 0x3f, 0x01, 0x00,
  0x1e, 0x3f, 0x01, 0x00, 0x01, 0x00, 0x5d, 0x1e, 0x3f, 0x01, 0x00, 0x82,
  0x40, 0x01, 0x00, 0x01, 0x00, 0x5b, 0x00, 0x00, 0x00, 0x00, 0x00, 0x00,
  0x00, 0x00, 0x0c, 0x3f, 0x01, 0x00, 0x22, 0x3f, 0x01, 0x00, 0x02, 0x00,
  0x91, 0x00, 0x22, 0x3f, 0x01, 0x00, 0x4e, 0x3f, 0x01, 0x00, 0x05, 0x00,
  0x93, 0x03, 0x56, 0x93, 0x01, 0x4e, 0x3f, 0x01, 0x00, 0xbc, 0x3f, 0x01,
  0x00, 0x06, 0x00, 0x57, 0x93, 0x02, 0x5d, 0x93, 0x02, 0xbc, 0x3f, 0x01,
  0x00, 0xd2, 0x3f, 0x01, 0x00, 0x02, 0x00, 0x91, 0x12, 0xd2, 0x3f, 0x01,
  0x00, 0x12, 0x40, 0x01, 0x00, 0x07, 0x00, 0x91, 0x12, 0x93, 0x02, 0x5d,
  0x93, 0x02, 0x12, 0x40, 0x01, 0x00, 0x3c, 0x40, 0x01, 0x00, 0x02, 0x00,
  0x91, 0x12, 0x42, 0x40, 0x01, 0x00, 0x82, 0x40, 0x01, 0x00, 0x05, 0x00,
  0x93, 0x03, 0x56, 0x93, 0x01, 0x00, 0x00, 0x00, 0x00, 0x00, 0x00, 0x00,
  0x00, 0x22, 0x3f, 0x01, 0x00, 0xf0, 0x3f, 0x01, 0x00, 0x02, 0x00, 0x30,
  0x9f, 0xf0, 0x3f, 0x01, 0x00, 0xfb, 0x3f, 0x01, 0x00, 0x01, 0x00, 0x5d,
  0x02, 0x40, 0x01, 0x00, 0x0e, 0x40, 0x01, 0x00, 0x01, 0x00, 0x5d, 0x0e,
  0x40, 0x01, 0x00, 0x12, 0x40, 0x01, 0x00, 0x02, 0x00, 0x30, 0x9f, 0x30,
  0x40, 0x01, 0x00, 0x3c, 0x40, 0x01, 0x00, 0x01, 0x00, 0x5f, 0x58, 0x40,
  0x01, 0x00, 0x82, 0x40, 0x01, 0x00, 0x01, 0x00, 0x5a, 0x00, 0x00, 0x00,
  0x00, 0x00, 0x00, 0x00, 0x00, 0x22, 0x3f, 0x01, 0x00, 0xbc, 0x3f, 0x01,
  0x00, 0x02, 0x00, 0x30, 0x9f, 0xbc, 0x3f, 0x01, 0x00, 0xd2, 0x3f, 0x01,
  0x00, 0x01, 0x00, 0x54, 0xd2, 0x3f, 0x01, 0x00, 0xd4, 0x3f, 0x01, 0x00,
  0x02, 0x00, 0x30, 0x9f, 0xd4, 0x3f, 0x01, 0x00, 0xda, 0x3f, 0x01, 0x00,
  0x01, 0x00, 0x54, 0xf0, 0x3f, 0x01, 0x00, 0x0e, 0x40, 0x01, 0x00, 0x01,
  0x00, 0x54, 0x0e, 0x40, 0x01, 0x00, 0x12, 0x40, 0x01, 0x00, 0x02, 0x00,
  0x30, 0x9f, 0x1a, 0x40, 0x01, 0x00, 0x24, 0x40, 0x01, 0x00, 0x01, 0x00,
  0x54, 0x30, 0x40, 0x01, 0x00, 0x82, 0x40, 0x01, 0x00, 0x01, 0x00, 0x54,
  0x00, 0x00, 0x00, 0x00, 0x00, 0x00, 0x00, 0x00, 0x24, 0x3f, 0x01, 0x00,
  0x7a, 0x3f, 0x01, 0x00, 0x01, 0x00, 0x5f, 0x7a, 0x3f, 0x01, 0x00, 0x44,
  0x40, 0x01, 0x00, 0x01, 0x00, 0x58, 0x4a, 0x40, 0x01, 0x00, 0x58, 0x40,
  0x01, 0x00, 0x01, 0x00, 0x58, 0x00, 0x00, 0x00, 0x00, 0x00, 0x00, 0x00,
  0x00, 0x26, 0x3f, 0x01, 0x00, 0x34, 0x3f, 0x01, 0x00, 0x08, 0x00, 0x93,
  0x02, 0x5c, 0x93, 0x01, 0x56, 0x93, 0x01, 0x82, 0x3f, 0x01, 0x00, 0x0e,
  0x40, 0x01, 0x00, 0x08, 0x00, 0x93, 0x02, 0x91, 0x14, 0x93, 0x01, 0x93,
  0x01, 0x0e, 0x40, 0x01, 0x00, 0x12, 0x40, 0x01, 0x00, 0x07, 0x00, 0x93,
  0x02, 0x5c, 0x93, 0x01, 0x93, 0x01, 0x12, 0x40, 0x01, 0x00, 0x42, 0x40,
  0x01, 0x00, 0x08, 0x00, 0x93, 0x02, 0x91, 0x14, 0x93, 0x01, 0x93, 0x01,
  0x42, 0x40, 0x01, 0x00, 0x82, 0x40, 0x01, 0x00, 0x09, 0x00, 0x93, 0x02,
  0x91, 0x14, 0x93, 0x01, 0x56, 0x93, 0x01, 0x00, 0x00, 0x00, 0x00, 0x00,
  0x00, 0x00, 0x00, 0x24, 0x3f, 0x01, 0x00, 0x7e, 0x40, 0x01, 0x00, 0x01,
  0x00, 0x51, 0x7e, 0x40, 0x01, 0x00, 0x82, 0x40, 0x01, 0x00, 0x03, 0x00,
  0x91, 0x66, 0x9f, 0x00, 0x00, 0x00, 0x00, 0x00, 0x00, 0x00, 0x00, 0x26,
  0x3f, 0x01, 0x00, 0x32, 0x3f, 0x01, 0x00, 0x01, 0x00, 0x51, 0x32, 0x3f,
  0x01, 0x00, 0x48, 0x3f, 0x01, 0x00, 0x03, 0x00, 0x91, 0x67, 0x9f, 0x48,
  0x3f, 0x01, 0x00, 0x4e, 0x3f, 0x01, 0x00, 0x03, 0x00, 0x91, 0x68, 0x9f,
  0x4e, 0x3f, 0x01, 0x00, 0x5a, 0x3f, 0x01, 0x00, 0x01, 0x00, 0x51, 0x5a,
  0x3f, 0x01, 0x00, 0x5c, 0x3f, 0x01, 0x00, 0x03, 0x00, 0x91, 0x67, 0x9f,
  0x5c, 0x3f, 0x01, 0x00, 0x64, 0x3f, 0x01, 0x00, 0x01, 0x00, 0x51, 0x64,
  0x3f, 0x01, 0x00, 0x6a, 0x3f, 0x01, 0x00, 0x03, 0x00, 0x91, 0x67, 0x9f,
  0x6a, 0x3f, 0x01, 0x00, 0x6c, 0x3f, 0x01, 0x00, 0x01, 0x00, 0x51, 0x6c,
  0x3f, 0x01, 0x00, 0x6e, 0x3f, 0x01, 0x00, 0x01, 0x00, 0x5a, 0x00, 0x00,
  0x00, 0x00, 0x00, 0x00, 0x00, 0x00, 0x80, 0x3f, 0x01, 0x00, 0xf0, 0x3f,
  0x01, 0x00, 0x03, 0x00, 0x08, 0x20, 0x9f, 0xf0, 0x3f, 0x01, 0x00, 0x0e,
  0x40, 0x01, 0x00, 0x02, 0x00, 0x91, 0x68, 0x00, 0x00, 0x00, 0x00, 0x00,
  0x00, 0x00, 0x00, 0x8e, 0x3f, 0x01, 0x00, 0xbc, 0x3f, 0x01, 0x00, 0x01,
  0x00, 0x5c, 0xd2, 0x3f, 0x01, 0x00, 0xd4, 0x3f, 0x01, 0x00, 0x01, 0x00,
  0x5c, 0x00, 0x00, 0x00, 0x00, 0x00, 0x00, 0x00, 0x00, 0x82, 0x40, 0x01,
  0x00, 0x84, 0x40, 0x01, 0x00, 0x02, 0x00, 0x71, 0x02, 0x84, 0x40, 0x01,
  0x00, 0x88, 0x40, 0x01, 0x00, 0x02, 0x00, 0x71, 0x12, 0x88, 0x40, 0x01,
  0x00, 0xda, 0x42, 0x01, 0x00, 0x03, 0x00, 0x71, 0xd4, 0x00, 0xda, 0x42,
  0x01, 0x00, 0xe8, 0x42, 0x01, 0x00, 0x03, 0x00, 0x71, 0xd8, 0x00, 0xe8,
  0x42, 0x01, 0x00, 0x06, 0x45, 0x01, 0x00, 0x03, 0x00, 0x71, 0xd4, 0x00,
  0x06, 0x45, 0x01, 0x00, 0x16, 0x45, 0x01, 0x00, 0x03, 0x00, 0x71, 0xdc,
  0x00, 0x16, 0x45, 0x01, 0x00, 0x54, 0x45, 0x01, 0x00, 0x03, 0x00, 0x71,
  0xd4, 0x00, 0x54, 0x45, 0x01, 0x00, 0x64, 0x45, 0x01, 0x00, 0x03, 0x00,
  0x71, 0xdc, 0x00, 0x64, 0x45, 0x01, 0x00, 0x52, 0x47, 0x01, 0x00, 0x03,
  0x00, 0x71, 0xd4, 0x00, 0x52, 0x47, 0x01, 0x00, 0x64, 0x47, 0x01, 0x00,
  0x03, 0x00, 0x71, 0xd8, 0x00, 0x64, 0x47, 0x01, 0x00, 0xc4, 0x47, 0x01,
  0x00, 0x03, 0x00, 0x71, 0xd4, 0x00, 0x00, 0x00, 0x00, 0x00, 0x00, 0x00,
  0x00, 0x00, 0x82, 0x40, 0x01, 0x00, 0xbc, 0x40, 0x01, 0x00, 0x01, 0x00,
  0x5f, 0xbc, 0x40, 0x01, 0x00, 0xc4, 0x47, 0x01, 0x00, 0x02, 0x00, 0x91,
  0x68, 0x00, 0x00, 0x00, 0x00, 0x00, 0x00, 0x00, 0x00, 0x82, 0x40, 0x01,
  0x00, 0xbc, 0x40, 0x01, 0x00, 0x01, 0x00, 0x5e, 0xbc, 0x40, 0x01, 0x00,
  0x76, 0x44, 0x01, 0x00, 0x01, 0x00, 0x58, 0x76, 0x44, 0x01, 0x00, 0x84,
  0x44, 0x01, 0x00, 0x02, 0x00, 0x91, 0x66, 0x84, 0x44, 0x01, 0x00, 0x90,
  0x44, 0x01, 0x00, 0x01, 0x00, 0x58, 0x90, 0x44, 0x01, 0x00, 0xae, 0x44,
  0x01, 0x00, 0x02, 0x00, 0x91, 0x66, 0xae, 0x44, 0x01, 0x00, 0xba, 0x44,
  0x01, 0x00, 0x01, 0x00, 0x58, 0xba, 0x44, 0x01, 0x00, 0x6a, 0x47, 0x01,
  0x00, 0x02, 0x00, 0x91, 0x66, 0x6a, 0x47, 0x01, 0x00, 0x84, 0x47, 0x01,
  0x00, 0x01, 0x00, 0x58, 0x84, 0x47, 0x01, 0x00, 0x88, 0x47, 0x01, 0x00,
  0x02, 0x00, 0x91, 0x66, 0x88, 0x47, 0x01, 0x00, 0xa0, 0x47, 0x01, 0x00,
  0x01, 0x00, 0x58, 0xa0, 0x47, 0x01, 0x00, 0xa4, 0x47, 0x01, 0x00, 0x02,
  0x00, 0x91, 0x66, 0xa4, 0x47, 0x01, 0x00, 0xb0, 0x47, 0x01, 0x00, 0x01,
  0x00, 0x5e, 0xb0, 0x47, 0x01, 0x00, 0xc4, 0x47, 0x01, 0x00, 0x01, 0x00,
  0x58, 0x00, 0x00, 0x00, 0x00, 0x00, 0x00, 0x00, 0x00, 0x82, 0x40, 0x01,
  0x00, 0xaa, 0x40, 0x01, 0x00, 0x01, 0x00, 0x5d, 0xaa, 0x40, 0x01, 0x00,
  0xea, 0x40, 0x01, 0x00, 0x01, 0x00, 0x5b, 0xea, 0x40, 0x01, 0x00, 0xec,
  0x40, 0x01, 0x00, 0x01, 0x00, 0x5a, 0xec, 0x40, 0x01, 0x00, 0x2a, 0x42,
  0x01, 0x00, 0x01, 0x00, 0x5b, 0x2a, 0x42, 0x01, 0x00, 0x4c, 0x42, 0x01,
  0x00, 0x01, 0x00, 0x5f, 0x4c, 0x42, 0x01, 0x00, 0x90, 0x42, 0x01, 0x00,
  0x01, 0x00, 0x5b, 0x90, 0x42, 0x01, 0x00, 0xaa, 0x42, 0x01, 0x00, 0x01,
  0x00, 0x5a, 0xaa, 0x42, 0x01, 0x00, 0xae, 0x42, 0x01, 0x00, 0x01, 0x00,
  0x5b, 0xae, 0x42, 0x01, 0x00, 0xf2, 0x42, 0x01, 0x00, 0x01, 0x00, 0x5a,
  0xf2, 0x42, 0x01, 0x00, 0xf6, 0x42, 0x01, 0x00, 0x01, 0x00, 0x5b, 0xf6,
  0x42, 0x01, 0x00, 0x1e, 0x43, 0x01, 0x00, 0x01, 0x00, 0x5d, 0x1e, 0x43,
  0x01, 0x00, 0x3e, 0x43, 0x01, 0x00, 0x01, 0x00, 0x5b, 0x3e, 0x43, 0x01,
  0x00, 0x82, 0x43, 0x01, 0x00, 0x01, 0x00, 0x5c, 0x82, 0x43, 0x01, 0x00,
  0x8a, 0x43, 0x01, 0x00, 0x01, 0x00, 0x5b, 0x8a, 0x43, 0x01, 0x00, 0xb6,
  0x43, 0x01, 0x00, 0x01, 0x00, 0x5d, 0xb6, 0x43, 0x01, 0x00, 0xbe, 0x43,
  0x01, 0x00, 0x01, 0x00, 0x5b, 0xbe, 0x43, 0x01, 0x00, 0xde, 0x43, 0x01,
  0x00, 0x01, 0x00, 0x5e, 0xde, 0x43, 0x01, 0x00, 0xe0, 0x43, 0x01, 0x00,
  0x01, 0x00, 0x5b, 0xe0, 0x43, 0x01, 0x00, 0xfe, 0x43, 0x01, 0x00, 0x01,
  0x00, 0x5e, 0xfe, 0x43, 0x01, 0x00, 0x96, 0x47, 0x01, 0x00, 0x01, 0x00,
  0x5b, 0x96, 0x47, 0x01, 0x00, 0x9c, 0x47, 0x01, 0x00, 0x01, 0x00, 0x5f,
  0x9c, 0x47, 0x01, 0x00, 0xc4, 0x47, 0x01, 0x00, 0x01, 0x00, 0x5b, 0x00,
  0x00, 0x00, 0x00, 0x00, 0x00, 0x00, 0x00, 0x8e, 0x40, 0x01, 0x00, 0xbc,
  0x40, 0x01, 0x00, 0x02, 0x00, 0x30, 0x9f, 0xbc, 0x40, 0x01, 0x00, 0x6a,
  0x47, 0x01, 0x00, 0x02, 0x00, 0x91, 0x54, 0x6a, 0x47, 0x01, 0x00, 0x6c,
  0x47, 0x01, 0x00, 0x01, 0x00, 0x5f, 0x6c, 0x47, 0x01, 0x00, 0x72, 0x47,
  0x01, 0x00, 0x08, 0x00, 0x79, 0x00, 0x7a, 0x00, 0x22, 0x31, 0x1c, 0x9f,
  0x76, 0x47, 0x01, 0x00, 0x84, 0x47, 0x01, 0x00, 0x01, 0x00, 0x5f, 0x84,
  0x47, 0x01, 0x00, 0xc4, 0x47, 0x01, 0x00, 0x02, 0x00, 0x91, 0x54, 0x00,
  0x00, 0x00, 0x00, 0x00, 0x00, 0x00, 0x00, 0x8e, 0x40, 0x01, 0x00, 0xbc,
  0x40, 0x01, 0x00, 0x02, 0x00, 0x30, 0x9f, 0xbc, 0x40, 0x01, 0x00, 0xce,
  0x40, 0x01, 0x00, 0x01, 0x00, 0x5d, 0xce, 0x40, 0x01, 0x00, 0xea, 0x40,
  0x01, 0x00, 0x02, 0x00, 0x31, 0x9f, 0xea, 0x40, 0x01, 0x00, 0xf1, 0x40,
  0x01, 0x00, 0x01, 0x00, 0x5d, 0xf6, 0x40, 0x01, 0x00, 0xfa, 0x40, 0x01,
  0x00, 0x02, 0x00, 0x30, 0x9f, 0xfa, 0x40, 0x01, 0x00, 0xde, 0x42, 0x01,
  0x00, 0x01, 0x00, 0x5d, 0xec, 0x42, 0x01, 0x00, 0xf2, 0x42, 0x01, 0x00,
  0x02, 0x00, 0x30, 0x9f, 0xf2, 0x42, 0x01, 0x00, 0xf4, 0x42, 0x01, 0x00,
  0x01, 0x00, 0x5d, 0x1e, 0x43, 0x01, 0x00, 0x40, 0x43, 0x01, 0x00, 0x01,
  0x00, 0x5d, 0x82, 0x43, 0x01, 0x00, 0x88, 0x43, 0x01, 0x00, 0x01, 0x00,
  0x5d, 0xb6, 0x43, 0x01, 0x00, 0xfe, 0x43, 0x01, 0x00, 0x01, 0x00, 0x5d,
  0x68, 0x47, 0x01, 0x00, 0x6a, 0x47, 0x01, 0x00, 0x02, 0x00, 0x30, 0x9f,
  0x88, 0x47, 0x01, 0x00, 0x9c, 0x47, 0x01, 0x00, 0x01, 0x00, 0x5d, 0xa4,
  0x47, 0x01, 0x00, 0xc4, 0x47, 0x01, 0x00, 0x01, 0x00, 0x5d, 0x00, 0x00,
  0x00, 0x00, 0x00, 0x00, 0x00, 0x00, 0x8e, 0x40, 0x01, 0x00, 0xbc, 0x40,
  0x01, 0x00, 0x02, 0x00, 0x30, 0x9f, 0xbc, 0x40, 0x01, 0x00, 0xc6, 0x40,
  0x01, 0x00, 0x01, 0x00, 0x54, 0xc6, 0x40, 0x01, 0x00, 0xea, 0x40, 0x01,
  0x00, 0x02, 0x00, 0x30, 0x9f, 0xea, 0x40, 0x01, 0x00, 0x32, 0x42, 0x01,
  0x00, 0x01, 0x00, 0x54, 0x32, 0x42, 0x01, 0x00, 0x34, 0x42, 0x01, 0x00,
  0x01, 0x00, 0x5e, 0x34, 0x42, 0x01, 0x00, 0x46, 0x42, 0x01, 0x00, 0x01,
  0x00, 0x54, 0x4a, 0x42, 0x01, 0x00, 0x7a, 0x42, 0x01, 0x00, 0x01, 0x00,
  0x54, 0x7a, 0x42, 0x01, 0x00, 0x80, 0x42, 0x01, 0x00, 0x05, 0x00, 0x74,
  0x00, 0x3a, 0x1e, 0x9f, 0x8a, 0x42, 0x01, 0x00, 0x9c, 0x47, 0x01, 0x00,
  0x01, 0x00, 0x54, 0xa4, 0x47, 0x01, 0x00, 0xc4, 0x47, 0x01, 0x00, 0x01,
  0x00, 0x54, 0x00, 0x00, 0x00, 0x00, 0x00, 0x00, 0x00, 0x00, 0x8e, 0x40,
  0x01, 0x00, 0xbc, 0x40, 0x01, 0x00, 0x02, 0x00, 0x30, 0x9f, 0xbc, 0x40,
  0x01, 0x00, 0xc6, 0x40, 0x01, 0x00, 0x02, 0x00, 0x91, 0x5c, 0xc6, 0x40,
  0x01, 0x00, 0xea, 0x40, 0x01, 0x00, 0x02, 0x00, 0x30, 0x9f, 0xea, 0x40,
  0x01, 0x00, 0x9c, 0x47, 0x01, 0x00, 0x02, 0x00, 0x91, 0x5c, 0xa4, 0x47,
  0x01, 0x00, 0xc4, 0x47, 0x01, 0x00, 0x02, 0x00, 0x91, 0x5c, 0x00, 0x00,
  0x00, 0x00, 0x00, 0x00, 0x00, 0x00, 0x8e, 0x40, 0x01, 0x00, 0xbc, 0x40,
  0x01, 0x00, 0x01, 0x00, 0x5e, 0xbc, 0x40, 0x01, 0x00, 0xce, 0x40, 0x01,
  0x00, 0x02, 0x00, 0x91, 0x6c, 0xce, 0x40, 0x01, 0x00, 0xea, 0x40, 0x01,
  0x00, 0x01, 0x00, 0x5e, 0xea, 0x40, 0x01, 0x00, 0x6a, 0x47, 0x01, 0x00,
  0x02, 0x00, 0x91, 0x6c, 0x6a, 0x47, 0x01, 0x00, 0x6c, 0x47, 0x01, 0x00,
  0x01, 0x00, 0x59, 0x6c, 0x47, 0x01, 0x00, 0x6e, 0x47, 0x01, 0x00, 0x03,
  0x00, 0x79, 0x7f, 0x9f, 0x6e, 0x47, 0x01, 0x00, 0x72, 0x47, 0x01, 0x00,
  0x01, 0x00, 0x59, 0x76, 0x47, 0x01, 0x00, 0x84, 0x47, 0x01, 0x00, 0x01,
  0x00, 0x59, 0x84, 0x47, 0x01, 0x00, 0xc4, 0x47, 0x01, 0x00, 0x02, 0x00,
  0x91, 0x6c, 0x00, 0x00, 0x00, 0x00, 0x00, 0x00, 0x00, 0x00, 0x9e, 0x42,
  0x01, 0x00, 0xaa, 0x42, 0x01, 0x00, 0x01, 0x00, 0x51, 0xb0, 0x42, 0x01,
  0x00, 0xd2, 0x42, 0x01, 0x00, 0x01, 0x00, 0x5e, 0xba, 0x44, 0x01, 0x00,
  0xbe, 0x44, 0x01, 0x00, 0x03, 0x00, 0x91, 0x43, 0x9f, 0xbe, 0x44, 0x01,
  0x00, 0xda, 0x44, 0x01, 0x00, 0x03, 0x00, 0x91, 0x42, 0x9f, 0x26, 0x45,
  0x01, 0x00, 0x28, 0x45, 0x01, 0x00, 0x01, 0x00, 0x58, 0x42, 0x45, 0x01,
  0x00, 0x70, 0x45, 0x01, 0x00, 0x01, 0x00, 0x58, 0x70, 0x45, 0x01, 0x00,
  0x92, 0x45, 0x01, 0x00, 0x01, 0x00, 0x59, 0x92, 0x45, 0x01, 0x00, 0xa4,
  0x45, 0x01, 0x00, 0x03, 0x00, 0x91, 0x42, 0x9f, 0xca, 0x45, 0x01, 0x00,
  0xcc, 0x45, 0x01, 0x00, 0x01, 0x00, 0x57, 0xe6, 0x45, 0x01, 0x00, 0xf8,
  0x45, 0x01, 0x00, 0x01, 0x00, 0x57, 0xf8, 0x45, 0x01, 0x00, 0x0a, 0x46,
  0x01, 0x00, 0x01, 0x00, 0x59, 0x0a, 0x46, 0x01, 0x00, 0x2c, 0x46, 0x01,
  0x00, 0x03, 0x00, 0x91, 0x42, 0x9f, 0x74, 0x46, 0x01, 0x00, 0x76, 0x46,
  0x01, 0x00, 0x01, 0x00, 0x57, 0x90, 0x46, 0x01, 0x00, 0xb8, 0x46, 0x01,
  0x00, 0x01, 0x00, 0x57, 0xb8, 0x46, 0x01, 0x00, 0xc4, 0x46, 0x01, 0x00,
  0x01, 0x00, 0x59, 0xc4, 0x46, 0x01, 0x00, 0xce, 0x46, 0x01, 0x00, 0x03,
  0x00, 0x91, 0x42, 0x9f, 0xe6, 0x46, 0x01, 0x00, 0xe8, 0x46, 0x01, 0x00,
  0x01, 0x00, 0x58, 0x02, 0x47, 0x01, 0x00, 0x0e, 0x47, 0x01, 0x00, 0x01,
  0x00, 0x58, 0x0e, 0x47, 0x01, 0x00, 0x6a, 0x47, 0x01, 0x00, 0x01, 0x00,
  0x59, 0x00, 0x00, 0x00, 0x00, 0x00, 0x00, 0x00, 0x00, 0xbc, 0x40, 0x01,
  0x00, 0xee, 0x40, 0x01, 0x00, 0x01, 0x00, 0x5f, 0xfa, 0x40, 0x01, 0x00,
  0xd8, 0x41, 0x01, 0x00, 0x01, 0x00, 0x5f, 0xd8, 0x41, 0x01, 0x00, 0xea,
  0x41, 0x01, 0x00, 0x04, 0x00, 0x91, 0x66, 0x94, 0x02, 0xea, 0x41, 0x01,
  0x00, 0x28, 0x42, 0x01, 0x00, 0x01, 0x00, 0x5f, 0x28, 0x42, 0x01, 0x00,
  0x2c, 0x42, 0x01, 0x00, 0x02, 0x00, 0x7e, 0x00, 0x2c, 0x42, 0x01, 0x00,
  0x54, 0x42, 0x01, 0x00, 0x04, 0x00, 0x91, 0x66, 0x94, 0x02, 0x54, 0x42,
  0x01, 0x00, 0x62, 0x42, 0x01, 0x00, 0x01, 0x00, 0x5f, 0x62, 0x42, 0x01,
  0x00, 0x6e, 0x42, 0x01, 0x00, 0x02, 0x00, 0x7e, 0x00, 0x6e, 0x42, 0x01,
  0x00, 0x7a, 0x42, 0x01, 0x00, 0x04, 0x00, 0x91, 0x66, 0x94, 0x02, 0x7a,
  0x42, 0x01, 0x00, 0x88, 0x42, 0x01, 0x00, 0x01, 0x00, 0x5f, 0x88, 0x42,
  0x01, 0x00, 0x8c, 0x42, 0x01, 0x00, 0x04, 0x00, 0x91, 0x66, 0x94, 0x02,
  0x8c, 0x42, 0x01, 0x00, 0xe2, 0x42, 0x01, 0x00, 0x01, 0x00, 0x5f, 0xf2,
  0x42, 0x01, 0x00, 0xfe, 0x42, 0x01, 0x00, 0x01, 0x00, 0x5f, 0xfe, 0x42,
  0x01, 0x00, 0x1e, 0x43, 0x01, 0x00, 0x04, 0x00, 0x91, 0x66, 0x94, 0x02,
  0x1e, 0x43, 0x01, 0x00, 0x36, 0x43, 0x01, 0x00, 0x01, 0x00, 0x5f, 0x36,
  0x43, 0x01, 0x00, 0x44, 0x43, 0x01, 0x00, 0x02, 0x00, 0x7e, 0x00, 0x44,
  0x43, 0x01, 0x00, 0x82, 0x43, 0x01, 0x00, 0x04, 0x00, 0x91, 0x66, 0x94,
  0x02, 0x82, 0x43, 0x01, 0x00, 0x8c, 0x43, 0x01, 0x00, 0x02, 0x00, 0x7e,
  0x00, 0x8c, 0x43, 0x01, 0x00, 0xb6, 0x43, 0x01, 0x00, 0x04, 0x00, 0x91,
  0x66, 0x94, 0x02, 0xb6, 0x43, 0x01, 0x00, 0xba, 0x43, 0x01, 0x00, 0x02,
  0x00, 0x7e, 0x00, 0xba, 0x43, 0x01, 0x00, 0xda, 0x44, 0x01, 0x00, 0x04,
  0x00, 0x91, 0x66, 0x94, 0x02, 0x92, 0x45, 0x01, 0x00, 0xa4, 0x45, 0x01,
  0x00, 0x04, 0x00, 0x91, 0x66, 0x94, 0x02, 0x0a, 0x46, 0x01, 0x00, 0x2c,
  0x46, 0x01, 0x00, 0x04, 0x00, 0x91, 0x66, 0x94, 0x02, 0xc4, 0x46, 0x01,
  0x00, 0xce, 0x46, 0x01, 0x00, 0x04, 0x00, 0x91, 0x66, 0x94, 0x02, 0x88,
  0x47, 0x01, 0x00, 0x96, 0x47, 0x01, 0x00, 0x01, 0x00, 0x5f, 0x96, 0x47,
  0x01, 0x00, 0xa0, 0x47, 0x01, 0x00, 0x04, 0x00, 0x91, 0x66, 0x94, 0x02,
  0xb0, 0x47, 0x01, 0x00, 0xbc, 0x47, 0x01, 0x00, 0x01, 0x00, 0x5f, 0xbc,
  0x47, 0x01, 0x00, 0xc4, 0x47, 0x01, 0x00, 0x02, 0x00, 0x7e, 0x00, 0x00,
  0x00, 0x00, 0x00, 0x00, 0x00, 0x00, 0x00, 0xfc, 0x42, 0x01, 0x00, 0x1e,
  0x43, 0x01, 0x00, 0x02, 0x00, 0x40, 0x9f, 0x32, 0x43, 0x01, 0x00, 0x32,
  0x46, 0x01, 0x00, 0x01, 0x00, 0x5a, 0x32, 0x46, 0x01, 0x00, 0x38, 0x46,
  0x01, 0x00, 0x01, 0x00, 0x58, 0x38, 0x46, 0x01, 0x00, 0x6a, 0x47, 0x01,
  0x00, 0x01, 0x00, 0x5a, 0x00, 0x00, 0x00, 0x00, 0x00, 0x00, 0x00, 0x00,
  0x8e, 0x40, 0x01, 0x00, 0xbc, 0x40, 0x01, 0x00, 0x02, 0x00, 0x30, 0x9f,
  0xbc, 0x40, 0x01, 0x00, 0xce, 0x40, 0x01, 0x00, 0x02, 0x00, 0x91, 0x53,
  0xce, 0x40, 0x01, 0x00, 0xea, 0x40, 0x01, 0x00, 0x02, 0x00, 0x30, 0x9f,
  0xea, 0x40, 0x01, 0x00, 0x4c, 0x42, 0x01, 0x00, 0x02, 0x00, 0x91, 0x53,
  0x54, 0x42, 0x01, 0x00, 0x8a, 0x42, 0x01, 0x00, 0x02, 0x00, 0x91, 0x53,
  0x8a, 0x42, 0x01, 0x00, 0x8c, 0x42, 0x01, 0x00, 0x02, 0x00, 0x31, 0x9f,
  0x8c, 0x42, 0x01, 0x00, 0x9c, 0x47, 0x01, 0x00, 0x02, 0x00, 0x91, 0x53,
  0xa4, 0x47, 0x01, 0x00, 0xc4, 0x47, 0x01, 0x00, 0x02, 0x00, 0x91, 0x53,
  0x00, 0x00, 0x00, 0x00, 0x00, 0x00, 0x00, 0x00, 0x8e, 0x40, 0x01, 0x00,
  0xbc, 0x40, 0x01, 0x00, 0x02, 0x00, 0x30, 0x9f, 0xbc, 0x40, 0x01, 0x00,
  0xce, 0x40, 0x01, 0x00, 0x02, 0x00, 0x91, 0x56, 0xce, 0x40, 0x01, 0x00,
  0xea, 0x40, 0x01, 0x00, 0x02, 0x00, 0x30, 0x9f, 0xea, 0x40, 0x01, 0x00,
  0x9c, 0x47, 0x01, 0x00, 0x02, 0x00, 0x91, 0x56, 0xa4, 0x47, 0x01, 0x00,
  0xc4, 0x47, 0x01, 0x00, 0x02, 0x00, 0x91, 0x56, 0x00, 0x00, 0x00, 0x00,
  0x00, 0x00, 0x00, 0x00, 0x8e, 0x40, 0x01, 0x00, 0xbc, 0x40, 0x01, 0x00,
  0x02, 0x00, 0x30, 0x9f, 0xbc, 0x40, 0x01, 0x00, 0xce, 0x40, 0x01, 0x00,
  0x02, 0x00, 0x91, 0x52, 0xce, 0x40, 0x01, 0x00, 0xea, 0x40, 0x01, 0x00,
  0x02, 0x00, 0x30, 0x9f, 0xea, 0x40, 0x01, 0x00, 0x9c, 0x47, 0x01, 0x00,
  0x02, 0x00, 0x91, 0x52, 0xa4, 0x47, 0x01, 0x00, 0xc4, 0x47, 0x01, 0x00,
  0x02, 0x00, 0x91, 0x52, 0x00, 0x00, 0x00, 0x00, 0x00, 0x00, 0x00, 0x00,
  0x8e, 0x40, 0x01, 0x00, 0xbc, 0x40, 0x01, 0x00, 0x02, 0x00, 0x30, 0x9f,
  0xbc, 0x40, 0x01, 0x00, 0xce, 0x40, 0x01, 0x00, 0x02, 0x00, 0x91, 0x57,
  0xce, 0x40, 0x01, 0x00, 0xea, 0x40, 0x01, 0x00, 0x02, 0x00, 0x30, 0x9f,
  0xea, 0x40, 0x01, 0x00, 0x9c, 0x47, 0x01, 0x00, 0x02, 0x00, 0x91, 0x57,
  0xa4, 0x47, 0x01, 0x00, 0xc4, 0x47, 0x01, 0x00, 0x02, 0x00, 0x91, 0x57,
  0x00, 0x00, 0x00, 0x00, 0x00, 0x00, 0x00, 0x00, 0x2e, 0x47, 0x01, 0x00,
  0x40, 0x47, 0x01, 0x00, 0x01, 0x00, 0x5f, 0x00, 0x00, 0x00, 0x00, 0x00,
  0x00, 0x00, 0x00, 0x2c, 0x42, 0x01, 0x00, 0x4c, 0x42, 0x01, 0x00, 0x01,
  0x00, 0x5e, 0x96, 0x47, 0x01, 0x00, 0x9c, 0x47, 0x01, 0x00, 0x01, 0x00,
  0x5e, 0x00, 0x00, 0x00, 0x00, 0x00, 0x00, 0x00, 0x00, 0x16, 0x45, 0x01,
  0x00, 0x22, 0x45, 0x01, 0x00, 0x01, 0x00, 0x5c, 0x28, 0x45, 0x01, 0x00,
  0x2a, 0x45, 0x01, 0x00, 0x01, 0x00, 0x5c, 0x00, 0x00, 0x00, 0x00, 0x00,
  0x00, 0x00, 0x00, 0xba, 0x45, 0x01, 0x00, 0xc6, 0x45, 0x01, 0x00, 0x01,
  0x00, 0x5e, 0xcc, 0x45, 0x01, 0x00, 0xce, 0x45, 0x01, 0x00, 0x01, 0x00,
  0x5e, 0x00, 0x00, 0x00, 0x00, 0x00, 0x00, 0x00, 0x00, 0x64, 0x46, 0x01,
  0x00, 0x70, 0x46, 0x01, 0x00, 0x01, 0x00, 0x5f, 0x70, 0x46, 0x01, 0x00,
  0x76, 0x46, 0x01, 0x00, 0x02, 0x00, 0x91, 0x58, 0x76, 0x46, 0x01, 0x00,
  0x78, 0x46, 0x01, 0x00, 0x01, 0x00, 0x5f, 0x78, 0x46, 0x01, 0x00, 0xc4,
  0x46, 0x01, 0x00, 0x02, 0x00, 0x91, 0x58, 0x00, 0x00, 0x00, 0x00, 0x00,
  0x00, 0x00, 0x00, 0xd6, 0x46, 0x01, 0x00, 0xe2, 0x46, 0x01, 0x00, 0x01,
  0x00, 0x5f, 0xe8, 0x46, 0x01, 0x00, 0xea, 0x46, 0x01, 0x00, 0x01, 0x00,
  0x5f, 0x00, 0x00, 0x00, 0x00, 0x00, 0x00, 0x00, 0x00, 0xc4, 0x47, 0x01,
  0x00, 0xc6, 0x47, 0x01, 0x00, 0x02, 0x00, 0x71, 0x02, 0xc6, 0x47, 0x01,
  0x00, 0xf0, 0x47, 0x01, 0x00, 0x02, 0x00, 0x71, 0x06, 0x00, 0x00, 0x00,
  0x00, 0x00, 0x00, 0x00, 0x00, 0xc4, 0x47, 0x01, 0x00, 0xc8, 0x47, 0x01,
  0x00, 0x01, 0x00, 0x5f, 0xc8, 0x47, 0x01, 0x00, 0xee, 0x47, 0x01, 0x00,
  0x01, 0x00, 0x5b, 0x00, 0x00, 0x00, 0x00, 0x00, 0x00, 0x00, 0x00, 0x00,
  0x00, 0x00, 0x00, 0x00, 0x00, 0x00, 0x00, 0x02, 0x00, 0x71, 0x02, 0x00,
  0x00, 0x00, 0x00, 0x00, 0x00, 0x00, 0x00, 0x02, 0x00, 0x71, 0x06, 0x00,
  0x00, 0x00, 0x00, 0x00, 0x00, 0x00, 0x00, 0x00, 0x00, 0x00, 0x00, 0x00,
  0x00, 0x00, 0x00, 0x01, 0x00, 0x5f, 0x00, 0x00, 0x00, 0x00, 0x00, 0x00,
  0x00, 0x00, 0x01, 0x00, 0x5b, 0x00, 0x00, 0x00, 0x00, 0x00, 0x00, 0x00,
  0x00, 0x04, 0x00, 0xf3, 0x01, 0x5f, 0x9f, 0x00, 0x00, 0x00, 0x00, 0x00,
  0x00, 0x00, 0x00, 0x00, 0x00, 0x00, 0x00, 0x00, 0x00, 0x00, 0x00, 0x09,
  0x00, 0x7f, 0x00, 0x94, 0x02, 0x0a, 0xff, 0xff, 0x1a, 0x9f, 0x00, 0x00,
  0x00, 0x00, 0x00, 0x00, 0x00, 0x00, 0x07, 0x00, 0x7e, 0x00, 0x0a, 0xff,
  0xff, 0x1a, 0x9f, 0x00, 0x00, 0x00, 0x00, 0x00, 0x00, 0x00, 0x00, 0x20,
  0x48, 0x01, 0x00, 0x22, 0x48, 0x01, 0x00, 0x02, 0x00, 0x71, 0x02, 0x22,
  0x48, 0x01, 0x00, 0x4c, 0x48, 0x01, 0x00, 0x02, 0x00, 0x71, 0x06, 0x00,
  0x00, 0x00, 0x00, 0x00, 0x00, 0x00, 0x00, 0x20, 0x48, 0x01, 0x00, 0x3a,
  0x48, 0x01, 0x00, 0x01, 0x00, 0x5f, 0x3a, 0x48, 0x01, 0x00, 0x40, 0x48,
  0x01, 0x00, 0x04, 0x00, 0xf3, 0x01, 0x5f, 0x9f, 0x40, 0x48, 0x01, 0x00,
  0x48, 0x48, 0x01, 0x00, 0x01, 0x00, 0x5f, 0x48, 0x48, 0x01, 0x00, 0x4c,
  0x48, 0x01, 0x00, 0x04, 0x00, 0xf3, 0x01, 0x5f, 0x9f, 0x00, 0x00, 0x00,
  0x00, 0x00, 0x00, 0x00, 0x00, 0x20, 0x48, 0x01, 0x00, 0x28, 0x48, 0x01,
  0x00, 0x01, 0x00, 0x5d, 0x00, 0x00, 0x00, 0x00, 0x00, 0x00, 0x00, 0x00,
  0x4c, 0x48, 0x01, 0x00, 0x4e, 0x48, 0x01, 0x00, 0x02, 0x00, 0x71, 0x02,
  0x4e, 0x48, 0x01, 0x00, 0x34, 0x49, 0x01, 0x00, 0x02, 0x00, 0x71, 0x0a,
  0x00, 0x00, 0x00, 0x00, 0x00, 0x00, 0x00, 0x00, 0x4c, 0x48, 0x01, 0x00,
  0x98, 0x48, 0x01, 0x00, 0x01, 0x00, 0x5e, 0x98, 0x48, 0x01, 0x00, 0x9a,
  0x48, 0x01, 0x00, 0x04, 0x00, 0xf3, 0x01, 0x5e, 0x9f, 0x9a, 0x48, 0x01,
  0x00, 0x9c, 0x48, 0x01, 0x00, 0x01, 0x00, 0x5e, 0x9c, 0x48, 0x01, 0x00,
  0xc2, 0x48, 0x01, 0x00, 0x04, 0x00, 0xf3, 0x01, 0x5e, 0x9f, 0xc2, 0x48,
  0x01, 0x00, 0xc4, 0x48, 0x01, 0x00, 0x01, 0x00, 0x5e, 0xc4, 0x48, 0x01,
  0x00, 0x34, 0x49, 0x01, 0x00, 0x04, 0x00, 0xf3, 0x01, 0x5e, 0x9f, 0x00,
  0x00, 0x00, 0x00, 0x00, 0x00, 0x00, 0x00, 0x4c, 0x48, 0x01, 0x00, 0x7e,
  0x48, 0x01, 0x00, 0x01, 0x00, 0x5d, 0x7e, 0x48, 0x01, 0x00, 0xba, 0x48,
  0x01, 0x00, 0x01, 0x00, 0x5d, 0xc2, 0x48, 0x01, 0x00, 0x28, 0x49, 0x01,
  0x00, 0x01, 0x00, 0x5d, 0x00, 0x00, 0x00, 0x00, 0x00, 0x00, 0x00, 0x00,
  0x4e, 0x48, 0x01, 0x00, 0x80, 0x48, 0x01, 0x00, 0x01, 0x00, 0x5f, 0x9a,
  0x48, 0x01, 0x00, 0x9c, 0x48, 0x01, 0x00, 0x01, 0x00, 0x5f, 0x9c, 0x48,
  0x01, 0x00, 0xa8, 0x48, 0x01, 0x00, 0x01, 0x00, 0x5b, 0xa8, 0x48, 0x01,
  0x00, 0xb8, 0x48, 0x01, 0x00, 0x01, 0x00, 0x59, 0xb8, 0x48, 0x01, 0x00,
  0xc0, 0x48, 0x01, 0x00, 0x01, 0x00, 0x5b, 0xc0, 0x48, 0x01, 0x00, 0xc2,
  0x48, 0x01, 0x00, 0x03, 0x00, 0x7b, 0x01, 0x9f, 0xc2, 0x48, 0x01, 0x00,
  0xc8, 0x48, 0x01, 0x00, 0x01, 0x00, 0x5f, 0xc8, 0x48, 0x01, 0x00, 0xf4,
  0x48, 0x01, 0x00, 0x01, 0x00, 0x5c, 0x06, 0x49, 0x01, 0x00, 0x12, 0x49,
  0x01, 0x00, 0x01, 0x00, 0x5c, 0x12, 0x49, 0x01, 0x00, 0x26, 0x49, 0x01,
  0x00, 0x01, 0x00, 0x59, 0x26, 0x49, 0x01, 0x00, 0x2a, 0x49, 0x01, 0x00,
  0x01, 0x00, 0x5c, 0x2a, 0x49, 0x01, 0x00, 0x30, 0x49, 0x01, 0x00, 0x03,
  0x00, 0x7c, 0x7f, 0x9f, 0x00, 0x00, 0x00, 0x00, 0x00, 0x00, 0x00, 0x00,
  0x4e, 0x48, 0x01, 0x00, 0x80, 0x48, 0x01, 0x00, 0x01, 0x00, 0x5e, 0x9a,
  0x48, 0x01, 0x00, 0xa8, 0x48, 0x01, 0x00, 0x01, 0x00, 0x5e, 0xa8, 0x48,
  0x01, 0x00, 0xb8, 0x48, 0x01, 0x00, 0x01, 0x00, 0x58, 0xb8, 0x48, 0x01,
  0x00, 0xc0, 0x48, 0x01, 0x00, 0x01, 0x00, 0x5e, 0xc0, 0x48, 0x01, 0x00,
  0xc2, 0x48, 0x01, 0x00, 0x03, 0x00, 0x7e, 0x01, 0x9f, 0xc2, 0x48, 0x01,
  0x00, 0xf2, 0x48, 0x01, 0x00, 0x01, 0x00, 0x5e, 0xf2, 0x48, 0x01, 0x00,
  0xf4, 0x48, 0x01, 0x00, 0x08, 0x00, 0xf3, 0x01, 0x5e, 0xf3, 0x01, 0x5d,
  0x22, 0x9f, 0x06, 0x49, 0x01, 0x00, 0x12, 0x49, 0x01, 0x00, 0x01, 0x00,
  0x5e, 0x12, 0x49, 0x01, 0x00, 0x26, 0x49, 0x01, 0x00, 0x01, 0x00, 0x58,
  0x26, 0x49, 0x01, 0x00, 0x2a, 0x49, 0x01, 0x00, 0x01, 0x00, 0x5e, 0x2a,
  0x49, 0x01, 0x00, 0x30, 0x49, 0x01, 0x00, 0x03, 0x00, 0x7e, 0x7f, 0x9f,
  0x00, 0x00, 0x00, 0x00, 0x00, 0x00, 0x00, 0x00, 0x58, 0x48, 0x01, 0x00,
  0x74, 0x48, 0x01, 0x00, 0x01, 0x00, 0x5e, 0x74, 0x48, 0x01, 0x00, 0x76,
  0x48, 0x01, 0x00, 0x01, 0x00, 0x5b, 0x76, 0x48, 0x01, 0x00, 0x7c, 0x48,
  0x01, 0x00, 0x01, 0x00, 0x5e, 0x7c, 0x48, 0x01, 0x00, 0x80, 0x48, 0x01,
  0x00, 0x01, 0x00, 0x5b, 0x9a, 0x48, 0x01, 0x00, 0x9c, 0x48, 0x01, 0x00,
  0x01, 0x00, 0x5e, 0xa0, 0x48, 0x01, 0x00, 0xa8, 0x48, 0x01, 0x00, 0x01,
  0x00, 0x5c, 0xa8, 0x48, 0x01, 0x00, 0xb8, 0x48, 0x01, 0x00, 0x01, 0x00,
  0x5a, 0xb8, 0x48, 0x01, 0x00, 0xba, 0x48, 0x01, 0x00, 0x05, 0x00, 0x7d,
  0x00, 0x31, 0x1a, 0x9f, 0xba, 0x48, 0x01, 0x00, 0xbc, 0x48, 0x01, 0x00,
  0x01, 0x00, 0x5d, 0xbc, 0x48, 0x01, 0x00, 0xc0, 0x48, 0x01, 0x00, 0x02,
  0x00, 0x31, 0x9f, 0xc0, 0x48, 0x01, 0x00, 0xc2, 0x48, 0x01, 0x00, 0x02,
  0x00, 0x30, 0x9f, 0xc8, 0x48, 0x01, 0x00, 0xe2, 0x48, 0x01, 0x00, 0x01,
  0x00, 0x5e, 0xe2, 0x48, 0x01, 0x00, 0xe4, 0x48, 0x01, 0x00, 0x01, 0x00,
  0x5a, 0xe4, 0x48, 0x01, 0x00, 0xe6, 0x48, 0x01, 0x00, 0x01, 0x00, 0x5e,
  0xe6, 0x48, 0x01, 0x00, 0xee, 0x48, 0x01, 0x00, 0x01, 0x00, 0x5a, 0xee,
  0x48, 0x01, 0x00, 0xf0, 0x48, 0x01, 0x00, 0x04, 0x00, 0x7a, 0x00, 0x20,
  0x9f, 0xf0, 0x48, 0x01, 0x00, 0xf4, 0x48, 0x01, 0x00, 0x04, 0x00, 0x7a,
  0x00, 0x1f, 0x9f, 0x0a, 0x49, 0x01, 0x00, 0x12, 0x49, 0x01, 0x00, 0x01,
  0x00, 0x5a, 0x12, 0x49, 0x01, 0x00, 0x20, 0x49, 0x01, 0x00, 0x01, 0x00,
  0x5b, 0x26, 0x49, 0x01, 0x00, 0x28, 0x49, 0x01, 0x00, 0x05, 0x00, 0x7d,
  0x00, 0x31, 0x1a, 0x9f, 0x28, 0x49, 0x01, 0x00, 0x2a, 0x49, 0x01, 0x00,
  0x01, 0x00, 0x5d, 0x2a, 0x49, 0x01, 0x00, 0x30, 0x49, 0x01, 0x00, 0x02,
  0x00, 0x31, 0x9f, 0x00, 0x00, 0x00, 0x00, 0x00, 0x00, 0x00, 0x00, 0x34,
  0x49, 0x01, 0x00, 0x36, 0x49, 0x01, 0x00, 0x02, 0x00, 0x71, 0x02, 0x36,
  0x49, 0x01, 0x00, 0x1c, 0x4a, 0x01, 0x00, 0x02, 0x00, 0x71, 0x0a, 0x00,
  0x00, 0x00, 0x00, 0x00, 0x00, 0x00, 0x00, 0x34, 0x49, 0x01, 0x00, 0x80,
  0x49, 0x01, 0x00, 0x01, 0x00, 0x5e, 0x80, 0x49, 0x01, 0x00, 0x82, 0x49,
  0x01, 0x00, 0x04, 0x00, 0xf3, 0x01, 0x5e, 0x9f, 0x82, 0x49, 0x01, 0x00,
  0x84, 0x49, 0x01, 0x00, 0x01, 0x00, 0x5e, 0x84, 0x49, 0x01, 0x00, 0xaa,
  0x49, 0x01, 0x00, 0x04, 0x00, 0xf3, 0x01, 0x5e, 0x9f, 0xaa, 0x49, 0x01,
  0x00, 0xac, 0x49, 0x01, 0x00, 0x01, 0x00, 0x5e, 0xac, 0x49, 0x01, 0x00,
  0x1c, 0x4a, 0x01, 0x00, 0x04, 0x00, 0xf3, 0x01, 0x5e, 0x9f, 0x00, 0x00,
  0x00, 0x00, 0x00, 0x00, 0x00, 0x00, 0x34, 0x49, 0x01, 0x00, 0x66, 0x49,
  0x01, 0x00, 0x01, 0x00, 0x5d, 0x66, 0x49, 0x01, 0x00, 0xa2, 0x49, 0x01,
  0x00, 0x01, 0x00, 0x5d, 0xaa, 0x49, 0x01, 0x00, 0x10, 0x4a, 0x01, 0x00,
  0x01, 0x00, 0x5d, 0x00, 0x00, 0x00, 0x00, 0x00, 0x00, 0x00, 0x00, 0x36,
  0x49, 0x01, 0x00, 0x68, 0x49, 0x01, 0x00, 0x01, 0x00, 0x5f, 0x82, 0x49,
  0x01, 0x00, 0x84, 0x49, 0x01, 0x00, 0x01, 0x00, 0x5f, 0x84, 0x49, 0x01,
  0x00, 0x90, 0x49, 0x01, 0x00, 0x01, 0x00, 0x5b, 0x90, 0x49, 0x01, 0x00,
  0xa0, 0x49, 0x01, 0x00, 0x01, 0x00, 0x59, 0xa0, 0x49, 0x01, 0x00, 0xa8,
  0x49, 0x01, 0x00, 0x01, 0x00, 0x5b, 0xa8, 0x49, 0x01, 0x00, 0xaa, 0x49,
  0x01, 0x00, 0x03, 0x00, 0x7b, 0x01, 0x9f, 0xaa, 0x49, 0x01, 0x00, 0xb0,
  0x49, 0x01, 0x00, 0x01, 0x00, 0x5f, 0xb0, 0x49, 0x01, 0x00, 0xdc, 0x49,
  0x01, 0x00, 0x01, 0x00, 0x5c, 0xee, 0x49, 0x01, 0x00, 0xfa, 0x49, 0x01,
  0x00, 0x01, 0x00, 0x5c, 0xfa, 0x49, 0x01, 0x00, 0x0e, 0x4a, 0x01, 0x00,
  0x01, 0x00, 0x59, 0x0e, 0x4a, 0x01, 0x00, 0x12, 0x4a, 0x01, 0x00, 0x01,
  0x00, 0x5c, 0x12, 0x4a, 0x01, 0x00, 0x18, 0x4a, 0x01, 0x00, 0x03, 0x00,
  0x7c, 0x7f, 0x9f, 0x00, 0x00, 0x00, 0x00, 0x00, 0x00, 0x00, 0x00, 0x36,
  0x49, 0x01, 0x00, 0x68, 0x49, 0x01, 0x00, 0x01, 0x00, 0x5e, 0x82, 0x49,
  0x01, 0x00, 0x90, 0x49, 0x01, 0x00, 0x01, 0x00, 0x5e, 0x90, 0x49, 0x01,
  0x00, 0xa0, 0x49, 0x01, 0x00, 0x01, 0x00, 0x58, 0xa0, 0x49, 0x01, 0x00,
  0xa8, 0x49, 0x01, 0x00, 0x01, 0x00, 0x5e, 0xa8, 0x49, 0x01, 0x00, 0xaa,
  0x49, 0x01, 0x00, 0x03, 0x00, 0x7e, 0x01, 0x9f, 0xaa, 0x49, 0x01, 0x00,
  0xda, 0x49, 0x01, 0x00, 0x01, 0x00, 0x5e, 0xda, 0x49, 0x01, 0x00, 0xdc,
  0x49, 0x01, 0x00, 0x08, 0x00, 0xf3, 0x01, 0x5e, 0xf3, 0x01, 0x5d, 0x22,
  0x9f, 0xee, 0x49, 0x01, 0x00, 0xfa, 0x49, 0x01, 0x00, 0x01, 0x00, 0x5e,
  0xfa, 0x49, 0x01, 0x00, 0x0e, 0x4a, 0x01, 0x00, 0x01, 0x00, 0x58, 0x0e,
  0x4a, 0x01, 0x00, 0x12, 0x4a, 0x01, 0x00, 0x01, 0x00, 0x5e, 0x12, 0x4a,
  0x01, 0x00, 0x18, 0x4a, 0x01, 0x00, 0x03, 0x00, 0x7e, 0x7f, 0x9f, 0x00,
  0x00, 0x00, 0x00, 0x00, 0x00, 0x00, 0x00, 0x40, 0x49, 0x01, 0x00, 0x5c,
  0x49, 0x01, 0x00, 0x01, 0x00, 0x5e, 0x5c, 0x49, 0x01, 0x00, 0x5e, 0x49,
  0x01, 0x00, 0x01, 0x00, 0x5b, 0x5e, 0x49, 0x01, 0x00, 0x64, 0x49, 0x01,
  0x00, 0x01, 0x00, 0x5e, 0x64, 0x49, 0x01, 0x00, 0x68, 0x49, 0x01, 0x00,
  0x01, 0x00, 0x5b, 0x82, 0x49, 0x01, 0x00, 0x84, 0x49, 0x01, 0x00, 0x01,
  0x00, 0x5e, 0x88, 0x49, 0x01, 0x00, 0x90, 0x49, 0x01, 0x00, 0x01, 0x00,
  0x5c, 0x90, 0x49, 0x01, 0x00, 0xa0, 0x49, 0x01, 0x00, 0x01, 0x00, 0x5a,
  0xa0, 0x49, 0x01, 0x00, 0xa2, 0x49, 0x01, 0x00, 0x05, 0x00, 0x7d, 0x00,
  0x31, 0x1a, 0x9f, 0xa2, 0x49, 0x01, 0x00, 0xa4, 0x49, 0x01, 0x00, 0x01,
  0x00, 0x5d, 0xa4, 0x49, 0x01, 0x00, 0xa8, 0x49, 0x01, 0x00, 0x02, 0x00,
  0x31, 0x9f, 0xa8, 0x49, 0x01, 0x00, 0xaa, 0x49, 0x01, 0x00, 0x02, 0x00,
  0x30, 0x9f, 0xb0, 0x49, 0x01, 0x00, 0xca, 0x49, 0x01, 0x00, 0x01, 0x00,
  0x5e, 0xca, 0x49, 0x01, 0x00, 0xcc, 0x49, 0x01, 0x00, 0x01, 0x00, 0x5a,
  0xcc, 0x49, 0x01, 0x00, 0xce, 0x49, 0x01, 0x00, 0x01, 0x00, 0x5e, 0xce,
  0x49, 0x01, 0x00, 0xd6, 0x49, 0x01, 0x00, 0x01, 0x00, 0x5a, 0xd6, 0x49,
  0x01, 0x00, 0xd8, 0x49, 0x01, 0x00, 0x04, 0x00, 0x7a, 0x00, 0x20, 0x9f,
  0xd8, 0x49, 0x01, 0x00, 0xdc, 0x49, 0x01, 0x00, 0x04, 0x00, 0x7a, 0x00,
  0x1f, 0x9f, 0xf2, 0x49, 0x01, 0x00, 0xfa, 0x49, 0x01, 0x00, 0x01, 0x00,
  0x5a, 0xfa, 0x49, 0x01, 0x00, 0x08, 0x4a, 0x01, 0x00, 0x01, 0x00, 0x5b,
  0x0e, 0x4a, 0x01, 0x00, 0x10, 0x4a, 0x01, 0x00, 0x05, 0x00, 0x7d, 0x00,
  0x31, 0x1a, 0x9f, 0x10, 0x4a, 0x01, 0x00, 0x12, 0x4a, 0x01, 0x00, 0x01,
  0x00, 0x5d, 0x12, 0x4a, 0x01, 0x00, 0x18, 0x4a, 0x01, 0x00, 0x02, 0x00,
  0x31, 0x9f, 0x00, 0x00, 0x00, 0x00, 0x00, 0x00, 0x00, 0x00, 0x1c, 0x4a,
  0x01, 0x00, 0x1e, 0x4a, 0x01, 0x00, 0x02, 0x00, 0x71, 0x02, 0x1e, 0x4a,
  0x01, 0x00, 0x78, 0x4a, 0x01, 0x00, 0x02, 0x00, 0x71, 0x0a, 0x00, 0x00,
  0x00, 0x00, 0x00, 0x00, 0x00, 0x00, 0x1c, 0x4a, 0x01, 0x00, 0x26, 0x4a,
  0x01, 0x00, 0x01, 0x00, 0x5d, 0x26, 0x4a, 0x01, 0x00, 0x2a, 0x4a, 0x01,
  0x00, 0x04, 0x00, 0xf3, 0x01, 0x5d, 0x9f, 0x36, 0x4a, 0x01, 0x00, 0x6e,
  0x4a, 0x01, 0x00, 0x01, 0x00, 0x5d, 0x00, 0x00, 0x00, 0x00, 0x00, 0x00,
  0x00, 0x00, 0x44, 0x4a, 0x01, 0x00, 0x48, 0x4a, 0x01, 0x00, 0x05, 0x00,
  0x7f, 0x00, 0x31, 0x1a, 0x9f, 0x48, 0x4a, 0x01, 0x00, 0x52, 0x4a, 0x01,
  0x00, 0x02, 0x00, 0x31, 0x9f, 0x52, 0x4a, 0x01, 0x00, 0x54, 0x4a, 0x01,
  0x00, 0x02, 0x00, 0x30, 0x9f, 0x54, 0x4a, 0x01, 0x00, 0x56, 0x4a, 0x01,
  0x00, 0x05, 0x00, 0x7f, 0x00, 0x31, 0x1a, 0x9f, 0x5a, 0x4a, 0x01, 0x00,
  0x5e, 0x4a, 0x01, 0x00, 0x01, 0x00, 0x5c, 0x5e, 0x4a, 0x01, 0x00, 0x6c,
  0x4a, 0x01, 0x00, 0x01, 0x00, 0x59, 0x6c, 0x4a, 0x01, 0x00, 0x6e, 0x4a,
  0x01, 0x00, 0x05, 0x00, 0x7d, 0x00, 0x31, 0x1a, 0x9f, 0x6e, 0x4a, 0x01,
  0x00, 0x70, 0x4a, 0x01, 0x00, 0x01, 0x00, 0x5d, 0x70, 0x4a, 0x01, 0x00,
  0x74, 0x4a, 0x01, 0x00, 0x02, 0x00, 0x31, 0x9f, 0x00, 0x00, 0x00, 0x00,
  0x00, 0x00, 0x00, 0x00, 0x3c, 0x4a, 0x01, 0x00, 0x74, 0x4a, 0x01, 0x00,
  0x01, 0x00, 0x5b, 0x00, 0x00, 0x00, 0x00, 0x00, 0x00, 0x00, 0x00, 0x1e,
  0x4a, 0x01, 0x00, 0x2a, 0x4a, 0x01, 0x00, 0x01, 0x00, 0x5f, 0x2a, 0x4a,
  0x01, 0x00, 0x36, 0x4a, 0x01, 0x00, 0x01, 0x00, 0x5c, 0x36, 0x4a, 0x01,
  0x00, 0x52, 0x4a, 0x01, 0x00, 0x01, 0x00, 0x5f, 0x52, 0x4a, 0x01, 0x00,
  0x54, 0x4a, 0x01, 0x00, 0x01, 0x00, 0x5a, 0x54, 0x4a, 0x01, 0x00, 0x56,
  0x4a, 0x01, 0x00, 0x01, 0x00, 0x5f, 0x56, 0x4a, 0x01, 0x00, 0x5e, 0x4a,
  0x01, 0x00, 0x01, 0x00, 0x5a, 0x5e, 0x4a, 0x01, 0x00, 0x70, 0x4a, 0x01,
  0x00, 0x01, 0x00, 0x58, 0x70, 0x4a, 0x01, 0x00, 0x74, 0x4a, 0x01, 0x00,
  0x01, 0x00, 0x5c, 0x00, 0x00, 0x00, 0x00, 0x00, 0x00, 0x00, 0x00, 0x88,
  0x3e, 0x01, 0x00, 0x98, 0x3e, 0x01, 0x00, 0x01, 0x00, 0x00, 0x00, 0x01,
  0x00, 0x00, 0x00, 0x00, 0x00, 0x00, 0x00, 0x00, 0x00, 0x00, 0x00, 0x98,
  0x3e, 0x01, 0x00, 0xba, 0x3e, 0x01, 0x00, 0xba, 0x3e, 0x01, 0x00, 0xf0,
  0x3e, 0x01, 0x00, 0x01, 0x00, 0x00, 0x00, 0x01, 0x00, 0x00, 0x00, 0xf0,
  0x3e, 0x01, 0x00, 0x0c, 0x3f, 0x01, 0x00, 0x01, 0x00, 0x00, 0x00, 0x01,
  0x00, 0x00, 0x00, 0x01, 0x00, 0x00, 0x00, 0x01, 0x00, 0x00, 0x00, 0x00,
  0x00, 0x00, 0x00, 0x00, 0x00, 0x00, 0x00, 0xae, 0x40, 0x01, 0x00, 0xb8,
  0x40, 0x01, 0x00, 0x26, 0x47, 0x01, 0x00, 0x40, 0x47, 0x01, 0x00, 0x00,
  0x00, 0x00, 0x00, 0x00, 0x00, 0x00, 0x00, 0x26, 0x42, 0x01, 0x00, 0x54,
  0x42, 0x01, 0x00, 0x96, 0x47, 0x01, 0x00, 0xa0, 0x47, 0x01, 0x00, 0x00,
  0x00, 0x00, 0x00, 0x00, 0x00, 0x00, 0x00, 0x0c, 0x3f, 0x01, 0x00, 0x82,
  0x40, 0x01, 0x00, 0x82, 0x40, 0x01, 0x00, 0xc4, 0x47, 0x01, 0x00, 0x00,
  0x00, 0x00, 0x00, 0x00, 0x00, 0x00, 0x00, 0xc4, 0x47, 0x01, 0x00, 0xf0,
  0x47, 0x01, 0x00, 0x00, 0x00, 0x00, 0x00, 0x00, 0x00, 0x00, 0x00, 0x01,
  0x00, 0x00, 0x00, 0x01, 0x00, 0x00, 0x00, 0xf0, 0x47, 0x01, 0x00, 0x16,
  0x48, 0x01, 0x00, 0x16, 0x48, 0x01, 0x00, 0x20, 0x48, 0x01, 0x00, 0x00,
  0x00, 0x00, 0x00, 0x00, 0x00, 0x00, 0x00, 0x20, 0x48, 0x01, 0x00, 0x4c,
  0x48, 0x01, 0x00, 0x00, 0x00, 0x00, 0x00, 0x00, 0x00, 0x00, 0x00, 0x4c,
  0x48, 0x01, 0x00, 0x34, 0x49, 0x01, 0x00, 0x00, 0x00, 0x00, 0x00, 0x00,
  0x00, 0x00, 0x00, 0x34, 0x49, 0x01, 0x00, 0x1c, 0x4a, 0x01, 0x00, 0x00,
  0x00, 0x00, 0x00, 0x00, 0x00, 0x00, 0x00, 0x1c, 0x4a, 0x01, 0x00, 0x78,
  0x4a, 0x01, 0x00, 0x00, 0x00, 0x00, 0x00, 0x00, 0x00, 0x00, 0x00, 0x41,
  0x10, 0x00, 0x00, 0x00, 0x67, 0x6e, 0x75, 0x00, 0x01, 0x08, 0x00, 0x00,
  0x00, 0x04, 0x81, 0x14, 0x00, 0x2e, 0x73, 0x79, 0x6d, 0x74, 0x61, 0x62,
  0x00, 0x2e, 0x73, 0x74, 0x72, 0x74, 0x61, 0x62, 0x00, 0x2e, 0x73, 0x68,
  0x73, 0x74, 0x72, 0x74, 0x61, 0x62, 0x00, 0x2e, 0x66, 0x61, 0x72, 0x2e,
  0x74, 0x65, 0x78, 0x74, 0x00, 0x2e, 0x72, 0x6f, 0x64, 0x61, 0x74, 0x61,
  0x00, 0x2e, 0x64, 0x61, 0x74, 0x61, 0x00, 0x2e, 0x62, 0x73, 0x73, 0x00,
  0x2e, 0x6e, 0x6f, 0x69, 0x6e, 0x69, 0x74, 0x00, 0x2e, 0x76, 0x65, 0x63,
  0x74, 0x6f, 0x72, 0x73, 0x00, 0x2e, 0x63, 0x6f, 0x6d, 0x6d, 0x65, 0x6e,
  0x74, 0x00, 0x2e, 0x64, 0x65, 0x62, 0x75, 0x67, 0x5f, 0x61, 0x72, 0x61,
  0x6e, 0x67, 0x65, 0x73, 0x00, 0x2e, 0x64, 0x65, 0x62, 0x75, 0x67, 0x5f,
  0x69, 0x6e, 0x66, 0x6f, 0x00, 0x2e, 0x64, 0x65, 0x62, 0x75, 0x67, 0x5f,
  0x61, 0x62, 0x62, 0x72, 0x65, 0x76, 0x00, 0x2e, 0x64, 0x65, 0x62, 0x75,
  0x67, 0x5f, 0x6c, 0x69, 0x6e, 0x65, 0x00, 0x2e, 0x64, 0x65, 0x62, 0x75,
  0x67, 0x5f, 0x66, 0x72, 0x61, 0x6d, 0x65, 0x00, 0x2e, 0x64, 0x65, 0x62,
  0x75, 0x67, 0x5f, 0x73, 0x74, 0x72, 0x00, 0x2e, 0x64, 0x65, 0x62, 0x75,
  0x67, 0x5f, 0x6c, 0x6f, 0x63, 0x00, 0x2e, 0x64, 0x65, 0x62, 0x75, 0x67,
  0x5f, 0x72, 0x61, 0x6e, 0x67, 0x65, 0x73, 0x00, 0x2e, 0x67, 0x6e, 0x75,
  0x2e, 0x61, 0x74, 0x74, 0x72, 0x69, 0x62, 0x75, 0x74, 0x65, 0x73, 0x00,
  0x00, 0x00, 0x00, 0x00, 0x00, 0x00, 0x00, 0x00, 0x00, 0x00, 0x00, 0x00,
  0x00, 0x00, 0x00, 0x00, 0x00, 0x00, 0x00, 0x00, 0x00, 0x00, 0x00, 0x00,
  0x00, 0x00, 0x00, 0x00, 0x00, 0x00, 0x00, 0x00, 0x00, 0x00, 0x00, 0x00,
  0x00, 0x00, 0x00, 0x00, 0x1b, 0x00, 0x00, 0x00, 0x01, 0x00, 0x00, 0x00,
  0x06, 0x00, 0x00, 0x00, 0x00, 0x00, 0x01, 0x00, 0xf2, 0xcf, 0x00, 0x00,
  0x78, 0x4a, 0x00, 0x00, 0x00, 0x00, 0x00, 0x00, 0x00, 0x00, 0x00, 0x00,
  0x02, 0x00, 0x00, 0x00, 0x00, 0x00, 0x00, 0x00, 0x1f, 0x00, 0x00, 0x00,
  0x01, 0x00, 0x00, 0x00, 0x06, 0x00, 0x00, 0x00, 0x00, 0x31, 0x00, 0x00,
  0xf4, 0x00, 0x00, 0x00, 0x6e, 0x97, 0x00, 0x00, 0x00, 0x00, 0x00, 0x00,
  0x00, 0x00, 0x00, 0x00, 0x02, 0x00, 0x00, 0x00, 0x00, 0x00, 0x00, 0x00,
  0x25, 0x00, 0x00, 0x00, 0x01, 0x00, 0x00, 0x00, 0x02, 0x00, 0x00, 0x00,
  0x70, 0xc8, 0x00, 0x00, 0x64, 0x98, 0x00, 0x00, 0xfd, 0x35, 0x00, 0x00,
  0x00, 0x00, 0x00, 0x00, 0x00, 0x00, 0x00, 0x00, 0x04, 0x00, 0x00, 0x00,
  0x00, 0x00, 0x00, 0x00, 0x2d, 0x00, 0x00, 0x00, 0x01, 0x00, 0x00, 0x00,
  0x03, 0x00, 0x00, 0x00, 0x00, 0x11, 0x00, 0x00, 0x62, 0xce, 0x00, 0x00,
  0x50, 0x01, 0x00, 0x00, 0x00, 0x00, 0x00, 0x00, 0x00, 0x00, 0x00, 0x00,
  0x02, 0x00, 0x00, 0x00, 0x00, 0x00, 0x00, 0x00, 0x33, 0x00, 0x00, 0x00,
  0x08, 0x00, 0x00, 0x00, 0x03, 0x00, 0x00, 0x00, 0x50, 0x12, 0x00, 0x00,
  0xb2, 0xcf, 0x00, 0x00, 0x48, 0x16, 0x00, 0x00, 0x00, 0x00, 0x00, 0x00,
  0x00, 0x00, 0x00, 0x00, 0x02, 0x00, 0x00, 0x00, 0x00, 0x00, 0x00, 0x00,
  0x38, 0x00, 0x00, 0x00, 0x08, 0x00, 0x00, 0x00, 0x03, 0x00, 0x00, 0x00,
  0x98, 0x28, 0x00, 0x00, 0xb2, 0xcf, 0x00, 0x00, 0x02, 0x00, 0x00, 0x00,
  0x00, 0x00, 0x00, 0x00, 0x00, 0x00, 0x00, 0x00, 0x02, 0x00, 0x00, 0x00,
  0x00, 0x00, 0x00, 0x00, 0x40, 0x00, 0x00, 0x00, 0x01, 0x00, 0x00, 0x00,
  0x06, 0x00, 0x00, 0x00, 0xc0, 0xff, 0x00, 0x00, 0xb2, 0xcf, 0x00, 0x00,
  0x40, 0x00, 0x00, 0x00, 0x00, 0x00, 0x00, 0x00, 0x00, 0x00, 0x00, 0x00,
  0x01, 0x00, 0x00, 0x00, 0x00, 0x00, 0x00, 0x00, 0x49, 0x00, 0x00, 0x00,
  0x01, 0x00, 0x00, 0x00, 0x30, 0x00, 0x00, 0x00, 0x00, 0x00, 0x00, 0x00,
  0x6a, 0x1a, 0x01, 0x00, 0x30, 0x00, 0x00, 0x00, 0x00, 0x00, 0x00, 0x00,
  0x00, 0x00, 0x00, 0x00, 0x01, 0x00, 0x00, 0x00, 0x01, 0x00, 0x00, 0x00,
  0x52, 0x00, 0x00, 0x00, 0x01, 0x00, 0x00, 0x00, 0x00, 0x00, 0x00, 0x00,
  0x00, 0x00, 0x00, 0x00, 0xa0, 0x1a, 0x01, 0x00, 0x08, 0x03, 0x00, 0x00,
  0x00, 0x00, 0x00, 0x00, 0x00, 0x00, 0x00, 0x00, 0x08, 0x00, 0x00, 0x00,
  0x00, 0x00, 0x00, 0x00, 0x61, 0x00, 0x00, 0x00, 0x01, 0x00, 0x00, 0x00,
  0x00, 0x00, 0x00, 0x00, 0x00, 0x00, 0x00, 0x00, 0xa8, 0x1d, 0x01, 0x00,
  0x26, 0x1b, 0x00, 0x00, 0x00, 0x00, 0x00, 0x00, 0x00, 0x00, 0x00, 0x00,
  0x01, 0x00, 0x00, 0x00, 0x00, 0x00, 0x00, 0x00, 0x6d, 0x00, 0x00, 0x00,
  0x01, 0x00, 0x00, 0x00, 0x00, 0x00, 0x00, 0x00, 0x00, 0x00, 0x00, 0x00,
  0xce, 0x38, 0x01, 0x00, 0xbb, 0x09, 0x00, 0x00, 0x00, 0x00, 0x00, 0x00,
  0x00, 0x00, 0x00, 0x00, 0x01, 0x00, 0x00, 0x00, 0x00, 0x00, 0x00, 0x00,
  0x7b, 0x00, 0x00, 0x00, 0x01, 0x00, 0x00, 0x00, 0x00, 0x00, 0x00, 0x00,
  0x00, 0x00, 0x00, 0x00, 0x89, 0x42, 0x01, 0x00, 0x03, 0x10, 0x00, 0x00,
  0x00, 0x00, 0x00, 0x00, 0x00, 0x00, 0x00, 0x00, 0x01, 0x00, 0x00, 0x00,
  0x00, 0x00, 0x00, 0x00, 0x87, 0x00, 0x00, 0x00, 0x01, 0x00, 0x00, 0x00,
  0x00, 0x00, 0x00, 0x00, 0x00, 0x00, 0x00, 0x00, 0x8c, 0x52, 0x01, 0x00,
  0x70, 0x02, 0x00, 0x00, 0x00, 0x00, 0x00, 0x00, 0x00, 0x00, 0x00, 0x00,
  0x04, 0x00, 0x00, 0x00, 0x00, 0x00, 0x00, 0x00, 0x94, 0x00, 0x00, 0x00,
  0x01, 0x00, 0x00, 0x00, 0x30, 0x00, 0x00, 0x00, 0x00, 0x00, 0x00, 0x00,
  0xfc, 0x54, 0x01, 0x00, 0x6e, 0x04, 0x00, 0x00, 0x00, 0x00, 0x00, 0x00,
  0x00, 0x00, 0x00, 0x00, 0x01, 0x00, 0x00, 0x00, 0x01, 0x00, 0x00, 0x00,
  0x9f, 0x00, 0x00, 0x00, 0x01, 0x00, 0x00, 0x00, 0x00, 0x00, 0x00, 0x00,
  0x00, 0x00, 0x00, 0x00, 0x6a, 0x59, 0x01, 0x00, 0x2d, 0x16, 0x00, 0x00,
  0x00, 0x00, 0x00, 0x00, 0x00, 0x00, 0x00, 0x00, 0x01, 0x00, 0x00, 0x00,
  0x00, 0x00, 0x00, 0x00, 0xaa, 0x00, 0x00, 0x00, 0x01, 0x00, 0x00, 0x00,
  0x00, 0x00, 0x00, 0x00, 0x00, 0x00, 0x00, 0x00, 0x97, 0x6f, 0x01, 0x00,
  0x08, 0x01, 0x00, 0x00, 0x00, 0x00, 0x00, 0x00, 0x00, 0x00, 0x00, 0x00,
  0x01, 0x00, 0x00, 0x00, 0x00, 0x00, 0x00, 0x00, 0xb8, 0x00, 0x00, 0x00,
  0xf5, 0xff, 0xff, 0x6f, 0x00, 0x00, 0x00, 0x00, 0x00, 0x00, 0x00, 0x00,
  0x9f, 0x70, 0x01, 0x00, 0x11, 0x00, 0x00, 0x00, 0x00, 0x00, 0x00, 0x00,
  0x00, 0x00, 0x00, 0x00, 0x01, 0x00, 0x00, 0x00, 0x00, 0x00, 0x00, 0x00,
  0x11, 0x00, 0x00, 0x00, 0x03, 0x00, 0x00, 0x00, 0x00, 0x00, 0x00, 0x00,
  0x00, 0x00, 0x00, 0x00, 0xb0, 0x70, 0x01, 0x00, 0xc8, 0x00, 0x00, 0x00,
  0x00, 0x00, 0x00, 0x00, 0x00, 0x00, 0x00, 0x00, 0x01, 0x00, 0x00, 0x00,
  0x00, 0x00, 0x00, 0x00, 0x01, 0x00, 0x00, 0x00, 0x02, 0x00, 0x00, 0x00,
  0x00, 0x00, 0x00, 0x00, 0x00, 0x00, 0x00, 0x00, 0xc0, 0x74, 0x01, 0x00,
  0x70, 0x47, 0x00, 0x00, 0x14, 0x00, 0x00, 0x00, 0x81, 0x01, 0x00, 0x00,
  0x04, 0x00, 0x00, 0x00, 0x10, 0x00, 0x00, 0x00, 0x09, 0x00, 0x00, 0x00,
  0x03, 0x00, 0x00, 0x00, 0x00, 0x00, 0x00, 0x00, 0x00, 0x00, 0x00, 0x00,
  0x30, 0xbc, 0x01, 0x00, 0xb0, 0x3e, 0x00, 0x00, 0x00, 0x00, 0x00, 0x00,
  0x00, 0x00, 0x00, 0x00, 0x01, 0x00, 0x00, 0x00, 0x00, 0x00, 0x00, 0x00,
  0x00, 0x00, 0x00, 0x00, 0x00, 0x00, 0x00, 0x00, 0x00, 0x00, 0x00, 0x00,
  0x00, 0x00, 0x00, 0x00, 0x00, 0x00, 0x00, 0x00, 0x00, 0x00, 0x01, 0x00,
  0x00, 0x00, 0x00, 0x00, 0x03, 0x00, 0x01, 0x00, 0x00, 0x00, 0x00, 0x00,
  0x00, 0x31, 0x00, 0x00, 0x00, 0x00, 0x00, 0x00, 0x03, 0x00, 0x02, 0x00,
  0x00, 0x00, 0x00, 0x00, 0x70, 0xc8, 0x00, 0x00, 0x00, 0x00, 0x00, 0x00,
  0x03, 0x00, 0x03, 0x00, 0x00, 0x00, 0x00, 0x00, 0x00, 0x11, 0x00, 0x00,
  0x00, 0x00, 0x00, 0x00, 0x03, 0x00, 0x04, 0x00, 0x00, 0x00, 0x00, 0x00,
  0x50, 0x12, 0x00, 0x00, 0x00, 0x00, 0x00, 0x00, 0x03, 0x00, 0x05, 0x00,
  0x00, 0x00, 0x00, 0x00, 0x98, 0x28, 0x00, 0x00, 0x00, 0x00, 0x00, 0x00,
  0x03, 0x00, 0x06, 0x00, 0x00, 0x00, 0x00, 0x00, 0xc0, 0xff, 0x00, 0x00,
  0x00, 0x00, 0x00, 0x00, 0x03, 0x00, 0x07, 0x00, 0x00, 0x00, 0x00, 0x00,
  0x00, 0x00, 0x00, 0x00, 0x00, 0x00, 0x00, 0x00, 0x03, 0x00, 0x08, 0x00,
  0x00, 0x00, 0x00, 0x00, 0x00, 0x00, 0x00, 0x00, 0x00, 0x00, 0x00, 0x00,
  0x03, 0x00, 0x09, 0x00, 0x00, 0x00, 0x00, 0x00, 0x00, 0x00, 0x00, 0x00,
  0x00, 0x00, 0x00, 0x00, 0x03, 0x00, 0x0a, 0x00, 0x00, 0x00, 0x00, 0x00,
  0x00, 0x00, 0x00, 0x00, 0x00, 0x00, 0x00, 0x00, 0x03, 0x00, 0x0b, 0x00,
  0x00, 0x00, 0x00, 0x00, 0x00, 0x00, 0x00, 0x00, 0x00, 0x00, 0x00, 0x00,
  0x03, 0x00, 0x0c, 0x00, 0x00, 0x00, 0x00, 0x00, 0x00, 0x00, 0x00, 0x00,
  0x00, 0x00, 0x00, 0x00, 0x03, 0x00, 0x0d, 0x00, 0x00, 0x00, 0x00, 0x00,
  0x00, 0x00, 0x00, 0x00, 0x00, 0x00, 0x00, 0x00, 0x03, 0x00, 0x0e, 0x00,
  0x00, 0x00, 0x00, 0x00, 0x00, 0x00, 0x00, 0x00, 0x00, 0x00, 0x00, 0x00,
  0x03, 0x00, 0x0f, 0x00, 0x00, 0x00, 0x00, 0x00, 0x00, 0x00, 0x00, 0x00,
  0x00, 0x00, 0x00, 0x00, 0x03, 0x00, 0x10, 0x00, 0x00, 0x00, 0x00, 0x00,
  0x00, 0x00, 0x00, 0x00, 0x00, 0x00, 0x00, 0x00, 0x03, 0x00, 0x11, 0x00,
  0x01, 0x00, 0x00, 0x00, 0x00, 0x00, 0x00, 0x00, 0x00, 0x00, 0x00, 0x00,
  0x04, 0x00, 0xf1, 0xff, 0x0e, 0x00, 0x00, 0x00, 0xf2, 0xab, 0x00, 0x00,
  0x38, 0x00, 0x00, 0x00, 0x02, 0x00, 0x02, 0x00, 0x1e, 0x00, 0x00, 0x00,
  0xa4, 0x1b, 0x00, 0x00, 0x68, 0x01, 0x00, 0x00, 0x01, 0x00, 0x05, 0x00,
  0x28, 0x00, 0x00, 0x00, 0x0c, 0x1d, 0x00, 0x00, 0x58, 0x05, 0x00, 0x00,
  0x01, 0x00, 0x05, 0x00, 0x31, 0x00, 0x00, 0x00, 0x2a, 0xac, 0x00, 0x00,
  0x16, 0x00, 0x00, 0x00, 0x02, 0x00, 0x02, 0x00, 0x4f, 0x00, 0x00, 0x00,
  0x8c, 0x1b, 0x00, 0x00, 0x0a, 0x00, 0x00, 0x00, 0x01, 0x00, 0x05, 0x00,
  0x5d, 0x00, 0x00, 0x00, 0x58, 0xac, 0x00, 0x00, 0x66, 0x00, 0x00, 0x00,
  0x02, 0x00, 0x02, 0x00, 0x6e, 0x00, 0x00, 0x00, 0xbe, 0xac, 0x00, 0x00,
  0x9a, 0x00, 0x00, 0x00, 0x02, 0x00, 0x02, 0x00, 0x7f, 0x00, 0x00, 0x00,
  0xa0, 0x1b, 0x00, 0x00, 0x02, 0x00, 0x00, 0x00, 0x01, 0x00, 0x05, 0x00,
  0x88, 0x00, 0x00, 0x00, 0x58, 0xad, 0x00, 0x00, 0x20, 0x00, 0x00, 0x00,
  0x02, 0x00, 0x02, 0x00, 0xa6, 0x00, 0x00, 0x00, 0x78, 0xad, 0x00, 0x00,
  0x10, 0x00, 0x00, 0x00, 0x02, 0x00, 0x02, 0x00, 0xb2, 0x00, 0x00, 0x00,
  0x88, 0xad, 0x00, 0x00, 0x4e, 0x00, 0x00, 0x00, 0x02, 0x00, 0x02, 0x00,
  0xbe, 0x00, 0x00, 0x00, 0x8a, 0x1b, 0x00, 0x00, 0x02, 0x00, 0x00, 0x00,
  0x01, 0x00, 0x05, 0x00, 0xc7, 0x00, 0x00, 0x00, 0x9a, 0x1b, 0x00, 0x00,
  0x02, 0x00, 0x00, 0x00, 0x01, 0x00, 0x05, 0x00, 0xd6, 0x00, 0x00, 0x00,
  0xd6, 0xad, 0x00, 0x00, 0x72, 0x00, 0x00, 0x00, 0x02, 0x00, 0x02, 0x00,
  0xe5, 0x00, 0x00, 0x00, 0x9b, 0x24, 0x00, 0x00, 0x01, 0x00, 0x00, 0x00,
  0x01, 0x00, 0x05, 0x00, 0xf7, 0x00, 0x00, 0x00, 0x96, 0x1b, 0x00, 0x00,
  0x02, 0x00, 0x00, 0x00, 0x01, 0x00, 0x05, 0x00, 0x05, 0x01, 0x00, 0x00,
  0x48, 0xae, 0x00, 0x00, 0x04, 0x02, 0x00, 0x00, 0x02, 0x00, 0x02, 0x00,
  0x12, 0x01, 0x00, 0x00, 0x4c, 0xb0, 0x00, 0x00, 0xe8, 0x00, 0x00, 0x00,
  0x02, 0x00, 0x02, 0x00, 0x22, 0x01, 0x00, 0x00, 0x34, 0xb1, 0x00, 0x00,
  0x98, 0x00, 0x00, 0x00, 0x02, 0x00, 0x02, 0x00, 0x41, 0x01, 0x00, 0x00,
  0x9e, 0x1b, 0x00, 0x00, 0x02, 0x00, 0x00, 0x00, 0x01, 0x00, 0x05, 0x00,
  0x57, 0x01, 0x00, 0x00, 0xcc, 0xb1, 0x00, 0x00, 0xf4, 0x0d, 0x00, 0x00,
  0x02, 0x00, 0x02, 0x00, 0x5e, 0x01, 0x00, 0x00, 0x9a, 0x24, 0x00, 0x00,
  0x01, 0x00, 0x00, 0x00, 0x01, 0x00, 0x05, 0x00, 0x6d, 0x01, 0x00, 0x00,
  0x98, 0x1b, 0x00, 0x00, 0x02, 0x00, 0x00, 0x00, 0x01, 0x00, 0x05, 0x00,
  0x7d, 0x01, 0x00, 0x00, 0xa2, 0x1b, 0x00, 0x00, 0x02, 0x00, 0x00, 0x00,
  0x01, 0x00, 0x05, 0x00, 0x85, 0x01, 0x00, 0x00, 0x9c, 0x1b, 0x00, 0x00,
  0x02, 0x00, 0x00, 0x00, 0x01, 0x00, 0x05, 0x00, 0x8c, 0x01, 0x00, 0x00,
  0x00, 0x00, 0x01, 0x00, 0x8a, 0x11, 0x00, 0x00, 0x02, 0x00, 0x01, 0x00,
  0x92, 0x01, 0x00, 0x00, 0x9c, 0x24, 0x00, 0x00, 0x01, 0x00, 0x00, 0x00,
  0x01, 0x00, 0x05, 0x00, 0x9c, 0x01, 0x00, 0x00, 0x9d, 0xf0, 0x00, 0x00,
  0x04, 0x00, 0x00, 0x00, 0x01, 0x00, 0x03, 0x00, 0xa7, 0x01, 0x00, 0x00,
  0x00, 0x00, 0x00, 0x00, 0x00, 0x00, 0x00, 0x00, 0x04, 0x00, 0xf1, 0xff,
  0xb7, 0x01, 0x00, 0x00, 0x00, 0x00, 0x00, 0x00, 0x00, 0x00, 0x00, 0x00,
  0x04, 0x00, 0xf1, 0xff, 0xbf, 0x01, 0x00, 0x00, 0x9e, 0x24, 0x00, 0x00,
  0x01, 0x00, 0x00, 0x00, 0x01, 0x00, 0x05, 0x00, 0xcc, 0x01, 0x00, 0x00,
  0x7e, 0x22, 0x00, 0x00, 0x04, 0x00, 0x00, 0x00, 0x01, 0x00, 0x05, 0x00,
  0xe0, 0x01, 0x00, 0x00, 0x00, 0x00, 0x00, 0x00, 0x00, 0x00, 0x00, 0x00,
  0x04, 0x00, 0xf1, 0xff, 0xee, 0x01, 0x00, 0x00, 0xfa, 0x11, 0x00, 0x00,
  0x0a, 0x00, 0x00, 0x00, 0x01, 0x00, 0x04, 0x00, 0x03, 0x02, 0x00, 0x00,
  0x74, 0xf4, 0x00, 0x00, 0x16, 0x00, 0x00, 0x00, 0x01, 0x00, 0x03, 0x00,
  0x11, 0x02, 0x00, 0x00, 0x82, 0x22, 0x00, 0x00, 0x90, 0x00, 0x00, 0x00,
  0x01, 0x00, 0x05, 0x00, 0x24, 0x02, 0x00, 0x00, 0x00, 0x00, 0x00, 0x00,
  0x00, 0x00, 0x00, 0x00, 0x04, 0x00, 0xf1, 0xff, 0x34, 0x02, 0x00, 0x00,
  0x04, 0x12, 0x00, 0x00, 0x08, 0x00, 0x00, 0x00, 0x01, 0x00, 0x04, 0x00,
  0x46, 0x02, 0x00, 0x00, 0x12, 0x23, 0x00, 0x00, 0x02, 0x00, 0x00, 0x00,
  0x01, 0x00, 0x05, 0x00, 0x5d, 0x02, 0x00, 0x00, 0x9f, 0x24, 0x00, 0x00,
  0x02, 0x00, 0x00, 0x00, 0x01, 0x00, 0x05, 0x00, 0x79, 0x02, 0x00, 0x00,
  0x14, 0x23, 0x00, 0x00, 0x38, 0x00, 0x00, 0x00, 0x01, 0x00, 0x05, 0x00,
  0x94, 0x02, 0x00, 0x00, 0x00, 0x00, 0x00, 0x00, 0x00, 0x00, 0x00, 0x00,
  0x04, 0x00, 0xf1, 0xff, 0x9e, 0x02, 0x00, 0x00, 0x4c, 0x23, 0x00, 0x00,
  0x10, 0x00, 0x00, 0x00, 0x01, 0x00, 0x05, 0x00, 0xad, 0x02, 0x00, 0x00,
  0x6e, 0x23, 0x00, 0x00, 0x02, 0x00, 0x00, 0x00, 0x01, 0x00, 0x05, 0x00,
  0xb7, 0x02, 0x00, 0x00, 0x6c, 0x23, 0x00, 0x00, 0x02, 0x00, 0x00, 0x00,
  0x01, 0x00, 0x05, 0x00, 0xbf, 0x02, 0x00, 0x00, 0x70, 0x23, 0x00, 0x00,
  0x02, 0x00, 0x00, 0x00, 0x01, 0x00, 0x05, 0x00, 0xc8, 0x02, 0x00, 0x00,
  0x5c, 0x23, 0x00, 0x00, 0x10, 0x00, 0x00, 0x00, 0x01, 0x00, 0x05, 0x00,
  0xd4, 0x02, 0x00, 0x00, 0x00, 0x00, 0x00, 0x00, 0x00, 0x00, 0x00, 0x00,
  0x04, 0x00, 0xf1, 0xff, 0xe0, 0x02, 0x00, 0x00, 0xa4, 0x1f, 0x01, 0x00,
  0xc8, 0x00, 0x00, 0x00, 0x02, 0x00, 0x01, 0x00, 0xf1, 0x02, 0x00, 0x00,
  0x84, 0x23, 0x00, 0x00, 0x02, 0x00, 0x00, 0x00, 0x01, 0x00, 0x05, 0x00,
  0x0f, 0x03, 0x00, 0x00, 0x6c, 0x20, 0x01, 0x00, 0x56, 0x01, 0x00, 0x00,
  0x02, 0x00, 0x01, 0x00, 0x22, 0x03, 0x00, 0x00, 0x74, 0x23, 0x00, 0x00,
  0x10, 0x00, 0x00, 0x00, 0x01, 0x00, 0x05, 0x00, 0x2d, 0x03, 0x00, 0x00,
  0x72, 0x23, 0x00, 0x00, 0x02, 0x00, 0x00, 0x00, 0x01, 0x00, 0x05, 0x00,
  0x45, 0x03, 0x00, 0x00, 0x0c, 0x12, 0x00, 0x00, 0x08, 0x00, 0x00, 0x00,
  0x01, 0x00, 0x04, 0x00, 0x5a, 0x03, 0x00, 0x00, 0x14, 0x12, 0x00, 0x00,
  0x08, 0x00, 0x00, 0x00, 0x01, 0x00, 0x04, 0x00, 0x6d, 0x03, 0x00, 0x00,
  0x00, 0x00, 0x00, 0x00, 0x00, 0x00, 0x00, 0x00, 0x04, 0x00, 0xf1, 0xff,
  0x77, 0x03, 0x00, 0x00, 0xde, 0x24, 0x01, 0x00, 0x20, 0x04, 0x00, 0x00,
  0x02, 0x00, 0x01, 0x00, 0x80, 0x03, 0x00, 0x00, 0x86, 0x23, 0x00, 0x00,
  0x02, 0x00, 0x00, 0x00, 0x01, 0x00, 0x05, 0x00, 0x8d, 0x03, 0x00, 0x00,
  0x88, 0x23, 0x00, 0x00, 0x02, 0x00, 0x00, 0x00, 0x01, 0x00, 0x05, 0x00,
  0x9c, 0x03, 0x00, 0x00, 0x8a, 0x23, 0x00, 0x00, 0x02, 0x00, 0x00, 0x00,
  0x01, 0x00, 0x05, 0x00, 0xa0, 0x03, 0x00, 0x00, 0x8c, 0x23, 0x00, 0x00,
  0x02, 0x00, 0x00, 0x00, 0x01, 0x00, 0x05, 0x00, 0xa5, 0x03, 0x00, 0x00,
  0x1c, 0x12, 0x00, 0x00, 0x08, 0x00, 0x00, 0x00, 0x01, 0x00, 0x04, 0x00,
  0xb6, 0x03, 0x00, 0x00, 0x00, 0x00, 0x00, 0x00, 0x00, 0x00, 0x00, 0x00,
  0x04, 0x00, 0xf1, 0xff, 0xbf, 0x03, 0x00, 0x00, 0x08, 0x29, 0x01, 0x00,
  0x2e, 0x00, 0x00, 0x00, 0x02, 0x00, 0x01, 0x00, 0xdb, 0x03, 0x00, 0x00,
  0x8e, 0x23, 0x00, 0x00, 0x02, 0x00, 0x00, 0x00, 0x01, 0x00, 0x05, 0x00,
  0xe5, 0x03, 0x00, 0x00, 0x90, 0x23, 0x00, 0x00, 0x02, 0x00, 0x00, 0x00,
  0x01, 0x00, 0x05, 0x00, 0xf3, 0x03, 0x00, 0x00, 0x24, 0x12, 0x00, 0x00,
  0x08, 0x00, 0x00, 0x00, 0x01, 0x00, 0x04, 0x00, 0xfc, 0x03, 0x00, 0x00,
  0xa1, 0x24, 0x00, 0x00, 0x08, 0x00, 0x00, 0x00, 0x01, 0x00, 0x05, 0x00,
  0x0f, 0x04, 0x00, 0x00, 0x92, 0x23, 0x00, 0x00, 0x90, 0x00, 0x00, 0x00,
  0x01, 0x00, 0x05, 0x00, 0x21, 0x04, 0x00, 0x00, 0x00, 0x00, 0x00, 0x00,
  0x00, 0x00, 0x00, 0x00, 0x04, 0x00, 0xf1, 0xff, 0x28, 0x04, 0x00, 0x00,
  0xa0, 0x2d, 0x01, 0x00, 0x32, 0x00, 0x00, 0x00, 0x02, 0x00, 0x01, 0x00,
  0x2f, 0x04, 0x00, 0x00, 0xd2, 0x2d, 0x01, 0x00, 0x88, 0x00, 0x00, 0x00,
  0x02, 0x00, 0x01, 0x00, 0x42, 0x04, 0x00, 0x00, 0x5a, 0x2e, 0x01, 0x00,
  0x6e, 0x01, 0x00, 0x00, 0x02, 0x00, 0x01, 0x00, 0x5a, 0x04, 0x00, 0x00,
  0xc8, 0x2f, 0x01, 0x00, 0x1e, 0x00, 0x00, 0x00, 0x02, 0x00, 0x01, 0x00,
  0x68, 0x04, 0x00, 0x00, 0xe6, 0x2f, 0x01, 0x00, 0x24, 0x00, 0x00, 0x00,
  0x02, 0x00, 0x01, 0x00, 0x77, 0x04, 0x00, 0x00, 0x24, 0x24, 0x00, 0x00,
  0x02, 0x00, 0x00, 0x00, 0x01, 0x00, 0x05, 0x00, 0x80, 0x04, 0x00, 0x00,
  0x00, 0x00, 0x00, 0x00, 0x00, 0x00, 0x00, 0x00, 0x04, 0x00, 0xf1, 0xff,
  0x89, 0x04, 0x00, 0x00, 0x26, 0x24, 0x00, 0x00, 0x10, 0x00, 0x00, 0x00,
  0x01, 0x00, 0x05, 0x00, 0x96, 0x04, 0x00, 0x00, 0x36, 0x24, 0x00, 0x00,
  0x10, 0x00, 0x00, 0x00, 0x01, 0x00, 0x05, 0x00, 0xab, 0x04, 0x00, 0x00,
  0x00, 0x00, 0x00, 0x00, 0x00, 0x00, 0x00, 0x00, 0x04, 0x00, 0xf1, 0xff,
  0xb4, 0x04, 0x00, 0x00, 0x00, 0x00, 0x00, 0x00, 0x00, 0x00, 0x00, 0x00,
  0x04, 0x00, 0xf1, 0xff, 0xbf, 0x04, 0x00, 0x00, 0x46, 0x24, 0x00, 0x00,
  0x02, 0x00, 0x00, 0x00, 0x01, 0x00, 0x05, 0x00, 0xc7, 0x04, 0x00, 0x00,
  0x00, 0x00, 0x00, 0x00, 0x00, 0x00, 0x00, 0x00, 0x04, 0x00, 0xf1, 0xff,
  0xce, 0x04, 0x00, 0x00, 0x9c, 0x3d, 0x01, 0x00, 0x46, 0x00, 0x00, 0x00,
  0x02, 0x00, 0x01, 0x00, 0xd9, 0x04, 0x00, 0x00, 0x00, 0x00, 0x00, 0x00,
  0x00, 0x00, 0x00, 0x00, 0x04, 0x00, 0xf1, 0xff, 0xe2, 0x04, 0x00, 0x00,
  0x00, 0x00, 0x00, 0x00, 0x00, 0x00, 0x00, 0x00, 0x04, 0x00, 0xf1, 0xff,
  0xec, 0x04, 0x00, 0x00, 0x98, 0x3e, 0x01, 0x00, 0x22, 0x00, 0x00, 0x00,
  0x02, 0x00, 0x01, 0x00, 0xf3, 0x04, 0x00, 0x00, 0x4a, 0x24, 0x00, 0x00,
  0x02, 0x00, 0x00, 0x00, 0x01, 0x00, 0x05, 0x00, 0xfe, 0x04, 0x00, 0x00,
  0x48, 0x24, 0x00, 0x00, 0x02, 0x00, 0x00, 0x00, 0x01, 0x00, 0x05, 0x00,
  0x0b, 0x05, 0x00, 0x00, 0xba, 0x3e, 0x01, 0x00, 0x36, 0x00, 0x00, 0x00,
  0x02, 0x00, 0x01, 0x00, 0x19, 0x05, 0x00, 0x00, 0x00, 0x00, 0x00, 0x00,
  0x00, 0x00, 0x00, 0x00, 0x04, 0x00, 0xf1, 0xff, 0x24, 0x05, 0x00, 0x00,
  0x0c, 0x3f, 0x01, 0x00, 0x76, 0x01, 0x00, 0x00, 0x02, 0x00, 0x01, 0x00,
  0x30, 0x05, 0x00, 0x00, 0x00, 0x00, 0x00, 0x00, 0x00, 0x00, 0x00, 0x00,
  0x04, 0x00, 0xf1, 0xff, 0x37, 0x05, 0x00, 0x00, 0x00, 0x00, 0x00, 0x00,
  0x00, 0x00, 0x00, 0x00, 0x04, 0x00, 0xf1, 0xff, 0x3e, 0x05, 0x00, 0x00,
  0x34, 0x12, 0x00, 0x00, 0x04, 0x00, 0x00, 0x00, 0x01, 0x00, 0x04, 0x00,
  0x43, 0x05, 0x00, 0x00, 0x00, 0x00, 0x00, 0x00, 0x00, 0x00, 0x00, 0x00,
  0x04, 0x00, 0xf1, 0xff, 0x4c, 0x05, 0x00, 0x00, 0x00, 0x00, 0x00, 0x00,
  0x00, 0x00, 0x00, 0x00, 0x04, 0x00, 0xf1, 0xff, 0x55, 0x05, 0x00, 0x00,
  0x00, 0x00, 0x00, 0x00, 0x00, 0x00, 0x00, 0x00, 0x04, 0x00, 0xf1, 0xff,
  0x5f, 0x05, 0x00, 0x00, 0x00, 0x00, 0x00, 0x00, 0x00, 0x00, 0x00, 0x00,
  0x04, 0x00, 0xf1, 0xff, 0x68, 0x05, 0x00, 0x00, 0x00, 0x00, 0x00, 0x00,
  0x00, 0x00, 0x00, 0x00, 0x04, 0x00, 0xf1, 0xff, 0x77, 0x05, 0x00, 0x00,
  0x76, 0x33, 0x00, 0x00, 0x00, 0x00, 0x00, 0x00, 0x00, 0x00, 0x02, 0x00,
  0x88, 0x05, 0x00, 0x00, 0x00, 0x00, 0x00, 0x00, 0x00, 0x00, 0x00, 0x00,
  0x04, 0x00, 0xf1, 0xff, 0x92, 0x05, 0x00, 0x00, 0xde, 0x37, 0x00, 0x00,
  0x12, 0x00, 0x00, 0x00, 0x02, 0x00, 0x02, 0x00, 0x99, 0x05, 0x00, 0x00,
  0x4c, 0x24, 0x00, 0x00, 0x01, 0x00, 0x00, 0x00, 0x01, 0x00, 0x05, 0x00,
  0xa1, 0x05, 0x00, 0x00, 0xf0, 0x37, 0x00, 0x00, 0x2e, 0x00, 0x00, 0x00,
  0x02, 0x00, 0x02, 0x00, 0xb0, 0x05, 0x00, 0x00, 0x1e, 0x38, 0x00, 0x00,
  0x2a, 0x00, 0x00, 0x00, 0x02, 0x00, 0x02, 0x00, 0xc2, 0x05, 0x00, 0x00,
  0x48, 0x38, 0x00, 0x00, 0x54, 0x00, 0x00, 0x00, 0x02, 0x00, 0x02, 0x00,
  0xd0, 0x05, 0x00, 0x00, 0x9c, 0x38, 0x00, 0x00, 0x56, 0x00, 0x00, 0x00,
  0x02, 0x00, 0x02, 0x00, 0xf0, 0x05, 0x00, 0x00, 0x50, 0x12, 0x00, 0x00,
  0x02, 0x00, 0x00, 0x00, 0x01, 0x00, 0x05, 0x00, 0xfa, 0x05, 0x00, 0x00,
  0x52, 0x12, 0x00, 0x00, 0x02, 0x00, 0x00, 0x00, 0x01, 0x00, 0x05, 0x00,
  0x04, 0x06, 0x00, 0x00, 0xf2, 0x38, 0x00, 0x00, 0x5a, 0x00, 0x00, 0x00,
  0x02, 0x00, 0x02, 0x00, 0x1a, 0x06, 0x00, 0x00, 0x4c, 0x39, 0x00, 0x00,
  0x1e, 0x00, 0x00, 0x00, 0x02, 0x00, 0x02, 0x00, 0x20, 0x06, 0x00, 0x00,
  0x38, 0x12, 0x00, 0x00, 0x16, 0x00, 0x00, 0x00, 0x01, 0x00, 0x04, 0x00,
  0x39, 0x06, 0x00, 0x00, 0x14, 0x3a, 0x00, 0x00, 0x26, 0x00, 0x00, 0x00,
  0x02, 0x00, 0x02, 0x00, 0x43, 0x06, 0x00, 0x00, 0x54, 0x12, 0x00, 0x00,
  0x08, 0x00, 0x00, 0x00, 0x01, 0x00, 0x05, 0x00, 0x52, 0x06, 0x00, 0x00,
  0x5c, 0x12, 0x00, 0x00, 0x08, 0x00, 0x00, 0x00, 0x01, 0x00, 0x05, 0x00,
  0x61, 0x06, 0x00, 0x00, 0x00, 0x00, 0x00, 0x00, 0x00, 0x00, 0x00, 0x00,
  0x04, 0x00, 0xf1, 0xff, 0x92, 0x05, 0x00, 0x00, 0x50, 0x3a, 0x00, 0x00,
  0x18, 0x00, 0x00, 0x00, 0x02, 0x00, 0x02, 0x00, 0x1a, 0x06, 0x00, 0x00,
  0x68, 0x3a, 0x00, 0x00, 0x20, 0x00, 0x00, 0x00, 0x02, 0x00, 0x02, 0x00,
  0x71, 0x06, 0x00, 0x00, 0x64, 0x12, 0x00, 0x00, 0x08, 0x00, 0x00, 0x00,
  0x01, 0x00, 0x05, 0x00, 0x39, 0x06, 0x00, 0x00, 0x88, 0x3a, 0x00, 0x00,
  0x4e, 0x00, 0x00, 0x00, 0x02, 0x00, 0x02, 0x00, 0x7f, 0x06, 0x00, 0x00,
  0x00, 0x00, 0x00, 0x00, 0x00, 0x00, 0x00, 0x00, 0x04, 0x00, 0xf1, 0xff,
  0x91, 0x06, 0x00, 0x00, 0x00, 0x00, 0x00, 0x00, 0x00, 0x00, 0x00, 0x00,
  0x04, 0x00, 0xf1, 0xff, 0x99, 0x06, 0x00, 0x00, 0x76, 0x12, 0x00, 0x00,
  0x04, 0x00, 0x00, 0x00, 0x01, 0x00, 0x05, 0x00, 0x9f, 0x06, 0x00, 0x00,
  0x7a, 0x12, 0x00, 0x00, 0x04, 0x00, 0x00, 0x00, 0x01, 0x00, 0x05, 0x00,
  0xa7, 0x06, 0x00, 0x00, 0x74, 0x12, 0x00, 0x00, 0x02, 0x00, 0x00, 0x00,
  0x01, 0x00, 0x05, 0x00, 0xb0, 0x06, 0x00, 0x00, 0x00, 0x00, 0x00, 0x00,
  0x00, 0x00, 0x00, 0x00, 0x04, 0x00, 0xf1, 0xff, 0xbc, 0x06, 0x00, 0x00,
  0x67, 0x24, 0x00, 0x00, 0x01, 0x00, 0x00, 0x00, 0x01, 0x00, 0x05, 0x00,
  0xc8, 0x06, 0x00, 0x00, 0x66, 0x24, 0x00, 0x00, 0x01, 0x00, 0x00, 0x00,
  0x01, 0x00, 0x05, 0x00, 0xd4, 0x06, 0x00, 0x00, 0x00, 0x00, 0x00, 0x00,
  0x00, 0x00, 0x00, 0x00, 0x04, 0x00, 0xf1, 0xff, 0xe2, 0x06, 0x00, 0x00,
  0x00, 0x00, 0x00, 0x00, 0x00, 0x00, 0x00, 0x00, 0x04, 0x00, 0xf1, 0xff,
  0xee, 0x06, 0x00, 0x00, 0x00, 0x00, 0x00, 0x00, 0x00, 0x00, 0x00, 0x00,
  0x04, 0x00, 0xf1, 0xff, 0xfc, 0x06, 0x00, 0x00, 0x00, 0x00, 0x00, 0x00,
  0x00, 0x00, 0x00, 0x00, 0x04, 0x00, 0xf1, 0xff, 0x05, 0x07, 0x00, 0x00,
  0xf0, 0x3a, 0x00, 0x00, 0x04, 0x00, 0x00, 0x00, 0x02, 0x00, 0x02, 0x00,
  0x10, 0x07, 0x00, 0x00, 0xf4, 0x3a, 0x00, 0x00, 0x04, 0x00, 0x00, 0x00,
  0x02, 0x00, 0x02, 0x00, 0x1b, 0x07, 0x00, 0x00, 0xf8, 0x3a, 0x00, 0x00,
  0x1a, 0x00, 0x00, 0x00, 0x02, 0x00, 0x02, 0x00, 0x22, 0x07, 0x00, 0x00,
  0x12, 0x3b, 0x00, 0x00, 0x46, 0x00, 0x00, 0x00, 0x02, 0x00, 0x02, 0x00,
  0x29, 0x07, 0x00, 0x00, 0x58, 0x3b, 0x00, 0x00, 0x44, 0x00, 0x00, 0x00,
  0x02, 0x00, 0x02, 0x00, 0x30, 0x07, 0x00, 0x00, 0x9c, 0x3b, 0x00, 0x00,
  0x72, 0x00, 0x00, 0x00, 0x02, 0x00, 0x02, 0x00, 0x3a, 0x07, 0x00, 0x00,
  0x0e, 0x3c, 0x00, 0x00, 0x38, 0x00, 0x00, 0x00, 0x02, 0x00, 0x02, 0x00,
  0x49, 0x07, 0x00, 0x00, 0x46, 0x3c, 0x00, 0x00, 0x1e, 0x00, 0x00, 0x00,
  0x02, 0x00, 0x02, 0x00, 0x54, 0x07, 0x00, 0x00, 0x64, 0x3c, 0x00, 0x00,
  0x1a, 0x00, 0x00, 0x00, 0x02, 0x00, 0x02, 0x00, 0x57, 0x07, 0x00, 0x00,
  0x4d, 0x24, 0x00, 0x00, 0x01, 0x00, 0x00, 0x00, 0x01, 0x00, 0x05, 0x00,
  0x61, 0x07, 0x00, 0x00, 0x51, 0x24, 0x00, 0x00, 0x01, 0x00, 0x00, 0x00,
  0x01, 0x00, 0x05, 0x00, 0x6c, 0x07, 0x00, 0x00, 0x7e, 0x3c, 0x00, 0x00,
  0x0a, 0x00, 0x00, 0x00, 0x02, 0x00, 0x02, 0x00, 0x84, 0x07, 0x00, 0x00,
  0x88, 0x3c, 0x00, 0x00, 0x0a, 0x00, 0x00, 0x00, 0x02, 0x00, 0x02, 0x00,
  0x93, 0x07, 0x00, 0x00, 0x92, 0x3c, 0x00, 0x00, 0x22, 0x00, 0x00, 0x00,
  0x02, 0x00, 0x02, 0x00, 0xa9, 0x07, 0x00, 0x00, 0xb4, 0x3c, 0x00, 0x00,
  0x24, 0x00, 0x00, 0x00, 0x02, 0x00, 0x02, 0x00, 0xb9, 0x07, 0x00, 0x00,
  0xd8, 0x3c, 0x00, 0x00, 0x4c, 0x00, 0x00, 0x00, 0x02, 0x00, 0x02, 0x00,
  0xc3, 0x07, 0x00, 0x00, 0x24, 0x3d, 0x00, 0x00, 0x1a, 0x00, 0x00, 0x00,
  0x02, 0x00, 0x02, 0x00, 0xcb, 0x07, 0x00, 0x00, 0x3e, 0x3d, 0x00, 0x00,
  0x28, 0x00, 0x00, 0x00, 0x02, 0x00, 0x02, 0x00, 0xcf, 0x07, 0x00, 0x00,
  0x66, 0x3d, 0x00, 0x00, 0x28, 0x00, 0x00, 0x00, 0x02, 0x00, 0x02, 0x00,
  0xdc, 0x07, 0x00, 0x00, 0x4e, 0x24, 0x00, 0x00, 0x01, 0x00, 0x00, 0x00,
  0x01, 0x00, 0x05, 0x00, 0xe3, 0x07, 0x00, 0x00, 0x4f, 0x24, 0x00, 0x00,
  0x01, 0x00, 0x00, 0x00, 0x01, 0x00, 0x05, 0x00, 0xeb, 0x07, 0x00, 0x00,
  0x50, 0x24, 0x00, 0x00, 0x01, 0x00, 0x00, 0x00, 0x01, 0x00, 0x05, 0x00,
  0xf4, 0x07, 0x00, 0x00, 0x8e, 0x3d, 0x00, 0x00, 0x30, 0x00, 0x00, 0x00,
  0x02, 0x00, 0x02, 0x00, 0x08, 0x08, 0x00, 0x00, 0xbe, 0x3d, 0x00, 0x00,
  0x30, 0x00, 0x00, 0x00, 0x02, 0x00, 0x02, 0x00, 0x15, 0x08, 0x00, 0x00,
  0xee, 0x3d, 0x00, 0x00, 0x2c, 0x00, 0x00, 0x00, 0x02, 0x00, 0x02, 0x00,
  0x23, 0x08, 0x00, 0x00, 0x1a, 0x3e, 0x00, 0x00, 0x42, 0x00, 0x00, 0x00,
  0x02, 0x00, 0x02, 0x00, 0x32, 0x08, 0x00, 0x00, 0x7e, 0x3e, 0x00, 0x00,
  0x66, 0x00, 0x00, 0x00, 0x02, 0x00, 0x02, 0x00, 0x42, 0x08, 0x00, 0x00,
  0x4e, 0x12, 0x00, 0x00, 0x01, 0x00, 0x00, 0x00, 0x01, 0x00, 0x04, 0x00,
  0x4e, 0x08, 0x00, 0x00, 0xe4, 0x3e, 0x00, 0x00, 0x12, 0x00, 0x00, 0x00,
  0x02, 0x00, 0x02, 0x00, 0x5a, 0x08, 0x00, 0x00, 0x26, 0x3f, 0x00, 0x00,
  0x54, 0x00, 0x00, 0x00, 0x02, 0x00, 0x02, 0x00, 0x65, 0x08, 0x00, 0x00,
  0x7a, 0x3f, 0x00, 0x00, 0xba, 0x00, 0x00, 0x00, 0x02, 0x00, 0x02, 0x00,
  0x71, 0x08, 0x00, 0x00, 0x34, 0x40, 0x00, 0x00, 0x56, 0x00, 0x00, 0x00,
  0x02, 0x00, 0x02, 0x00, 0x8f, 0x08, 0x00, 0x00, 0x72, 0x12, 0x00, 0x00,
  0x02, 0x00, 0x00, 0x00, 0x01, 0x00, 0x05, 0x00, 0x97, 0x08, 0x00, 0x00,
  0x6c, 0x12, 0x00, 0x00, 0x02, 0x00, 0x00, 0x00, 0x01, 0x00, 0x05, 0x00,
  0xad, 0x08, 0x00, 0x00, 0xb8, 0x41, 0x00, 0x00, 0x1e, 0x01, 0x00, 0x00,
  0x02, 0x00, 0x02, 0x00, 0xb7, 0x08, 0x00, 0x00, 0x48, 0xc9, 0x00, 0x00,
  0x10, 0x00, 0x00, 0x00, 0x01, 0x00, 0x03, 0x00, 0xc4, 0x08, 0x00, 0x00,
  0xec, 0x42, 0x00, 0x00, 0x4a, 0x01, 0x00, 0x00, 0x02, 0x00, 0x02, 0x00,
  0xce, 0x08, 0x00, 0x00, 0x52, 0x24, 0x00, 0x00, 0x01, 0x00, 0x00, 0x00,
  0x01, 0x00, 0x05, 0x00, 0xd5, 0x08, 0x00, 0x00, 0x6e, 0x12, 0x00, 0x00,
  0x02, 0x00, 0x00, 0x00, 0x01, 0x00, 0x05, 0x00, 0xe3, 0x08, 0x00, 0x00,
  0x70, 0x12, 0x00, 0x00, 0x02, 0x00, 0x00, 0x00, 0x01, 0x00, 0x05, 0x00,
  0xef, 0x08, 0x00, 0x00, 0x00, 0x00, 0x00, 0x00, 0x00, 0x00, 0x00, 0x00,
  0x04, 0x00, 0xf1, 0xff, 0x05, 0x09, 0x00, 0x00, 0x00, 0x00, 0x00, 0x00,
  0x00, 0x00, 0x00, 0x00, 0x04, 0x00, 0xf1, 0xff, 0x13, 0x09, 0x00, 0x00,
  0xb8, 0x45, 0x00, 0x00, 0x98, 0x00, 0x00, 0x00, 0x02, 0x00, 0x02, 0x00,
  0x29, 0x09, 0x00, 0x00, 0x76, 0x47, 0x00, 0x00, 0xe2, 0x02, 0x00, 0x00,
  0x02, 0x00, 0x02, 0x00, 0x3d, 0x09, 0x00, 0x00, 0x50, 0x46, 0x00, 0x00,
  0x26, 0x01, 0x00, 0x00, 0x02, 0x00, 0x02, 0x00, 0x45, 0x09, 0x00, 0x00,
  0x28, 0x11, 0x00, 0x00, 0x08, 0x00, 0x00, 0x00, 0x01, 0x00, 0x04, 0x00,
  0x53, 0x09, 0x00, 0x00, 0x20, 0x11, 0x00, 0x00, 0x08, 0x00, 0x00, 0x00,
  0x01, 0x00, 0x04, 0x00, 0x5f, 0x09, 0x00, 0x00, 0x7e, 0x12, 0x00, 0x00,
  0x02, 0x00, 0x00, 0x00, 0x01, 0x00, 0x05, 0x00, 0x72, 0x09, 0x00, 0x00,
  0x18, 0x11, 0x00, 0x00, 0x08, 0x00, 0x00, 0x00, 0x01, 0x00, 0x04, 0x00,
  0x80, 0x09, 0x00, 0x00, 0x53, 0x24, 0x00, 0x00, 0x02, 0x00, 0x00, 0x00,
  0x01, 0x00, 0x05, 0x00, 0x98, 0x09, 0x00, 0x00, 0x80, 0x12, 0x00, 0x00,
  0x4c, 0x00, 0x00, 0x00, 0x01, 0x00, 0x05, 0x00, 0xaf, 0x09, 0x00, 0x00,
  0x55, 0x24, 0x00, 0x00, 0x08, 0x00, 0x00, 0x00, 0x01, 0x00, 0x05, 0x00,
  0xc5, 0x09, 0x00, 0x00, 0xcc, 0x12, 0x00, 0x00, 0x30, 0x00, 0x00, 0x00,
  0x01, 0x00, 0x05, 0x00, 0xda, 0x09, 0x00, 0x00, 0x5d, 0x24, 0x00, 0x00,
  0x08, 0x00, 0x00, 0x00, 0x01, 0x00, 0x05, 0x00, 0xf2, 0x09, 0x00, 0x00,
  0xfc, 0x12, 0x00, 0x00, 0x40, 0x00, 0x00, 0x00, 0x01, 0x00, 0x05, 0x00,
  0x09, 0x0a, 0x00, 0x00, 0x00, 0x00, 0x00, 0x00, 0x00, 0x00, 0x00, 0x00,
  0x04, 0x00, 0xf1, 0xff, 0x19, 0x0a, 0x00, 0x00, 0x00, 0x00, 0x00, 0x00,
  0x00, 0x00, 0x00, 0x00, 0x04, 0x00, 0xf1, 0xff, 0x54, 0x07, 0x00, 0x00,
  0xf8, 0x4c, 0x00, 0x00, 0x06, 0x00, 0x00, 0x00, 0x02, 0x00, 0x02, 0x00,
  0xcb, 0x07, 0x00, 0x00, 0xfe, 0x4c, 0x00, 0x00, 0x06, 0x00, 0x00, 0x00,
  0x02, 0x00, 0x02, 0x00, 0xa6, 0x00, 0x00, 0x00, 0x04, 0x4d, 0x00, 0x00,
  0x06, 0x00, 0x00, 0x00, 0x02, 0x00, 0x02, 0x00, 0x20, 0x0a, 0x00, 0x00,
  0x0a, 0x4d, 0x00, 0x00, 0x5c, 0x00, 0x00, 0x00, 0x02, 0x00, 0x02, 0x00,
  0x2c, 0x0a, 0x00, 0x00, 0x66, 0x4d, 0x00, 0x00, 0xea, 0x01, 0x00, 0x00,
  0x02, 0x00, 0x02, 0x00, 0x39, 0x0a, 0x00, 0x00, 0x50, 0x4f, 0x00, 0x00,
  0x44, 0x00, 0x00, 0x00, 0x02, 0x00, 0x02, 0x00, 0x3e, 0x0a, 0x00, 0x00,
  0x00, 0x00, 0x00, 0x00, 0x00, 0x00, 0x00, 0x00, 0x04, 0x00, 0xf1, 0xff,
  0x47, 0x0a, 0x00, 0x00, 0x94, 0x4f, 0x00, 0x00, 0xa0, 0x00, 0x00, 0x00,
  0x02, 0x00, 0x02, 0x00, 0x65, 0x0a, 0x00, 0x00, 0x3c, 0x13, 0x00, 0x00,
  0x02, 0x00, 0x00, 0x00, 0x01, 0x00, 0x05, 0x00, 0x76, 0x0a, 0x00, 0x00,
  0x65, 0x24, 0x00, 0x00, 0x01, 0x00, 0x00, 0x00, 0x01, 0x00, 0x05, 0x00,
  0x82, 0x0a, 0x00, 0x00, 0x00, 0x00, 0x00, 0x00, 0x00, 0x00, 0x00, 0x00,
  0x04, 0x00, 0xf1, 0xff, 0x8d, 0x0a, 0x00, 0x00, 0x00, 0x00, 0x00, 0x00,
  0x00, 0x00, 0x00, 0x00, 0x04, 0x00, 0xf1, 0xff, 0x96, 0x0a, 0x00, 0x00,
  0x2e, 0x51, 0x00, 0x00, 0x70, 0x00, 0x00, 0x00, 0x02, 0x00, 0x02, 0x00,
  0xa2, 0x0a, 0x00, 0x00, 0x3e, 0x13, 0x00, 0x00, 0x02, 0x00, 0x00, 0x00,
  0x01, 0x00, 0x05, 0x00, 0xac, 0x0a, 0x00, 0x00, 0x40, 0x13, 0x00, 0x00,
  0x04, 0x00, 0x00, 0x00, 0x01, 0x00, 0x05, 0x00, 0xbc, 0x0a, 0x00, 0x00,
  0xa8, 0x51, 0x00, 0x00, 0xc4, 0x00, 0x00, 0x00, 0x02, 0x00, 0x02, 0x00,
  0xda, 0x0a, 0x00, 0x00, 0x6c, 0x52, 0x00, 0x00, 0x40, 0x00, 0x00, 0x00,
  0x02, 0x00, 0x02, 0x00, 0xe4, 0x0a, 0x00, 0x00, 0x00, 0x00, 0x00, 0x00,
  0x00, 0x00, 0x00, 0x00, 0x04, 0x00, 0xf1, 0xff, 0xf2, 0x0a, 0x00, 0x00,
  0x48, 0x11, 0x00, 0x00, 0x02, 0x00, 0x00, 0x00, 0x01, 0x00, 0x04, 0x00,
  0xfd, 0x0a, 0x00, 0x00, 0x24, 0x54, 0x00, 0x00, 0xa8, 0x00, 0x00, 0x00,
  0x02, 0x00, 0x02, 0x00, 0x07, 0x0b, 0x00, 0x00, 0xa6, 0xce, 0x00, 0x00,
  0x02, 0x00, 0x00, 0x00, 0x01, 0x00, 0x03, 0x00, 0x11, 0x0b, 0x00, 0x00,
  0x00, 0x00, 0x00, 0x00, 0x00, 0x00, 0x00, 0x00, 0x04, 0x00, 0xf1, 0xff,
  0x21, 0x0b, 0x00, 0x00, 0x50, 0x58, 0x00, 0x00, 0x4e, 0x01, 0x00, 0x00,
  0x02, 0x00, 0x02, 0x00, 0x27, 0x0b, 0x00, 0x00, 0x74, 0x5a, 0x00, 0x00,
  0x22, 0x01, 0x00, 0x00, 0x02, 0x00, 0x02, 0x00, 0x34, 0x0b, 0x00, 0x00,
  0x96, 0x5b, 0x00, 0x00, 0x08, 0x00, 0x00, 0x00, 0x02, 0x00, 0x02, 0x00,
  0x3b, 0x0b, 0x00, 0x00, 0x9e, 0x5b, 0x00, 0x00, 0x08, 0x00, 0x00, 0x00,
  0x02, 0x00, 0x02, 0x00, 0x46, 0x0b, 0x00, 0x00, 0x00, 0x00, 0x00, 0x00,
  0x00, 0x00, 0x00, 0x00, 0x04, 0x00, 0xf1, 0xff, 0x54, 0x0b, 0x00, 0x00,
  0xa6, 0x5b, 0x00, 0x00, 0x5a, 0x00, 0x00, 0x00, 0x02, 0x00, 0x02, 0x00,
  0x77, 0x0b, 0x00, 0x00, 0x44, 0x13, 0x00, 0x00, 0x0c, 0x00, 0x00, 0x00,
  0x01, 0x00, 0x05, 0x00, 0x82, 0x0b, 0x00, 0x00, 0x00, 0x00, 0x00, 0x00,
  0x00, 0x00, 0x00, 0x00, 0x04, 0x00, 0xf1, 0xff, 0x8e, 0x0b, 0x00, 0x00,
  0x00, 0x00, 0x00, 0x00, 0x00, 0x00, 0x00, 0x00, 0x04, 0x00, 0xf1, 0xff,
  0x95, 0x0b, 0x00, 0x00, 0x00, 0x00, 0x00, 0x00, 0x00, 0x00, 0x00, 0x00,
  0x04, 0x00, 0xf1, 0xff, 0xa2, 0x0b, 0x00, 0x00, 0x8e, 0x5d, 0x00, 0x00,
  0x2c, 0x00, 0x00, 0x00, 0x02, 0x00, 0x02, 0x00, 0xab, 0x0b, 0x00, 0x00,
  0x56, 0x11, 0x00, 0x00, 0x0a, 0x00, 0x00, 0x00, 0x01, 0x00, 0x04, 0x00,
  0xbd, 0x0b, 0x00, 0x00, 0x50, 0x13, 0x00, 0x00, 0x50, 0x00, 0x00, 0x00,
  0x01, 0x00, 0x05, 0x00, 0xcd, 0x0b, 0x00, 0x00, 0x00, 0x00, 0x00, 0x00,
  0x00, 0x00, 0x00, 0x00, 0x04, 0x00, 0xf1, 0xff, 0xd8, 0x0b, 0x00, 0x00,
  0x00, 0x00, 0x00, 0x00, 0x00, 0x00, 0x00, 0x00, 0x04, 0x00, 0xf1, 0xff,
  0xdf, 0x0b, 0x00, 0x00, 0x00, 0x00, 0x00, 0x00, 0x00, 0x00, 0x00, 0x00,
  0x04, 0x00, 0xf1, 0xff, 0xe5, 0x0b, 0x00, 0x00, 0x00, 0x00, 0x00, 0x00,
  0x00, 0x00, 0x00, 0x00, 0x04, 0x00, 0xf1, 0xff, 0xf4, 0x0b, 0x00, 0x00,
  0x69, 0x24, 0x00, 0x00, 0x01, 0x00, 0x00, 0x00, 0x01, 0x00, 0x05, 0x00,
  0xfc, 0x0b, 0x00, 0x00, 0xa0, 0x13, 0x00, 0x00, 0xe0, 0x00, 0x00, 0x00,
  0x01, 0x00, 0x05, 0x00, 0x0c, 0x0c, 0x00, 0x00, 0x00, 0x00, 0x00, 0x00,
  0x00, 0x00, 0x00, 0x00, 0x04, 0x00, 0xf1, 0xff, 0x12, 0x0c, 0x00, 0x00,
  0x00, 0x00, 0x00, 0x00, 0x00, 0x00, 0x00, 0x00, 0x04, 0x00, 0xf1, 0xff,
  0x19, 0x0c, 0x00, 0x00, 0x00, 0x00, 0x00, 0x00, 0x00, 0x00, 0x00, 0x00,
  0x04, 0x00, 0xf1, 0xff, 0x22, 0x0c, 0x00, 0x00, 0x6e, 0x11, 0x00, 0x00,
  0x02, 0x00, 0x00, 0x00, 0x01, 0x00, 0x04, 0x00, 0x2c, 0x0c, 0x00, 0x00,
  0x00, 0x00, 0x00, 0x00, 0x00, 0x00, 0x00, 0x00, 0x04, 0x00, 0xf1, 0xff,
  0x38, 0x0c, 0x00, 0x00, 0x48, 0x64, 0x00, 0x00, 0x2a, 0x00, 0x00, 0x00,
  0x02, 0x00, 0x02, 0x00, 0x48, 0x0c, 0x00, 0x00, 0x72, 0x64, 0x00, 0x00,
  0x26, 0x00, 0x00, 0x00, 0x02, 0x00, 0x02, 0x00, 0x57, 0x0c, 0x00, 0x00,
  0x70, 0x11, 0x00, 0x00, 0x08, 0x00, 0x00, 0x00, 0x01, 0x00, 0x04, 0x00,
  0x69, 0x0c, 0x00, 0x00, 0x98, 0x64, 0x00, 0x00, 0x1e, 0x00, 0x00, 0x00,
  0x02, 0x00, 0x02, 0x00, 0x79, 0x0c, 0x00, 0x00, 0xb6, 0x64, 0x00, 0x00,
  0x50, 0x00, 0x00, 0x00, 0x02, 0x00, 0x02, 0x00, 0x85, 0x0c, 0x00, 0x00,
  0x06, 0x65, 0x00, 0x00, 0x3e, 0x00, 0x00, 0x00, 0x02, 0x00, 0x02, 0x00,
  0x97, 0x0c, 0x00, 0x00, 0x80, 0x14, 0x00, 0x00, 0x02, 0x00, 0x00, 0x00,
  0x01, 0x00, 0x05, 0x00, 0xab, 0x0c, 0x00, 0x00, 0x6a, 0x24, 0x00, 0x00,
  0x08, 0x00, 0x00, 0x00, 0x01, 0x00, 0x05, 0x00, 0xb4, 0x0c, 0x00, 0x00,
  0x44, 0x65, 0x00, 0x00, 0x2c, 0x00, 0x00, 0x00, 0x02, 0x00, 0x02, 0x00,
  0xcc, 0x0c, 0x00, 0x00, 0x70, 0x65, 0x00, 0x00, 0x70, 0x00, 0x00, 0x00,
  0x02, 0x00, 0x02, 0x00, 0xd7, 0x0c, 0x00, 0x00, 0x84, 0x14, 0x00, 0x00,
  0x10, 0x00, 0x00, 0x00, 0x01, 0x00, 0x05, 0x00, 0xe2, 0x0c, 0x00, 0x00,
  0x72, 0x24, 0x00, 0x00, 0x08, 0x00, 0x00, 0x00, 0x01, 0x00, 0x05, 0x00,
  0xed, 0x0c, 0x00, 0x00, 0x82, 0x14, 0x00, 0x00, 0x02, 0x00, 0x00, 0x00,
  0x01, 0x00, 0x05, 0x00, 0xf8, 0x0c, 0x00, 0x00, 0xe8, 0x66, 0x00, 0x00,
  0x78, 0x00, 0x00, 0x00, 0x02, 0x00, 0x02, 0x00, 0x10, 0x0d, 0x00, 0x00,
  0x7a, 0x24, 0x00, 0x00, 0x08, 0x00, 0x00, 0x00, 0x01, 0x00, 0x05, 0x00,
  0x2c, 0x0d, 0x00, 0x00, 0x94, 0x14, 0x00, 0x00, 0x50, 0x00, 0x00, 0x00,
  0x01, 0x00, 0x05, 0x00, 0x47, 0x0d, 0x00, 0x00, 0x00, 0x00, 0x00, 0x00,
  0x00, 0x00, 0x00, 0x00, 0x04, 0x00, 0xf1, 0xff, 0x52, 0x0d, 0x00, 0x00,
  0xe4, 0x14, 0x00, 0x00, 0x02, 0x00, 0x00, 0x00, 0x01, 0x00, 0x05, 0x00,
  0x69, 0x0d, 0x00, 0x00, 0x00, 0x00, 0x00, 0x00, 0x00, 0x00, 0x00, 0x00,
  0x04, 0x00, 0xf1, 0xff, 0x76, 0x0d, 0x00, 0x00, 0x00, 0x00, 0x00, 0x00,
  0x00, 0x00, 0x00, 0x00, 0x04, 0x00, 0xf1, 0xff, 0x80, 0x0d, 0x00, 0x00,
  0x00, 0x00, 0x00, 0x00, 0x00, 0x00, 0x00, 0x00, 0x04, 0x00, 0xf1, 0xff,
  0x8c, 0x0d, 0x00, 0x00, 0xea, 0x14, 0x00, 0x00, 0x02, 0x00, 0x00, 0x00,
  0x01, 0x00, 0x05, 0x00, 0x93, 0x0d, 0x00, 0x00, 0xe8, 0x14, 0x00, 0x00,
  0x02, 0x00, 0x00, 0x00, 0x01, 0x00, 0x05, 0x00, 0x9a, 0x0d, 0x00, 0x00,
  0xec, 0x14, 0x00, 0x00, 0x80, 0x00, 0x00, 0x00, 0x01, 0x00, 0x05, 0x00,
  0xac, 0x0d, 0x00, 0x00, 0x82, 0x24, 0x00, 0x00, 0x01, 0x00, 0x00, 0x00,
  0x01, 0x00, 0x05, 0x00, 0xb3, 0x0d, 0x00, 0x00, 0x00, 0x00, 0x00, 0x00,
  0x00, 0x00, 0x00, 0x00, 0x04, 0x00, 0xf1, 0xff, 0xbe, 0x0d, 0x00, 0x00,
  0x6c, 0x15, 0x00, 0x00, 0x08, 0x00, 0x00, 0x00, 0x01, 0x00, 0x05, 0x00,
  0xc8, 0x0d, 0x00, 0x00, 0x00, 0x00, 0x00, 0x00, 0x00, 0x00, 0x00, 0x00,
  0x04, 0x00, 0xf1, 0xff, 0xd2, 0x0d, 0x00, 0x00, 0x76, 0x6c, 0x00, 0x00,
  0x40, 0x00, 0x00, 0x00, 0x02, 0x00, 0x02, 0x00, 0xdf, 0x0d, 0x00, 0x00,
  0xb6, 0x6c, 0x00, 0x00, 0x88, 0x00, 0x00, 0x00, 0x02, 0x00, 0x02, 0x00,
  0xec, 0x0d, 0x00, 0x00, 0x3e, 0x6d, 0x00, 0x00, 0x30, 0x00, 0x00, 0x00,
  0x02, 0x00, 0x02, 0x00, 0xf4, 0x0d, 0x00, 0x00, 0x83, 0x24, 0x00, 0x00,
  0x01, 0x00, 0x00, 0x00, 0x01, 0x00, 0x05, 0x00, 0x03, 0x0e, 0x00, 0x00,
  0x84, 0x24, 0x00, 0x00, 0x01, 0x00, 0x00, 0x00, 0x01, 0x00, 0x05, 0x00,
  0x0d, 0x0e, 0x00, 0x00, 0x85, 0x24, 0x00, 0x00, 0x01, 0x00, 0x00, 0x00,
  0x01, 0x00, 0x05, 0x00, 0x14, 0x0e, 0x00, 0x00, 0x86, 0x24, 0x00, 0x00,
  0x01, 0x00, 0x00, 0x00, 0x01, 0x00, 0x05, 0x00, 0x1c, 0x0e, 0x00, 0x00,
  0x78, 0x15, 0x00, 0x00, 0x30, 0x00, 0x00, 0x00, 0x01, 0x00, 0x05, 0x00,
  0x23, 0x0e, 0x00, 0x00, 0x00, 0x00, 0x00, 0x00, 0x00, 0x00, 0x00, 0x00,
  0x04, 0x00, 0xf1, 0xff, 0x2e, 0x0e, 0x00, 0x00, 0x78, 0x11, 0x00, 0x00,
  0x08, 0x00, 0x00, 0x00, 0x01, 0x00, 0x04, 0x00, 0x38, 0x0e, 0x00, 0x00,
  0x80, 0x11, 0x00, 0x00, 0x08, 0x00, 0x00, 0x00, 0x01, 0x00, 0x04, 0x00,
  0x3f, 0x0e, 0x00, 0x00, 0x87, 0x24, 0x00, 0x00, 0x08, 0x00, 0x00, 0x00,
  0x01, 0x00, 0x05, 0x00, 0x53, 0x0e, 0x00, 0x00, 0xa8, 0x15, 0x00, 0x00,
  0x50, 0x05, 0x00, 0x00, 0x01, 0x00, 0x05, 0x00, 0x66, 0x0e, 0x00, 0x00,
  0x8f, 0x24, 0x00, 0x00, 0x08, 0x00, 0x00, 0x00, 0x01, 0x00, 0x05, 0x00,
  0x77, 0x0e, 0x00, 0x00, 0xf8, 0x1a, 0x00, 0x00, 0x10, 0x00, 0x00, 0x00,
  0x01, 0x00, 0x05, 0x00, 0x87, 0x0e, 0x00, 0x00, 0x00, 0x00, 0x00, 0x00,
  0x00, 0x00, 0x00, 0x00, 0x04, 0x00, 0xf1, 0xff, 0x90, 0x0e, 0x00, 0x00,
  0x00, 0x00, 0x00, 0x00, 0x00, 0x00, 0x00, 0x00, 0x04, 0x00, 0xf1, 0xff,
  0x9f, 0x0e, 0x00, 0x00, 0x97, 0x24, 0x00, 0x00, 0x01, 0x00, 0x00, 0x00,
  0x01, 0x00, 0x05, 0x00, 0xb0, 0x0e, 0x00, 0x00, 0x08, 0x1b, 0x00, 0x00,
  0x10, 0x00, 0x00, 0x00, 0x01, 0x00, 0x05, 0x00, 0xc1, 0x0e, 0x00, 0x00,
  0x00, 0x00, 0x00, 0x00, 0x00, 0x00, 0x00, 0x00, 0x04, 0x00, 0xf1, 0xff,
  0xcb, 0x0e, 0x00, 0x00, 0x94, 0x72, 0x00, 0x00, 0xc8, 0x00, 0x00, 0x00,
  0x02, 0x00, 0x02, 0x00, 0xd4, 0x0e, 0x00, 0x00, 0x5c, 0x73, 0x00, 0x00,
  0xa4, 0x01, 0x00, 0x00, 0x02, 0x00, 0x02, 0x00, 0xe9, 0x0e, 0x00, 0x00,
  0x8a, 0xc9, 0x00, 0x00, 0x08, 0x00, 0x00, 0x00, 0x01, 0x00, 0x03, 0x00,
  0xf3, 0x0e, 0x00, 0x00, 0x00, 0x00, 0x00, 0x00, 0x00, 0x00, 0x00, 0x00,
  0x04, 0x00, 0xf1, 0xff, 0x04, 0x0f, 0x00, 0x00, 0x70, 0x7f, 0x00, 0x00,
  0x98, 0x00, 0x00, 0x00, 0x02, 0x00, 0x02, 0x00, 0x16, 0x0f, 0x00, 0x00,
  0x00, 0x00, 0x00, 0x00, 0x00, 0x00, 0x00, 0x00, 0x04, 0x00, 0xf1, 0xff,
  0x22, 0x0f, 0x00, 0x00, 0xa0, 0x89, 0x00, 0x00, 0x3e, 0x00, 0x00, 0x00,
  0x02, 0x00, 0x02, 0x00, 0x28, 0x0f, 0x00, 0x00, 0xde, 0x89, 0x00, 0x00,
  0x2a, 0x00, 0x00, 0x00, 0x02, 0x00, 0x02, 0x00, 0x2e, 0x0f, 0x00, 0x00,
  0x08, 0x8a, 0x00, 0x00, 0x0e, 0x00, 0x00, 0x00, 0x02, 0x00, 0x02, 0x00,
  0x34, 0x0f, 0x00, 0x00, 0x16, 0x8a, 0x00, 0x00, 0x10, 0x00, 0x00, 0x00,
  0x02, 0x00, 0x02, 0x00, 0x3a, 0x0f, 0x00, 0x00, 0x26, 0x8a, 0x00, 0x00,
  0xc4, 0x00, 0x00, 0x00, 0x02, 0x00, 0x02, 0x00, 0x48, 0x0f, 0x00, 0x00,
  0xea, 0x8a, 0x00, 0x00, 0x48, 0x02, 0x00, 0x00, 0x02, 0x00, 0x02, 0x00,
  0x52, 0x0f, 0x00, 0x00, 0x32, 0x8d, 0x00, 0x00, 0x54, 0x04, 0x00, 0x00,
  0x02, 0x00, 0x02, 0x00, 0x5c, 0x0f, 0x00, 0x00, 0x86, 0x91, 0x00, 0x00,
  0x88, 0x00, 0x00, 0x00, 0x02, 0x00, 0x02, 0x00, 0x66, 0x0f, 0x00, 0x00,
  0x88, 0x11, 0x00, 0x00, 0x08, 0x00, 0x00, 0x00, 0x01, 0x00, 0x04, 0x00,
  0x72, 0x0f, 0x00, 0x00, 0x90, 0x11, 0x00, 0x00, 0x08, 0x00, 0x00, 0x00,
  0x01, 0x00, 0x04, 0x00, 0x7e, 0x0f, 0x00, 0x00, 0x98, 0x11, 0x00, 0x00,
  0x08, 0x00, 0x00, 0x00, 0x01, 0x00, 0x04, 0x00, 0x8a, 0x0f, 0x00, 0x00,
  0xa0, 0x11, 0x00, 0x00, 0x08, 0x00, 0x00, 0x00, 0x01, 0x00, 0x04, 0x00,
  0x9a, 0x0f, 0x00, 0x00, 0x00, 0x00, 0x00, 0x00, 0x00, 0x00, 0x00, 0x00,
  0x04, 0x00, 0xf1, 0xff, 0xa6, 0x0f, 0x00, 0x00, 0x72, 0x98, 0x00, 0x00,
  0x06, 0x00, 0x00, 0x00, 0x02, 0x00, 0x02, 0x00, 0xbe, 0x0f, 0x00, 0x00,
  0x78, 0x98, 0x00, 0x00, 0x12, 0x00, 0x00, 0x00, 0x02, 0x00, 0x02, 0x00,
  0xce, 0x0f, 0x00, 0x00, 0x8a, 0x98, 0x00, 0x00, 0x14, 0x00, 0x00, 0x00,
  0x02, 0x00, 0x02, 0x00, 0xe2, 0x0f, 0x00, 0x00, 0x9e, 0x98, 0x00, 0x00,
  0x34, 0x00, 0x00, 0x00, 0x02, 0x00, 0x02, 0x00, 0xf0, 0x0f, 0x00, 0x00,
  0xd2, 0x98, 0x00, 0x00, 0x4c, 0x00, 0x00, 0x00, 0x02, 0x00, 0x02, 0x00,
  0x02, 0x10, 0x00, 0x00, 0x1e, 0x99, 0x00, 0x00, 0x28, 0x00, 0x00, 0x00,
  0x02, 0x00, 0x02, 0x00, 0x1b, 0x10, 0x00, 0x00, 0x46, 0x99, 0x00, 0x00,
  0x40, 0x00, 0x00, 0x00, 0x02, 0x00, 0x02, 0x00, 0x28, 0x10, 0x00, 0x00,
  0x86, 0x99, 0x00, 0x00, 0x74, 0x00, 0x00, 0x00, 0x02, 0x00, 0x02, 0x00,
  0x34, 0x10, 0x00, 0x00, 0xfa, 0x99, 0x00, 0x00, 0x26, 0x00, 0x00, 0x00,
  0x02, 0x00, 0x02, 0x00, 0x3a, 0x10, 0x00, 0x00, 0x00, 0x00, 0x00, 0x00,
  0x00, 0x00, 0x00, 0x00, 0x04, 0x00, 0xf1, 0xff, 0x4b, 0x10, 0x00, 0x00,
  0x20, 0x9a, 0x00, 0x00, 0x16, 0x00, 0x00, 0x00, 0x02, 0x00, 0x02, 0x00,
  0x54, 0x10, 0x00, 0x00, 0x00, 0x00, 0x00, 0x00, 0x00, 0x00, 0x00, 0x00,
  0x04, 0x00, 0xf1, 0xff, 0x63, 0x10, 0x00, 0x00, 0x56, 0x9a, 0x00, 0x00,
  0x26, 0x00, 0x00, 0x00, 0x02, 0x00, 0x02, 0x00, 0x77, 0x10, 0x00, 0x00,
  0x7c, 0x9a, 0x00, 0x00, 0x24, 0x00, 0x00, 0x00, 0x02, 0x00, 0x02, 0x00,
  0x28, 0x10, 0x00, 0x00, 0x4a, 0x9b, 0x00, 0x00, 0x7e, 0x00, 0x00, 0x00,
  0x02, 0x00, 0x02, 0x00, 0x87, 0x10, 0x00, 0x00, 0xcc, 0x11, 0x00, 0x00,
  0x0a, 0x00, 0x00, 0x00, 0x01, 0x00, 0x04, 0x00, 0x9c, 0x10, 0x00, 0x00,
  0x18, 0x1b, 0x00, 0x00, 0x40, 0x00, 0x00, 0x00, 0x01, 0x00, 0x05, 0x00,
  0xaf, 0x10, 0x00, 0x00, 0x00, 0x00, 0x00, 0x00, 0x00, 0x00, 0x00, 0x00,
  0x04, 0x00, 0xf1, 0xff, 0xbc, 0x10, 0x00, 0x00, 0x8e, 0xa0, 0x00, 0x00,
  0x06, 0x00, 0x00, 0x00, 0x02, 0x00, 0x02, 0x00, 0xd0, 0x10, 0x00, 0x00,
  0x94, 0xa0, 0x00, 0x00, 0x0c, 0x00, 0x00, 0x00, 0x02, 0x00, 0x02, 0x00,
  0xe5, 0x10, 0x00, 0x00, 0xa0, 0xa0, 0x00, 0x00, 0x30, 0x00, 0x00, 0x00,
  0x02, 0x00, 0x02, 0x00, 0x01, 0x11, 0x00, 0x00, 0x90, 0xa1, 0x00, 0x00,
  0x24, 0x00, 0x00, 0x00, 0x02, 0x00, 0x02, 0x00, 0x0c, 0x11, 0x00, 0x00,
  0xd0, 0xa0, 0x00, 0x00, 0x86, 0x00, 0x00, 0x00, 0x02, 0x00, 0x02, 0x00,
  0x1d, 0x11, 0x00, 0x00, 0xc6, 0xa1, 0x00, 0x00, 0x6e, 0x00, 0x00, 0x00,
  0x02, 0x00, 0x02, 0x00, 0x2e, 0x11, 0x00, 0x00, 0x56, 0xa1, 0x00, 0x00,
  0x12, 0x00, 0x00, 0x00, 0x02, 0x00, 0x02, 0x00, 0x47, 0x11, 0x00, 0x00,
  0x68, 0xa1, 0x00, 0x00, 0x28, 0x00, 0x00, 0x00, 0x02, 0x00, 0x02, 0x00,
  0x54, 0x11, 0x00, 0x00, 0xb4, 0xa1, 0x00, 0x00, 0x12, 0x00, 0x00, 0x00,
  0x02, 0x00, 0x02, 0x00, 0x69, 0x11, 0x00, 0x00, 0x58, 0x1b, 0x00, 0x00,
  0x16, 0x00, 0x00, 0x00, 0x01, 0x00, 0x05, 0x00, 0x73, 0x11, 0x00, 0x00,
  0xc2, 0xa2, 0x00, 0x00, 0x26, 0x00, 0x00, 0x00, 0x02, 0x00, 0x02, 0x00,
  0x84, 0x11, 0x00, 0x00, 0x70, 0xa2, 0x00, 0x00, 0x52, 0x00, 0x00, 0x00,
  0x02, 0x00, 0x02, 0x00, 0x9a, 0x11, 0x00, 0x00, 0x6e, 0x1b, 0x00, 0x00,
  0x16, 0x00, 0x00, 0x00, 0x01, 0x00, 0x05, 0x00, 0xa9, 0x11, 0x00, 0x00,
  0x64, 0xa5, 0x00, 0x00, 0xc6, 0x00, 0x00, 0x00, 0x02, 0x00, 0x02, 0x00,
  0xbe, 0x11, 0x00, 0x00, 0x00, 0x00, 0x00, 0x00, 0x00, 0x00, 0x00, 0x00,
  0x04, 0x00, 0xf1, 0xff, 0xc4, 0x11, 0x00, 0x00, 0x4c, 0xa7, 0x00, 0x00,
  0x02, 0x00, 0x00, 0x00, 0x02, 0x00, 0x02, 0x00, 0xdb, 0x11, 0x00, 0x00,
  0x4e, 0xa7, 0x00, 0x00, 0x02, 0x00, 0x00, 0x00, 0x02, 0x00, 0x02, 0x00,
  0xe6, 0x11, 0x00, 0x00, 0x98, 0x24, 0x00, 0x00, 0x01, 0x00, 0x00, 0x00,
  0x01, 0x00, 0x05, 0x00, 0xf4, 0x11, 0x00, 0x00, 0x56, 0xa7, 0x00, 0x00,
  0x30, 0x00, 0x00, 0x00, 0x02, 0x00, 0x02, 0x00, 0x39, 0x0a, 0x00, 0x00,
  0x86, 0xa7, 0x00, 0x00, 0x66, 0x00, 0x00, 0x00, 0x02, 0x00, 0x02, 0x00,
  0x07, 0x12, 0x00, 0x00, 0xec, 0xa7, 0x00, 0x00, 0x30, 0x00, 0x00, 0x00,
  0x02, 0x00, 0x02, 0x00, 0x1a, 0x12, 0x00, 0x00, 0x00, 0x00, 0x00, 0x00,
  0x00, 0x00, 0x00, 0x00, 0x04, 0x00, 0xf1, 0xff, 0x23, 0x12, 0x00, 0x00,
  0x84, 0x1b, 0x00, 0x00, 0x02, 0x00, 0x00, 0x00, 0x01, 0x00, 0x05, 0x00,
  0x2f, 0x12, 0x00, 0x00, 0x00, 0x00, 0x00, 0x00, 0x00, 0x00, 0x00, 0x00,
  0x04, 0x00, 0xf1, 0xff, 0x39, 0x12, 0x00, 0x00, 0x06, 0xab, 0x00, 0x00,
  0xc2, 0x00, 0x00, 0x00, 0x02, 0x00, 0x02, 0x00, 0x58, 0x12, 0x00, 0x00,
  0x86, 0x1b, 0x00, 0x00, 0x02, 0x00, 0x00, 0x00, 0x01, 0x00, 0x05, 0x00,
  0x5f, 0x12, 0x00, 0x00, 0x99, 0x24, 0x00, 0x00, 0x01, 0x00, 0x00, 0x00,
  0x01, 0x00, 0x05, 0x00, 0x6b, 0x12, 0x00, 0x00, 0x88, 0x1b, 0x00, 0x00,
  0x02, 0x00, 0x00, 0x00, 0x01, 0x00, 0x05, 0x00, 0x77, 0x12, 0x00, 0x00,
  0x00, 0x00, 0x00, 0x00, 0x00, 0x00, 0x00, 0x00, 0x04, 0x00, 0xf1, 0xff,
  0x84, 0x12, 0x00, 0x00, 0x00, 0x00, 0x00, 0x00, 0x00, 0x00, 0x00, 0x00,
  0x04, 0x00, 0xf1, 0xff, 0x92, 0x12, 0x00, 0x00, 0x64, 0x22, 0x00, 0x00,
  0x02, 0x00, 0x00, 0x00, 0x01, 0x00, 0x05, 0x00, 0xa1, 0x12, 0x00, 0x00,
  0x74, 0xc0, 0x00, 0x00, 0xd2, 0x00, 0x00, 0x00, 0x02, 0x00, 0x02, 0x00,
  0xc4, 0x12, 0x00, 0x00, 0x66, 0x22, 0x00, 0x00, 0x0c, 0x00, 0x00, 0x00,
  0x01, 0x00, 0x05, 0x00, 0xcc, 0x12, 0x00, 0x00, 0x00, 0x00, 0x00, 0x00,
  0x00, 0x00, 0x00, 0x00, 0x04, 0x00, 0xf1, 0xff, 0xd5, 0x12, 0x00, 0x00,
  0x00, 0x00, 0x00, 0x00, 0x00, 0x00, 0x00, 0x00, 0x04, 0x00, 0xf1, 0xff,
  0xdd, 0x12, 0x00, 0x00, 0xb8, 0xc5, 0x00, 0x00, 0x3c, 0x00, 0x00, 0x00,
  0x02, 0x00, 0x02, 0x00, 0xf1, 0x12, 0x00, 0x00, 0xf4, 0xc5, 0x00, 0x00,
  0xc2, 0x00, 0x00, 0x00, 0x02, 0x00, 0x02, 0x00, 0xa2, 0x0b, 0x00, 0x00,
  0x72, 0x22, 0x00, 0x00, 0x0c, 0x00, 0x00, 0x00, 0x01, 0x00, 0x05, 0x00,
  0x0e, 0x13, 0x00, 0x00, 0x00, 0x00, 0x00, 0x00, 0x00, 0x00, 0x00, 0x00,
  0x04, 0x00, 0xf1, 0xff, 0x16, 0x13, 0x00, 0x00, 0x00, 0x00, 0x00, 0x00,
  0x00, 0x00, 0x00, 0x00, 0x04, 0x00, 0xf1, 0xff, 0x92, 0x05, 0x00, 0x00,
  0x42, 0xc7, 0x00, 0x00, 0x12, 0x00, 0x00, 0x00, 0x02, 0x00, 0x02, 0x00,
  0x99, 0x05, 0x00, 0x00, 0x9d, 0x24, 0x00, 0x00, 0x01, 0x00, 0x00, 0x00,
  0x01, 0x00, 0x05, 0x00, 0x39, 0x06, 0x00, 0x00, 0x82, 0xc7, 0x00, 0x00,
  0x26, 0x00, 0x00, 0x00, 0x02, 0x00, 0x02, 0x00, 0x1a, 0x06, 0x00, 0x00,
  0x5e, 0xc8, 0x00, 0x00, 0x06, 0x00, 0x00, 0x00, 0x02, 0x00, 0x02, 0x00,
  0x1f, 0x13, 0x00, 0x00, 0x00, 0x00, 0x00, 0x00, 0x00, 0x00, 0x00, 0x00,
  0x04, 0x00, 0xf1, 0xff, 0x2c, 0x13, 0x00, 0x00, 0x8a, 0x11, 0x01, 0x00,
  0x10, 0x00, 0x00, 0x00, 0x12, 0x00, 0x01, 0x00, 0x34, 0x13, 0x00, 0x00,
  0x57, 0x00, 0x00, 0x00, 0x00, 0x00, 0x00, 0x00, 0x10, 0x00, 0xf1, 0xff,
  0x3e, 0x13, 0x00, 0x00, 0x5a, 0x00, 0x00, 0x00, 0x00, 0x00, 0x00, 0x00,
  0x10, 0x00, 0xf1, 0xff, 0x47, 0x13, 0x00, 0x00, 0x74, 0x01, 0x00, 0x00,
  0x00, 0x00, 0x00, 0x00, 0x10, 0x00, 0xf1, 0xff, 0x50, 0x13, 0x00, 0x00,
  0x00, 0x00, 0x00, 0x00, 0x00, 0x00, 0x00, 0x00, 0x10, 0x00, 0x00, 0x00,
  0x71, 0x13, 0x00, 0x00, 0x00, 0x00, 0x00, 0x00, 0x00, 0x00, 0x00, 0x00,
  0x10, 0x00, 0xf1, 0xff, 0x7a, 0x13, 0x00, 0x00, 0xd6, 0x01, 0x00, 0x00,
  0x00, 0x00, 0x00, 0x00, 0x10, 0x00, 0xf1, 0xff, 0x84, 0x13, 0x00, 0x00,
  0xc8, 0x6f, 0x00, 0x00, 0x06, 0x00, 0x00, 0x00, 0x12, 0x00, 0x02, 0x00,
  0x90, 0x13, 0x00, 0x00, 0x36, 0x44, 0x00, 0x00, 0xea, 0x00, 0x00, 0x00,
  0x12, 0x00, 0x02, 0x00, 0x9c, 0x13, 0x00, 0x00, 0x84, 0x00, 0x00, 0x00,
  0x00, 0x00, 0x00, 0x00, 0x10, 0x00, 0xf1, 0xff, 0xa9, 0x13, 0x00, 0x00,
  0xc6, 0xaa, 0x00, 0x00, 0x0e, 0x00, 0x00, 0x00, 0x12, 0x00, 0x02, 0x00,
  0xb9, 0x13, 0x00, 0x00, 0x50, 0x01, 0x00, 0x00, 0x00, 0x00, 0x00, 0x00,
  0x10, 0x00, 0xf1, 0xff, 0xc5, 0x13, 0x00, 0x00, 0x5a, 0x01, 0x00, 0x00,
  0x00, 0x00, 0x00, 0x00, 0x10, 0x00, 0xf1, 0xff, 0xd2, 0x13, 0x00, 0x00,
  0x76, 0x33, 0x00, 0x00, 0x00, 0x00, 0x00, 0x00, 0x20, 0x00, 0x02, 0x00,
  0xdb, 0x13, 0x00, 0x00, 0xcc, 0x9a, 0x00, 0x00, 0x0c, 0x00, 0x00, 0x00,
  0x12, 0x00, 0x02, 0x00, 0xf8, 0x13, 0x00, 0x00, 0x28, 0x01, 0x00, 0x00,
  0x00, 0x00, 0x00, 0x00, 0x10, 0x00, 0xf1, 0xff, 0x00, 0x14, 0x00, 0x00,
  0xd8, 0x00, 0x00, 0x00, 0x00, 0x00, 0x00, 0x00, 0x10, 0x00, 0xf1, 0xff,
  0x0b, 0x14, 0x00, 0x00, 0xca, 0x3a, 0x01, 0x00, 0x12, 0x00, 0x00, 0x00,
  0x12, 0x00, 0x01, 0x00, 0x1a, 0x14, 0x00, 0x00, 0xc2, 0x21, 0x01, 0x00,
  0x44, 0x00, 0x00, 0x00, 0x12, 0x00, 0x01, 0x00, 0x2a, 0x14, 0x00, 0x00,
  0xd6, 0x00, 0x00, 0x00, 0x00, 0x00, 0x00, 0x00, 0x10, 0x00, 0xf1, 0xff,
  0x36, 0x14, 0x00, 0x00, 0xa8, 0x11, 0x01, 0x00, 0x16, 0x00, 0x00, 0x00,
  0x12, 0x00, 0x01, 0x00, 0x43, 0x14, 0x00, 0x00, 0xe4, 0x5c, 0x00, 0x00,
  0x0e, 0x00, 0x00, 0x00, 0x12, 0x00, 0x02, 0x00, 0x52, 0x14, 0x00, 0x00,
  0x24, 0x00, 0x00, 0x00, 0x00, 0x00, 0x00, 0x00, 0x10, 0x00, 0xf1, 0xff,
  0x5a, 0x14, 0x00, 0x00, 0x72, 0x69, 0x00, 0x00, 0x3a, 0x00, 0x00, 0x00,
  0x12, 0x00, 0x02, 0x00, 0x6b, 0x14, 0x00, 0x00, 0x00, 0x00, 0x00, 0x00,
  0x00, 0x00, 0x00, 0x00, 0x10, 0x00, 0x07, 0x00, 0x75, 0x14, 0x00, 0x00,
  0xcc, 0x24, 0x01, 0x00, 0x12, 0x00, 0x00, 0x00, 0x12, 0x00, 0x01, 0x00,
  0x84, 0x14, 0x00, 0x00, 0x32, 0x26, 0x00, 0x00, 0x08, 0x00, 0x00, 0x00,
  0x11, 0x00, 0x05, 0x00, 0x95, 0x14, 0x00, 0x00, 0xb4, 0x24, 0x00, 0x00,
  0x01, 0x00, 0x00, 0x00, 0x11, 0x00, 0x05, 0x00, 0xa6, 0x14, 0x00, 0x00,
  0xf2, 0x01, 0x00, 0x00, 0x00, 0x00, 0x00, 0x00, 0x10, 0x00, 0xf1, 0xff,
  0xaf, 0x14, 0x00, 0x00, 0xac, 0x24, 0x00, 0x00, 0x04, 0x00, 0x00, 0x00,
  0x11, 0x00, 0x05, 0x00, 0xbc, 0x14, 0x00, 0x00, 0x88, 0x3e, 0x01, 0x00,
  0x10, 0x00, 0x00, 0x00, 0x12, 0x00, 0x01, 0x00, 0xc3, 0x14, 0x00, 0x00,
  0x69, 0x00, 0x00, 0x00, 0x00, 0x00, 0x00, 0x00, 0x10, 0x00, 0xf1, 0xff,
  0xce, 0x14, 0x00, 0x00, 0xe2, 0x39, 0x00, 0x00, 0x32, 0x00, 0x00, 0x00,
  0x12, 0x00, 0x02, 0x00, 0xd8, 0x14, 0x00, 0x00, 0x24, 0x36, 0x00, 0x00,
  0x00, 0x00, 0x00, 0x00, 0x10, 0x00, 0x02, 0x00, 0xe1, 0x14, 0x00, 0x00,
  0xc4, 0x33, 0x00, 0x00, 0x00, 0x00, 0x00, 0x00, 0x10, 0x00, 0x02, 0x00,
  0xf0, 0x14, 0x00, 0x00, 0x24, 0x1a, 0x01, 0x00, 0x48, 0x00, 0x00, 0x00,
  0x12, 0x00, 0x01, 0x00, 0x02, 0x15, 0x00, 0x00, 0x00, 0x00, 0x00, 0x00,
  0x00, 0x00, 0x00, 0x00, 0x10, 0x00, 0x00, 0x00, 0x1f, 0x15, 0x00, 0x00,
  0xc0, 0x66, 0x00, 0x00, 0x28, 0x00, 0x00, 0x00, 0x12, 0x00, 0x02, 0x00,
  0x39, 0x15, 0x00, 0x00, 0x76, 0x33, 0x00, 0x00, 0x00, 0x00, 0x00, 0x00,
  0x20, 0x00, 0x02, 0x00, 0x41, 0x15, 0x00, 0x00, 0x02, 0x00, 0x00, 0x00,
  0x00, 0x00, 0x00, 0x00, 0x10, 0x00, 0xf1, 0xff, 0x48, 0x15, 0x00, 0x00,
  0x58, 0x6a, 0x00, 0x00, 0x22, 0x00, 0x00, 0x00, 0x12, 0x00, 0x02, 0x00,
  0x5e, 0x15, 0x00, 0x00, 0xe2, 0x01, 0x00, 0x00, 0x00, 0x00, 0x00, 0x00,
  0x10, 0x00, 0xf1, 0xff, 0x68, 0x15, 0x00, 0x00, 0x22, 0x6c, 0x00, 0x00,
  0x54, 0x00, 0x00, 0x00, 0x12, 0x00, 0x02, 0x00, 0x76, 0x15, 0x00, 0x00,
  0xde, 0x52, 0x00, 0x00, 0x0c, 0x00, 0x00, 0x00, 0x12, 0x00, 0x02, 0x00,
  0x85, 0x15, 0x00, 0x00, 0x02, 0x66, 0x00, 0x00, 0x3c, 0x00, 0x00, 0x00,
  0x12, 0x00, 0x02, 0x00, 0x98, 0x15, 0x00, 0x00, 0x90, 0x60, 0x00, 0x00,
  0x16, 0x00, 0x00, 0x00, 0x12, 0x00, 0x02, 0x00, 0xa2, 0x15, 0x00, 0x00,
  0x9e, 0x59, 0x00, 0x00, 0xd6, 0x00, 0x00, 0x00, 0x12, 0x00, 0x02, 0x00,
  0xbd, 0x15, 0x00, 0x00, 0x0e, 0x3c, 0x01, 0x00, 0x12, 0x00, 0x00, 0x00,
  0x12, 0x00, 0x01, 0x00, 0xca, 0x15, 0x00, 0x00, 0x60, 0x00, 0x00, 0x00,
  0x00, 0x00, 0x00, 0x00, 0x10, 0x00, 0xf1, 0xff, 0xd5, 0x15, 0x00, 0x00,
  0x3a, 0x26, 0x00, 0x00, 0x10, 0x01, 0x00, 0x00, 0x11, 0x00, 0x05, 0x00,
  0xe0, 0x15, 0x00, 0x00, 0xa4, 0x71, 0x00, 0x00, 0xf0, 0x00, 0x00, 0x00,
  0x12, 0x00, 0x02, 0x00, 0xf9, 0x15, 0x00, 0x00, 0x38, 0x01, 0x00, 0x00,
  0x00, 0x00, 0x00, 0x00, 0x10, 0x00, 0xf1, 0xff, 0xff, 0x15, 0x00, 0x00,
  0x02, 0x1c, 0x01, 0x00, 0x14, 0x00, 0x00, 0x00, 0x12, 0x00, 0x01, 0x00,
  0x1b, 0x16, 0x00, 0x00, 0xf2, 0x5c, 0x00, 0x00, 0x34, 0x00, 0x00, 0x00,
  0x12, 0x00, 0x02, 0x00, 0x29, 0x16, 0x00, 0x00, 0xc8, 0x9b, 0x00, 0x00,
  0xda, 0x01, 0x00, 0x00, 0x12, 0x00, 0x02, 0x00, 0x3e, 0x16, 0x00, 0x00,
  0xdf, 0x00, 0x00, 0x00, 0x00, 0x00, 0x00, 0x00, 0x10, 0x00, 0xf1, 0xff,
  0x4a, 0x16, 0x00, 0x00, 0xc4, 0x40, 0x00, 0x00, 0x4c, 0x00, 0x00, 0x00,
  0x12, 0x00, 0x02, 0x00, 0x5e, 0x16, 0x00, 0x00, 0x4a, 0x27, 0x00, 0x00,
  0x01, 0x00, 0x00, 0x00, 0x11, 0x00, 0x05, 0x00, 0x7d, 0x16, 0x00, 0x00,
  0xa4, 0x01, 0x00, 0x00, 0x00, 0x00, 0x00, 0x00, 0x10, 0x00, 0xf1, 0xff,
  0x88, 0x16, 0x00, 0x00, 0xb2, 0x27, 0x00, 0x00, 0x02, 0x00, 0x00, 0x00,
  0x11, 0x00, 0x05, 0x00, 0x90, 0x16, 0x00, 0x00, 0x92, 0xc9, 0x00, 0x00,
  0x52, 0x00, 0x00, 0x00, 0x11, 0x00, 0x03, 0x00, 0xa0, 0x16, 0x00, 0x00,
  0x64, 0xa3, 0x00, 0x00, 0x38, 0x00, 0x00, 0x00, 0x12, 0x00, 0x02, 0x00,
  0xb8, 0x16, 0x00, 0x00, 0x00, 0x3e, 0x01, 0x00, 0x88, 0x00, 0x00, 0x00,
  0x12, 0x00, 0x01, 0x00, 0xc3, 0x16, 0x00, 0x00, 0x62, 0x7e, 0x00, 0x00,
  0xfe, 0x00, 0x00, 0x00, 0x12, 0x00, 0x02, 0x00, 0xd5, 0x16, 0x00, 0x00,
  0x2e, 0x6a, 0x00, 0x00, 0x2a, 0x00, 0x00, 0x00, 0x12, 0x00, 0x02, 0x00,
  0xe8, 0x16, 0x00, 0x00, 0x8c, 0x2b, 0x01, 0x00, 0x16, 0x00, 0x00, 0x00,
  0x12, 0x00, 0x01, 0x00, 0xf4, 0x16, 0x00, 0x00, 0x34, 0x49, 0x01, 0x00,
  0xe8, 0x00, 0x00, 0x00, 0x12, 0x00, 0x01, 0x00, 0xfc, 0x16, 0x00, 0x00,
  0x7c, 0x61, 0x00, 0x00, 0x6e, 0x00, 0x00, 0x00, 0x12, 0x00, 0x02, 0x00,
  0x16, 0x17, 0x00, 0x00, 0x3a, 0xa7, 0x00, 0x00, 0x12, 0x00, 0x00, 0x00,
  0x12, 0x00, 0x02, 0x00, 0x27, 0x17, 0x00, 0x00, 0x40, 0xac, 0x00, 0x00,
  0x18, 0x00, 0x00, 0x00, 0x12, 0x00, 0x02, 0x00, 0x37, 0x17, 0x00, 0x00,
  0x2e, 0x01, 0x00, 0x00, 0x00, 0x00, 0x00, 0x00, 0x10, 0x00, 0xf1, 0xff,
  0x3e, 0x17, 0x00, 0x00, 0xf0, 0x3e, 0x01, 0x00, 0x1c, 0x00, 0x00, 0x00,
  0x12, 0x00, 0x01, 0x00, 0x47, 0x17, 0x00, 0x00, 0x64, 0x61, 0x00, 0x00,
  0x18, 0x00, 0x00, 0x00, 0x12, 0x00, 0x02, 0x00, 0x5c, 0x17, 0x00, 0x00,
  0x00, 0x00, 0x00, 0x00, 0x00, 0x00, 0x00, 0x00, 0x10, 0x00, 0x00, 0x00,
  0x7b, 0x17, 0x00, 0x00, 0x32, 0x6e, 0x00, 0x00, 0x4a, 0x00, 0x00, 0x00,
  0x12, 0x00, 0x02, 0x00, 0x88, 0x17, 0x00, 0x00, 0x20, 0x1b, 0x01, 0x00,
  0x0a, 0x00, 0x00, 0x00, 0x12, 0x00, 0x01, 0x00, 0x99, 0x17, 0x00, 0x00,
  0xda, 0x01, 0x00, 0x00, 0x00, 0x00, 0x00, 0x00, 0x10, 0x00, 0xf1, 0xff,
  0xa2, 0x17, 0x00, 0x00, 0x78, 0x4a, 0x01, 0x00, 0x00, 0x00, 0x00, 0x00,
  0x10, 0x00, 0xf1, 0xff, 0xac, 0x17, 0x00, 0x00, 0x3c, 0x11, 0x00, 0x00,
  0x0c, 0x00, 0x00, 0x00, 0x11, 0x00, 0x04, 0x00, 0xbb, 0x17, 0x00, 0x00,
  0xa2, 0x33, 0x00, 0x00, 0x00, 0x00, 0x00, 0x00, 0x12, 0x00, 0x02, 0x00,
  0xc5, 0x17, 0x00, 0x00, 0x90, 0x71, 0x00, 0x00, 0x14, 0x00, 0x00, 0x00,
  0x12, 0x00, 0x02, 0x00, 0xda, 0x17, 0x00, 0x00, 0x30, 0x01, 0x00, 0x00,
  0x00, 0x00, 0x00, 0x00, 0x10, 0x00, 0xf1, 0xff, 0xe0, 0x17, 0x00, 0x00,
  0x01, 0x00, 0x00, 0x00, 0x00, 0x00, 0x00, 0x00, 0x10, 0x00, 0xf1, 0xff,
  0xe6, 0x17, 0x00, 0x00, 0xb6, 0x24, 0x00, 0x00, 0x02, 0x00, 0x00, 0x00,
  0x11, 0x00, 0x05, 0x00, 0xfc, 0x17, 0x00, 0x00, 0x10, 0xc9, 0x00, 0x00,
  0x38, 0x00, 0x00, 0x00, 0x11, 0x00, 0x03, 0x00, 0x0a, 0x18, 0x00, 0x00,
  0x3a, 0x01, 0x00, 0x00, 0x00, 0x00, 0x00, 0x00, 0x10, 0x00, 0xf1, 0xff,
  0x12, 0x18, 0x00, 0x00, 0x36, 0x01, 0x00, 0x00, 0x00, 0x00, 0x00, 0x00,
  0x10, 0x00, 0xf1, 0xff, 0x19, 0x18, 0x00, 0x00, 0xc2, 0x35, 0x00, 0x00,
  0x3c, 0x00, 0x00, 0x00, 0x12, 0x00, 0x02, 0x00, 0x20, 0x18, 0x00, 0x00,
  0x87, 0x00, 0x00, 0x00, 0x00, 0x00, 0x00, 0x00, 0x10, 0x00, 0xf1, 0xff,
  0x2d, 0x18, 0x00, 0x00, 0x96, 0x50, 0x00, 0x00, 0x10, 0x00, 0x00, 0x00,
  0x12, 0x00, 0x02, 0x00, 0x38, 0x18, 0x00, 0x00, 0x80, 0xa0, 0x00, 0x00,
  0x0e, 0x00, 0x00, 0x00, 0x12, 0x00, 0x02, 0x00, 0x4a, 0x18, 0x00, 0x00,
  0x2b, 0x00, 0x00, 0x00, 0x00, 0x00, 0x00, 0x00, 0x10, 0x00, 0xf1, 0xff,
  0x52, 0x18, 0x00, 0x00, 0x26, 0x55, 0x00, 0x00, 0x6e, 0x00, 0x00, 0x00,
  0x12, 0x00, 0x02, 0x00, 0x69, 0x18, 0x00, 0x00, 0x1a, 0x00, 0x00, 0x00,
  0x00, 0x00, 0x00, 0x00, 0x10, 0x00, 0xf1, 0xff, 0x71, 0x18, 0x00, 0x00,
  0xbe, 0x01, 0x00, 0x00, 0x00, 0x00, 0x00, 0x00, 0x10, 0x00, 0xf1, 0xff,
  0x79, 0x18, 0x00, 0x00, 0xaa, 0x6a, 0x00, 0x00, 0x0a, 0x00, 0x00, 0x00,
  0x12, 0x00, 0x02, 0x00, 0x88, 0x18, 0x00, 0x00, 0xea, 0x3a, 0x01, 0x00,
  0x0e, 0x00, 0x00, 0x00, 0x12, 0x00, 0x01, 0x00, 0x9d, 0x18, 0x00, 0x00,
  0x4c, 0x13, 0x01, 0x00, 0x0c, 0x00, 0x00, 0x00, 0x12, 0x00, 0x01, 0x00,
  0xb0, 0x18, 0x00, 0x00, 0xe0, 0xaa, 0x00, 0x00, 0x26, 0x00, 0x00, 0x00,
  0x12, 0x00, 0x02, 0x00, 0xc0, 0x18, 0x00, 0x00, 0x6e, 0xfe, 0x00, 0x00,
  0x00, 0x00, 0x00, 0x00, 0x10, 0x00, 0xf1, 0xff, 0xc7, 0x18, 0x00, 0x00,
  0x90, 0x01, 0x00, 0x00, 0x00, 0x00, 0x00, 0x00, 0x10, 0x00, 0xf1, 0xff,
  0xcd, 0x18, 0x00, 0x00, 0xbe, 0x52, 0x00, 0x00, 0x12, 0x00, 0x00, 0x00,
  0x12, 0x00, 0x02, 0x00, 0xda, 0x18, 0x00, 0x00, 0x64, 0x13, 0x01, 0x00,
  0x36, 0x00, 0x00, 0x00, 0x12, 0x00, 0x01, 0x00, 0xed, 0x18, 0x00, 0x00,
  0x10, 0x41, 0x00, 0x00, 0x16, 0x00, 0x00, 0x00, 0x12, 0x00, 0x02, 0x00,
  0xfe, 0x18, 0x00, 0x00, 0xf8, 0x10, 0x00, 0x00, 0x00, 0x00, 0x00, 0x00,
  0x10, 0x00, 0xf1, 0xff, 0x0d, 0x19, 0x00, 0x00, 0xd2, 0x00, 0x00, 0x00,
  0x00, 0x00, 0x00, 0x00, 0x10, 0x00, 0xf1, 0xff, 0x17, 0x19, 0x00, 0x00,
  0x06, 0x18, 0x01, 0x00, 0x06, 0x00, 0x00, 0x00, 0x12, 0x00, 0x01, 0x00,
  0x2e, 0x19, 0x00, 0x00, 0x00, 0x00, 0x00, 0x00, 0x00, 0x00, 0x00, 0x00,
  0x10, 0x00, 0x00, 0x00, 0x46, 0x19, 0x00, 0x00, 0x12, 0x75, 0x00, 0x00,
  0x1e, 0x00, 0x00, 0x00, 0x12, 0x00, 0x02, 0x00, 0x5e, 0x19, 0x00, 0x00,
  0x1d, 0x00, 0x00, 0x00, 0x00, 0x00, 0x00, 0x00, 0x10, 0x00, 0xf1, 0xff,
  0x66, 0x19, 0x00, 0x00, 0x08, 0x80, 0x00, 0x00, 0xfe, 0x00, 0x00, 0x00,
  0x12, 0x00, 0x02, 0x00, 0x86, 0x19, 0x00, 0x00, 0x00, 0x00, 0x00, 0x00,
  0x00, 0x00, 0x00, 0x00, 0x10, 0x00, 0x00, 0x00, 0xa2, 0x19, 0x00, 0x00,
  0x64, 0x11, 0x00, 0x00, 0x02, 0x00, 0x00, 0x00, 0x11, 0x00, 0x04, 0x00,
  0xb5, 0x19, 0x00, 0x00, 0x24, 0x6e, 0x00, 0x00, 0x0e, 0x00, 0x00, 0x00,
  0x12, 0x00, 0x02, 0x00, 0xc5, 0x19, 0x00, 0x00, 0xa6, 0x60, 0x00, 0x00,
  0x26, 0x00, 0x00, 0x00, 0x12, 0x00, 0x02, 0x00, 0xce, 0x19, 0x00, 0x00,
  0x06, 0x77, 0x00, 0x00, 0x74, 0x00, 0x00, 0x00, 0x12, 0x00, 0x02, 0x00,
  0xe0, 0x19, 0x00, 0x00, 0x50, 0xa7, 0x00, 0x00, 0x06, 0x00, 0x00, 0x00,
  0x12, 0x00, 0x02, 0x00, 0xf2, 0x19, 0x00, 0x00, 0x78, 0x37, 0x00, 0x00,
  0x14, 0x00, 0x00, 0x00, 0x12, 0x00, 0x02, 0x00, 0x03, 0x1a, 0x00, 0x00,
  0xee, 0x01, 0x00, 0x00, 0x00, 0x00, 0x00, 0x00, 0x10, 0x00, 0xf1, 0xff,
  0x0c, 0x1a, 0x00, 0x00, 0xf2, 0x30, 0x01, 0x00, 0x92, 0x09, 0x00, 0x00,
  0x12, 0x00, 0x01, 0x00, 0x18, 0x1a, 0x00, 0x00, 0x4e, 0xa6, 0x00, 0x00,
  0x1c, 0x00, 0x00, 0x00, 0x12, 0x00, 0x02, 0x00, 0x36, 0x1a, 0x00, 0x00,
  0xc2, 0x35, 0x00, 0x00, 0x00, 0x00, 0x00, 0x00, 0x10, 0x00, 0x02, 0x00,
  0x3f, 0x1a, 0x00, 0x00, 0x48, 0x16, 0x00, 0x00, 0x00, 0x00, 0x00, 0x00,
  0x10, 0x00, 0xf1, 0xff, 0x4a, 0x1a, 0x00, 0x00, 0x81, 0x00, 0x00, 0x00,
  0x00, 0x00, 0x00, 0x00, 0x10, 0x00, 0xf1, 0xff, 0x57, 0x1a, 0x00, 0x00,
  0x7e, 0x01, 0x00, 0x00, 0x00, 0x00, 0x00, 0x00, 0x10, 0x00, 0xf1, 0xff,
  0x63, 0x1a, 0x00, 0x00, 0xb2, 0x2b, 0x01, 0x00, 0xee, 0x00, 0x00, 0x00,
  0x12, 0x00, 0x01, 0x00, 0x73, 0x1a, 0x00, 0x00, 0x52, 0x01, 0x00, 0x00,
  0x00, 0x00, 0x00, 0x00, 0x10, 0x00, 0xf1, 0xff, 0x7f, 0x1a, 0x00, 0x00,
  0xba, 0x5d, 0x00, 0x00, 0x0c, 0x00, 0x00, 0x00, 0x12, 0x00, 0x02, 0x00,
  0x96, 0x1a, 0x00, 0x00, 0x76, 0x33, 0x00, 0x00, 0x00, 0x00, 0x00, 0x00,
  0x20, 0x00, 0x02, 0x00, 0x9f, 0x1a, 0x00, 0x00, 0x62, 0x11, 0x00, 0x00,
  0x02, 0x00, 0x00, 0x00, 0x11, 0x00, 0x04, 0x00, 0xb5, 0x1a, 0x00, 0x00,
  0xc6, 0x5d, 0x00, 0x00, 0x30, 0x00, 0x00, 0x00, 0x12, 0x00, 0x02, 0x00,
  0xc9, 0x1a, 0x00, 0x00, 0x8a, 0x40, 0x00, 0x00, 0x3a, 0x00, 0x00, 0x00,
  0x12, 0x00, 0x02, 0x00, 0xdc, 0x1a, 0x00, 0x00, 0xfd, 0x10, 0x00, 0x00,
  0x00, 0x00, 0x00, 0x00, 0x10, 0x00, 0xf1, 0xff, 0xea, 0x1a, 0x00, 0x00,
  0xae, 0x37, 0x00, 0x00, 0x00, 0x00, 0x00, 0x00, 0x10, 0x00, 0x02, 0x00,
  0xf3, 0x1a, 0x00, 0x00, 0x00, 0x31, 0x00, 0x00, 0x00, 0x00, 0x00, 0x00,
  0x20, 0x00, 0x02, 0x00, 0x06, 0x1b, 0x00, 0x00, 0x70, 0x33, 0x00, 0x00,
  0x00, 0x00, 0x00, 0x00, 0x20, 0x00, 0x02, 0x00, 0x18, 0x1b, 0x00, 0x00,
  0x76, 0x15, 0x00, 0x00, 0x02, 0x00, 0x00, 0x00, 0x11, 0x00, 0x05, 0x00,
  0x25, 0x1b, 0x00, 0x00, 0x4c, 0x48, 0x01, 0x00, 0xe8, 0x00, 0x00, 0x00,
  0x12, 0x00, 0x01, 0x00, 0x2c, 0x1b, 0x00, 0x00, 0xd5, 0x00, 0x00, 0x00,
  0x00, 0x00, 0x00, 0x00, 0x10, 0x00, 0xf1, 0xff, 0x37, 0x1b, 0x00, 0x00,
  0x2d, 0x00, 0x00, 0x00, 0x00, 0x00, 0x00, 0x00, 0x10, 0x00, 0xf1, 0xff,
  0x3e, 0x1b, 0x00, 0x00, 0x60, 0x67, 0x00, 0x00, 0xb2, 0x00, 0x00, 0x00,
  0x12, 0x00, 0x02, 0x00, 0x53, 0x1b, 0x00, 0x00, 0xd0, 0x14, 0x01, 0x00,
  0x12, 0x00, 0x00, 0x00, 0x12, 0x00, 0x01, 0x00, 0x72, 0x1b, 0x00, 0x00,
  0x5a, 0x3b, 0x01, 0x00, 0x36, 0x00, 0x00, 0x00, 0x12, 0x00, 0x01, 0x00,
  0x89, 0x1b, 0x00, 0x00, 0x26, 0x41, 0x00, 0x00, 0x2c, 0x00, 0x00, 0x00,
  0x12, 0x00, 0x02, 0x00, 0x9c, 0x1b, 0x00, 0x00, 0xdc, 0x00, 0x00, 0x00,
  0x00, 0x00, 0x00, 0x00, 0x10, 0x00, 0xf1, 0xff, 0xa8, 0x1b, 0x00, 0x00,
  0x4b, 0x27, 0x00, 0x00, 0x01, 0x00, 0x00, 0x00, 0x11, 0x00, 0x05, 0x00,
  0xba, 0x1b, 0x00, 0x00, 0xee, 0x01, 0x00, 0x00, 0x00, 0x00, 0x00, 0x00,
  0x10, 0x00, 0xf1, 0xff, 0xc4, 0x1b, 0x00, 0x00, 0x06, 0xc8, 0x00, 0x00,
  0x58, 0x00, 0x00, 0x00, 0x12, 0x00, 0x02, 0x00, 0xda, 0x1b, 0x00, 0x00,
  0x12, 0x00, 0x00, 0x00, 0x00, 0x00, 0x00, 0x00, 0x10, 0x00, 0xf1, 0xff,
  0xe2, 0x1b, 0x00, 0x00, 0xd6, 0x01, 0x00, 0x00, 0x00, 0x00, 0x00, 0x00,
  0x10, 0x00, 0xf1, 0xff, 0xeb, 0x1b, 0x00, 0x00, 0x94, 0x55, 0x00, 0x00,
  0xd4, 0x00, 0x00, 0x00, 0x12, 0x00, 0x02, 0x00, 0xfe, 0x1b, 0x00, 0x00,
  0x40, 0x9b, 0x00, 0x00, 0x0a, 0x00, 0x00, 0x00, 0x12, 0x00, 0x02, 0x00,
  0x14, 0x1c, 0x00, 0x00, 0x3c, 0x29, 0x01, 0x00, 0x3c, 0x00, 0x00, 0x00,
  0x12, 0x00, 0x01, 0x00, 0x24, 0x1c, 0x00, 0x00, 0xec, 0x1c, 0x01, 0x00,
  0x36, 0x00, 0x00, 0x00, 0x12, 0x00, 0x01, 0x00, 0x43, 0x1c, 0x00, 0x00,
  0x4a, 0x69, 0x00, 0x00, 0x06, 0x00, 0x00, 0x00, 0x12, 0x00, 0x02, 0x00,
  0x59, 0x1c, 0x00, 0x00, 0x99, 0xf0, 0x00, 0x00, 0x04, 0x00, 0x00, 0x00,
  0x11, 0x00, 0x03, 0x00, 0x64, 0x1c, 0x00, 0x00, 0xb4, 0x27, 0x00, 0x00,
  0x02, 0x00, 0x00, 0x00, 0x11, 0x00, 0x05, 0x00, 0x71, 0x1c, 0x00, 0x00,
  0x16, 0x25, 0x00, 0x00, 0x0c, 0x01, 0x00, 0x00, 0x11, 0x00, 0x05, 0x00,
  0x7f, 0x1c, 0x00, 0x00, 0xb6, 0xc6, 0x00, 0x00, 0x2a, 0x00, 0x00, 0x00,
  0x12, 0x00, 0x02, 0x00, 0x8d, 0x1c, 0x00, 0x00, 0x3e, 0x00, 0x00, 0x00,
  0x00, 0x00, 0x00, 0x00, 0x10, 0x00, 0xf1, 0xff, 0x95, 0x1c, 0x00, 0x00,
  0xcf, 0x00, 0x00, 0x00, 0x00, 0x00, 0x00, 0x00, 0x10, 0x00, 0xf1, 0xff,
  0xa2, 0x1c, 0x00, 0x00, 0xc4, 0x47, 0x01, 0x00, 0x2c, 0x00, 0x00, 0x00,
  0x12, 0x00, 0x01, 0x00, 0xa7, 0x1c, 0x00, 0x00, 0xac, 0x45, 0x00, 0x00,
  0x0c, 0x00, 0x00, 0x00, 0x12, 0x00, 0x02, 0x00, 0xb5, 0x1c, 0x00, 0x00,
  0x0c, 0x11, 0x00, 0x00, 0x0c, 0x00, 0x00, 0x00, 0x11, 0x00, 0x04, 0x00,
  0xc4, 0x1c, 0x00, 0x00, 0x56, 0x69, 0x00, 0x00, 0x06, 0x00, 0x00, 0x00,
  0x12, 0x00, 0x02, 0x00, 0xd6, 0x1c, 0x00, 0x00, 0xee, 0x24, 0x00, 0x00,
  0x10, 0x00, 0x00, 0x00, 0x11, 0x00, 0x05, 0x00, 0xe6, 0x1c, 0x00, 0x00,
  0xcc, 0x60, 0x00, 0x00, 0x10, 0x00, 0x00, 0x00, 0x12, 0x00, 0x02, 0x00,
  0xf2, 0x1c, 0x00, 0x00, 0x0c, 0x12, 0x01, 0x00, 0x1e, 0x00, 0x00, 0x00,
  0x12, 0x00, 0x01, 0x00, 0x01, 0x1d, 0x00, 0x00, 0xb0, 0x6b, 0x00, 0x00,
  0x72, 0x00, 0x00, 0x00, 0x12, 0x00, 0x02, 0x00, 0x1b, 0x1d, 0x00, 0x00,
  0x92, 0x01, 0x00, 0x00, 0x00, 0x00, 0x00, 0x00, 0x10, 0x00, 0xf1, 0xff,
  0x24, 0x1d, 0x00, 0x00, 0xcc, 0x54, 0x00, 0x00, 0x28, 0x00, 0x00, 0x00,
  0x12, 0x00, 0x02, 0x00, 0x42, 0x1d, 0x00, 0x00, 0x58, 0xc9, 0x00, 0x00,
  0x1a, 0x00, 0x00, 0x00, 0x11, 0x00, 0x03, 0x00, 0x4e, 0x1d, 0x00, 0x00,
  0xd4, 0xa8, 0x00, 0x00, 0x8c, 0x00, 0x00, 0x00, 0x12, 0x00, 0x02, 0x00,
  0x65, 0x1d, 0x00, 0x00, 0xdc, 0x3a, 0x01, 0x00, 0x0e, 0x00, 0x00, 0x00,
  0x12, 0x00, 0x01, 0x00, 0x7a, 0x1d, 0x00, 0x00, 0x76, 0x33, 0x00, 0x00,
  0x00, 0x00, 0x00, 0x00, 0x20, 0x00, 0x02, 0x00, 0x83, 0x1d, 0x00, 0x00,
  0x86, 0x01, 0x00, 0x00, 0x00, 0x00, 0x00, 0x00, 0x10, 0x00, 0xf1, 0xff,
  0x8d, 0x1d, 0x00, 0x00, 0x8a, 0x76, 0x00, 0x00, 0x26, 0x00, 0x00, 0x00,
  0x12, 0x00, 0x02, 0x00, 0xa4, 0x1d, 0x00, 0x00, 0x3a, 0x00, 0x00, 0x00,
  0x00, 0x00, 0x00, 0x00, 0x10, 0x00, 0xf1, 0xff, 0xac, 0x1d, 0x00, 0x00,
  0xfe, 0x33, 0x00, 0x00, 0x00, 0x00, 0x00, 0x00, 0x12, 0x00, 0x02, 0x00,
  0xb6, 0x1d, 0x00, 0x00, 0x4c, 0x27, 0x00, 0x00, 0x5a, 0x00, 0x00, 0x00,
  0x11, 0x00, 0x05, 0x00, 0xca, 0x1d, 0x00, 0x00, 0x38, 0x00, 0x00, 0x00,
  0x00, 0x00, 0x00, 0x00, 0x10, 0x00, 0xf1, 0xff, 0xd1, 0x1d, 0x00, 0x00,
  0x25, 0x00, 0x00, 0x00, 0x00, 0x00, 0x00, 0x00, 0x10, 0x00, 0xf1, 0xff,
  0xd8, 0x1d, 0x00, 0x00, 0xac, 0x2b, 0x01, 0x00, 0x06, 0x00, 0x00, 0x00,
  0x12, 0x00, 0x01, 0x00, 0xe9, 0x1d, 0x00, 0x00, 0x6b, 0x00, 0x00, 0x00,
  0x00, 0x00, 0x00, 0x00, 0x10, 0x00, 0xf1, 0xff, 0xf3, 0x1d, 0x00, 0x00,
  0x7a, 0x6a, 0x00, 0x00, 0x24, 0x00, 0x00, 0x00, 0x12, 0x00, 0x02, 0x00,
  0x0b, 0x1e, 0x00, 0x00, 0xc0, 0xbf, 0x00, 0x00, 0x32, 0x00, 0x00, 0x00,
  0x12, 0x00, 0x02, 0x00, 0x14, 0x1e, 0x00, 0x00, 0x90, 0x28, 0x00, 0x00,
  0x01, 0x00, 0x00, 0x00, 0x11, 0x00, 0x05, 0x00, 0x26, 0x1e, 0x00, 0x00,
  0xd4, 0x00, 0x00, 0x00, 0x00, 0x00, 0x00, 0x00, 0x10, 0x00, 0xf1, 0xff,
  0x31, 0x1e, 0x00, 0x00, 0xdd, 0x00, 0x00, 0x00, 0x00, 0x00, 0x00, 0x00,
  0x10, 0x00, 0xf1, 0xff, 0x3c, 0x1e, 0x00, 0x00, 0xa0, 0x01, 0x00, 0x00,
  0x00, 0x00, 0x00, 0x00, 0x10, 0x00, 0xf1, 0xff, 0x48, 0x1e, 0x00, 0x00,
  0x8e, 0x6e, 0x00, 0x00, 0x36, 0x00, 0x00, 0x00, 0x12, 0x00, 0x02, 0x00,
  0x56, 0x1e, 0x00, 0x00, 0x62, 0x3d, 0x01, 0x00, 0x12, 0x00, 0x00, 0x00,
  0x12, 0x00, 0x01, 0x00, 0x68, 0x1e, 0x00, 0x00, 0xa2, 0x63, 0x00, 0x00,
  0x0a, 0x00, 0x00, 0x00, 0x12, 0x00, 0x02, 0x00, 0x71, 0x1e, 0x00, 0x00,
  0xf2, 0x4c, 0x00, 0x00, 0x06, 0x00, 0x00, 0x00, 0x12, 0x00, 0x02, 0x00,
  0x8b, 0x1e, 0x00, 0x00, 0x92, 0xc1, 0x00, 0x00, 0x22, 0x00, 0x00, 0x00,
  0x12, 0x00, 0x02, 0x00, 0x98, 0x1e, 0x00, 0x00, 0x7c, 0x6e, 0x00, 0x00,
  0x12, 0x00, 0x00, 0x00, 0x12, 0x00, 0x02, 0x00, 0xab, 0x1e, 0x00, 0x00,
  0x00, 0x00, 0x00, 0x00, 0x00, 0x00, 0x00, 0x00, 0x10, 0x00, 0x00, 0x00,
  0xc9, 0x1e, 0x00, 0x00, 0x84, 0x3a, 0x01, 0x00, 0x2a, 0x00, 0x00, 0x00,
  0x12, 0x00, 0x01, 0x00, 0xd3, 0x1e, 0x00, 0x00, 0xac, 0x63, 0x00, 0x00,
  0x6e, 0x00, 0x00, 0x00, 0x12, 0x00, 0x02, 0x00, 0xe3, 0x1e, 0x00, 0x00,
  0x66, 0x00, 0x00, 0x00, 0x00, 0x00, 0x00, 0x00, 0x10, 0x00, 0xf1, 0xff,
  0xef, 0x1e, 0x00, 0x00, 0x4a, 0x60, 0x00, 0x00, 0x12, 0x00, 0x00, 0x00,
  0x12, 0x00, 0x02, 0x00, 0xf9, 0x1e, 0x00, 0x00, 0xe0, 0x65, 0x00, 0x00,
  0x22, 0x00, 0x00, 0x00, 0x12, 0x00, 0x02, 0x00, 0x11, 0x1f, 0x00, 0x00,
  0xfe, 0x35, 0x00, 0x00, 0x26, 0x00, 0x00, 0x00, 0x12, 0x00, 0x02, 0x00,
  0x2a, 0x1f, 0x00, 0x00, 0x9a, 0x11, 0x01, 0x00, 0x0e, 0x00, 0x00, 0x00,
  0x12, 0x00, 0x01, 0x00, 0x37, 0x1f, 0x00, 0x00, 0x82, 0x00, 0x00, 0x00,
  0x00, 0x00, 0x00, 0x00, 0x10, 0x00, 0xf1, 0xff, 0x44, 0x1f, 0x00, 0x00,
  0x9c, 0x01, 0x00, 0x00, 0x00, 0x00, 0x00, 0x00, 0x10, 0x00, 0xf1, 0xff,
  0x4d, 0x1f, 0x00, 0x00, 0xf6, 0x14, 0x01, 0x00, 0x04, 0x00, 0x00, 0x00,
  0x12, 0x00, 0x01, 0x00, 0x63, 0x1f, 0x00, 0x00, 0x61, 0x00, 0x00, 0x00,
  0x00, 0x00, 0x00, 0x00, 0x10, 0x00, 0xf1, 0xff, 0x6e, 0x1f, 0x00, 0x00,
  0x50, 0x98, 0x00, 0x00, 0x22, 0x00, 0x00, 0x00, 0x12, 0x00, 0x02, 0x00,
  0x7d, 0x1f, 0x00, 0x00, 0xf4, 0x36, 0x00, 0x00, 0x00, 0x00, 0x00, 0x00,
  0x10, 0x00, 0x02, 0x00, 0x86, 0x1f, 0x00, 0x00, 0x60, 0xa9, 0x00, 0x00,
  0x70, 0x00, 0x00, 0x00, 0x12, 0x00, 0x02, 0x00, 0x97, 0x1f, 0x00, 0x00,
  0x4e, 0x3d, 0x01, 0x00, 0x14, 0x00, 0x00, 0x00, 0x12, 0x00, 0x01, 0x00,
  0xa6, 0x1f, 0x00, 0x00, 0x10, 0x35, 0x00, 0x00, 0x00, 0x00, 0x00, 0x00,
  0x10, 0x00, 0x02, 0x00, 0xb3, 0x1f, 0x00, 0x00, 0x78, 0xc7, 0x00, 0x00,
  0x0a, 0x00, 0x00, 0x00, 0x12, 0x00, 0x02, 0x00, 0xbf, 0x1f, 0x00, 0x00,
  0x38, 0x00, 0x00, 0x00, 0x00, 0x00, 0x00, 0x00, 0x10, 0x00, 0xf1, 0xff,
  0xc6, 0x1f, 0x00, 0x00, 0x60, 0x11, 0x00, 0x00, 0x02, 0x00, 0x00, 0x00,
  0x11, 0x00, 0x04, 0x00, 0xda, 0x1f, 0x00, 0x00, 0x94, 0xa6, 0x00, 0x00,
  0x1c, 0x00, 0x00, 0x00, 0x12, 0x00, 0x02, 0x00, 0xea, 0x1f, 0x00, 0x00,
  0x7c, 0x9f, 0x00, 0x00, 0x54, 0x00, 0x00, 0x00, 0x12, 0x00, 0x02, 0x00,
  0x02, 0x20, 0x00, 0x00, 0xac, 0x52, 0x00, 0x00, 0x12, 0x00, 0x00, 0x00,
  0x12, 0x00, 0x02, 0x00, 0x0d, 0x20, 0x00, 0x00, 0xcd, 0x00, 0x00, 0x00,
  0x00, 0x00, 0x00, 0x00, 0x10, 0x00, 0xf1, 0xff, 0x19, 0x20, 0x00, 0x00,
  0x52, 0x41, 0x00, 0x00, 0x1e, 0x00, 0x00, 0x00, 0x12, 0x00, 0x02, 0x00,
  0x2c, 0x20, 0x00, 0x00, 0x35, 0x00, 0x00, 0x00, 0x00, 0x00, 0x00, 0x00,
  0x10, 0x00, 0xf1, 0xff, 0x34, 0x20, 0x00, 0x00, 0xd0, 0xa9, 0x00, 0x00,
  0xe8, 0x00, 0x00, 0x00, 0x12, 0x00, 0x02, 0x00, 0x4d, 0x20, 0x00, 0x00,
  0xc0, 0x24, 0x00, 0x00, 0x01, 0x00, 0x00, 0x00, 0x11, 0x00, 0x05, 0x00,
  0x5c, 0x20, 0x00, 0x00, 0x34, 0x00, 0x00, 0x00, 0x00, 0x00, 0x00, 0x00,
  0x10, 0x00, 0xf1, 0xff, 0x63, 0x20, 0x00, 0x00, 0x6a, 0xa6, 0x00, 0x00,
  0x2a, 0x00, 0x00, 0x00, 0x12, 0x00, 0x02, 0x00, 0x7f, 0x20, 0x00, 0x00,
  0xc8, 0x01, 0x00, 0x00, 0x00, 0x00, 0x00, 0x00, 0x10, 0x00, 0xf1, 0xff,
  0x8c, 0x20, 0x00, 0x00, 0x82, 0x01, 0x00, 0x00, 0x00, 0x00, 0x00, 0x00,
  0x10, 0x00, 0xf1, 0xff, 0x96, 0x20, 0x00, 0x00, 0xd8, 0x37, 0x00, 0x00,
  0x00, 0x00, 0x00, 0x00, 0x10, 0x00, 0x02, 0x00, 0x9f, 0x20, 0x00, 0x00,
  0x82, 0xc9, 0x00, 0x00, 0x08, 0x00, 0x00, 0x00, 0x11, 0x00, 0x03, 0x00,
  0xad, 0x20, 0x00, 0x00, 0x00, 0x00, 0x00, 0x00, 0x00, 0x00, 0x00, 0x00,
  0x10, 0x00, 0x00, 0x00, 0xc0, 0x20, 0x00, 0x00, 0x9a, 0x13, 0x01, 0x00,
  0x0c, 0x00, 0x00, 0x00, 0x12, 0x00, 0x01, 0x00, 0xd6, 0x20, 0x00, 0x00,
  0x34, 0x60, 0x00, 0x00, 0x0c, 0x00, 0x00, 0x00, 0x12, 0x00, 0x02, 0x00,
  0xed, 0x20, 0x00, 0x00, 0x26, 0x5d, 0x00, 0x00, 0x3e, 0x00, 0x00, 0x00,
  0x12, 0x00, 0x02, 0x00, 0xfb, 0x20, 0x00, 0x00, 0xc4, 0x70, 0x00, 0x00,
  0xcc, 0x00, 0x00, 0x00, 0x12, 0x00, 0x02, 0x00, 0x0e, 0x21, 0x00, 0x00,
  0xc4, 0x9e, 0x00, 0x00, 0xb8, 0x00, 0x00, 0x00, 0x12, 0x00, 0x02, 0x00,
  0x30, 0x21, 0x00, 0x00, 0xb6, 0x27, 0x00, 0x00, 0x08, 0x00, 0x00, 0x00,
  0x11, 0x00, 0x05, 0x00, 0x3b, 0x21, 0x00, 0x00, 0x6d, 0x00, 0x00, 0x00,
  0x00, 0x00, 0x00, 0x00, 0x10, 0x00, 0xf1, 0xff, 0x46, 0x21, 0x00, 0x00,
  0xf2, 0xbf, 0x00, 0x00, 0x2e, 0x00, 0x00, 0x00, 0x12, 0x00, 0x02, 0x00,
  0x57, 0x21, 0x00, 0x00, 0xa6, 0x50, 0x00, 0x00, 0x2c, 0x00, 0x00, 0x00,
  0x12, 0x00, 0x02, 0x00, 0x64, 0x21, 0x00, 0x00, 0x9e, 0x01, 0x00, 0x00,
  0x00, 0x00, 0x00, 0x00, 0x10, 0x00, 0xf1, 0xff, 0x6d, 0x21, 0x00, 0x00,
  0x76, 0x33, 0x00, 0x00, 0x00, 0x00, 0x00, 0x00, 0x20, 0x00, 0x02, 0x00,
  0x75, 0x21, 0x00, 0x00, 0x13, 0x00, 0x00, 0x00, 0x00, 0x00, 0x00, 0x00,
  0x10, 0x00, 0xf1, 0xff, 0x7d, 0x21, 0x00, 0x00, 0xf8, 0x3a, 0x01, 0x00,
  0x62, 0x00, 0x00, 0x00, 0x12, 0x00, 0x01, 0x00, 0x94, 0x21, 0x00, 0x00,
  0x60, 0x7f, 0x00, 0x00, 0x10, 0x00, 0x00, 0x00, 0x12, 0x00, 0x02, 0x00,
  0xa1, 0x21, 0x00, 0x00, 0xc1, 0x24, 0x00, 0x00, 0x01, 0x00, 0x00, 0x00,
  0x11, 0x00, 0x05, 0x00, 0xad, 0x21, 0x00, 0x00, 0x3b, 0x00, 0x00, 0x00,
  0x00, 0x00, 0x00, 0x00, 0x10, 0x00, 0xf1, 0xff, 0xb5, 0x21, 0x00, 0x00,
  0x0a, 0x30, 0x01, 0x00, 0x0a, 0x00, 0x00, 0x00, 0x12, 0x00, 0x01, 0x00,
  0xc5, 0x21, 0x00, 0x00, 0x63, 0x00, 0x00, 0x00, 0x00, 0x00, 0x00, 0x00,
  0x10, 0x00, 0xf1, 0xff, 0xcf, 0x21, 0x00, 0x00, 0xbe, 0x27, 0x00, 0x00,
  0x8c, 0x00, 0x00, 0x00, 0x11, 0x00, 0x05, 0x00, 0xdf, 0x21, 0x00, 0x00,
  0xaa, 0x17, 0x01, 0x00, 0x5c, 0x00, 0x00, 0x00, 0x12, 0x00, 0x01, 0x00,
  0xf6, 0x21, 0x00, 0x00, 0xee, 0x34, 0x00, 0x00, 0x00, 0x00, 0x00, 0x00,
  0x12, 0x00, 0x02, 0x00, 0x00, 0x22, 0x00, 0x00, 0x6e, 0xfe, 0x00, 0x00,
  0x00, 0x00, 0x00, 0x00, 0x10, 0x00, 0xf1, 0xff, 0x12, 0x22, 0x00, 0x00,
  0x4a, 0x28, 0x00, 0x00, 0x01, 0x00, 0x00, 0x00, 0x11, 0x00, 0x05, 0x00,
  0x1c, 0x22, 0x00, 0x00, 0x6a, 0x5d, 0x00, 0x00, 0x12, 0x00, 0x00, 0x00,
  0x12, 0x00, 0x02, 0x00, 0x24, 0x22, 0x00, 0x00, 0x76, 0x33, 0x00, 0x00,
  0x00, 0x00, 0x00, 0x00, 0x10, 0x00, 0x02, 0x00, 0x30, 0x22, 0x00, 0x00,
  0x3e, 0x53, 0x00, 0x00, 0x06, 0x00, 0x00, 0x00, 0x12, 0x00, 0x02, 0x00,
  0x47, 0x22, 0x00, 0x00, 0x22, 0x26, 0x00, 0x00, 0x10, 0x00, 0x00, 0x00,
  0x11, 0x00, 0x05, 0x00, 0x5a, 0x22, 0x00, 0x00, 0x3e, 0x35, 0x00, 0x00,
  0x84, 0x00, 0x00, 0x00, 0x12, 0x00, 0x02, 0x00, 0x64, 0x22, 0x00, 0x00,
  0xa2, 0x2b, 0x01, 0x00, 0x0a, 0x00, 0x00, 0x00, 0x12, 0x00, 0x01, 0x00,
  0x75, 0x22, 0x00, 0x00, 0x3c, 0x00, 0x00, 0x00, 0x00, 0x00, 0x00, 0x00,
  0x10, 0x00, 0xf1, 0xff, 0x7d, 0x22, 0x00, 0x00, 0x53, 0x00, 0x00, 0x00,
  0x00, 0x00, 0x00, 0x00, 0x10, 0x00, 0xf1, 0xff, 0x87, 0x22, 0x00, 0x00,
  0xc4, 0x6e, 0x00, 0x00, 0x18, 0x00, 0x00, 0x00, 0x12, 0x00, 0x02, 0x00,
  0x94, 0x22, 0x00, 0x00, 0x58, 0x6f, 0x00, 0x00, 0x2a, 0x00, 0x00, 0x00,
  0x12, 0x00, 0x02, 0x00, 0xa2, 0x22, 0x00, 0x00, 0x39, 0x00, 0x00, 0x00,
  0x00, 0x00, 0x00, 0x00, 0x10, 0x00, 0xf1, 0xff, 0xa9, 0x22, 0x00, 0x00,
  0xde, 0x01, 0x00, 0x00, 0x00, 0x00, 0x00, 0x00, 0x10, 0x00, 0xf1, 0xff,
  0xb2, 0x22, 0x00, 0x00, 0x98, 0x28, 0x00, 0x00, 0x00, 0x00, 0x00, 0x00,
  0x10, 0x00, 0x05, 0x00, 0xbc, 0x22, 0x00, 0x00, 0x88, 0x00, 0x00, 0x00,
  0x00, 0x00, 0x00, 0x00, 0x10, 0x00, 0xf1, 0xff, 0xc9, 0x22, 0x00, 0x00,
  0xc2, 0x29, 0x01, 0x00, 0x48, 0x00, 0x00, 0x00, 0x12, 0x00, 0x01, 0x00,
  0xde, 0x22, 0x00, 0x00, 0x66, 0x01, 0x00, 0x00, 0x00, 0x00, 0x00, 0x00,
  0x10, 0x00, 0xf1, 0xff, 0xe8, 0x22, 0x00, 0x00, 0xdc, 0x6e, 0x00, 0x00,
  0x12, 0x00, 0x00, 0x00, 0x12, 0x00, 0x02, 0x00, 0xf6, 0x22, 0x00, 0x00,
  0xd4, 0x34, 0x00, 0x00, 0x00, 0x00, 0x00, 0x00, 0x12, 0x00, 0x02, 0x00,
  0x9a, 0x11, 0x00, 0x00, 0xce, 0x24, 0x00, 0x00, 0x16, 0x00, 0x00, 0x00,
  0x11, 0x00, 0x05, 0x00, 0x00, 0x23, 0x00, 0x00, 0xe8, 0x01, 0x00, 0x00,
  0x00, 0x00, 0x00, 0x00, 0x10, 0x00, 0xf1, 0xff, 0x0a, 0x23, 0x00, 0x00,
  0x65, 0x00, 0x00, 0x00, 0x00, 0x00, 0x00, 0x00, 0x10, 0x00, 0xf1, 0xff,
  0x15, 0x23, 0x00, 0x00, 0xe6, 0x14, 0x00, 0x00, 0x02, 0x00, 0x00, 0x00,
  0x11, 0x00, 0x05, 0x00, 0x1d, 0x23, 0x00, 0x00, 0xd2, 0x01, 0x00, 0x00,
  0x00, 0x00, 0x00, 0x00, 0x10, 0x00, 0xf1, 0xff, 0x27, 0x23, 0x00, 0x00,
  0xf4, 0xc8, 0x00, 0x00, 0x0e, 0x00, 0x00, 0x00, 0x11, 0x00, 0x03, 0x00,
  0x2f, 0x23, 0x00, 0x00, 0x1a, 0x61, 0x00, 0x00, 0x40, 0x00, 0x00, 0x00,
  0x12, 0x00, 0x02, 0x00, 0x3a, 0x23, 0x00, 0x00, 0x76, 0x33, 0x00, 0x00,
  0x00, 0x00, 0x00, 0x00, 0x20, 0x00, 0x02, 0x00, 0x42, 0x23, 0x00, 0x00,
  0x3c, 0x68, 0x00, 0x00, 0x10, 0x00, 0x00, 0x00, 0x12, 0x00, 0x02, 0x00,
  0x51, 0x23, 0x00, 0x00, 0x56, 0x01, 0x00, 0x00, 0x00, 0x00, 0x00, 0x00,
  0x10, 0x00, 0xf1, 0xff, 0x5e, 0x23, 0x00, 0x00, 0x46, 0x60, 0x00, 0x00,
  0x04, 0x00, 0x00, 0x00, 0x12, 0x00, 0x02, 0x00, 0x68, 0x23, 0x00, 0x00,
  0x54, 0xc7, 0x00, 0x00, 0x24, 0x00, 0x00, 0x00, 0x12, 0x00, 0x02, 0x00,
  0x74, 0x23, 0x00, 0x00, 0x60, 0x01, 0x00, 0x00, 0x00, 0x00, 0x00, 0x00,
  0x10, 0x00, 0xf1, 0xff, 0x7c, 0x23, 0x00, 0x00, 0xf6, 0x33, 0x00, 0x00,
  0x00, 0x00, 0x00, 0x00, 0x12, 0x00, 0x02, 0x00, 0x85, 0x23, 0x00, 0x00,
  0x58, 0x01, 0x00, 0x00, 0x00, 0x00, 0x00, 0x00, 0x10, 0x00, 0xf1, 0xff,
  0x92, 0x23, 0x00, 0x00, 0x2c, 0x01, 0x00, 0x00, 0x00, 0x00, 0x00, 0x00,
  0x10, 0x00, 0xf1, 0xff, 0x9a, 0x23, 0x00, 0x00, 0xa6, 0x27, 0x00, 0x00,
  0x0c, 0x00, 0x00, 0x00, 0x11, 0x00, 0x05, 0x00, 0xb1, 0x23, 0x00, 0x00,
  0x1a, 0x60, 0x00, 0x00, 0x08, 0x00, 0x00, 0x00, 0x12, 0x00, 0x02, 0x00,
  0xbf, 0x23, 0x00, 0x00, 0x76, 0x33, 0x00, 0x00, 0x00, 0x00, 0x00, 0x00,
  0x20, 0x00, 0x02, 0x00, 0xc8, 0x23, 0x00, 0x00, 0x6e, 0x6d, 0x00, 0x00,
  0x0e, 0x00, 0x00, 0x00, 0x12, 0x00, 0x02, 0x00, 0xdc, 0x23, 0x00, 0x00,
  0xc2, 0x24, 0x00, 0x00, 0x02, 0x00, 0x00, 0x00, 0x11, 0x00, 0x05, 0x00,
  0xe7, 0x23, 0x00, 0x00, 0xa6, 0x13, 0x01, 0x00, 0x24, 0x01, 0x00, 0x00,
  0x12, 0x00, 0x01, 0x00, 0xfd, 0x23, 0x00, 0x00, 0x48, 0x01, 0x00, 0x00,
  0x00, 0x00, 0x00, 0x00, 0x10, 0x00, 0xf1, 0xff, 0x09, 0x24, 0x00, 0x00,
  0xc4, 0x24, 0x00, 0x00, 0x01, 0x00, 0x00, 0x00, 0x11, 0x00, 0x05, 0x00,
  0x15, 0x24, 0x00, 0x00, 0xfe, 0x28, 0x01, 0x00, 0x0a, 0x00, 0x00, 0x00,
  0x12, 0x00, 0x01, 0x00, 0x22, 0x24, 0x00, 0x00, 0xa8, 0xc7, 0x00, 0x00,
  0x5e, 0x00, 0x00, 0x00, 0x12, 0x00, 0x02, 0x00, 0x32, 0x24, 0x00, 0x00,
  0x3e, 0x00, 0x00, 0x00, 0x00, 0x00, 0x00, 0x00, 0x10, 0x00, 0xf1, 0xff,
  0x3a, 0x24, 0x00, 0x00, 0x2e, 0x00, 0x00, 0x00, 0x00, 0x00, 0x00, 0x00,
  0x10, 0x00, 0xf1, 0xff, 0x42, 0x24, 0x00, 0x00, 0x1a, 0x64, 0x00, 0x00,
  0x2e, 0x00, 0x00, 0x00, 0x12, 0x00, 0x02, 0x00, 0x52, 0x24, 0x00, 0x00,
  0x80, 0x01, 0x00, 0x00, 0x00, 0x00, 0x00, 0x00, 0x10, 0x00, 0xf1, 0xff,
  0x5a, 0x24, 0x00, 0x00, 0x30, 0x75, 0x00, 0x00, 0x98, 0x00, 0x00, 0x00,
  0x12, 0x00, 0x02, 0x00, 0x68, 0x24, 0x00, 0x00, 0xee, 0x1b, 0x01, 0x00,
  0x14, 0x00, 0x00, 0x00, 0x12, 0x00, 0x01, 0x00, 0x7d, 0x24, 0x00, 0x00,
  0xf9, 0x10, 0x00, 0x00, 0x00, 0x00, 0x00, 0x00, 0x10, 0x00, 0xf1, 0xff,
  0x8c, 0x24, 0x00, 0x00, 0x6a, 0xa4, 0x00, 0x00, 0xda, 0x00, 0x00, 0x00,
  0x12, 0x00, 0x02, 0x00, 0x9f, 0x24, 0x00, 0x00, 0x26, 0x01, 0x00, 0x00,
  0x00, 0x00, 0x00, 0x00, 0x10, 0x00, 0xf1, 0xff, 0xa7, 0x24, 0x00, 0x00,
  0x8d, 0x00, 0x00, 0x00, 0x00, 0x00, 0x00, 0x00, 0x10, 0x00, 0xf1, 0xff,
  0xb5, 0x24, 0x00, 0x00, 0xb8, 0x24, 0x00, 0x00, 0x01, 0x00, 0x00, 0x00,
  0x11, 0x00, 0x05, 0x00, 0xcd, 0x24, 0x00, 0x00, 0x44, 0xa5, 0x00, 0x00,
  0x20, 0x00, 0x00, 0x00, 0x12, 0x00, 0x02, 0x00, 0xe2, 0x24, 0x00, 0x00,
  0xe4, 0x24, 0x00, 0x00, 0x08, 0x00, 0x00, 0x00, 0x11, 0x00, 0x05, 0x00,
  0xf5, 0x24, 0x00, 0x00, 0x4c, 0x01, 0x00, 0x00, 0x00, 0x00, 0x00, 0x00,
  0x10, 0x00, 0xf1, 0xff, 0x01, 0x25, 0x00, 0x00, 0x23, 0x00, 0x00, 0x00,
  0x00, 0x00, 0x00, 0x00, 0x10, 0x00, 0xf1, 0xff, 0x09, 0x25, 0x00, 0x00,
  0xfb, 0x10, 0x00, 0x00, 0x00, 0x00, 0x00, 0x00, 0x10, 0x00, 0xf1, 0xff,
  0x18, 0x25, 0x00, 0x00, 0xca, 0x14, 0x01, 0x00, 0x06, 0x00, 0x00, 0x00,
  0x12, 0x00, 0x01, 0x00, 0x37, 0x25, 0x00, 0x00, 0x4c, 0x50, 0x00, 0x00,
  0x4a, 0x00, 0x00, 0x00, 0x12, 0x00, 0x02, 0x00, 0x4f, 0x25, 0x00, 0x00,
  0xf8, 0x82, 0x00, 0x00, 0xb0, 0x01, 0x00, 0x00, 0x12, 0x00, 0x02, 0x00,
  0x69, 0x25, 0x00, 0x00, 0x98, 0xa8, 0x00, 0x00, 0x3c, 0x00, 0x00, 0x00,
  0x12, 0x00, 0x02, 0x00, 0x83, 0x25, 0x00, 0x00, 0x3c, 0x01, 0x00, 0x00,
  0x00, 0x00, 0x00, 0x00, 0x10, 0x00, 0xf1, 0xff, 0x8b, 0x25, 0x00, 0x00,
  0x1a, 0x01, 0x00, 0x00, 0x00, 0x00, 0x00, 0x00, 0x10, 0x00, 0xf1, 0xff,
  0x97, 0x25, 0x00, 0x00, 0xce, 0x00, 0x00, 0x00, 0x00, 0x00, 0x00, 0x00,
  0x10, 0x00, 0xf1, 0xff, 0xa4, 0x25, 0x00, 0x00, 0x72, 0x01, 0x00, 0x00,
  0x00, 0x00, 0x00, 0x00, 0x10, 0x00, 0xf1, 0xff, 0xad, 0x25, 0x00, 0x00,
  0x2a, 0xa6, 0x00, 0x00, 0x24, 0x00, 0x00, 0x00, 0x12, 0x00, 0x02, 0x00,
  0xc6, 0x25, 0x00, 0x00, 0x7c, 0x5d, 0x00, 0x00, 0x12, 0x00, 0x00, 0x00,
  0x12, 0x00, 0x02, 0x00, 0xcf, 0x25, 0x00, 0x00, 0xa4, 0x5c, 0x00, 0x00,
  0x0a, 0x00, 0x00, 0x00, 0x12, 0x00, 0x02, 0x00, 0xd8, 0x25, 0x00, 0x00,
  0x56, 0x00, 0x00, 0x00, 0x00, 0x00, 0x00, 0x00, 0x10, 0x00, 0xf1, 0xff,
  0xe1, 0x25, 0x00, 0x00, 0x85, 0x00, 0x00, 0x00, 0x00, 0x00, 0x00, 0x00,
  0x10, 0x00, 0xf1, 0xff, 0xee, 0x25, 0x00, 0x00, 0xce, 0x6f, 0x00, 0x00,
  0xf6, 0x00, 0x00, 0x00, 0x12, 0x00, 0x02, 0x00, 0x06, 0x26, 0x00, 0x00,
  0xd6, 0x23, 0x01, 0x00, 0xf6, 0x00, 0x00, 0x00, 0x12, 0x00, 0x01, 0x00,
  0x15, 0x26, 0x00, 0x00, 0x03, 0x00, 0x00, 0x00, 0x00, 0x00, 0x00, 0x00,
  0x10, 0x00, 0xf1, 0xff, 0x1c, 0x26, 0x00, 0x00, 0x98, 0x28, 0x00, 0x00,
  0x02, 0x00, 0x00, 0x00, 0x11, 0x00, 0x06, 0x00, 0x2e, 0x26, 0x00, 0x00,
  0x00, 0x11, 0x00, 0x00, 0x0c, 0x00, 0x00, 0x00, 0x11, 0x00, 0x04, 0x00,
  0x3f, 0x26, 0x00, 0x00, 0x00, 0x00, 0x00, 0x00, 0x00, 0x00, 0x00, 0x00,
  0x10, 0x00, 0xf1, 0xff, 0x4f, 0x26, 0x00, 0x00, 0x34, 0x50, 0x00, 0x00,
  0x18, 0x00, 0x00, 0x00, 0x12, 0x00, 0x02, 0x00, 0x5b, 0x26, 0x00, 0x00,
  0x00, 0x5c, 0x00, 0x00, 0x36, 0x00, 0x00, 0x00, 0x12, 0x00, 0x02, 0x00,
  0x6b, 0x26, 0x00, 0x00, 0xda, 0x10, 0x00, 0x00, 0x00, 0x00, 0x00, 0x00,
  0x10, 0x00, 0xf1, 0xff, 0x7d, 0x26, 0x00, 0x00, 0xb0, 0x24, 0x00, 0x00,
  0x04, 0x00, 0x00, 0x00, 0x11, 0x00, 0x05, 0x00, 0x8a, 0x26, 0x00, 0x00,
  0x44, 0x53, 0x00, 0x00, 0xe0, 0x00, 0x00, 0x00, 0x12, 0x00, 0x02, 0x00,
  0xa0, 0x26, 0x00, 0x00, 0x1b, 0x00, 0x00, 0x00, 0x00, 0x00, 0x00, 0x00,
  0x10, 0x00, 0xf1, 0xff, 0xa8, 0x26, 0x00, 0x00, 0xd0, 0x01, 0x00, 0x00,
  0x00, 0x00, 0x00, 0x00, 0x10, 0x00, 0xf1, 0xff, 0xb2, 0x26, 0x00, 0x00,
  0x45, 0x00, 0x00, 0x00, 0x00, 0x00, 0x00, 0x00, 0x10, 0x00, 0xf1, 0xff,
  0xbb, 0x26, 0x00, 0x00, 0x76, 0x33, 0x00, 0x00, 0x00, 0x00, 0x00, 0x00,
  0x20, 0x00, 0x02, 0x00, 0xc3, 0x26, 0x00, 0x00, 0xba, 0x24, 0x00, 0x00,
  0x02, 0x00, 0x00, 0x00, 0x11, 0x00, 0x05, 0x00, 0xe4, 0x26, 0x00, 0x00,
  0x95, 0xf0, 0x00, 0x00, 0x04, 0x00, 0x00, 0x00, 0x11, 0x00, 0x03, 0x00,
  0xf0, 0x26, 0x00, 0x00, 0xe8, 0xa2, 0x00, 0x00, 0x5c, 0x00, 0x00, 0x00,
  0x12, 0x00, 0x02, 0x00, 0x05, 0x27, 0x00, 0x00, 0xd6, 0x42, 0x00, 0x00,
  0x16, 0x00, 0x00, 0x00, 0x12, 0x00, 0x02, 0x00, 0x1e, 0x27, 0x00, 0x00,
  0x8c, 0x37, 0x00, 0x00, 0x00, 0x00, 0x00, 0x00, 0x10, 0x00, 0x02, 0x00,
  0x27, 0x27, 0x00, 0x00, 0xf7, 0x10, 0x00, 0x00, 0x00, 0x00, 0x00, 0x00,
  0x10, 0x00, 0xf1, 0xff, 0x38, 0x27, 0x00, 0x00, 0x6c, 0x00, 0x00, 0x00,
  0x00, 0x00, 0x00, 0x00, 0x10, 0x00, 0xf1, 0xff, 0x44, 0x27, 0x00, 0x00,
  0x6a, 0x00, 0x00, 0x00, 0x00, 0x00, 0x00, 0x00, 0x10, 0x00, 0xf1, 0xff,
  0x4e, 0x27, 0x00, 0x00, 0x3a, 0x45, 0x00, 0x00, 0x28, 0x00, 0x00, 0x00,
  0x12, 0x00, 0x02, 0x00, 0x59, 0x27, 0x00, 0x00, 0x6e, 0x45, 0x00, 0x00,
  0x24, 0x00, 0x00, 0x00, 0x12, 0x00, 0x02, 0x00, 0x64, 0x27, 0x00, 0x00,
  0x2c, 0x34, 0x00, 0x00, 0x00, 0x00, 0x00, 0x00, 0x12, 0x00, 0x02, 0x00,
  0x6e, 0x27, 0x00, 0x00, 0x9e, 0x6a, 0x00, 0x00, 0x0c, 0x00, 0x00, 0x00,
  0x12, 0x00, 0x02, 0x00, 0x81, 0x27, 0x00, 0x00, 0x4c, 0x28, 0x00, 0x00,
  0x02, 0x00, 0x00, 0x00, 0x11, 0x00, 0x05, 0x00, 0x8e, 0x27, 0x00, 0x00,
  0x28, 0x00, 0x00, 0x00, 0x00, 0x00, 0x00, 0x00, 0x10, 0x00, 0xf1, 0xff,
  0x95, 0x27, 0x00, 0x00, 0xfc, 0xc6, 0x00, 0x00, 0x2a, 0x00, 0x00, 0x00,
  0x12, 0x00, 0x02, 0x00, 0xa3, 0x27, 0x00, 0x00, 0xac, 0x69, 0x00, 0x00,
  0x0c, 0x00, 0x00, 0x00, 0x12, 0x00, 0x02, 0x00, 0xb4, 0x27, 0x00, 0x00,
  0x4e, 0x01, 0x00, 0x00, 0x00, 0x00, 0x00, 0x00, 0x10, 0x00, 0xf1, 0xff,
  0xc0, 0x27, 0x00, 0x00, 0x22, 0x1d, 0x01, 0x00, 0x82, 0x02, 0x00, 0x00,
  0x12, 0x00, 0x01, 0x00, 0xcd, 0x27, 0x00, 0x00, 0x18, 0x01, 0x00, 0x00,
  0x00, 0x00, 0x00, 0x00, 0x10, 0x00, 0xf1, 0xff, 0xd9, 0x27, 0x00, 0x00,
  0x84, 0x01, 0x00, 0x00, 0x00, 0x00, 0x00, 0x00, 0x10, 0x00, 0xf1, 0xff,
  0xe3, 0x27, 0x00, 0x00, 0x3c, 0x12, 0x01, 0x00, 0x10, 0x01, 0x00, 0x00,
  0x12, 0x00, 0x01, 0x00, 0xf3, 0x27, 0x00, 0x00, 0xde, 0x00, 0x00, 0x00,
  0x00, 0x00, 0x00, 0x00, 0x10, 0x00, 0xf1, 0xff, 0xff, 0x27, 0x00, 0x00,
  0x5b, 0x00, 0x00, 0x00, 0x00, 0x00, 0x00, 0x00, 0x10, 0x00, 0xf1, 0xff,
  0x06, 0x28, 0x00, 0x00, 0x4e, 0xa4, 0x00, 0x00, 0x1c, 0x00, 0x00, 0x00,
  0x12, 0x00, 0x02, 0x00, 0x18, 0x28, 0x00, 0x00, 0xbc, 0x33, 0x00, 0x00,
  0x00, 0x00, 0x00, 0x00, 0x12, 0x00, 0x02, 0x00, 0x22, 0x28, 0x00, 0x00,
  0xb8, 0xaa, 0x00, 0x00, 0x0e, 0x00, 0x00, 0x00, 0x12, 0x00, 0x02, 0x00,
  0x33, 0x28, 0x00, 0x00, 0x9c, 0xa3, 0x00, 0x00, 0x34, 0x00, 0x00, 0x00,
  0x12, 0x00, 0x02, 0x00, 0x4f, 0x28, 0x00, 0x00, 0x76, 0x33, 0x00, 0x00,
  0x00, 0x00, 0x00, 0x00, 0x20, 0x00, 0x02, 0x00, 0x57, 0x28, 0x00, 0x00,
  0xc6, 0x24, 0x00, 0x00, 0x02, 0x00, 0x00, 0x00, 0x11, 0x00, 0x05, 0x00,
  0x59, 0x28, 0x00, 0x00, 0xfe, 0x24, 0x00, 0x00, 0x18, 0x00, 0x00, 0x00,
  0x11, 0x00, 0x05, 0x00, 0x69, 0x28, 0x00, 0x00, 0x29, 0x00, 0x00, 0x00,
  0x00, 0x00, 0x00, 0x00, 0x10, 0x00, 0xf1, 0xff, 0x71, 0x28, 0x00, 0x00,
  0xe2, 0x14, 0x01, 0x00, 0x02, 0x00, 0x00, 0x00, 0x12, 0x00, 0x01, 0x00,
  0x87, 0x28, 0x00, 0x00, 0x5a, 0x61, 0x00, 0x00, 0x0a, 0x00, 0x00, 0x00,
  0x12, 0x00, 0x02, 0x00, 0x99, 0x28, 0x00, 0x00, 0x2a, 0x01, 0x00, 0x00,
  0x00, 0x00, 0x00, 0x00, 0x10, 0x00, 0xf1, 0xff, 0xa1, 0x28, 0x00, 0x00,
  0xb4, 0x6f, 0x00, 0x00, 0x0e, 0x00, 0x00, 0x00, 0x12, 0x00, 0x02, 0x00,
  0xaf, 0x28, 0x00, 0x00, 0x64, 0x00, 0x00, 0x00, 0x00, 0x00, 0x00, 0x00,
  0x10, 0x00, 0xf1, 0xff, 0xba, 0x28, 0x00, 0x00, 0xd0, 0x9f, 0x00, 0x00,
  0x14, 0x00, 0x00, 0x00, 0x12, 0x00, 0x02, 0x00, 0xd7, 0x28, 0x00, 0x00,
  0xec, 0x24, 0x00, 0x00, 0x02, 0x00, 0x00, 0x00, 0x11, 0x00, 0x05, 0x00,
  0xeb, 0x28, 0x00, 0x00, 0xf4, 0x36, 0x00, 0x00, 0x84, 0x00, 0x00, 0x00,
  0x12, 0x00, 0x02, 0x00, 0xfc, 0x28, 0x00, 0x00, 0xfe, 0x14, 0x01, 0x00,
  0x02, 0x00, 0x00, 0x00, 0x12, 0x00, 0x01, 0x00, 0x0d, 0x29, 0x00, 0x00,
  0xc2, 0x68, 0x00, 0x00, 0x0e, 0x00, 0x00, 0x00, 0x12, 0x00, 0x02, 0x00,
  0x1b, 0x29, 0x00, 0x00, 0x28, 0x31, 0x00, 0x00, 0x00, 0x00, 0x00, 0x00,
  0x20, 0x00, 0x02, 0x00, 0x2a, 0x29, 0x00, 0x00, 0x68, 0x24, 0x00, 0x00,
  0x01, 0x00, 0x00, 0x00, 0x11, 0x00, 0x05, 0x00, 0x37, 0x29, 0x00, 0x00,
  0x14, 0x00, 0x00, 0x00, 0x00, 0x00, 0x00, 0x00, 0x10, 0x00, 0xf1, 0xff,
  0x3f, 0x29, 0x00, 0x00, 0x0c, 0xa7, 0x00, 0x00, 0x1c, 0x00, 0x00, 0x00,
  0x12, 0x00, 0x02, 0x00, 0x60, 0x29, 0x00, 0x00, 0x8f, 0x00, 0x00, 0x00,
  0x00, 0x00, 0x00, 0x00, 0x10, 0x00, 0xf1, 0xff, 0x6e, 0x29, 0x00, 0x00,
  0x00, 0x15, 0x01, 0x00, 0x58, 0x00, 0x00, 0x00, 0x12, 0x00, 0x01, 0x00,
  0x7f, 0x29, 0x00, 0x00, 0x5c, 0x3e, 0x00, 0x00, 0x22, 0x00, 0x00, 0x00,
  0x12, 0x00, 0x02, 0x00, 0x89, 0x29, 0x00, 0x00, 0xf8, 0x6e, 0x00, 0x00,
  0x4e, 0x00, 0x00, 0x00, 0x12, 0x00, 0x02, 0x00, 0xa5, 0x29, 0x00, 0x00,
  0x07, 0x00, 0x00, 0x00, 0x00, 0x00, 0x00, 0x00, 0x10, 0x00, 0xf1, 0xff,
  0xae, 0x29, 0x00, 0x00, 0xf0, 0x9a, 0x00, 0x00, 0x18, 0x00, 0x00, 0x00,
  0x12, 0x00, 0x02, 0x00, 0xcb, 0x29, 0x00, 0x00, 0x21, 0x00, 0x00, 0x00,
  0x00, 0x00, 0x00, 0x00, 0x10, 0x00, 0xf1, 0xff, 0xd3, 0x29, 0x00, 0x00,
  0xd4, 0xaa, 0x00, 0x00, 0x06, 0x00, 0x00, 0x00, 0x12, 0x00, 0x02, 0x00,
  0xe8, 0x29, 0x00, 0x00, 0x6c, 0x11, 0x00, 0x00, 0x02, 0x00, 0x00, 0x00,
  0x11, 0x00, 0x04, 0x00, 0xfb, 0x29, 0x00, 0x00, 0xd8, 0x37, 0x00, 0x00,
  0x06, 0x00, 0x00, 0x00, 0x12, 0x00, 0x02, 0x00, 0x0e, 0x2a, 0x00, 0x00,
  0x2c, 0x00, 0x00, 0x00, 0x00, 0x00, 0x00, 0x00, 0x10, 0x00, 0xf1, 0xff,
  0x16, 0x2a, 0x00, 0x00, 0x5c, 0x01, 0x00, 0x00, 0x00, 0x00, 0x00, 0x00,
  0x10, 0x00, 0xf1, 0xff, 0x23, 0x2a, 0x00, 0x00, 0x26, 0x00, 0x00, 0x00,
  0x00, 0x00, 0x00, 0x00, 0x10, 0x00, 0xf1, 0xff, 0x2b, 0x2a, 0x00, 0x00,
  0xbe, 0x11, 0x01, 0x00, 0x4e, 0x00, 0x00, 0x00, 0x12, 0x00, 0x01, 0x00,
  0x36, 0x2a, 0x00, 0x00, 0x22, 0x60, 0x00, 0x00, 0x12, 0x00, 0x00, 0x00,
  0x12, 0x00, 0x02, 0x00, 0x43, 0x2a, 0x00, 0x00, 0xa6, 0x92, 0x00, 0x00,
  0x76, 0x00, 0x00, 0x00, 0x12, 0x00, 0x02, 0x00, 0x58, 0x2a, 0x00, 0x00,
  0x74, 0x3d, 0x01, 0x00, 0x16, 0x00, 0x00, 0x00, 0x12, 0x00, 0x01, 0x00,
  0x66, 0x2a, 0x00, 0x00, 0x98, 0x01, 0x00, 0x00, 0x00, 0x00, 0x00, 0x00,
  0x10, 0x00, 0xf1, 0xff, 0x6f, 0x2a, 0x00, 0x00, 0x3d, 0x00, 0x00, 0x00,
  0x00, 0x00, 0x00, 0x00, 0x10, 0x00, 0xf1, 0xff, 0x77, 0x2a, 0x00, 0x00,
  0x80, 0x00, 0x00, 0x00, 0x00, 0x00, 0x00, 0x00, 0x10, 0x00, 0xf1, 0xff,
  0x84, 0x2a, 0x00, 0x00, 0xf0, 0x47, 0x01, 0x00, 0x26, 0x00, 0x00, 0x00,
  0x12, 0x00, 0x01, 0x00, 0x89, 0x2a, 0x00, 0x00, 0xd6, 0x3b, 0x01, 0x00,
  0x12, 0x00, 0x00, 0x00, 0x12, 0x00, 0x01, 0x00, 0x99, 0x2a, 0x00, 0x00,
  0x36, 0x5c, 0x00, 0x00, 0x30, 0x00, 0x00, 0x00, 0x12, 0x00, 0x02, 0x00,
  0xaa, 0x2a, 0x00, 0x00, 0xfe, 0x35, 0x00, 0x00, 0x00, 0x00, 0x00, 0x00,
  0x10, 0x00, 0x02, 0x00, 0xb3, 0x2a, 0x00, 0x00, 0xd6, 0x11, 0x00, 0x00,
  0x0c, 0x00, 0x00, 0x00, 0x11, 0x00, 0x04, 0x00, 0xc3, 0x2a, 0x00, 0x00,
  0x40, 0x01, 0x00, 0x00, 0x00, 0x00, 0x00, 0x00, 0x10, 0x00, 0xf1, 0xff,
  0xcf, 0x2a, 0x00, 0x00, 0x46, 0x6f, 0x00, 0x00, 0x12, 0x00, 0x00, 0x00,
  0x12, 0x00, 0x02, 0x00, 0xf3, 0x2a, 0x00, 0x00, 0xc8, 0x24, 0x00, 0x00,
  0x01, 0x00, 0x00, 0x00, 0x11, 0x00, 0x05, 0x00, 0x00, 0x2b, 0x00, 0x00,
  0x32, 0x7d, 0x00, 0x00, 0x8a, 0x00, 0x00, 0x00, 0x12, 0x00, 0x02, 0x00,
  0x10, 0x2b, 0x00, 0x00, 0x36, 0x29, 0x01, 0x00, 0x06, 0x00, 0x00, 0x00,
  0x12, 0x00, 0x01, 0x00, 0x21, 0x2b, 0x00, 0x00, 0x44, 0xa3, 0x00, 0x00,
  0x20, 0x00, 0x00, 0x00, 0x12, 0x00, 0x02, 0x00, 0x41, 0x2b, 0x00, 0x00,
  0x92, 0x45, 0x00, 0x00, 0x1a, 0x00, 0x00, 0x00, 0x12, 0x00, 0x02, 0x00,
  0x4f, 0x2b, 0x00, 0x00, 0xbc, 0x24, 0x00, 0x00, 0x01, 0x00, 0x00, 0x00,
  0x11, 0x00, 0x05, 0x00, 0x62, 0x2b, 0x00, 0x00, 0x00, 0x00, 0x00, 0x00,
  0x00, 0x00, 0x00, 0x00, 0x10, 0x00, 0x00, 0x00, 0x75, 0x2b, 0x00, 0x00,
  0xfe, 0x33, 0x00, 0x00, 0x00, 0x00, 0x00, 0x00, 0x10, 0x00, 0x02, 0x00,
  0x85, 0x2b, 0x00, 0x00, 0x16, 0x1c, 0x01, 0x00, 0x3c, 0x00, 0x00, 0x00,
  0x12, 0x00, 0x01, 0x00, 0x96, 0x2b, 0x00, 0x00, 0x00, 0x00, 0x00, 0x00,
  0x00, 0x00, 0x00, 0x00, 0x10, 0x00, 0x00, 0x00, 0xba, 0x2b, 0x00, 0x00,
  0x8a, 0x66, 0x00, 0x00, 0x36, 0x00, 0x00, 0x00, 0x12, 0x00, 0x02, 0x00,
  0xc9, 0x2b, 0x00, 0x00, 0xe4, 0x7c, 0x00, 0x00, 0x4e, 0x00, 0x00, 0x00,
  0x12, 0x00, 0x02, 0x00, 0xd9, 0x2b, 0x00, 0x00, 0x6c, 0x1a, 0x01, 0x00,
  0xb4, 0x00, 0x00, 0x00, 0x12, 0x00, 0x01, 0x00, 0xea, 0x2b, 0x00, 0x00,
  0x27, 0x00, 0x00, 0x00, 0x00, 0x00, 0x00, 0x00, 0x10, 0x00, 0xf1, 0xff,
  0xf2, 0x2b, 0x00, 0x00, 0x7c, 0x33, 0x00, 0x00, 0x00, 0x00, 0x00, 0x00,
  0x10, 0x00, 0x02, 0x00, 0xfb, 0x2b, 0x00, 0x00, 0x2c, 0x9b, 0x00, 0x00,
  0x0a, 0x00, 0x00, 0x00, 0x12, 0x00, 0x02, 0x00, 0x13, 0x2c, 0x00, 0x00,
  0xc0, 0x10, 0x00, 0x00, 0x00, 0x00, 0x00, 0x00, 0x10, 0x00, 0xf1, 0xff,
  0x22, 0x2c, 0x00, 0x00, 0xd8, 0x9a, 0x00, 0x00, 0x18, 0x00, 0x00, 0x00,
  0x12, 0x00, 0x02, 0x00, 0x44, 0x2c, 0x00, 0x00, 0x7a, 0x33, 0x00, 0x00,
  0x00, 0x00, 0x00, 0x00, 0x20, 0x00, 0x02, 0x00, 0x51, 0x2c, 0x00, 0x00,
  0x76, 0x33, 0x00, 0x00, 0x00, 0x00, 0x00, 0x00, 0x20, 0x00, 0x02, 0x00,
  0x59, 0x2c, 0x00, 0x00, 0x4e, 0x28, 0x00, 0x00, 0x02, 0x00, 0x00, 0x00,
  0x11, 0x00, 0x05, 0x00, 0x65, 0x2c, 0x00, 0x00, 0xdb, 0x10, 0x00, 0x00,
  0x00, 0x00, 0x00, 0x00, 0x10, 0x00, 0xf1, 0xff, 0x77, 0x2c, 0x00, 0x00,
  0x4a, 0x01, 0x00, 0x00, 0x00, 0x00, 0x00, 0x00, 0x10, 0x00, 0xf1, 0xff,
  0x83, 0x2c, 0x00, 0x00, 0xea, 0x52, 0x00, 0x00, 0x16, 0x00, 0x00, 0x00,
  0x12, 0x00, 0x02, 0x00, 0x9f, 0x2c, 0x00, 0x00, 0x8a, 0x01, 0x00, 0x00,
  0x00, 0x00, 0x00, 0x00, 0x10, 0x00, 0xf1, 0xff, 0xa9, 0x2c, 0x00, 0x00,
  0x12, 0x68, 0x00, 0x00, 0x2a, 0x00, 0x00, 0x00, 0x12, 0x00, 0x02, 0x00,
  0xba, 0x2c, 0x00, 0x00, 0x50, 0x28, 0x00, 0x00, 0x02, 0x00, 0x00, 0x00,
  0x11, 0x00, 0x05, 0x00, 0xc3, 0x2c, 0x00, 0x00, 0x76, 0x33, 0x00, 0x00,
  0x00, 0x00, 0x00, 0x00, 0x20, 0x00, 0x02, 0x00, 0xcc, 0x2c, 0x00, 0x00,
  0x92, 0x28, 0x00, 0x00, 0x01, 0x00, 0x00, 0x00, 0x11, 0x00, 0x05, 0x00,
  0xd8, 0x2c, 0x00, 0x00, 0xe6, 0x19, 0x01, 0x00, 0x3e, 0x00, 0x00, 0x00,
  0x12, 0x00, 0x01, 0x00, 0xef, 0x2c, 0x00, 0x00, 0xb8, 0x69, 0x00, 0x00,
  0x3c, 0x00, 0x00, 0x00, 0x12, 0x00, 0x02, 0x00, 0x02, 0x2d, 0x00, 0x00,
  0x8e, 0x00, 0x00, 0x00, 0x00, 0x00, 0x00, 0x00, 0x10, 0x00, 0xf1, 0xff,
  0x10, 0x2d, 0x00, 0x00, 0x20, 0x3c, 0x01, 0x00, 0x1a, 0x00, 0x00, 0x00,
  0x12, 0x00, 0x01, 0x00, 0x1c, 0x2d, 0x00, 0x00, 0x76, 0x33, 0x00, 0x00,
  0x00, 0x00, 0x00, 0x00, 0x20, 0x00, 0x02, 0x00, 0x24, 0x2d, 0x00, 0x00,
  0xa6, 0x01, 0x00, 0x00, 0x00, 0x00, 0x00, 0x00, 0x10, 0x00, 0xf1, 0xff,
  0x2e, 0x2d, 0x00, 0x00, 0x82, 0x40, 0x01, 0x00, 0x42, 0x07, 0x00, 0x00,
  0x12, 0x00, 0x01, 0x00, 0x37, 0x2d, 0x00, 0x00, 0x9e, 0x51, 0x00, 0x00,
  0x0a, 0x00, 0x00, 0x00, 0x12, 0x00, 0x02, 0x00, 0x4b, 0x2d, 0x00, 0x00,
  0x20, 0x48, 0x01, 0x00, 0x2c, 0x00, 0x00, 0x00, 0x12, 0x00, 0x01, 0x00,
  0x52, 0x2d, 0x00, 0x00, 0x28, 0xa7, 0x00, 0x00, 0x12, 0x00, 0x00, 0x00,
  0x12, 0x00, 0x02, 0x00, 0x61, 0x2d, 0x00, 0x00, 0x44, 0x01, 0x00, 0x00,
  0x00, 0x00, 0x00, 0x00, 0x10, 0x00, 0xf1, 0xff, 0x6d, 0x2d, 0x00, 0x00,
  0xea, 0x01, 0x00, 0x00, 0x00, 0x00, 0x00, 0x00, 0x10, 0x00, 0xf1, 0xff,
  0x77, 0x2d, 0x00, 0x00, 0xe6, 0x01, 0x00, 0x00, 0x00, 0x00, 0x00, 0x00,
  0x10, 0x00, 0xf1, 0xff, 0x80, 0x2d, 0x00, 0x00, 0xfc, 0x10, 0x00, 0x00,
  0x00, 0x00, 0x00, 0x00, 0x10, 0x00, 0xf1, 0xff, 0x8e, 0x2d, 0x00, 0x00,
  0x33, 0x00, 0x00, 0x00, 0x00, 0x00, 0x00, 0x00, 0x10, 0x00, 0xf1, 0xff,
  0x96, 0x2d, 0x00, 0x00, 0xc0, 0xff, 0x00, 0x00, 0x00, 0x00, 0x00, 0x00,
  0x10, 0x00, 0x07, 0x00, 0xa6, 0x2d, 0x00, 0x00, 0xc4, 0x33, 0x00, 0x00,
  0x00, 0x00, 0x00, 0x00, 0x12, 0x00, 0x02, 0x00, 0xaf, 0x2d, 0x00, 0x00,
  0xa2, 0x33, 0x00, 0x00, 0x00, 0x00, 0x00, 0x00, 0x10, 0x00, 0x02, 0x00,
  0xbf, 0x2d, 0x00, 0x00, 0x24, 0x36, 0x00, 0x00, 0xd0, 0x00, 0x00, 0x00,
  0x12, 0x00, 0x02, 0x00, 0xc7, 0x2d, 0x00, 0x00, 0x94, 0x15, 0x01, 0x00,
  0x10, 0x01, 0x00, 0x00, 0x12, 0x00, 0x01, 0x00, 0xd9, 0x2d, 0x00, 0x00,
  0xda, 0x00, 0x00, 0x00, 0x00, 0x00, 0x00, 0x00, 0x10, 0x00, 0xf1, 0xff,
  0xe3, 0x2d, 0x00, 0x00, 0x8f, 0xf0, 0x00, 0x00, 0x02, 0x00, 0x00, 0x00,
  0x11, 0x00, 0x03, 0x00, 0xec, 0x2d, 0x00, 0x00, 0xb4, 0x6a, 0x00, 0x00,
  0x14, 0x00, 0x00, 0x00, 0x12, 0x00, 0x02, 0x00, 0xff, 0x2d, 0x00, 0x00,
  0x3e, 0x35, 0x00, 0x00, 0x00, 0x00, 0x00, 0x00, 0x10, 0x00, 0x02, 0x00,
  0x08, 0x2e, 0x00, 0x00, 0x30, 0x00, 0x00, 0x00, 0x00, 0x00, 0x00, 0x00,
  0x10, 0x00, 0xf1, 0xff, 0x0f, 0x2e, 0x00, 0x00, 0x00, 0x31, 0x00, 0x00,
  0x00, 0x00, 0x00, 0x00, 0x20, 0x00, 0x02, 0x00, 0x1f, 0x2e, 0x00, 0x00,
  0x76, 0x33, 0x00, 0x00, 0x00, 0x00, 0x00, 0x00, 0x10, 0x00, 0x02, 0x00,
  0x2d, 0x2e, 0x00, 0x00, 0x82, 0x34, 0x00, 0x00, 0x00, 0x00, 0x00, 0x00,
  0x10, 0x00, 0x02, 0x00, 0x3e, 0x2e, 0x00, 0x00, 0x76, 0x33, 0x00, 0x00,
  0x00, 0x00, 0x00, 0x00, 0x20, 0x00, 0x02, 0x00, 0x47, 0x2e, 0x00, 0x00,
  0x36, 0x00, 0x00, 0x00, 0x00, 0x00, 0x00, 0x00, 0x10, 0x00, 0xf1, 0xff,
  0x4f, 0x2e, 0x00, 0x00, 0xbc, 0x7d, 0x00, 0x00, 0x80, 0x00, 0x00, 0x00,
  0x12, 0x00, 0x02, 0x00, 0x63, 0x2e, 0x00, 0x00, 0x30, 0x11, 0x00, 0x00,
  0x0c, 0x00, 0x00, 0x00, 0x11, 0x00, 0x04, 0x00, 0x72, 0x2e, 0x00, 0x00,
  0xfa, 0x10, 0x00, 0x00, 0x00, 0x00, 0x00, 0x00, 0x10, 0x00, 0xf1, 0xff,
  0x81, 0x2e, 0x00, 0x00, 0x7e, 0x18, 0x01, 0x00, 0xfc, 0x00, 0x00, 0x00,
  0x12, 0x00, 0x01, 0x00, 0x94, 0x2e, 0x00, 0x00, 0x3f, 0x00, 0x00, 0x00,
  0x00, 0x00, 0x00, 0x00, 0x10, 0x00, 0xf1, 0xff, 0x9c, 0x2e, 0x00, 0x00,
  0xd0, 0x00, 0x00, 0x00, 0x00, 0x00, 0x00, 0x00, 0x10, 0x00, 0xf1, 0xff,
  0xa7, 0x2e, 0x00, 0x00, 0x4c, 0x68, 0x00, 0x00, 0x10, 0x00, 0x00, 0x00,
  0x12, 0x00, 0x02, 0x00, 0xb8, 0x2e, 0x00, 0x00, 0x62, 0x45, 0x00, 0x00,
  0x0c, 0x00, 0x00, 0x00, 0x12, 0x00, 0x02, 0x00, 0xc4, 0x2e, 0x00, 0x00,
  0xd2, 0xc1, 0x00, 0x00, 0xe6, 0x03, 0x00, 0x00, 0x12, 0x00, 0x02, 0x00,
  0xd6, 0x2e, 0x00, 0x00, 0x7c, 0x68, 0x00, 0x00, 0x46, 0x00, 0x00, 0x00,
  0x12, 0x00, 0x02, 0x00, 0xf3, 0x2e, 0x00, 0x00, 0x18, 0x00, 0x00, 0x00,
  0x00, 0x00, 0x00, 0x00, 0x10, 0x00, 0xf1, 0xff, 0xfa, 0x2e, 0x00, 0x00,
  0x10, 0x31, 0x00, 0x00, 0x00, 0x00, 0x00, 0x00, 0x20, 0x00, 0x02, 0x00,
  0x09, 0x2f, 0x00, 0x00, 0x3a, 0x3c, 0x01, 0x00, 0x14, 0x01, 0x00, 0x00,
  0x12, 0x00, 0x01, 0x00, 0x1f, 0x2f, 0x00, 0x00, 0x1c, 0x93, 0x00, 0x00,
  0xa2, 0x02, 0x00, 0x00, 0x12, 0x00, 0x02, 0x00, 0x34, 0x2f, 0x00, 0x00,
  0x5c, 0x69, 0x00, 0x00, 0x0a, 0x00, 0x00, 0x00, 0x12, 0x00, 0x02, 0x00,
  0x45, 0x2f, 0x00, 0x00, 0x50, 0x01, 0x00, 0x00, 0x00, 0x00, 0x00, 0x00,
  0x10, 0x00, 0xf1, 0xff, 0x51, 0x2f, 0x00, 0x00, 0xc9, 0x24, 0x00, 0x00,
  0x02, 0x00, 0x00, 0x00, 0x11, 0x00, 0x05, 0x00, 0x58, 0x2f, 0x00, 0x00,
  0x06, 0x81, 0x00, 0x00, 0xf2, 0x01, 0x00, 0x00, 0x12, 0x00, 0x02, 0x00,
  0x72, 0x2f, 0x00, 0x00, 0x42, 0x01, 0x00, 0x00, 0x00, 0x00, 0x00, 0x00,
  0x10, 0x00, 0xf1, 0xff, 0x7e, 0x2f, 0x00, 0x00, 0xd7, 0x00, 0x00, 0x00,
  0x00, 0x00, 0x00, 0x00, 0x10, 0x00, 0xf1, 0xff, 0x8a, 0x2f, 0x00, 0x00,
  0x50, 0x12, 0x00, 0x00, 0x00, 0x00, 0x00, 0x00, 0x10, 0x00, 0x05, 0x00,
  0x96, 0x2f, 0x00, 0x00, 0x14, 0x00, 0x00, 0x00, 0x00, 0x00, 0x00, 0x00,
  0x10, 0x00, 0xf1, 0xff, 0x9e, 0x2f, 0x00, 0x00, 0x7c, 0x6d, 0x00, 0x00,
  0x1c, 0x00, 0x00, 0x00, 0x12, 0x00, 0x02, 0x00, 0xab, 0x2f, 0x00, 0x00,
  0x1c, 0x4a, 0x01, 0x00, 0x5c, 0x00, 0x00, 0x00, 0x12, 0x00, 0x01, 0x00,
  0xb2, 0x2f, 0x00, 0x00, 0x0c, 0x18, 0x01, 0x00, 0x72, 0x00, 0x00, 0x00,
  0x12, 0x00, 0x01, 0x00, 0xc4, 0x2f, 0x00, 0x00, 0x3e, 0x31, 0x00, 0x00,
  0x32, 0x02, 0x00, 0x00, 0x12, 0x00, 0x02, 0x00, 0xc9, 0x2f, 0x00, 0x00,
  0x76, 0x01, 0x00, 0x00, 0x00, 0x00, 0x00, 0x00, 0x10, 0x00, 0xf1, 0xff,
  0xd2, 0x2f, 0x00, 0x00, 0xc8, 0x6a, 0x00, 0x00, 0x0e, 0x00, 0x00, 0x00,
  0x12, 0x00, 0x02, 0x00, 0xe1, 0x2f, 0x00, 0x00, 0x9a, 0x01, 0x00, 0x00,
  0x00, 0x00, 0x00, 0x00, 0x10, 0x00, 0xf1, 0xff, 0xea, 0x2f, 0x00, 0x00,
  0xe2, 0x3d, 0x01, 0x00, 0x1e, 0x00, 0x00, 0x00, 0x12, 0x00, 0x01, 0x00,
  0xf4, 0x2f, 0x00, 0x00, 0xd6, 0x6a, 0x00, 0x00, 0x0e, 0x00, 0x00, 0x00,
  0x12, 0x00, 0x02, 0x00, 0x0e, 0x30, 0x00, 0x00, 0x16, 0x48, 0x01, 0x00,
  0x0a, 0x00, 0x00, 0x00, 0x12, 0x00, 0x01, 0x00, 0x14, 0x30, 0x00, 0x00,
  0x76, 0x33, 0x00, 0x00, 0x00, 0x00, 0x00, 0x00, 0x20, 0x00, 0x02, 0x00,
  0x1d, 0x30, 0x00, 0x00, 0xa0, 0x79, 0x00, 0x00, 0x44, 0x03, 0x00, 0x00,
  0x12, 0x00, 0x02, 0x00, 0x2d, 0x30, 0x00, 0x00, 0xa8, 0x84, 0x00, 0x00,
  0xc0, 0x00, 0x00, 0x00, 0x12, 0x00, 0x02, 0x00, 0x43, 0x30, 0x00, 0x00,
  0x42, 0x30, 0x01, 0x00, 0xb0, 0x00, 0x00, 0x00, 0x12, 0x00, 0x01, 0x00,
  0x56, 0x30, 0x00, 0x00, 0x6a, 0x11, 0x00, 0x00, 0x02, 0x00, 0x00, 0x00,
  0x11, 0x00, 0x04, 0x00, 0x6b, 0x30, 0x00, 0x00, 0x00, 0x00, 0x00, 0x00,
  0x00, 0x00, 0x00, 0x00, 0x10, 0x00, 0x00, 0x00, 0x88, 0x30, 0x00, 0x00,
  0xd2, 0x01, 0x00, 0x00, 0x00, 0x00, 0x00, 0x00, 0x10, 0x00, 0xf1, 0xff,
  0x91, 0x30, 0x00, 0x00, 0x70, 0x01, 0x00, 0x00, 0x00, 0x00, 0x00, 0x00,
  0x10, 0x00, 0xf1, 0xff, 0x97, 0x30, 0x00, 0x00, 0x24, 0x01, 0x00, 0x00,
  0x00, 0x00, 0x00, 0x00, 0x10, 0x00, 0xf1, 0xff, 0xa1, 0x30, 0x00, 0x00,
  0x1e, 0x00, 0x00, 0x00, 0x00, 0x00, 0x00, 0x00, 0x10, 0x00, 0xf1, 0xff,
  0xa9, 0x30, 0x00, 0x00, 0x36, 0x34, 0x00, 0x00, 0x00, 0x00, 0x00, 0x00,
  0x10, 0x00, 0x02, 0x00, 0xb8, 0x30, 0x00, 0x00, 0xdc, 0x60, 0x00, 0x00,
  0x0c, 0x00, 0x00, 0x00, 0x12, 0x00, 0x02, 0x00, 0xc7, 0x30, 0x00, 0x00,
  0x66, 0x11, 0x00, 0x00, 0x02, 0x00, 0x00, 0x00, 0x11, 0x00, 0x04, 0x00,
  0xde, 0x30, 0x00, 0x00, 0xba, 0x62, 0x00, 0x00, 0x3e, 0x00, 0x00, 0x00,
  0x12, 0x00, 0x02, 0x00, 0xe9, 0x30, 0x00, 0x00, 0x76, 0x33, 0x00, 0x00,
  0x00, 0x00, 0x00, 0x00, 0x20, 0x00, 0x02, 0x00, 0xf2, 0x30, 0x00, 0x00,
  0xd0, 0x68, 0x00, 0x00, 0x4c, 0x00, 0x00, 0x00, 0x12, 0x00, 0x02, 0x00,
  0x05, 0x31, 0x00, 0x00, 0x2a, 0x12, 0x01, 0x00, 0x12, 0x00, 0x00, 0x00,
  0x12, 0x00, 0x01, 0x00, 0x1c, 0x31, 0x00, 0x00, 0x66, 0x5c, 0x00, 0x00,
  0x3e, 0x00, 0x00, 0x00, 0x12, 0x00, 0x02, 0x00, 0x2a, 0x31, 0x00, 0x00,
  0x54, 0x1b, 0x01, 0x00, 0x54, 0x00, 0x00, 0x00, 0x12, 0x00, 0x01, 0x00,
  0x3a, 0x31, 0x00, 0x00, 0x36, 0x34, 0x00, 0x00, 0x00, 0x00, 0x00, 0x00,
  0x12, 0x00, 0x02, 0x00, 0x43, 0x31, 0x00, 0x00, 0x62, 0x01, 0x00, 0x00,
  0x00, 0x00, 0x00, 0x00, 0x10, 0x00, 0xf1, 0xff, 0x4d, 0x31, 0x00, 0x00,
  0x00, 0x00, 0x01, 0x00, 0x00, 0x00, 0x00, 0x00, 0x10, 0x00, 0x07, 0x00,
  0x5a, 0x31, 0x00, 0x00, 0x54, 0x01, 0x00, 0x00, 0x00, 0x00, 0x00, 0x00,
  0x10, 0x00, 0xf1, 0xff, 0x67, 0x31, 0x00, 0x00, 0x2a, 0x1b, 0x01, 0x00,
  0x2a, 0x00, 0x00, 0x00, 0x12, 0x00, 0x01, 0x00, 0x7c, 0x31, 0x00, 0x00,
  0xe2, 0x11, 0x00, 0x00, 0x0c, 0x00, 0x00, 0x00, 0x11, 0x00, 0x04, 0x00,
  0x90, 0x31, 0x00, 0x00, 0xaa, 0x24, 0x00, 0x00, 0x01, 0x00, 0x00, 0x00,
  0x11, 0x00, 0x05, 0x00, 0x9f, 0x31, 0x00, 0x00, 0xc8, 0x4c, 0x00, 0x00,
  0x1a, 0x00, 0x00, 0x00, 0x12, 0x00, 0x02, 0x00, 0xb0, 0x31, 0x00, 0x00,
  0x88, 0x28, 0x00, 0x00, 0x08, 0x00, 0x00, 0x00, 0x11, 0x00, 0x05, 0x00,
  0xb9, 0x31, 0x00, 0x00, 0x58, 0x15, 0x01, 0x00, 0x3c, 0x00, 0x00, 0x00,
  0x12, 0x00, 0x01, 0x00, 0xce, 0x31, 0x00, 0x00, 0xea, 0x01, 0x00, 0x00,
  0x00, 0x00, 0x00, 0x00, 0x10, 0x00, 0xf1, 0xff, 0xd7, 0x31, 0x00, 0x00,
  0x50, 0x69, 0x00, 0x00, 0x06, 0x00, 0x00, 0x00, 0x12, 0x00, 0x02, 0x00,
  0xe8, 0x31, 0x00, 0x00, 0x2a, 0x00, 0x00, 0x00, 0x00, 0x00, 0x00, 0x00,
  0x10, 0x00, 0xf1, 0xff, 0xf0, 0x31, 0x00, 0x00, 0xf8, 0x62, 0x00, 0x00,
  0x32, 0x00, 0x00, 0x00, 0x12, 0x00, 0x02, 0x00, 0xfa, 0x31, 0x00, 0x00,
  0x89, 0x00, 0x00, 0x00, 0x00, 0x00, 0x00, 0x00, 0x10, 0x00, 0xf1, 0xff,
  0x07, 0x32, 0x00, 0x00, 0x7c, 0x01, 0x00, 0x00, 0x00, 0x00, 0x00, 0x00,
  0x10, 0x00, 0xf1, 0xff, 0x13, 0x32, 0x00, 0x00, 0x8a, 0x00, 0x00, 0x00,
  0x00, 0x00, 0x00, 0x00, 0x10, 0x00, 0xf1, 0xff, 0x21, 0x32, 0x00, 0x00,
  0xa2, 0x9d, 0x00, 0x00, 0x22, 0x01, 0x00, 0x00, 0x12, 0x00, 0x02, 0x00,
  0x39, 0x32, 0x00, 0x00, 0xdb, 0x00, 0x00, 0x00, 0x00, 0x00, 0x00, 0x00,
  0x10, 0x00, 0xf1, 0xff, 0x43, 0x32, 0x00, 0x00, 0x00, 0x53, 0x00, 0x00,
  0x3e, 0x00, 0x00, 0x00, 0x12, 0x00, 0x02, 0x00, 0x4f, 0x32, 0x00, 0x00,
  0x40, 0x60, 0x00, 0x00, 0x06, 0x00, 0x00, 0x00, 0x12, 0x00, 0x02, 0x00,
  0x59, 0x32, 0x00, 0x00, 0xae, 0x37, 0x00, 0x00, 0x2a, 0x00, 0x00, 0x00,
  0x12, 0x00, 0x02, 0x00, 0x6c, 0x32, 0x00, 0x00, 0x1c, 0x69, 0x00, 0x00,
  0x14, 0x00, 0x00, 0x00, 0x12, 0x00, 0x02, 0x00, 0x79, 0x32, 0x00, 0x00,
  0x68, 0x00, 0x00, 0x00, 0x00, 0x00, 0x00, 0x00, 0x10, 0x00, 0xf1, 0xff,
  0x84, 0x32, 0x00, 0x00, 0x2f, 0x00, 0x00, 0x00, 0x00, 0x00, 0x00, 0x00,
  0x10, 0x00, 0xf1, 0xff, 0x8c, 0x32, 0x00, 0x00, 0xfa, 0x14, 0x01, 0x00,
  0x04, 0x00, 0x00, 0x00, 0x12, 0x00, 0x01, 0x00, 0xa1, 0x32, 0x00, 0x00,
  0x32, 0x00, 0x00, 0x00, 0x00, 0x00, 0x00, 0x00, 0x10, 0x00, 0xf1, 0xff,
  0xa9, 0x32, 0x00, 0x00, 0xd6, 0x3a, 0x00, 0x00, 0x1a, 0x00, 0x00, 0x00,
  0x12, 0x00, 0x02, 0x00, 0xba, 0x32, 0x00, 0x00, 0xc2, 0x01, 0x00, 0x00,
  0x00, 0x00, 0x00, 0x00, 0x10, 0x00, 0xf1, 0xff, 0xc7, 0x32, 0x00, 0x00,
  0x2c, 0x51, 0x00, 0x00, 0x02, 0x00, 0x00, 0x00, 0x12, 0x00, 0x02, 0x00,
  0xd6, 0x32, 0x00, 0x00, 0x0a, 0x2a, 0x01, 0x00, 0x82, 0x01, 0x00, 0x00,
  0x12, 0x00, 0x01, 0x00, 0xe9, 0x32, 0x00, 0x00, 0x3a, 0x00, 0x00, 0x00,
  0x00, 0x00, 0x00, 0x00, 0x10, 0x00, 0xf1, 0xff, 0xf1, 0x32, 0x00, 0x00,
  0xa2, 0x01, 0x00, 0x00, 0x00, 0x00, 0x00, 0x00, 0x10, 0x00, 0xf1, 0xff,
  0xfd, 0x32, 0x00, 0x00, 0x3c, 0x00, 0x00, 0x00, 0x00, 0x00, 0x00, 0x00,
  0x10, 0x00, 0xf1, 0xff, 0x05, 0x33, 0x00, 0x00, 0xf6, 0x5d, 0x00, 0x00,
  0xe2, 0x00, 0x00, 0x00, 0x12, 0x00, 0x02, 0x00, 0x1c, 0x33, 0x00, 0x00,
  0x82, 0x6f, 0x00, 0x00, 0x32, 0x00, 0x00, 0x00, 0x12, 0x00, 0x02, 0x00,
  0x32, 0x33, 0x00, 0x00, 0x90, 0x3b, 0x01, 0x00, 0x46, 0x00, 0x00, 0x00,
  0x12, 0x00, 0x01, 0x00, 0x47, 0x33, 0x00, 0x00, 0xce, 0x5f, 0x00, 0x00,
  0x2a, 0x00, 0x00, 0x00, 0x12, 0x00, 0x02, 0x00, 0x58, 0x33, 0x00, 0x00,
  0x06, 0x22, 0x01, 0x00, 0x0c, 0x00, 0x00, 0x00, 0x12, 0x00, 0x01, 0x00,
  0x79, 0x33, 0x00, 0x00, 0x6e, 0x00, 0x00, 0x00, 0x00, 0x00, 0x00, 0x00,
  0x10, 0x00, 0xf1, 0xff, 0x85, 0x33, 0x00, 0x00, 0xc2, 0x6f, 0x00, 0x00,
  0x06, 0x00, 0x00, 0x00, 0x12, 0x00, 0x02, 0x00, 0x91, 0x33, 0x00, 0x00,
  0x00, 0x00, 0x00, 0x00, 0x00, 0x00, 0x00, 0x00, 0x10, 0x00, 0x07, 0x00,
  0xa1, 0x33, 0x00, 0x00, 0xfa, 0x50, 0x00, 0x00, 0x30, 0x00, 0x00, 0x00,
  0x12, 0x00, 0x02, 0x00, 0xb0, 0x33, 0x00, 0x00, 0xa8, 0x01, 0x00, 0x00,
  0x00, 0x00, 0x00, 0x00, 0x10, 0x00, 0xf1, 0xff, 0xba, 0x33, 0x00, 0x00,
  0x91, 0xf0, 0x00, 0x00, 0x04, 0x00, 0x00, 0x00, 0x11, 0x00, 0x03, 0x00,
  0xc5, 0x33, 0x00, 0x00, 0xdc, 0x01, 0x00, 0x00, 0x00, 0x00, 0x00, 0x00,
  0x10, 0x00, 0xf1, 0xff, 0xcf, 0x33, 0x00, 0x00, 0x98, 0x28, 0x00, 0x00,
  0x00, 0x00, 0x00, 0x00, 0x10, 0x00, 0x06, 0x00, 0xde, 0x33, 0x00, 0x00,
  0xe4, 0xc9, 0x00, 0x00, 0x0e, 0x00, 0x00, 0x00, 0x11, 0x00, 0x03, 0x00,
  0xf0, 0x33, 0x00, 0x00, 0x08, 0x9b, 0x00, 0x00, 0x18, 0x00, 0x00, 0x00,
  0x12, 0x00, 0x02, 0x00, 0x0a, 0x34, 0x00, 0x00, 0x84, 0x62, 0x00, 0x00,
  0x36, 0x00, 0x00, 0x00, 0x12, 0x00, 0x02, 0x00, 0x14, 0x34, 0x00, 0x00,
  0xe8, 0x3b, 0x01, 0x00, 0x14, 0x00, 0x00, 0x00, 0x12, 0x00, 0x01, 0x00,
  0x24, 0x34, 0x00, 0x00, 0x2a, 0x63, 0x00, 0x00, 0x2a, 0x00, 0x00, 0x00,
  0x12, 0x00, 0x02, 0x00, 0x30, 0x34, 0x00, 0x00, 0x58, 0x13, 0x01, 0x00,
  0x0c, 0x00, 0x00, 0x00, 0x12, 0x00, 0x01, 0x00, 0x41, 0x34, 0x00, 0x00,
  0x76, 0x33, 0x00, 0x00, 0x00, 0x00, 0x00, 0x00, 0x20, 0x00, 0x02, 0x00,
  0x49, 0x34, 0x00, 0x00, 0x5e, 0x00, 0x00, 0x00, 0x00, 0x00, 0x00, 0x00,
  0x10, 0x00, 0xf1, 0xff, 0x56, 0x34, 0x00, 0x00, 0x00, 0x00, 0x00, 0x00,
  0x00, 0x00, 0x00, 0x00, 0x10, 0x00, 0x00, 0x00, 0x71, 0x34, 0x00, 0x00,
  0xe2, 0x4c, 0x00, 0x00, 0x10, 0x00, 0x00, 0x00, 0x12, 0x00, 0x02, 0x00,
  0x8c, 0x34, 0x00, 0x00, 0x6e, 0xfe, 0x00, 0x00, 0x00, 0x00, 0x00, 0x00,
  0x10, 0x00, 0xf1, 0xff, 0x9d, 0x34, 0x00, 0x00, 0x15, 0x00, 0x00, 0x00,
  0x00, 0x00, 0x00, 0x00, 0x10, 0x00, 0xf1, 0xff, 0xa5, 0x34, 0x00, 0x00,
  0x9a, 0x28, 0x00, 0x00, 0x00, 0x00, 0x00, 0x00, 0x10, 0x00, 0x06, 0x00,
  0xb2, 0x34, 0x00, 0x00, 0xfe, 0x10, 0x00, 0x00, 0x00, 0x00, 0x00, 0x00,
  0x10, 0x00, 0xf1, 0xff, 0xc0, 0x34, 0x00, 0x00, 0x67, 0x00, 0x00, 0x00,
  0x00, 0x00, 0x00, 0x00, 0x10, 0x00, 0xf1, 0xff, 0xcc, 0x34, 0x00, 0x00,
  0x68, 0x85, 0x00, 0x00, 0x38, 0x04, 0x00, 0x00, 0x12, 0x00, 0x02, 0x00,
  0xe2, 0x34, 0x00, 0x00, 0x8c, 0x01, 0x00, 0x00, 0x00, 0x00, 0x00, 0x00,
  0x10, 0x00, 0xf1, 0xff, 0xec, 0x34, 0x00, 0x00, 0x20, 0x9b, 0x00, 0x00,
  0x0c, 0x00, 0x00, 0x00, 0x12, 0x00, 0x02, 0x00, 0x04, 0x35, 0x00, 0x00,
  0xb0, 0xa6, 0x00, 0x00, 0x4c, 0x00, 0x00, 0x00, 0x12, 0x00, 0x02, 0x00,
  0x1f, 0x35, 0x00, 0x00, 0xde, 0x01, 0x00, 0x00, 0x00, 0x00, 0x00, 0x00,
  0x10, 0x00, 0xf1, 0xff, 0x29, 0x35, 0x00, 0x00, 0x12, 0x22, 0x01, 0x00,
  0xc4, 0x01, 0x00, 0x00, 0x12, 0x00, 0x01, 0x00, 0x40, 0x35, 0x00, 0x00,
  0x00, 0x00, 0x00, 0x00, 0x00, 0x00, 0x00, 0x00, 0x10, 0x00, 0x00, 0x00,
  0x52, 0x35, 0x00, 0x00, 0x6a, 0x39, 0x00, 0x00, 0x78, 0x00, 0x00, 0x00,
  0x12, 0x00, 0x02, 0x00, 0x5c, 0x35, 0x00, 0x00, 0x00, 0x00, 0x00, 0x00,
  0x00, 0x00, 0x00, 0x00, 0x10, 0x00, 0x07, 0x00, 0x6a, 0x35, 0x00, 0x00,
  0x0c, 0x31, 0x00, 0x00, 0x00, 0x00, 0x00, 0x00, 0x20, 0x00, 0x02, 0x00,
  0x77, 0x35, 0x00, 0x00, 0xea, 0x61, 0x00, 0x00, 0x86, 0x00, 0x00, 0x00,
  0x12, 0x00, 0x02, 0x00, 0x93, 0x35, 0x00, 0x00, 0x34, 0xa2, 0x00, 0x00,
  0x3c, 0x00, 0x00, 0x00, 0x12, 0x00, 0x02, 0x00, 0xb4, 0x35, 0x00, 0x00,
  0x5d, 0x00, 0x00, 0x00, 0x00, 0x00, 0x00, 0x00, 0x10, 0x00, 0xf1, 0xff,
  0xc0, 0x35, 0x00, 0x00, 0x86, 0x00, 0x00, 0x00, 0x00, 0x00, 0x00, 0x00,
  0x10, 0x00, 0xf1, 0xff, 0xcd, 0x35, 0x00, 0x00, 0x78, 0x29, 0x01, 0x00,
  0x4a, 0x00, 0x00, 0x00, 0x12, 0x00, 0x01, 0x00, 0xe6, 0x35, 0x00, 0x00,
  0xa8, 0x11, 0x00, 0x00, 0x22, 0x00, 0x00, 0x00, 0x11, 0x00, 0x04, 0x00,
  0xf0, 0x35, 0x00, 0x00, 0x2a, 0x51, 0x00, 0x00, 0x02, 0x00, 0x00, 0x00,
  0x12, 0x00, 0x02, 0x00, 0xfe, 0x35, 0x00, 0x00, 0xd2, 0x50, 0x00, 0x00,
  0x28, 0x00, 0x00, 0x00, 0x12, 0x00, 0x02, 0x00, 0x0a, 0x36, 0x00, 0x00,
  0xe0, 0xc6, 0x00, 0x00, 0x1c, 0x00, 0x00, 0x00, 0x12, 0x00, 0x02, 0x00,
  0x14, 0x36, 0x00, 0x00, 0x88, 0x01, 0x00, 0x00, 0x00, 0x00, 0x00, 0x00,
  0x10, 0x00, 0xf1, 0xff, 0x1e, 0x36, 0x00, 0x00, 0x20, 0xc0, 0x00, 0x00,
  0x54, 0x00, 0x00, 0x00, 0x12, 0x00, 0x02, 0x00, 0x34, 0x36, 0x00, 0x00,
  0xee, 0x11, 0x00, 0x00, 0x0c, 0x00, 0x00, 0x00, 0x11, 0x00, 0x04, 0x00,
  0x42, 0x36, 0x00, 0x00, 0xf6, 0x3e, 0x00, 0x00, 0x30, 0x00, 0x00, 0x00,
  0x12, 0x00, 0x02, 0x00, 0x4d, 0x36, 0x00, 0x00, 0x19, 0x00, 0x00, 0x00,
  0x00, 0x00, 0x00, 0x00, 0x10, 0x00, 0xf1, 0xff, 0x55, 0x36, 0x00, 0x00,
  0xb0, 0x76, 0x00, 0x00, 0x56, 0x00, 0x00, 0x00, 0x12, 0x00, 0x02, 0x00,
  0x66, 0x36, 0x00, 0x00, 0x26, 0xc7, 0x00, 0x00, 0x1c, 0x00, 0x00, 0x00,
  0x12, 0x00, 0x02, 0x00, 0x72, 0x36, 0x00, 0x00, 0x76, 0x33, 0x00, 0x00,
  0x00, 0x00, 0x00, 0x00, 0x20, 0x00, 0x02, 0x00, 0x7b, 0x36, 0x00, 0x00,
  0xca, 0x01, 0x00, 0x00, 0x00, 0x00, 0x00, 0x00, 0x10, 0x00, 0xf1, 0xff,
  0x88, 0x36, 0x00, 0x00, 0xbe, 0x95, 0x00, 0x00, 0xf2, 0x01, 0x00, 0x00,
  0x12, 0x00, 0x02, 0x00, 0x9d, 0x36, 0x00, 0x00, 0xfc, 0xa6, 0x00, 0x00,
  0x10, 0x00, 0x00, 0x00, 0x12, 0x00, 0x02, 0x00, 0xc0, 0x36, 0x00, 0x00,
  0xc0, 0xff, 0x00, 0x00, 0x40, 0x00, 0x00, 0x00, 0x11, 0x00, 0x07, 0x00,
  0xcb, 0x36, 0x00, 0x00, 0xf4, 0x56, 0x00, 0x00, 0x5c, 0x01, 0x00, 0x00,
  0x12, 0x00, 0x02, 0x00, 0xdd, 0x36, 0x00, 0x00, 0x76, 0x33, 0x00, 0x00,
  0x00, 0x00, 0x00, 0x00, 0x10, 0x00, 0x02, 0x00, 0xeb, 0x36, 0x00, 0x00,
  0x76, 0x33, 0x00, 0x00, 0x00, 0x00, 0x00, 0x00, 0x20, 0x00, 0x02, 0x00,
  0xf3, 0x36, 0x00, 0x00, 0x76, 0x33, 0x00, 0x00, 0x00, 0x00, 0x00, 0x00,
  0x10, 0x00, 0x02, 0x00, 0xff, 0x36, 0x00, 0x00, 0x32, 0x01, 0x00, 0x00,
  0x00, 0x00, 0x00, 0x00, 0x10, 0x00, 0xf1, 0xff, 0x06, 0x37, 0x00, 0x00,
  0xb4, 0xc1, 0x00, 0x00, 0x1e, 0x00, 0x00, 0x00, 0x12, 0x00, 0x02, 0x00,
  0x12, 0x37, 0x00, 0x00, 0x62, 0x00, 0x00, 0x00, 0x00, 0x00, 0x00, 0x00,
  0x10, 0x00, 0xf1, 0xff, 0x1c, 0x37, 0x00, 0x00, 0x3e, 0x66, 0x00, 0x00,
  0x4c, 0x00, 0x00, 0x00, 0x12, 0x00, 0x02, 0x00, 0x2b, 0x37, 0x00, 0x00,
  0x76, 0x33, 0x00, 0x00, 0x00, 0x00, 0x00, 0x00, 0x20, 0x00, 0x02, 0x00,
  0x34, 0x37, 0x00, 0x00, 0xb0, 0x97, 0x00, 0x00, 0xa0, 0x00, 0x00, 0x00,
  0x12, 0x00, 0x02, 0x00, 0x4d, 0x37, 0x00, 0x00, 0xa4, 0x16, 0x01, 0x00,
  0x06, 0x01, 0x00, 0x00, 0x12, 0x00, 0x01, 0x00, 0x62, 0x37, 0x00, 0x00,
  0xf4, 0x54, 0x00, 0x00, 0x32, 0x00, 0x00, 0x00, 0x12, 0x00, 0x02, 0x00,
  0x75, 0x37, 0x00, 0x00, 0x00, 0x31, 0x00, 0x00, 0x00, 0x00, 0x00, 0x00,
  0x10, 0x00, 0xf1, 0xff, 0x7d, 0x37, 0x00, 0x00, 0xc8, 0xab, 0x00, 0x00,
  0x2a, 0x00, 0x00, 0x00, 0x12, 0x00, 0x02, 0x00, 0x8d, 0x37, 0x00, 0x00,
  0xcb, 0x24, 0x00, 0x00, 0x01, 0x00, 0x00, 0x00, 0x11, 0x00, 0x05, 0x00,
  0x9c, 0x37, 0x00, 0x00, 0x0e, 0x92, 0x00, 0x00, 0x98, 0x00, 0x00, 0x00,
  0x12, 0x00, 0x02, 0x00, 0xb7, 0x37, 0x00, 0x00, 0x37, 0x00, 0x00, 0x00,
  0x00, 0x00, 0x00, 0x00, 0x10, 0x00, 0xf1, 0xff, 0xbf, 0x37, 0x00, 0x00,
  0x76, 0x33, 0x00, 0x00, 0x00, 0x00, 0x00, 0x00, 0x20, 0x00, 0x02, 0x00,
  0xc7, 0x37, 0x00, 0x00, 0x98, 0x6d, 0x00, 0x00, 0x8c, 0x00, 0x00, 0x00,
  0x12, 0x00, 0x02, 0x00, 0xd3, 0x37, 0x00, 0x00, 0x36, 0x9b, 0x00, 0x00,
  0x0a, 0x00, 0x00, 0x00, 0x12, 0x00, 0x02, 0x00, 0xef, 0x37, 0x00, 0x00,
  0x8c, 0x00, 0x00, 0x00, 0x00, 0x00, 0x00, 0x00, 0x10, 0x00, 0xf1, 0xff,
  0xfd, 0x37, 0x00, 0x00, 0xa9, 0x24, 0x00, 0x00, 0x01, 0x00, 0x00, 0x00,
  0x11, 0x00, 0x05, 0x00, 0x0c, 0x38, 0x00, 0x00, 0x68, 0x11, 0x00, 0x00,
  0x02, 0x00, 0x00, 0x00, 0x11, 0x00, 0x04, 0x00, 0x20, 0x38, 0x00, 0x00,
  0x68, 0x56, 0x00, 0x00, 0x8c, 0x00, 0x00, 0x00, 0x12, 0x00, 0x02, 0x00,
  0x36, 0x38, 0x00, 0x00, 0x72, 0xc9, 0x00, 0x00, 0x0c, 0x00, 0x00, 0x00,
  0x11, 0x00, 0x03, 0x00, 0x44, 0x38, 0x00, 0x00, 0x00, 0x00, 0x00, 0x00,
  0x00, 0x00, 0x00, 0x00, 0x10, 0x00, 0x07, 0x00, 0x55, 0x38, 0x00, 0x00,
  0xfc, 0x3b, 0x01, 0x00, 0x12, 0x00, 0x00, 0x00, 0x12, 0x00, 0x01, 0x00,
  0x67, 0x38, 0x00, 0x00, 0x50, 0x12, 0x00, 0x00, 0x00, 0x00, 0x00, 0x00,
  0x10, 0x00, 0x04, 0x00, 0x6e, 0x38, 0x00, 0x00, 0x74, 0x15, 0x00, 0x00,
  0x02, 0x00, 0x00, 0x00, 0x11, 0x00, 0x05, 0x00, 0x7e, 0x38, 0x00, 0x00,
  0x7a, 0x19, 0x01, 0x00, 0x42, 0x00, 0x00, 0x00, 0x12, 0x00, 0x01, 0x00,
  0x95, 0x38, 0x00, 0x00, 0x9a, 0x28, 0x00, 0x00, 0x00, 0x00, 0x00, 0x00,
  0x10, 0x00, 0xf1, 0xff, 0x9a, 0x38, 0x00, 0x00, 0x06, 0x00, 0x00, 0x00,
  0x00, 0x00, 0x00, 0x00, 0x10, 0x00, 0xf1, 0xff, 0xa2, 0x38, 0x00, 0x00,
  0xcc, 0x24, 0x00, 0x00, 0x02, 0x00, 0x00, 0x00, 0x11, 0x00, 0x05, 0x00,
  0xad, 0x38, 0x00, 0x00, 0x22, 0x24, 0x00, 0x00, 0x02, 0x00, 0x00, 0x00,
  0x11, 0x00, 0x05, 0x00, 0xb9, 0x38, 0x00, 0x00, 0xd0, 0x5c, 0x00, 0x00,
  0x14, 0x00, 0x00, 0x00, 0x12, 0x00, 0x02, 0x00, 0xc8, 0x38, 0x00, 0x00,
  0x00, 0x00, 0x00, 0x00, 0x00, 0x00, 0x00, 0x00, 0x10, 0x00, 0x00, 0x00,
  0xe5, 0x38, 0x00, 0x00, 0x8c, 0x37, 0x00, 0x00, 0x22, 0x00, 0x00, 0x00,
  0x12, 0x00, 0x02, 0x00, 0xed, 0x38, 0x00, 0x00, 0xd0, 0x52, 0x00, 0x00,
  0x0e, 0x00, 0x00, 0x00, 0x12, 0x00, 0x02, 0x00, 0xfc, 0x38, 0x00, 0x00,
  0x58, 0x4a, 0x00, 0x00, 0x70, 0x02, 0x00, 0x00, 0x12, 0x00, 0x02, 0x00,
  0x0f, 0x39, 0x00, 0x00, 0x94, 0x01, 0x00, 0x00, 0x00, 0x00, 0x00, 0x00,
  0x10, 0x00, 0xf1, 0xff, 0x18, 0x39, 0x00, 0x00, 0x93, 0x28, 0x00, 0x00,
  0x04, 0x00, 0x00, 0x00, 0x11, 0x00, 0x05, 0x00, 0x26, 0x39, 0x00, 0x00,
  0xa8, 0x1b, 0x01, 0x00, 0x46, 0x00, 0x00, 0x00, 0x12, 0x00, 0x01, 0x00,
  0x37, 0x39, 0x00, 0x00, 0x7e, 0xc9, 0x00, 0x00, 0x04, 0x00, 0x00, 0x00,
  0x11, 0x00, 0x03, 0x00, 0x4b, 0x39, 0x00, 0x00, 0x7a, 0x77, 0x00, 0x00,
  0x22, 0x00, 0x00, 0x00, 0x12, 0x00, 0x02, 0x00, 0x66, 0x39, 0x00, 0x00,
  0xf8, 0x5f, 0x00, 0x00, 0x22, 0x00, 0x00, 0x00, 0x12, 0x00, 0x02, 0x00,
  0x76, 0x39, 0x00, 0x00, 0xd4, 0x75, 0x00, 0x00, 0xb6, 0x00, 0x00, 0x00,
  0x12, 0x00, 0x02, 0x00, 0x87, 0x39, 0x00, 0x00, 0x70, 0x41, 0x00, 0x00,
  0x48, 0x00, 0x00, 0x00, 0x12, 0x00, 0x02, 0x00, 0x93, 0x39, 0x00, 0x00,
  0x1e, 0x01, 0x00, 0x00, 0x00, 0x00, 0x00, 0x00, 0x10, 0x00, 0xf1, 0xff,
  0x9a, 0x39, 0x00, 0x00, 0x30, 0x69, 0x00, 0x00, 0x1a, 0x00, 0x00, 0x00,
  0x12, 0x00, 0x02, 0x00, 0xae, 0x39, 0x00, 0x00, 0xc0, 0x01, 0x00, 0x00,
  0x00, 0x00, 0x00, 0x00, 0x10, 0x00, 0xf1, 0xff, 0xbb, 0x39, 0x00, 0x00,
  0x78, 0x4a, 0x01, 0x00, 0x00, 0x00, 0x00, 0x00, 0x10, 0x00, 0xf1, 0xff,
  0xd1, 0x39, 0x00, 0x00, 0x5c, 0x68, 0x00, 0x00, 0x20, 0x00, 0x00, 0x00,
  0x12, 0x00, 0x02, 0x00, 0xe6, 0x39, 0x00, 0x00, 0xf2, 0xc9, 0x00, 0x00,
  0x0e, 0x00, 0x00, 0x00, 0x11, 0x00, 0x03, 0x00, 0xed, 0x39, 0x00, 0x00,
  0xc8, 0x75, 0x00, 0x00, 0x0c, 0x00, 0x00, 0x00, 0x12, 0x00, 0x02, 0x00,
  0x06, 0x3a, 0x00, 0x00, 0x5e, 0x01, 0x00, 0x00, 0x00, 0x00, 0x00, 0x00,
  0x10, 0x00, 0xf1, 0xff, 0x13, 0x3a, 0x00, 0x00, 0xbe, 0xff, 0x00, 0x00,
  0x00, 0x00, 0x00, 0x00, 0x10, 0x00, 0xf1, 0xff, 0x22, 0x3a, 0x00, 0x00,
  0x78, 0x34, 0x00, 0x00, 0x00, 0x00, 0x00, 0x00, 0x12, 0x00, 0x02, 0x00,
  0x2b, 0x3a, 0x00, 0x00, 0x66, 0x69, 0x00, 0x00, 0x0c, 0x00, 0x00, 0x00,
  0x12, 0x00, 0x02, 0x00, 0x3d, 0x3a, 0x00, 0x00, 0x34, 0x01, 0x00, 0x00,
  0x00, 0x00, 0x00, 0x00, 0x10, 0x00, 0xf1, 0xff, 0x43, 0x3a, 0x00, 0x00,
  0x62, 0xc1, 0x00, 0x00, 0x30, 0x00, 0x00, 0x00, 0x12, 0x00, 0x02, 0x00,
  0x52, 0x3a, 0x00, 0x00, 0x58, 0x00, 0x00, 0x00, 0x00, 0x00, 0x00, 0x00,
  0x10, 0x00, 0xf1, 0xff, 0x5c, 0x3a, 0x00, 0x00, 0x36, 0x9a, 0x00, 0x00,
  0x20, 0x00, 0x00, 0x00, 0x12, 0x00, 0x02, 0x00, 0x71, 0x3a, 0x00, 0x00,
  0x70, 0x33, 0x00, 0x00, 0x00, 0x00, 0x00, 0x00, 0x20, 0x00, 0x02, 0x00,
  0x81, 0x3a, 0x00, 0x00, 0xe4, 0x9f, 0x00, 0x00, 0x9c, 0x00, 0x00, 0x00,
  0x12, 0x00, 0x02, 0x00, 0x9a, 0x3a, 0x00, 0x00, 0x22, 0x01, 0x00, 0x00,
  0x00, 0x00, 0x00, 0x00, 0x10, 0x00, 0xf1, 0xff, 0xa4, 0x3a, 0x00, 0x00,
  0x1f, 0x00, 0x00, 0x00, 0x00, 0x00, 0x00, 0x00, 0x10, 0x00, 0xf1, 0xff,
  0xac, 0x3a, 0x00, 0x00, 0x96, 0x01, 0x00, 0x00, 0x00, 0x00, 0x00, 0x00,
  0x10, 0x00, 0xf1, 0xff, 0xb5, 0x3a, 0x00, 0x00, 0x41, 0x00, 0x00, 0x00,
  0x00, 0x00, 0x00, 0x00, 0x10, 0x00, 0xf1, 0xff, 0xbe, 0x3a, 0x00, 0x00,
  0x76, 0x33, 0x00, 0x00, 0x00, 0x00, 0x00, 0x00, 0x20, 0x00, 0x02, 0x00,
  0xc7, 0x3a, 0x00, 0x00, 0x22, 0x00, 0x00, 0x00, 0x00, 0x00, 0x00, 0x00,
  0x10, 0x00, 0xf1, 0xff, 0xcf, 0x3a, 0x00, 0x00, 0x46, 0x01, 0x00, 0x00,
  0x00, 0x00, 0x00, 0x00, 0x10, 0x00, 0xf1, 0xff, 0xdb, 0x3a, 0x00, 0x00,
  0x4f, 0x12, 0x00, 0x00, 0x01, 0x00, 0x00, 0x00, 0x11, 0x00, 0x04, 0x00,
  0xe8, 0x3a, 0x00, 0x00, 0x1e, 0x30, 0x01, 0x00, 0x24, 0x00, 0x00, 0x00,
  0x12, 0x00, 0x01, 0x00, 0xf1, 0x3a, 0x00, 0x00, 0x52, 0x1c, 0x01, 0x00,
  0x9a, 0x00, 0x00, 0x00, 0x12, 0x00, 0x01, 0x00, 0x04, 0x3b, 0x00, 0x00,
  0xa0, 0x9a, 0x00, 0x00, 0x2c, 0x00, 0x00, 0x00, 0x12, 0x00, 0x02, 0x00,
  0x17, 0x3b, 0x00, 0x00, 0x20, 0x45, 0x00, 0x00, 0x1a, 0x00, 0x00, 0x00,
  0x12, 0x00, 0x02, 0x00, 0x22, 0x3b, 0x00, 0x00, 0x5f, 0x00, 0x00, 0x00,
  0x00, 0x00, 0x00, 0x00, 0x10, 0x00, 0xf1, 0xff, 0x2f, 0x3b, 0x00, 0x00,
  0x10, 0x00, 0x00, 0x00, 0x00, 0x00, 0x00, 0x00, 0x10, 0x00, 0xf1, 0xff,
  0x37, 0x3b, 0x00, 0x00, 0xae, 0x5c, 0x00, 0x00, 0x22, 0x00, 0x00, 0x00,
  0x12, 0x00, 0x02, 0x00, 0x42, 0x3b, 0x00, 0x00, 0x64, 0x01, 0x00, 0x00,
  0x00, 0x00, 0x00, 0x00, 0x10, 0x00, 0xf1, 0xff, 0x4c, 0x3b, 0x00, 0x00,
  0x64, 0xc8, 0x00, 0x00, 0x0a, 0x00, 0x00, 0x00, 0x12, 0x00, 0x02, 0x00,
  0x5d, 0x3b, 0x00, 0x00, 0xf6, 0x6a, 0x00, 0x00, 0xba, 0x00, 0x00, 0x00,
  0x12, 0x00, 0x02, 0x00, 0x75, 0x3b, 0x00, 0x00, 0xbe, 0x24, 0x00, 0x00,
  0x02, 0x00, 0x00, 0x00, 0x11, 0x00, 0x05, 0x00, 0x89, 0x3b, 0x00, 0x00,
  0xd3, 0x00, 0x00, 0x00, 0x00, 0x00, 0x00, 0x00, 0x10, 0x00, 0xf1, 0xff,
  0x93, 0x3b, 0x00, 0x00, 0x00, 0x00, 0x00, 0x00, 0x00, 0x00, 0x00, 0x00,
  0x10, 0x00, 0xf1, 0xff, 0xa2, 0x3b, 0x00, 0x00, 0x6f, 0x00, 0x00, 0x00,
  0x00, 0x00, 0x00, 0x00, 0x10, 0x00, 0xf1, 0xff, 0xae, 0x3b, 0x00, 0x00,
  0x3c, 0x7e, 0x00, 0x00, 0x26, 0x00, 0x00, 0x00, 0x12, 0x00, 0x02, 0x00,
  0xbe, 0x3b, 0x00, 0x00, 0x00, 0x75, 0x00, 0x00, 0x12, 0x00, 0x00, 0x00,
  0x12, 0x00, 0x02, 0x00, 0xd3, 0x3b, 0x00, 0x00, 0xbc, 0x19, 0x01, 0x00,
  0x2a, 0x00, 0x00, 0x00, 0x12, 0x00, 0x01, 0x00, 0xe7, 0x3b, 0x00, 0x00,
  0xff, 0x10, 0x00, 0x00, 0x00, 0x00, 0x00, 0x00, 0x10, 0x00, 0xf1, 0xff,
  0xf5, 0x3b, 0x00, 0x00, 0x4a, 0x11, 0x00, 0x00, 0x0c, 0x00, 0x00, 0x00,
  0x11, 0x00, 0x04, 0x00, 0x09, 0x3c, 0x00, 0x00, 0x55, 0x00, 0x00, 0x00,
  0x00, 0x00, 0x00, 0x00, 0x10, 0x00, 0xf1, 0xff, 0x12, 0x3c, 0x00, 0x00,
  0x46, 0xc1, 0x00, 0x00, 0x1c, 0x00, 0x00, 0x00, 0x12, 0x00, 0x02, 0x00,
  0x1d, 0x3c, 0x00, 0x00, 0x9a, 0x28, 0x00, 0x00, 0x00, 0x00, 0x00, 0x00,
  0x10, 0x00, 0xf1, 0xff, 0x24, 0x3c, 0x00, 0x00, 0x10, 0x31, 0x00, 0x00,
  0x00, 0x00, 0x00, 0x00, 0x20, 0x00, 0x02, 0x00, 0x35, 0x3c, 0x00, 0x00,
  0x14, 0x30, 0x01, 0x00, 0x0a, 0x00, 0x00, 0x00, 0x12, 0x00, 0x01, 0x00,
  0x43, 0x3c, 0x00, 0x00, 0x1c, 0x6a, 0x00, 0x00, 0x12, 0x00, 0x00, 0x00,
  0x12, 0x00, 0x02, 0x00, 0x53, 0x3c, 0x00, 0x00, 0x9c, 0x77, 0x00, 0x00,
  0x04, 0x02, 0x00, 0x00, 0x12, 0x00, 0x02, 0x00, 0x68, 0x3c, 0x00, 0x00,
  0xca, 0x11, 0x00, 0x00, 0x02, 0x00, 0x00, 0x00, 0x11, 0x00, 0x04, 0x00,
  0x76, 0x3c, 0x00, 0x00, 0x78, 0x37, 0x00, 0x00, 0x00, 0x00, 0x00, 0x00,
  0x10, 0x00, 0x02, 0x00, 0x7f, 0x3c, 0x00, 0x00, 0x54, 0x63, 0x00, 0x00,
  0x26, 0x00, 0x00, 0x00, 0x12, 0x00, 0x02, 0x00, 0x8c, 0x3c, 0x00, 0x00,
  0x91, 0x28, 0x00, 0x00, 0x01, 0x00, 0x00, 0x00, 0x11, 0x00, 0x05, 0x00,
  0x9a, 0x3c, 0x00, 0x00, 0x11, 0x00, 0x00, 0x00, 0x00, 0x00, 0x00, 0x00,
  0x10, 0x00, 0xf1, 0xff, 0xa2, 0x3c, 0x00, 0x00, 0xda, 0xaa, 0x00, 0x00,
  0x06, 0x00, 0x00, 0x00, 0x12, 0x00, 0x02, 0x00, 0xae, 0x3c, 0x00, 0x00,
  0x00, 0x11, 0x00, 0x00, 0x00, 0x00, 0x00, 0x00, 0x10, 0x00, 0x04, 0x00,
  0xbb, 0x3c, 0x00, 0x00, 0xd1, 0x00, 0x00, 0x00, 0x00, 0x00, 0x00, 0x00,
  0x10, 0x00, 0xf1, 0xff, 0xc6, 0x3c, 0x00, 0x00, 0x8e, 0x01, 0x00, 0x00,
  0x00, 0x00, 0x00, 0x00, 0x10, 0x00, 0xf1, 0xff, 0xd0, 0x3c, 0x00, 0x00,
  0x76, 0x33, 0x00, 0x00, 0x00, 0x00, 0x00, 0x00, 0x20, 0x00, 0x02, 0x00,
  0xd9, 0x3c, 0x00, 0x00, 0x02, 0xc9, 0x00, 0x00, 0x0e, 0x00, 0x00, 0x00,
  0x11, 0x00, 0x03, 0x00, 0xe7, 0x3c, 0x00, 0x00, 0x7a, 0x63, 0x00, 0x00,
  0x28, 0x00, 0x00, 0x00, 0x12, 0x00, 0x02, 0x00, 0xf7, 0x3c, 0x00, 0x00,
  0x8a, 0x3d, 0x01, 0x00, 0x12, 0x00, 0x00, 0x00, 0x12, 0x00, 0x01, 0x00,
  0x05, 0x3d, 0x00, 0x00, 0xe8, 0x60, 0x00, 0x00, 0x32, 0x00, 0x00, 0x00,
  0x12, 0x00, 0x02, 0x00, 0x0f, 0x3d, 0x00, 0x00, 0xe4, 0x14, 0x01, 0x00,
  0x12, 0x00, 0x00, 0x00, 0x12, 0x00, 0x01, 0x00, 0x22, 0x3d, 0x00, 0x00,
  0xe2, 0x01, 0x00, 0x00, 0x00, 0x00, 0x00, 0x00, 0x10, 0x00, 0xf1, 0xff,
  0x2b, 0x3d, 0x00, 0x00, 0x20, 0x01, 0x00, 0x00, 0x00, 0x00, 0x00, 0x00,
  0x10, 0x00, 0xf1, 0xff, 0x34, 0x3d, 0x00, 0x00, 0x3a, 0x3a, 0x00, 0x00,
  0x16, 0x00, 0x00, 0x00, 0x12, 0x00, 0x02, 0x00, 0x44, 0x3d, 0x00, 0x00,
  0x83, 0x00, 0x00, 0x00, 0x00, 0x00, 0x00, 0x00, 0x10, 0x00, 0xf1, 0xff,
  0x51, 0x3d, 0x00, 0x00, 0x00, 0x00, 0x00, 0x00, 0x00, 0x00, 0x00, 0x00,
  0x10, 0x00, 0xf1, 0xff, 0x57, 0x3d, 0x00, 0x00, 0x1c, 0xa8, 0x00, 0x00,
  0x7c, 0x00, 0x00, 0x00, 0x12, 0x00, 0x02, 0x00, 0x69, 0x3d, 0x00, 0x00,
  0xd0, 0xa3, 0x00, 0x00, 0x7e, 0x00, 0x00, 0x00, 0x12, 0x00, 0x02, 0x00,
  0x83, 0x3d, 0x00, 0x00, 0x5c, 0x60, 0x00, 0x00, 0x34, 0x00, 0x00, 0x00,
  0x12, 0x00, 0x02, 0x00, 0x8f, 0x3d, 0x00, 0x00, 0xd9, 0x00, 0x00, 0x00,
  0x00, 0x00, 0x00, 0x00, 0x10, 0x00, 0xf1, 0xff, 0x9a, 0x3d, 0x00, 0x00,
  0x2c, 0x12, 0x00, 0x00, 0x08, 0x00, 0x00, 0x00, 0x11, 0x00, 0x04, 0x00,
  0xa2, 0x3d, 0x00, 0x00, 0x59, 0x00, 0x00, 0x00, 0x00, 0x00, 0x00, 0x00,
  0x10, 0x00, 0xf1, 0xff, 0xab, 0x3d, 0x00, 0x00, 0xf6, 0x10, 0x00, 0x00,
  0x00, 0x00, 0x00, 0x00, 0x10, 0x00, 0xf1, 0xff, 0xbc, 0x3d, 0x00, 0x00,
  0x20, 0x00, 0x00, 0x00, 0x00, 0x00, 0x00, 0x00, 0x10, 0x00, 0xf1, 0xff,
  0xc3, 0x3d, 0x00, 0x00, 0x1c, 0x00, 0x00, 0x00, 0x00, 0x00, 0x00, 0x00,
  0x10, 0x00, 0xf1, 0xff, 0xca, 0x3d, 0x00, 0x00, 0xf4, 0x69, 0x00, 0x00,
  0x28, 0x00, 0x00, 0x00, 0x12, 0x00, 0x02, 0x00, 0xdf, 0x3d, 0x00, 0x00,
  0x8b, 0x00, 0x00, 0x00, 0x00, 0x00, 0x00, 0x00, 0x10, 0x00, 0xf1, 0xff,
  0xed, 0x3d, 0x00, 0x00, 0xd8, 0x2c, 0x01, 0x00, 0xc8, 0x00, 0x00, 0x00,
  0x12, 0x00, 0x01, 0x00, 0x01, 0x3e, 0x00, 0x00, 0xd8, 0x5e, 0x00, 0x00,
  0xf6, 0x00, 0x00, 0x00, 0x12, 0x00, 0x02, 0x00, 0x1b, 0x3e, 0x00, 0x00,
  0x3e, 0x01, 0x00, 0x00, 0x00, 0x00, 0x00, 0x00, 0x10, 0x00, 0xf1, 0xff,
  0x24, 0x3e, 0x00, 0x00, 0x52, 0x28, 0x00, 0x00, 0x02, 0x00, 0x00, 0x00,
  0x11, 0x00, 0x05, 0x00, 0x2d, 0x3e, 0x00, 0x00, 0x31, 0x00, 0x00, 0x00,
  0x00, 0x00, 0x00, 0x00, 0x10, 0x00, 0xf1, 0xff, 0x35, 0x3e, 0x00, 0x00,
  0xee, 0x6e, 0x00, 0x00, 0x0a, 0x00, 0x00, 0x00, 0x12, 0x00, 0x02, 0x00,
  0x46, 0x3e, 0x00, 0x00, 0x54, 0x28, 0x00, 0x00, 0x34, 0x00, 0x00, 0x00,
  0x11, 0x00, 0x05, 0x00, 0x54, 0x3e, 0x00, 0x00, 0xae, 0x3a, 0x01, 0x00,
  0x1c, 0x00, 0x00, 0x00, 0x12, 0x00, 0x01, 0x00, 0x67, 0x3e, 0x00, 0x00,
  0x70, 0x62, 0x00, 0x00, 0x14, 0x00, 0x00, 0x00, 0x12, 0x00, 0x02, 0x00,
  0x7e, 0x3e, 0x00, 0x00, 0xa0, 0x2c, 0x01, 0x00, 0x38, 0x00, 0x00, 0x00,
  0x12, 0x00, 0x01, 0x00, 0x8e, 0x3e, 0x00, 0x00, 0x64, 0x5d, 0x00, 0x00,
  0x06, 0x00, 0x00, 0x00, 0x12, 0x00, 0x02, 0x00, 0x98, 0x3e, 0x00, 0x00,
  0xe4, 0x6a, 0x00, 0x00, 0x12, 0x00, 0x00, 0x00, 0x12, 0x00, 0x02, 0x00,
  0x00, 0x73, 0x69, 0x63, 0x73, 0x6c, 0x6f, 0x77, 0x70, 0x61, 0x6e, 0x2e,
  0x63, 0x00, 0x63, 0x6c, 0x65, 0x61, 0x72, 0x5f, 0x66, 0x72, 0x61, 0x67,
  0x6d, 0x65, 0x6e, 0x74, 0x73, 0x00, 0x66, 0x72, 0x61, 0x67, 0x5f, 0x69,
  0x6e, 0x66, 0x6f, 0x00, 0x66, 0x72, 0x61, 0x67, 0x5f, 0x62, 0x75, 0x66,
  0x00, 0x61, 0x64, 0x64, 0x72, 0x5f, 0x63, 0x6f, 0x6e, 0x74, 0x65, 0x78,
  0x74, 0x5f, 0x6c, 0x6f, 0x6f, 0x6b, 0x75, 0x70, 0x5f, 0x62, 0x79, 0x5f,
  0x6e, 0x75, 0x6d, 0x62, 0x65, 0x72, 0x00, 0x61, 0x64, 0x64, 0x72, 0x5f,
  0x63, 0x6f, 0x6e, 0x74, 0x65, 0x78, 0x74, 0x73, 0x00, 0x73, 0x65, 0x74,
  0x5f, 0x70, 0x61, 0x63, 0x6b, 0x65, 0x74, 0x5f, 0x61, 0x74, 0x74, 0x72,
  0x73, 0x00, 0x63, 0x6f, 0x6d, 0x70, 0x72, 0x65, 0x73, 0x73, 0x5f, 0x61,
  0x64, 0x64, 0x72, 0x5f, 0x36, 0x34, 0x00, 0x69, 0x70, 0x68, 0x63, 0x5f,
  0x70, 0x74, 0x72, 0x00, 0x61, 0x64, 0x64, 0x72, 0x5f, 0x63, 0x6f, 0x6e,
  0x74, 0x65, 0x78, 0x74, 0x5f, 0x6c, 0x6f, 0x6f, 0x6b, 0x75, 0x70, 0x5f,
  0x62, 0x79, 0x5f, 0x70, 0x72, 0x65, 0x66, 0x69, 0x78, 0x00, 0x73, 0x65,
  0x6e, 0x64, 0x5f, 0x70, 0x61, 0x63, 0x6b, 0x65, 0x74, 0x00, 0x70, 0x61,
  0x63, 0x6b, 0x65, 0x74, 0x5f, 0x73, 0x65, 0x6e, 0x74, 0x00, 0x63, 0x61,
  0x6c, 0x6c, 0x62, 0x61, 0x63, 0x6b, 0x00, 0x6c, 0x61, 0x73, 0x74, 0x5f,
  0x74, 0x78, 0x5f, 0x73, 0x74, 0x61, 0x74, 0x75, 0x73, 0x00, 0x73, 0x74,
  0x6f, 0x72, 0x65, 0x5f, 0x66, 0x72, 0x61, 0x67, 0x6d, 0x65, 0x6e, 0x74,
  0x00, 0x70, 0x61, 0x63, 0x6b, 0x65, 0x74, 0x62, 0x75, 0x66, 0x5f, 0x68,
  0x64, 0x72, 0x5f, 0x6c, 0x65, 0x6e, 0x00, 0x70, 0x61, 0x63, 0x6b, 0x65,
  0x74, 0x62, 0x75, 0x66, 0x5f, 0x70, 0x74, 0x72, 0x00, 0x61, 0x64, 0x64,
  0x5f, 0x66, 0x72, 0x61, 0x67, 0x6d, 0x65, 0x6e, 0x74, 0x00, 0x75, 0x6e,
  0x63, 0x6f, 0x6d, 0x70, 0x72, 0x65, 0x73, 0x73, 0x5f, 0x61, 0x64, 0x64,
  0x72, 0x00, 0x66, 0x72, 0x61, 0x67, 0x6d, 0x65, 0x6e, 0x74, 0x5f, 0x63,
  0x6f, 0x70, 0x79, 0x5f, 0x70, 0x61, 0x79, 0x6c, 0x6f, 0x61, 0x64, 0x5f,
  0x61, 0x6e, 0x64, 0x5f, 0x73, 0x65, 0x6e, 0x64, 0x00, 0x70, 0x61, 0x63,
  0x6b, 0x65, 0x74, 0x62, 0x75, 0x66, 0x5f, 0x70, 0x61, 0x79, 0x6c, 0x6f,
  0x61, 0x64, 0x5f, 0x6c, 0x65, 0x6e, 0x00, 0x6f, 0x75, 0x74, 0x70, 0x75,
  0x74, 0x00, 0x75, 0x6e, 0x63, 0x6f, 0x6d, 0x70, 0x5f, 0x68, 0x64, 0x72,
  0x5f, 0x6c, 0x65, 0x6e, 0x00, 0x6d, 0x61, 0x63, 0x5f, 0x6d, 0x61, 0x78,
  0x5f, 0x70, 0x61, 0x79, 0x6c, 0x6f, 0x61, 0x64, 0x00, 0x63, 0x6f, 0x6e,
  0x74, 0x65, 0x78, 0x74, 0x00, 0x6d, 0x79, 0x5f, 0x74, 0x61, 0x67, 0x00,
  0x69, 0x6e, 0x70, 0x75, 0x74, 0x00, 0x63, 0x75, 0x72, 0x72, 0x5f, 0x70,
  0x61, 0x67, 0x65, 0x00, 0x74, 0x74, 0x6c, 0x5f, 0x76, 0x61, 0x6c, 0x75,
  0x65, 0x73, 0x00, 0x75, 0x61, 0x72, 0x74, 0x30, 0x2d, 0x70, 0x75, 0x74,
  0x63, 0x68, 0x61, 0x72, 0x2e, 0x63, 0x00, 0x75, 0x61, 0x72, 0x74, 0x30,
  0x2e, 0x63, 0x00, 0x74, 0x72, 0x61, 0x6e, 0x73, 0x6d, 0x69, 0x74, 0x74,
  0x69, 0x6e, 0x67, 0x00, 0x75, 0x61, 0x72, 0x74, 0x30, 0x5f, 0x69, 0x6e,
  0x70, 0x75, 0x74, 0x5f, 0x68, 0x61, 0x6e, 0x64, 0x6c, 0x65, 0x72, 0x00,
  0x75, 0x69, 0x70, 0x2d, 0x64, 0x73, 0x36, 0x2d, 0x6e, 0x62, 0x72, 0x2e,
  0x63, 0x00, 0x64, 0x73, 0x36, 0x5f, 0x6e, 0x65, 0x69, 0x67, 0x68, 0x62,
  0x6f, 0x72, 0x73, 0x5f, 0x73, 0x74, 0x72, 0x75, 0x63, 0x74, 0x00, 0x5f,
  0x5f, 0x66, 0x75, 0x6e, 0x63, 0x5f, 0x5f, 0x2e, 0x33, 0x33, 0x38, 0x38,
  0x00, 0x5f, 0x64, 0x73, 0x36, 0x5f, 0x6e, 0x65, 0x69, 0x67, 0x68, 0x62,
  0x6f, 0x72, 0x73, 0x5f, 0x6d, 0x65, 0x6d, 0x00, 0x75, 0x69, 0x70, 0x2d,
  0x64, 0x73, 0x36, 0x2d, 0x72, 0x6f, 0x75, 0x74, 0x65, 0x2e, 0x63, 0x00,
  0x64, 0x65, 0x66, 0x61, 0x75, 0x6c, 0x74, 0x72, 0x6f, 0x75, 0x74, 0x65,
  0x72, 0x6d, 0x65, 0x6d, 0x62, 0x00, 0x64, 0x65, 0x66, 0x61, 0x75, 0x6c,
  0x74, 0x72, 0x6f, 0x75, 0x74, 0x65, 0x72, 0x6c, 0x69, 0x73, 0x74, 0x5f,
  0x6c, 0x69, 0x73, 0x74, 0x00, 0x64, 0x65, 0x66, 0x61, 0x75, 0x6c, 0x74,
  0x72, 0x6f, 0x75, 0x74, 0x65, 0x72, 0x6d, 0x65, 0x6d, 0x62, 0x5f, 0x6d,
  0x65, 0x6d, 0x62, 0x5f, 0x75, 0x73, 0x65, 0x64, 0x00, 0x64, 0x65, 0x66,
  0x61, 0x75, 0x6c, 0x74, 0x72, 0x6f, 0x75, 0x74, 0x65, 0x72, 0x6d, 0x65,
  0x6d, 0x62, 0x5f, 0x6d, 0x65, 0x6d, 0x62, 0x5f, 0x6d, 0x65, 0x6d, 0x00,
  0x75, 0x69, 0x70, 0x2d, 0x64, 0x73, 0x36, 0x2e, 0x63, 0x00, 0x64, 0x65,
  0x66, 0x61, 0x75, 0x6c, 0x74, 0x5f, 0x70, 0x72, 0x65, 0x66, 0x69, 0x78,
  0x00, 0x6c, 0x6f, 0x63, 0x70, 0x72, 0x65, 0x66, 0x69, 0x78, 0x00, 0x6c,
  0x6f, 0x63, 0x61, 0x64, 0x64, 0x72, 0x00, 0x6c, 0x6f, 0x63, 0x6d, 0x61,
  0x64, 0x64, 0x72, 0x00, 0x6c, 0x6f, 0x63, 0x5f, 0x66, 0x69, 0x70, 0x61,
  0x64, 0x64, 0x72, 0x00, 0x75, 0x69, 0x70, 0x2d, 0x69, 0x63, 0x6d, 0x70,
  0x36, 0x2e, 0x63, 0x00, 0x65, 0x63, 0x68, 0x6f, 0x5f, 0x72, 0x65, 0x70,
  0x6c, 0x79, 0x5f, 0x69, 0x6e, 0x70, 0x75, 0x74, 0x00, 0x65, 0x63, 0x68,
  0x6f, 0x5f, 0x72, 0x65, 0x70, 0x6c, 0x79, 0x5f, 0x63, 0x61, 0x6c, 0x6c,
  0x62, 0x61, 0x63, 0x6b, 0x5f, 0x6c, 0x69, 0x73, 0x74, 0x5f, 0x6c, 0x69,
  0x73, 0x74, 0x00, 0x65, 0x63, 0x68, 0x6f, 0x5f, 0x72, 0x65, 0x71, 0x75,
  0x65, 0x73, 0x74, 0x5f, 0x69, 0x6e, 0x70, 0x75, 0x74, 0x00, 0x74, 0x6d,
  0x70, 0x5f, 0x69, 0x70, 0x61, 0x64, 0x64, 0x72, 0x00, 0x69, 0x6e, 0x70,
  0x75, 0x74, 0x5f, 0x68, 0x61, 0x6e, 0x64, 0x6c, 0x65, 0x72, 0x5f, 0x6c,
  0x69, 0x73, 0x74, 0x5f, 0x6c, 0x69, 0x73, 0x74, 0x00, 0x65, 0x63, 0x68,
  0x6f, 0x5f, 0x72, 0x65, 0x71, 0x75, 0x65, 0x73, 0x74, 0x5f, 0x68, 0x61,
  0x6e, 0x64, 0x6c, 0x65, 0x72, 0x00, 0x65, 0x63, 0x68, 0x6f, 0x5f, 0x72,
  0x65, 0x70, 0x6c, 0x79, 0x5f, 0x68, 0x61, 0x6e, 0x64, 0x6c, 0x65, 0x72,
  0x00, 0x75, 0x69, 0x70, 0x2d, 0x6e, 0x64, 0x36, 0x2e, 0x63, 0x00, 0x6e,
  0x73, 0x5f, 0x69, 0x6e, 0x70, 0x75, 0x74, 0x00, 0x6e, 0x64, 0x36, 0x5f,
  0x6f, 0x70, 0x74, 0x5f, 0x6c, 0x6c, 0x61, 0x6f, 0x00, 0x6e, 0x64, 0x36,
  0x5f, 0x6f, 0x70, 0x74, 0x5f, 0x6f, 0x66, 0x66, 0x73, 0x65, 0x74, 0x00,
  0x6e, 0x62, 0x72, 0x00, 0x61, 0x64, 0x64, 0x72, 0x00, 0x6e, 0x73, 0x5f,
  0x69, 0x6e, 0x70, 0x75, 0x74, 0x5f, 0x68, 0x61, 0x6e, 0x64, 0x6c, 0x65,
  0x72, 0x00, 0x75, 0x69, 0x70, 0x2d, 0x73, 0x72, 0x2e, 0x63, 0x00, 0x6e,
  0x6f, 0x64, 0x65, 0x5f, 0x6d, 0x61, 0x74, 0x63, 0x68, 0x65, 0x73, 0x5f,
  0x61, 0x64, 0x64, 0x72, 0x65, 0x73, 0x73, 0x2e, 0x70, 0x61, 0x72, 0x74,
  0x2e, 0x30, 0x00, 0x6e, 0x75, 0x6d, 0x5f, 0x6e, 0x6f, 0x64, 0x65, 0x73,
  0x00, 0x6e, 0x6f, 0x64, 0x65, 0x6c, 0x69, 0x73, 0x74, 0x5f, 0x6c, 0x69,
  0x73, 0x74, 0x00, 0x6e, 0x6f, 0x64, 0x65, 0x6d, 0x65, 0x6d, 0x62, 0x00,
  0x6e, 0x6f, 0x64, 0x65, 0x6d, 0x65, 0x6d, 0x62, 0x5f, 0x6d, 0x65, 0x6d,
  0x62, 0x5f, 0x75, 0x73, 0x65, 0x64, 0x00, 0x6e, 0x6f, 0x64, 0x65, 0x6d,
  0x65, 0x6d, 0x62, 0x5f, 0x6d, 0x65, 0x6d, 0x62, 0x5f, 0x6d, 0x65, 0x6d,
  0x00, 0x75, 0x69, 0x70, 0x36, 0x2e, 0x63, 0x00, 0x63, 0x68, 0x6b, 0x73,
  0x75, 0x6d, 0x00, 0x75, 0x70, 0x70, 0x65, 0x72, 0x5f, 0x6c, 0x61, 0x79,
  0x65, 0x72, 0x5f, 0x63, 0x68, 0x6b, 0x73, 0x75, 0x6d, 0x00, 0x65, 0x78,
  0x74, 0x5f, 0x68, 0x64, 0x72, 0x5f, 0x6f, 0x70, 0x74, 0x69, 0x6f, 0x6e,
  0x73, 0x5f, 0x70, 0x72, 0x6f, 0x63, 0x65, 0x73, 0x73, 0x00, 0x75, 0x69,
  0x70, 0x5f, 0x63, 0x68, 0x65, 0x63, 0x6b, 0x5f, 0x6d, 0x74, 0x75, 0x00,
  0x75, 0x69, 0x70, 0x5f, 0x75, 0x70, 0x64, 0x61, 0x74, 0x65, 0x5f, 0x74,
  0x74, 0x6c, 0x00, 0x6c, 0x61, 0x73, 0x74, 0x70, 0x6f, 0x72, 0x74, 0x00,
  0x75, 0x69, 0x70, 0x62, 0x75, 0x66, 0x2e, 0x63, 0x00, 0x75, 0x69, 0x70,
  0x62, 0x75, 0x66, 0x5f, 0x61, 0x74, 0x74, 0x72, 0x73, 0x00, 0x75, 0x69,
  0x70, 0x62, 0x75, 0x66, 0x5f, 0x64, 0x65, 0x66, 0x61, 0x75, 0x6c, 0x74,
  0x5f, 0x61, 0x74, 0x74, 0x72, 0x73, 0x00, 0x75, 0x69, 0x70, 0x6c, 0x69,
  0x62, 0x2e, 0x63, 0x00, 0x77, 0x61, 0x74, 0x63, 0x68, 0x64, 0x6f, 0x67,
  0x2e, 0x63, 0x00, 0x63, 0x6f, 0x75, 0x6e, 0x74, 0x65, 0x72, 0x00, 0x78,
  0x6d, 0x65, 0x6d, 0x2e, 0x63, 0x00, 0x77, 0x61, 0x69, 0x74, 0x5f, 0x72,
  0x65, 0x61, 0x64, 0x79, 0x00, 0x70, 0x72, 0x69, 0x6e, 0x74, 0x66, 0x2e,
  0x63, 0x00, 0x73, 0x70, 0x72, 0x69, 0x6e, 0x74, 0x66, 0x2e, 0x63, 0x00,
  0x61, 0x70, 0x70, 0x65, 0x6e, 0x64, 0x00, 0x61, 0x76, 0x61, 0x69, 0x6c,
  0x61, 0x62, 0x6c, 0x65, 0x5f, 0x00, 0x64, 0x65, 0x73, 0x74, 0x69, 0x6e,
  0x61, 0x74, 0x69, 0x6f, 0x6e, 0x5f, 0x00, 0x63, 0x61, 0x6c, 0x6c, 0x5f,
  0x76, 0x75, 0x70, 0x72, 0x69, 0x6e, 0x74, 0x66, 0x00, 0x76, 0x75, 0x70,
  0x72, 0x69, 0x6e, 0x74, 0x66, 0x2e, 0x63, 0x00, 0x70, 0x72, 0x69, 0x6e,
  0x74, 0x5f, 0x66, 0x69, 0x65, 0x6c, 0x64, 0x00, 0x70, 0x75, 0x74, 0x73,
  0x2e, 0x63, 0x00, 0x72, 0x61, 0x6e, 0x64, 0x2e, 0x63, 0x00, 0x6e, 0x65,
  0x78, 0x74, 0x00, 0x6d, 0x65, 0x6d, 0x63, 0x6d, 0x70, 0x2e, 0x63, 0x00,
  0x6d, 0x65, 0x6d, 0x63, 0x70, 0x79, 0x2e, 0x63, 0x00, 0x6d, 0x65, 0x6d,
  0x6d, 0x6f, 0x76, 0x65, 0x2e, 0x63, 0x00, 0x6d, 0x65, 0x6d, 0x73, 0x65,
  0x74, 0x2e, 0x63, 0x00, 0x63, 0x6f, 0x6e, 0x74, 0x69, 0x6b, 0x69, 0x2d,
  0x6d, 0x61, 0x69, 0x6e, 0x2e, 0x63, 0x00, 0x5f, 0x5f, 0x62, 0x72, 0x5f,
  0x75, 0x6e, 0x65, 0x78, 0x70, 0x65, 0x63, 0x74, 0x65, 0x64, 0x5f, 0x00,
  0x61, 0x64, 0x78, 0x6c, 0x33, 0x34, 0x35, 0x2e, 0x63, 0x00, 0x73, 0x74,
  0x61, 0x74, 0x75, 0x73, 0x00, 0x65, 0x6e, 0x61, 0x62, 0x6c, 0x65, 0x64,
  0x00, 0x61, 0x63, 0x63, 0x6d, 0x5f, 0x77, 0x72, 0x69, 0x74, 0x65, 0x5f,
  0x72, 0x65, 0x67, 0x00, 0x61, 0x63, 0x63, 0x6d, 0x5f, 0x77, 0x72, 0x69,
  0x74, 0x65, 0x5f, 0x73, 0x74, 0x72, 0x65, 0x61, 0x6d, 0x00, 0x61, 0x63,
  0x63, 0x6d, 0x5f, 0x72, 0x65, 0x61, 0x64, 0x5f, 0x72, 0x65, 0x67, 0x00,
  0x70, 0x72, 0x6f, 0x63, 0x65, 0x73, 0x73, 0x5f, 0x74, 0x68, 0x72, 0x65,
  0x61, 0x64, 0x5f, 0x61, 0x63, 0x63, 0x6d, 0x65, 0x74, 0x65, 0x72, 0x5f,
  0x70, 0x72, 0x6f, 0x63, 0x65, 0x73, 0x73, 0x00, 0x69, 0x6e, 0x74, 0x31,
  0x5f, 0x6d, 0x61, 0x73, 0x6b, 0x00, 0x69, 0x6e, 0x74, 0x32, 0x5f, 0x6d,
  0x61, 0x73, 0x6b, 0x00, 0x61, 0x63, 0x63, 0x6d, 0x5f, 0x72, 0x65, 0x61,
  0x64, 0x5f, 0x61, 0x78, 0x69, 0x73, 0x2e, 0x70, 0x61, 0x72, 0x74, 0x2e,
  0x30, 0x00, 0x76, 0x61, 0x6c, 0x75, 0x65, 0x00, 0x61, 0x64, 0x78, 0x6c,
  0x33, 0x34, 0x35, 0x5f, 0x64, 0x65, 0x66, 0x61, 0x75, 0x6c, 0x74, 0x5f,
  0x73, 0x65, 0x74, 0x74, 0x69, 0x6e, 0x67, 0x73, 0x00, 0x63, 0x6f, 0x6e,
  0x66, 0x69, 0x67, 0x75, 0x72, 0x65, 0x00, 0x73, 0x75, 0x70, 0x70, 0x72,
  0x65, 0x73, 0x73, 0x54, 0x69, 0x6d, 0x65, 0x72, 0x31, 0x00, 0x73, 0x75,
  0x70, 0x70, 0x72, 0x65, 0x73, 0x73, 0x54, 0x69, 0x6d, 0x65, 0x72, 0x32,
  0x00, 0x62, 0x75, 0x74, 0x74, 0x6f, 0x6e, 0x2d, 0x73, 0x65, 0x6e, 0x73,
  0x6f, 0x72, 0x2e, 0x63, 0x00, 0x64, 0x65, 0x62, 0x6f, 0x75, 0x6e, 0x63,
  0x65, 0x74, 0x69, 0x6d, 0x65, 0x72, 0x00, 0x63, 0x63, 0x32, 0x34, 0x32,
  0x30, 0x2d, 0x61, 0x72, 0x63, 0x68, 0x2d, 0x73, 0x66, 0x64, 0x2e, 0x63,
  0x00, 0x63, 0x6c, 0x6f, 0x63, 0x6b, 0x2e, 0x63, 0x00, 0x63, 0x6f, 0x75,
  0x6e, 0x74, 0x00, 0x73, 0x65, 0x63, 0x6f, 0x6e, 0x64, 0x73, 0x00, 0x6c,
  0x61, 0x73, 0x74, 0x5f, 0x74, 0x61, 0x72, 0x00, 0x69, 0x32, 0x63, 0x6d,
  0x61, 0x73, 0x74, 0x65, 0x72, 0x2e, 0x63, 0x00, 0x72, 0x78, 0x5f, 0x62,
  0x79, 0x74, 0x65, 0x5f, 0x74, 0x6f, 0x74, 0x00, 0x74, 0x78, 0x5f, 0x62,
  0x79, 0x74, 0x65, 0x5f, 0x74, 0x6f, 0x74, 0x00, 0x72, 0x74, 0x69, 0x6d,
  0x65, 0x72, 0x2d, 0x61, 0x72, 0x63, 0x68, 0x2e, 0x63, 0x00, 0x61, 0x75,
  0x74, 0x6f, 0x73, 0x74, 0x61, 0x72, 0x74, 0x2e, 0x63, 0x00, 0x63, 0x63,
  0x32, 0x34, 0x32, 0x30, 0x2d, 0x61, 0x72, 0x63, 0x68, 0x2e, 0x63, 0x00,
  0x63, 0x63, 0x32, 0x34, 0x32, 0x30, 0x2e, 0x63, 0x00, 0x67, 0x65, 0x74,
  0x5f, 0x6f, 0x62, 0x6a, 0x65, 0x63, 0x74, 0x00, 0x73, 0x65, 0x74, 0x5f,
  0x6f, 0x62, 0x6a, 0x65, 0x63, 0x74, 0x00, 0x73, 0x74, 0x72, 0x6f, 0x62,
  0x65, 0x00, 0x67, 0x65, 0x74, 0x72, 0x65, 0x67, 0x00, 0x73, 0x65, 0x74,
  0x72, 0x65, 0x67, 0x00, 0x77, 0x72, 0x69, 0x74, 0x65, 0x5f, 0x72, 0x61,
  0x6d, 0x00, 0x77, 0x72, 0x69, 0x74, 0x65, 0x5f, 0x66, 0x69, 0x66, 0x6f,
  0x5f, 0x62, 0x75, 0x66, 0x00, 0x67, 0x65, 0x74, 0x5f, 0x73, 0x74, 0x61,
  0x74, 0x75, 0x73, 0x00, 0x6f, 0x6e, 0x00, 0x70, 0x6f, 0x6c, 0x6c, 0x5f,
  0x6d, 0x6f, 0x64, 0x65, 0x00, 0x72, 0x65, 0x63, 0x65, 0x69, 0x76, 0x65,
  0x5f, 0x6f, 0x6e, 0x00, 0x63, 0x63, 0x32, 0x34, 0x32, 0x30, 0x5f, 0x72,
  0x65, 0x63, 0x65, 0x69, 0x76, 0x69, 0x6e, 0x67, 0x5f, 0x70, 0x61, 0x63,
  0x6b, 0x65, 0x74, 0x00, 0x70, 0x65, 0x6e, 0x64, 0x69, 0x6e, 0x67, 0x5f,
  0x70, 0x61, 0x63, 0x6b, 0x65, 0x74, 0x00, 0x77, 0x61, 0x69, 0x74, 0x5f,
  0x66, 0x6f, 0x72, 0x5f, 0x74, 0x72, 0x61, 0x6e, 0x73, 0x6d, 0x69, 0x73,
  0x73, 0x69, 0x6f, 0x6e, 0x00, 0x77, 0x61, 0x69, 0x74, 0x5f, 0x66, 0x6f,
  0x72, 0x5f, 0x73, 0x74, 0x61, 0x74, 0x75, 0x73, 0x00, 0x67, 0x65, 0x74,
  0x72, 0x78, 0x64, 0x61, 0x74, 0x61, 0x00, 0x66, 0x6c, 0x75, 0x73, 0x68,
  0x72, 0x78, 0x00, 0x6f, 0x66, 0x66, 0x00, 0x52, 0x45, 0x4c, 0x45, 0x41,
  0x53, 0x45, 0x5f, 0x4c, 0x4f, 0x43, 0x4b, 0x00, 0x6c, 0x6f, 0x63, 0x6b,
  0x65, 0x64, 0x00, 0x6c, 0x6f, 0x63, 0x6b, 0x5f, 0x6f, 0x6e, 0x00, 0x6c,
  0x6f, 0x63, 0x6b, 0x5f, 0x6f, 0x66, 0x66, 0x00, 0x73, 0x65, 0x74, 0x5f,
  0x66, 0x72, 0x61, 0x6d, 0x65, 0x5f, 0x66, 0x69, 0x6c, 0x74, 0x65, 0x72,
  0x69, 0x6e, 0x67, 0x00, 0x73, 0x65, 0x74, 0x5f, 0x61, 0x75, 0x74, 0x6f,
  0x5f, 0x61, 0x63, 0x6b, 0x00, 0x73, 0x65, 0x74, 0x5f, 0x70, 0x6f, 0x6c,
  0x6c, 0x5f, 0x6d, 0x6f, 0x64, 0x65, 0x00, 0x63, 0x63, 0x32, 0x34, 0x32,
  0x30, 0x5f, 0x70, 0x72, 0x65, 0x70, 0x61, 0x72, 0x65, 0x00, 0x63, 0x63,
  0x32, 0x34, 0x32, 0x30, 0x5f, 0x74, 0x72, 0x61, 0x6e, 0x73, 0x6d, 0x69,
  0x74, 0x00, 0x73, 0x65, 0x6e, 0x64, 0x5f, 0x6f, 0x6e, 0x5f, 0x63, 0x63,
  0x61, 0x00, 0x63, 0x63, 0x32, 0x34, 0x32, 0x30, 0x5f, 0x73, 0x65, 0x6e,
  0x64, 0x00, 0x63, 0x63, 0x32, 0x34, 0x32, 0x30, 0x5f, 0x63, 0x63, 0x61,
  0x00, 0x63, 0x63, 0x32, 0x34, 0x32, 0x30, 0x5f, 0x72, 0x65, 0x61, 0x64,
  0x00, 0x70, 0x72, 0x6f, 0x63, 0x65, 0x73, 0x73, 0x5f, 0x74, 0x68, 0x72,
  0x65, 0x61, 0x64, 0x5f, 0x63, 0x63, 0x32, 0x34, 0x32, 0x30, 0x5f, 0x70,
  0x72, 0x6f, 0x63, 0x65, 0x73, 0x73, 0x00, 0x63, 0x68, 0x61, 0x6e, 0x6e,
  0x65, 0x6c, 0x00, 0x6c, 0x61, 0x73, 0x74, 0x5f, 0x70, 0x61, 0x63, 0x6b,
  0x65, 0x74, 0x5f, 0x74, 0x69, 0x6d, 0x65, 0x73, 0x74, 0x61, 0x6d, 0x70,
  0x00, 0x67, 0x65, 0x74, 0x5f, 0x76, 0x61, 0x6c, 0x75, 0x65, 0x00, 0x6f,
  0x75, 0x74, 0x70, 0x75, 0x74, 0x5f, 0x70, 0x6f, 0x77, 0x65, 0x72, 0x00,
  0x73, 0x65, 0x74, 0x5f, 0x76, 0x61, 0x6c, 0x75, 0x65, 0x00, 0x77, 0x61,
  0x73, 0x5f, 0x6f, 0x6e, 0x00, 0x70, 0x72, 0x65, 0x76, 0x5f, 0x4d, 0x44,
  0x4d, 0x43, 0x54, 0x52, 0x4c, 0x31, 0x00, 0x70, 0x72, 0x65, 0x76, 0x5f,
  0x44, 0x41, 0x43, 0x54, 0x53, 0x54, 0x00, 0x63, 0x6f, 0x6e, 0x74, 0x69,
  0x6b, 0x69, 0x2d, 0x7a, 0x31, 0x2d, 0x70, 0x6c, 0x61, 0x74, 0x66, 0x6f,
  0x72, 0x6d, 0x2e, 0x63, 0x00, 0x63, 0x73, 0x6d, 0x61, 0x2d, 0x6f, 0x75,
  0x74, 0x70, 0x75, 0x74, 0x2e, 0x63, 0x00, 0x73, 0x63, 0x68, 0x65, 0x64,
  0x75, 0x6c, 0x65, 0x5f, 0x74, 0x72, 0x61, 0x6e, 0x73, 0x6d, 0x69, 0x73,
  0x73, 0x69, 0x6f, 0x6e, 0x00, 0x74, 0x72, 0x61, 0x6e, 0x73, 0x6d, 0x69,
  0x74, 0x5f, 0x66, 0x72, 0x6f, 0x6d, 0x5f, 0x71, 0x75, 0x65, 0x75, 0x65,
  0x00, 0x74, 0x78, 0x5f, 0x64, 0x6f, 0x6e, 0x65, 0x00, 0x6d, 0x65, 0x74,
  0x61, 0x64, 0x61, 0x74, 0x61, 0x5f, 0x6d, 0x65, 0x6d, 0x62, 0x00, 0x70,
  0x61, 0x63, 0x6b, 0x65, 0x74, 0x5f, 0x6d, 0x65, 0x6d, 0x62, 0x00, 0x6e,
  0x65, 0x69, 0x67, 0x68, 0x62, 0x6f, 0x72, 0x5f, 0x6c, 0x69, 0x73, 0x74,
  0x5f, 0x6c, 0x69, 0x73, 0x74, 0x00, 0x6e, 0x65, 0x69, 0x67, 0x68, 0x62,
  0x6f, 0x72, 0x5f, 0x6d, 0x65, 0x6d, 0x62, 0x00, 0x6e, 0x65, 0x69, 0x67,
  0x68, 0x62, 0x6f, 0x72, 0x5f, 0x6d, 0x65, 0x6d, 0x62, 0x5f, 0x6d, 0x65,
  0x6d, 0x62, 0x5f, 0x75, 0x73, 0x65, 0x64, 0x00, 0x6e, 0x65, 0x69, 0x67,
  0x68, 0x62, 0x6f, 0x72, 0x5f, 0x6d, 0x65, 0x6d, 0x62, 0x5f, 0x6d, 0x65,
  0x6d, 0x62, 0x5f, 0x6d, 0x65, 0x6d, 0x00, 0x70, 0x61, 0x63, 0x6b, 0x65,
  0x74, 0x5f, 0x6d, 0x65, 0x6d, 0x62, 0x5f, 0x6d, 0x65, 0x6d, 0x62, 0x5f,
  0x75, 0x73, 0x65, 0x64, 0x00, 0x70, 0x61, 0x63, 0x6b, 0x65, 0x74, 0x5f,
  0x6d, 0x65, 0x6d, 0x62, 0x5f, 0x6d, 0x65, 0x6d, 0x62, 0x5f, 0x6d, 0x65,
  0x6d, 0x00, 0x6d, 0x65, 0x74, 0x61, 0x64, 0x61, 0x74, 0x61, 0x5f, 0x6d,
  0x65, 0x6d, 0x62, 0x5f, 0x6d, 0x65, 0x6d, 0x62, 0x5f, 0x75, 0x73, 0x65,
  0x64, 0x00, 0x6d, 0x65, 0x74, 0x61, 0x64, 0x61, 0x74, 0x61, 0x5f, 0x6d,
  0x65, 0x6d, 0x62, 0x5f, 0x6d, 0x65, 0x6d, 0x62, 0x5f, 0x6d, 0x65, 0x6d,
  0x00, 0x63, 0x73, 0x6d, 0x61, 0x2d, 0x73, 0x65, 0x63, 0x75, 0x72, 0x69,
  0x74, 0x79, 0x2e, 0x63, 0x00, 0x63, 0x73, 0x6d, 0x61, 0x2e, 0x63, 0x00,
  0x6d, 0x61, 0x78, 0x5f, 0x70, 0x61, 0x79, 0x6c, 0x6f, 0x61, 0x64, 0x00,
  0x69, 0x6e, 0x70, 0x75, 0x74, 0x5f, 0x70, 0x61, 0x63, 0x6b, 0x65, 0x74,
  0x00, 0x69, 0x6e, 0x69, 0x74, 0x00, 0x63, 0x74, 0x69, 0x6d, 0x65, 0x72,
  0x2e, 0x63, 0x00, 0x70, 0x72, 0x6f, 0x63, 0x65, 0x73, 0x73, 0x5f, 0x74,
  0x68, 0x72, 0x65, 0x61, 0x64, 0x5f, 0x63, 0x74, 0x69, 0x6d, 0x65, 0x72,
  0x5f, 0x70, 0x72, 0x6f, 0x63, 0x65, 0x73, 0x73, 0x00, 0x63, 0x74, 0x69,
  0x6d, 0x65, 0x72, 0x5f, 0x6c, 0x69, 0x73, 0x74, 0x5f, 0x6c, 0x69, 0x73,
  0x74, 0x00, 0x69, 0x6e, 0x69, 0x74, 0x69, 0x61, 0x6c, 0x69, 0x7a, 0x65,
  0x64, 0x00, 0x65, 0x6e, 0x65, 0x72, 0x67, 0x65, 0x73, 0x74, 0x2e, 0x63,
  0x00, 0x65, 0x74, 0x69, 0x6d, 0x65, 0x72, 0x2e, 0x63, 0x00, 0x75, 0x70,
  0x64, 0x61, 0x74, 0x65, 0x5f, 0x74, 0x69, 0x6d, 0x65, 0x00, 0x74, 0x69,
  0x6d, 0x65, 0x72, 0x6c, 0x69, 0x73, 0x74, 0x00, 0x6e, 0x65, 0x78, 0x74,
  0x5f, 0x65, 0x78, 0x70, 0x69, 0x72, 0x61, 0x74, 0x69, 0x6f, 0x6e, 0x00,
  0x70, 0x72, 0x6f, 0x63, 0x65, 0x73, 0x73, 0x5f, 0x74, 0x68, 0x72, 0x65,
  0x61, 0x64, 0x5f, 0x65, 0x74, 0x69, 0x6d, 0x65, 0x72, 0x5f, 0x70, 0x72,
  0x6f, 0x63, 0x65, 0x73, 0x73, 0x00, 0x61, 0x64, 0x64, 0x5f, 0x74, 0x69,
  0x6d, 0x65, 0x72, 0x00, 0x66, 0x72, 0x61, 0x6d, 0x65, 0x38, 0x30, 0x32,
  0x31, 0x35, 0x34, 0x2e, 0x63, 0x00, 0x6d, 0x61, 0x63, 0x5f, 0x70, 0x61,
  0x6e, 0x5f, 0x69, 0x64, 0x00, 0x66, 0x69, 0x65, 0x6c, 0x64, 0x5f, 0x6c,
  0x65, 0x6e, 0x00, 0x43, 0x53, 0x57, 0x54, 0x43, 0x48, 0x2e, 0x31, 0x36,
  0x00, 0x66, 0x72, 0x61, 0x6d, 0x65, 0x72, 0x2d, 0x38, 0x30, 0x32, 0x31,
  0x35, 0x34, 0x2e, 0x63, 0x00, 0x70, 0x61, 0x72, 0x73, 0x65, 0x00, 0x63,
  0x72, 0x65, 0x61, 0x74, 0x65, 0x5f, 0x66, 0x72, 0x61, 0x6d, 0x65, 0x00,
  0x63, 0x72, 0x65, 0x61, 0x74, 0x65, 0x00, 0x68, 0x64, 0x72, 0x5f, 0x6c,
  0x65, 0x6e, 0x67, 0x74, 0x68, 0x00, 0x68, 0x65, 0x6c, 0x6c, 0x6f, 0x2d,
  0x77, 0x6f, 0x72, 0x6c, 0x64, 0x2e, 0x63, 0x00, 0x70, 0x72, 0x6f, 0x63,
  0x65, 0x73, 0x73, 0x5f, 0x74, 0x68, 0x72, 0x65, 0x61, 0x64, 0x5f, 0x68,
  0x65, 0x6c, 0x6c, 0x6f, 0x5f, 0x77, 0x6f, 0x72, 0x6c, 0x64, 0x5f, 0x70,
  0x72, 0x6f, 0x63, 0x65, 0x73, 0x73, 0x00, 0x74, 0x69, 0x6d, 0x65, 0x72,
  0x2e, 0x31, 0x39, 0x33, 0x36, 0x00, 0x6c, 0x65, 0x64, 0x73, 0x2d, 0x61,
  0x72, 0x63, 0x68, 0x2e, 0x63, 0x00, 0x6c, 0x65, 0x64, 0x73, 0x2e, 0x63,
  0x00, 0x6c, 0x69, 0x6e, 0x6b, 0x2d, 0x73, 0x74, 0x61, 0x74, 0x73, 0x2e,
  0x63, 0x00, 0x70, 0x65, 0x72, 0x69, 0x6f, 0x64, 0x69, 0x63, 0x00, 0x6c,
  0x69, 0x6e, 0x6b, 0x5f, 0x73, 0x74, 0x61, 0x74, 0x73, 0x5f, 0x73, 0x74,
  0x72, 0x75, 0x63, 0x74, 0x00, 0x5f, 0x6c, 0x69, 0x6e, 0x6b, 0x5f, 0x73,
  0x74, 0x61, 0x74, 0x73, 0x5f, 0x6d, 0x65, 0x6d, 0x00, 0x6c, 0x69, 0x6e,
  0x6b, 0x61, 0x64, 0x64, 0x72, 0x2e, 0x63, 0x00, 0x6c, 0x69, 0x73, 0x74,
  0x2e, 0x63, 0x00, 0x6c, 0x6f, 0x67, 0x2e, 0x63, 0x00, 0x6d, 0x61, 0x63,
  0x2d, 0x73, 0x65, 0x71, 0x75, 0x65, 0x6e, 0x63, 0x65, 0x2e, 0x63, 0x00,
  0x6d, 0x61, 0x63, 0x5f, 0x64, 0x73, 0x6e, 0x00, 0x72, 0x65, 0x63, 0x65,
  0x69, 0x76, 0x65, 0x64, 0x5f, 0x73, 0x65, 0x71, 0x6e, 0x6f, 0x73, 0x00,
  0x6d, 0x61, 0x63, 0x2e, 0x63, 0x00, 0x6d, 0x65, 0x6d, 0x62, 0x2e, 0x63,
  0x00, 0x6d, 0x73, 0x70, 0x34, 0x33, 0x30, 0x2e, 0x63, 0x00, 0x63, 0x75,
  0x72, 0x5f, 0x62, 0x72, 0x65, 0x61, 0x6b, 0x00, 0x6e, 0x62, 0x72, 0x2d,
  0x74, 0x61, 0x62, 0x6c, 0x65, 0x2e, 0x63, 0x00, 0x69, 0x74, 0x65, 0x6d,
  0x5f, 0x66, 0x72, 0x6f, 0x6d, 0x5f, 0x69, 0x6e, 0x64, 0x65, 0x78, 0x00,
  0x69, 0x6e, 0x64, 0x65, 0x78, 0x5f, 0x66, 0x72, 0x6f, 0x6d, 0x5f, 0x6b,
  0x65, 0x79, 0x00, 0x6e, 0x65, 0x69, 0x67, 0x68, 0x62, 0x6f, 0x72, 0x5f,
  0x61, 0x64, 0x64, 0x72, 0x5f, 0x6d, 0x65, 0x6d, 0x00, 0x69, 0x6e, 0x64,
  0x65, 0x78, 0x5f, 0x66, 0x72, 0x6f, 0x6d, 0x5f, 0x69, 0x74, 0x65, 0x6d,
  0x00, 0x6e, 0x62, 0x72, 0x5f, 0x73, 0x65, 0x74, 0x5f, 0x62, 0x69, 0x74,
  0x00, 0x69, 0x6e, 0x64, 0x65, 0x78, 0x5f, 0x66, 0x72, 0x6f, 0x6d, 0x5f,
  0x6c, 0x6c, 0x61, 0x64, 0x64, 0x72, 0x00, 0x6e, 0x62, 0x72, 0x5f, 0x74,
  0x61, 0x62, 0x6c, 0x65, 0x5f, 0x6b, 0x65, 0x79, 0x73, 0x5f, 0x6c, 0x69,
  0x73, 0x74, 0x00, 0x75, 0x73, 0x65, 0x64, 0x5f, 0x6d, 0x61, 0x70, 0x00,
  0x6e, 0x62, 0x72, 0x5f, 0x67, 0x65, 0x74, 0x5f, 0x62, 0x69, 0x74, 0x2e,
  0x63, 0x6f, 0x6e, 0x73, 0x74, 0x70, 0x72, 0x6f, 0x70, 0x2e, 0x33, 0x00,
  0x72, 0x65, 0x6d, 0x6f, 0x76, 0x65, 0x5f, 0x6b, 0x65, 0x79, 0x00, 0x61,
  0x6c, 0x6c, 0x5f, 0x74, 0x61, 0x62, 0x6c, 0x65, 0x73, 0x00, 0x6c, 0x6f,
  0x63, 0x6b, 0x65, 0x64, 0x5f, 0x6d, 0x61, 0x70, 0x00, 0x6e, 0x75, 0x6d,
  0x5f, 0x74, 0x61, 0x62, 0x6c, 0x65, 0x73, 0x00, 0x65, 0x6e, 0x74, 0x72,
  0x79, 0x5f, 0x69, 0x73, 0x5f, 0x61, 0x6c, 0x6c, 0x6f, 0x77, 0x65, 0x64,
  0x2e, 0x69, 0x73, 0x72, 0x61, 0x2e, 0x32, 0x00, 0x6e, 0x65, 0x69, 0x67,
  0x68, 0x62, 0x6f, 0x72, 0x5f, 0x61, 0x64, 0x64, 0x72, 0x5f, 0x6d, 0x65,
  0x6d, 0x5f, 0x6d, 0x65, 0x6d, 0x62, 0x5f, 0x75, 0x73, 0x65, 0x64, 0x00,
  0x6e, 0x65, 0x69, 0x67, 0x68, 0x62, 0x6f, 0x72, 0x5f, 0x61, 0x64, 0x64,
  0x72, 0x5f, 0x6d, 0x65, 0x6d, 0x5f, 0x6d, 0x65, 0x6d, 0x62, 0x5f, 0x6d,
  0x65, 0x6d, 0x00, 0x6e, 0x65, 0x74, 0x73, 0x74, 0x61, 0x63, 0x6b, 0x2e,
  0x63, 0x00, 0x69, 0x70, 0x5f, 0x70, 0x72, 0x6f, 0x63, 0x65, 0x73, 0x73,
  0x6f, 0x72, 0x5f, 0x6c, 0x69, 0x73, 0x74, 0x5f, 0x6c, 0x69, 0x73, 0x74,
  0x00, 0x6e, 0x6f, 0x64, 0x65, 0x2d, 0x69, 0x64, 0x2d, 0x7a, 0x31, 0x2e,
  0x63, 0x00, 0x6e, 0x6f, 0x64, 0x65, 0x2d, 0x69, 0x64, 0x2e, 0x63, 0x00,
  0x70, 0x61, 0x63, 0x6b, 0x65, 0x74, 0x62, 0x75, 0x66, 0x2e, 0x63, 0x00,
  0x62, 0x75, 0x66, 0x6c, 0x65, 0x6e, 0x00, 0x62, 0x75, 0x66, 0x70, 0x74,
  0x72, 0x00, 0x70, 0x61, 0x63, 0x6b, 0x65, 0x74, 0x62, 0x75, 0x66, 0x5f,
  0x61, 0x6c, 0x69, 0x67, 0x6e, 0x65, 0x64, 0x00, 0x68, 0x64, 0x72, 0x6c,
  0x65, 0x6e, 0x00, 0x70, 0x6c, 0x61, 0x74, 0x66, 0x6f, 0x72, 0x6d, 0x2e,
  0x63, 0x00, 0x6d, 0x67, 0x74, 0x5f, 0x74, 0x69, 0x6d, 0x65, 0x72, 0x00,
  0x70, 0x72, 0x6f, 0x63, 0x65, 0x73, 0x73, 0x2e, 0x63, 0x00, 0x63, 0x61,
  0x6c, 0x6c, 0x5f, 0x70, 0x72, 0x6f, 0x63, 0x65, 0x73, 0x73, 0x00, 0x65,
  0x78, 0x69, 0x74, 0x5f, 0x70, 0x72, 0x6f, 0x63, 0x65, 0x73, 0x73, 0x00,
  0x64, 0x6f, 0x5f, 0x70, 0x6f, 0x6c, 0x6c, 0x00, 0x70, 0x6f, 0x6c, 0x6c,
  0x5f, 0x72, 0x65, 0x71, 0x75, 0x65, 0x73, 0x74, 0x65, 0x64, 0x00, 0x6c,
  0x61, 0x73, 0x74, 0x65, 0x76, 0x65, 0x6e, 0x74, 0x00, 0x66, 0x65, 0x76,
  0x65, 0x6e, 0x74, 0x00, 0x6e, 0x65, 0x76, 0x65, 0x6e, 0x74, 0x73, 0x00,
  0x65, 0x76, 0x65, 0x6e, 0x74, 0x73, 0x00, 0x71, 0x75, 0x65, 0x75, 0x65,
  0x62, 0x75, 0x66, 0x2e, 0x63, 0x00, 0x62, 0x75, 0x66, 0x72, 0x61, 0x6d,
  0x6d, 0x65, 0x6d, 0x00, 0x62, 0x75, 0x66, 0x6d, 0x65, 0x6d, 0x00, 0x62,
  0x75, 0x66, 0x72, 0x61, 0x6d, 0x6d, 0x65, 0x6d, 0x5f, 0x6d, 0x65, 0x6d,
  0x62, 0x5f, 0x75, 0x73, 0x65, 0x64, 0x00, 0x62, 0x75, 0x66, 0x72, 0x61,
  0x6d, 0x6d, 0x65, 0x6d, 0x5f, 0x6d, 0x65, 0x6d, 0x62, 0x5f, 0x6d, 0x65,
  0x6d, 0x00, 0x62, 0x75, 0x66, 0x6d, 0x65, 0x6d, 0x5f, 0x6d, 0x65, 0x6d,
  0x62, 0x5f, 0x75, 0x73, 0x65, 0x64, 0x00, 0x62, 0x75, 0x66, 0x6d, 0x65,
  0x6d, 0x5f, 0x6d, 0x65, 0x6d, 0x62, 0x5f, 0x6d, 0x65, 0x6d, 0x00, 0x72,
  0x61, 0x6e, 0x64, 0x6f, 0x6d, 0x2e, 0x63, 0x00, 0x72, 0x70, 0x6c, 0x2d,
  0x64, 0x61, 0x67, 0x2d, 0x72, 0x6f, 0x6f, 0x74, 0x2e, 0x63, 0x00, 0x69,
  0x6e, 0x69, 0x74, 0x69, 0x61, 0x6c, 0x69, 0x7a, 0x65, 0x64, 0x2e, 0x33,
  0x37, 0x39, 0x39, 0x00, 0x72, 0x6f, 0x6f, 0x74, 0x5f, 0x69, 0x70, 0x61,
  0x64, 0x64, 0x72, 0x2e, 0x33, 0x37, 0x38, 0x38, 0x00, 0x72, 0x70, 0x6c,
  0x2d, 0x64, 0x61, 0x67, 0x2e, 0x63, 0x00, 0x69, 0x6e, 0x69, 0x74, 0x5f,
  0x64, 0x61, 0x67, 0x00, 0x70, 0x72, 0x6f, 0x63, 0x65, 0x73, 0x73, 0x5f,
  0x64, 0x69, 0x6f, 0x5f, 0x69, 0x6e, 0x69, 0x74, 0x5f, 0x64, 0x61, 0x67,
  0x00, 0x43, 0x53, 0x57, 0x54, 0x43, 0x48, 0x2e, 0x33, 0x34, 0x00, 0x72,
  0x70, 0x6c, 0x2d, 0x65, 0x78, 0x74, 0x2d, 0x68, 0x65, 0x61, 0x64, 0x65,
  0x72, 0x2e, 0x63, 0x00, 0x75, 0x70, 0x64, 0x61, 0x74, 0x65, 0x5f, 0x68,
  0x62, 0x68, 0x5f, 0x68, 0x65, 0x61, 0x64, 0x65, 0x72, 0x00, 0x72, 0x70,
  0x6c, 0x2d, 0x69, 0x63, 0x6d, 0x70, 0x36, 0x2e, 0x63, 0x00, 0x67, 0x65,
  0x74, 0x33, 0x32, 0x00, 0x73, 0x65, 0x74, 0x33, 0x32, 0x00, 0x67, 0x65,
  0x74, 0x31, 0x36, 0x00, 0x73, 0x65, 0x74, 0x31, 0x36, 0x00, 0x64, 0x61,
  0x6f, 0x5f, 0x61, 0x63, 0x6b, 0x5f, 0x69, 0x6e, 0x70, 0x75, 0x74, 0x00,
  0x64, 0x61, 0x6f, 0x5f, 0x69, 0x6e, 0x70, 0x75, 0x74, 0x00, 0x64, 0x69,
  0x6f, 0x5f, 0x69, 0x6e, 0x70, 0x75, 0x74, 0x00, 0x64, 0x69, 0x73, 0x5f,
  0x69, 0x6e, 0x70, 0x75, 0x74, 0x00, 0x64, 0x69, 0x73, 0x5f, 0x68, 0x61,
  0x6e, 0x64, 0x6c, 0x65, 0x72, 0x00, 0x64, 0x69, 0x6f, 0x5f, 0x68, 0x61,
  0x6e, 0x64, 0x6c, 0x65, 0x72, 0x00, 0x64, 0x61, 0x6f, 0x5f, 0x68, 0x61,
  0x6e, 0x64, 0x6c, 0x65, 0x72, 0x00, 0x64, 0x61, 0x6f, 0x5f, 0x61, 0x63,
  0x6b, 0x5f, 0x68, 0x61, 0x6e, 0x64, 0x6c, 0x65, 0x72, 0x00, 0x72, 0x70,
  0x6c, 0x2d, 0x6d, 0x72, 0x68, 0x6f, 0x66, 0x2e, 0x63, 0x00, 0x75, 0x70,
  0x64, 0x61, 0x74, 0x65, 0x5f, 0x6d, 0x65, 0x74, 0x72, 0x69, 0x63, 0x5f,
  0x63, 0x6f, 0x6e, 0x74, 0x61, 0x69, 0x6e, 0x65, 0x72, 0x00, 0x6e, 0x62,
  0x72, 0x5f, 0x6c, 0x69, 0x6e, 0x6b, 0x5f, 0x6d, 0x65, 0x74, 0x72, 0x69,
  0x63, 0x00, 0x6e, 0x62, 0x72, 0x5f, 0x68, 0x61, 0x73, 0x5f, 0x75, 0x73,
  0x61, 0x62, 0x6c, 0x65, 0x5f, 0x6c, 0x69, 0x6e, 0x6b, 0x00, 0x6e, 0x62,
  0x72, 0x5f, 0x70, 0x61, 0x74, 0x68, 0x5f, 0x63, 0x6f, 0x73, 0x74, 0x00,
  0x77, 0x69, 0x74, 0x68, 0x69, 0x6e, 0x5f, 0x68, 0x79, 0x73, 0x74, 0x65,
  0x72, 0x65, 0x73, 0x69, 0x73, 0x00, 0x6e, 0x62, 0x72, 0x5f, 0x69, 0x73,
  0x5f, 0x61, 0x63, 0x63, 0x65, 0x70, 0x74, 0x61, 0x62, 0x6c, 0x65, 0x5f,
  0x70, 0x61, 0x72, 0x65, 0x6e, 0x74, 0x00, 0x72, 0x61, 0x6e, 0x6b, 0x5f,
  0x76, 0x69, 0x61, 0x5f, 0x6e, 0x62, 0x72, 0x00, 0x62, 0x65, 0x73, 0x74,
  0x5f, 0x70, 0x61, 0x72, 0x65, 0x6e, 0x74, 0x00, 0x72, 0x65, 0x73, 0x65,
  0x74, 0x00, 0x72, 0x70, 0x6c, 0x2d, 0x6e, 0x62, 0x72, 0x2d, 0x70, 0x6f,
  0x6c, 0x69, 0x63, 0x79, 0x2e, 0x63, 0x00, 0x67, 0x65, 0x74, 0x5f, 0x72,
  0x61, 0x6e, 0x6b, 0x00, 0x72, 0x70, 0x6c, 0x2d, 0x6e, 0x65, 0x69, 0x67,
  0x68, 0x62, 0x6f, 0x72, 0x2e, 0x63, 0x00, 0x6d, 0x61, 0x78, 0x5f, 0x61,
  0x63, 0x63, 0x65, 0x70, 0x74, 0x61, 0x62, 0x6c, 0x65, 0x5f, 0x72, 0x61,
  0x6e, 0x6b, 0x00, 0x72, 0x65, 0x6d, 0x6f, 0x76, 0x65, 0x5f, 0x6e, 0x65,
  0x69, 0x67, 0x68, 0x62, 0x6f, 0x72, 0x00, 0x72, 0x70, 0x6c, 0x5f, 0x6e,
  0x65, 0x69, 0x67, 0x68, 0x62, 0x6f, 0x72, 0x73, 0x5f, 0x73, 0x74, 0x72,
  0x75, 0x63, 0x74, 0x00, 0x5f, 0x72, 0x70, 0x6c, 0x5f, 0x6e, 0x65, 0x69,
  0x67, 0x68, 0x62, 0x6f, 0x72, 0x73, 0x5f, 0x6d, 0x65, 0x6d, 0x00, 0x72,
  0x70, 0x6c, 0x2d, 0x74, 0x69, 0x6d, 0x65, 0x72, 0x73, 0x2e, 0x63, 0x00,
  0x68, 0x61, 0x6e, 0x64, 0x6c, 0x65, 0x5f, 0x73, 0x74, 0x61, 0x74, 0x65,
  0x5f, 0x75, 0x70, 0x64, 0x61, 0x74, 0x65, 0x00, 0x68, 0x61, 0x6e, 0x64,
  0x6c, 0x65, 0x5f, 0x6c, 0x65, 0x61, 0x76, 0x69, 0x6e, 0x67, 0x5f, 0x74,
  0x69, 0x6d, 0x65, 0x72, 0x00, 0x73, 0x63, 0x68, 0x65, 0x64, 0x75, 0x6c,
  0x65, 0x5f, 0x64, 0x61, 0x6f, 0x5f, 0x72, 0x65, 0x74, 0x72, 0x61, 0x6e,
  0x73, 0x6d, 0x69, 0x73, 0x73, 0x69, 0x6f, 0x6e, 0x00, 0x72, 0x65, 0x73,
  0x65, 0x6e, 0x64, 0x5f, 0x64, 0x61, 0x6f, 0x00, 0x6e, 0x65, 0x77, 0x5f,
  0x64, 0x69, 0x6f, 0x5f, 0x69, 0x6e, 0x74, 0x65, 0x72, 0x76, 0x61, 0x6c,
  0x00, 0x68, 0x61, 0x6e, 0x64, 0x6c, 0x65, 0x5f, 0x64, 0x69, 0x6f, 0x5f,
  0x74, 0x69, 0x6d, 0x65, 0x72, 0x00, 0x68, 0x61, 0x6e, 0x64, 0x6c, 0x65,
  0x5f, 0x75, 0x6e, 0x69, 0x63, 0x61, 0x73, 0x74, 0x5f, 0x64, 0x69, 0x6f,
  0x5f, 0x74, 0x69, 0x6d, 0x65, 0x72, 0x00, 0x73, 0x65, 0x6e, 0x64, 0x5f,
  0x6e, 0x65, 0x77, 0x5f, 0x64, 0x61, 0x6f, 0x00, 0x68, 0x61, 0x6e, 0x64,
  0x6c, 0x65, 0x5f, 0x64, 0x61, 0x6f, 0x5f, 0x61, 0x63, 0x6b, 0x5f, 0x74,
  0x69, 0x6d, 0x65, 0x72, 0x00, 0x64, 0x69, 0x73, 0x5f, 0x74, 0x69, 0x6d,
  0x65, 0x72, 0x00, 0x68, 0x61, 0x6e, 0x64, 0x6c, 0x65, 0x5f, 0x64, 0x69,
  0x73, 0x5f, 0x74, 0x69, 0x6d, 0x65, 0x72, 0x00, 0x68, 0x61, 0x6e, 0x64,
  0x6c, 0x65, 0x5f, 0x70, 0x65, 0x72, 0x69, 0x6f, 0x64, 0x69, 0x63, 0x5f,
  0x74, 0x69, 0x6d, 0x65, 0x72, 0x00, 0x70, 0x65, 0x72, 0x69, 0x6f, 0x64,
  0x69, 0x63, 0x5f, 0x74, 0x69, 0x6d, 0x65, 0x72, 0x00, 0x68, 0x61, 0x6e,
  0x64, 0x6c, 0x65, 0x5f, 0x70, 0x72, 0x6f, 0x62, 0x69, 0x6e, 0x67, 0x5f,
  0x74, 0x69, 0x6d, 0x65, 0x72, 0x00, 0x72, 0x70, 0x6c, 0x2e, 0x63, 0x00,
  0x6e, 0x65, 0x69, 0x67, 0x68, 0x62, 0x6f, 0x72, 0x5f, 0x73, 0x74, 0x61,
  0x74, 0x65, 0x5f, 0x63, 0x68, 0x61, 0x6e, 0x67, 0x65, 0x64, 0x00, 0x64,
  0x72, 0x6f, 0x70, 0x5f, 0x72, 0x6f, 0x75, 0x74, 0x65, 0x00, 0x72, 0x70,
  0x6c, 0x5f, 0x6c, 0x65, 0x61, 0x66, 0x5f, 0x6f, 0x6e, 0x6c, 0x79, 0x00,
  0x67, 0x65, 0x74, 0x5f, 0x73, 0x72, 0x5f, 0x6e, 0x6f, 0x64, 0x65, 0x5f,
  0x69, 0x70, 0x61, 0x64, 0x64, 0x72, 0x00, 0x73, 0x65, 0x74, 0x5f, 0x69,
  0x70, 0x5f, 0x66, 0x72, 0x6f, 0x6d, 0x5f, 0x70, 0x72, 0x65, 0x66, 0x69,
  0x78, 0x00, 0x72, 0x74, 0x69, 0x6d, 0x65, 0x72, 0x2e, 0x63, 0x00, 0x6e,
  0x65, 0x78, 0x74, 0x5f, 0x72, 0x74, 0x69, 0x6d, 0x65, 0x72, 0x00, 0x73,
  0x65, 0x6e, 0x73, 0x6f, 0x72, 0x73, 0x2e, 0x63, 0x00, 0x70, 0x72, 0x6f,
  0x63, 0x65, 0x73, 0x73, 0x5f, 0x74, 0x68, 0x72, 0x65, 0x61, 0x64, 0x5f,
  0x73, 0x65, 0x6e, 0x73, 0x6f, 0x72, 0x73, 0x5f, 0x70, 0x72, 0x6f, 0x63,
  0x65, 0x73, 0x73, 0x00, 0x69, 0x2e, 0x32, 0x30, 0x36, 0x37, 0x00, 0x6e,
  0x75, 0x6d, 0x5f, 0x73, 0x65, 0x6e, 0x73, 0x6f, 0x72, 0x73, 0x00, 0x65,
  0x76, 0x65, 0x6e, 0x74, 0x73, 0x2e, 0x32, 0x30, 0x36, 0x38, 0x00, 0x73,
  0x70, 0x69, 0x2d, 0x6c, 0x65, 0x67, 0x61, 0x63, 0x79, 0x2e, 0x63, 0x00,
  0x73, 0x74, 0x61, 0x63, 0x6b, 0x2d, 0x63, 0x68, 0x65, 0x63, 0x6b, 0x2e,
  0x63, 0x00, 0x73, 0x74, 0x61, 0x63, 0x6b, 0x5f, 0x74, 0x6f, 0x70, 0x2e,
  0x32, 0x34, 0x32, 0x34, 0x00, 0x70, 0x72, 0x6f, 0x63, 0x65, 0x73, 0x73,
  0x5f, 0x74, 0x68, 0x72, 0x65, 0x61, 0x64, 0x5f, 0x73, 0x74, 0x61, 0x63,
  0x6b, 0x5f, 0x63, 0x68, 0x65, 0x63, 0x6b, 0x5f, 0x70, 0x72, 0x6f, 0x63,
  0x65, 0x73, 0x73, 0x00, 0x65, 0x74, 0x2e, 0x32, 0x34, 0x34, 0x36, 0x00,
  0x73, 0x74, 0x69, 0x6d, 0x65, 0x72, 0x2e, 0x63, 0x00, 0x74, 0x63, 0x70,
  0x69, 0x70, 0x2e, 0x63, 0x00, 0x70, 0x61, 0x63, 0x6b, 0x65, 0x74, 0x5f,
  0x69, 0x6e, 0x70, 0x75, 0x74, 0x2e, 0x70, 0x61, 0x72, 0x74, 0x2e, 0x32,
  0x00, 0x70, 0x72, 0x6f, 0x63, 0x65, 0x73, 0x73, 0x5f, 0x74, 0x68, 0x72,
  0x65, 0x61, 0x64, 0x5f, 0x74, 0x63, 0x70, 0x69, 0x70, 0x5f, 0x70, 0x72,
  0x6f, 0x63, 0x65, 0x73, 0x73, 0x00, 0x74, 0x69, 0x6d, 0x65, 0x72, 0x2e,
  0x63, 0x00, 0x74, 0x6d, 0x70, 0x31, 0x30, 0x32, 0x2e, 0x63, 0x00, 0x7a,
  0x31, 0x2d, 0x73, 0x65, 0x6e, 0x73, 0x6f, 0x72, 0x73, 0x2e, 0x63, 0x00,
  0x70, 0x75, 0x74, 0x63, 0x68, 0x61, 0x72, 0x00, 0x5f, 0x5f, 0x42, 0x43,
  0x53, 0x43, 0x54, 0x4c, 0x31, 0x00, 0x5f, 0x5f, 0x43, 0x41, 0x43, 0x54,
  0x4c, 0x32, 0x00, 0x5f, 0x5f, 0x54, 0x41, 0x43, 0x43, 0x52, 0x31, 0x00,
  0x67, 0x70, 0x69, 0x6f, 0x5f, 0x68, 0x61, 0x6c, 0x5f, 0x61, 0x72, 0x63,
  0x68, 0x5f, 0x70, 0x6f, 0x72, 0x74, 0x5f, 0x70, 0x69, 0x6e, 0x5f, 0x73,
  0x65, 0x74, 0x5f, 0x69, 0x6e, 0x70, 0x75, 0x74, 0x00, 0x5f, 0x66, 0x61,
  0x72, 0x5f, 0x65, 0x6e, 0x64, 0x00, 0x5f, 0x5f, 0x44, 0x4d, 0x41, 0x30,
  0x44, 0x41, 0x4c, 0x00, 0x72, 0x61, 0x6e, 0x64, 0x6f, 0x6d, 0x5f, 0x72,
  0x61, 0x6e, 0x64, 0x00, 0x63, 0x63, 0x32, 0x34, 0x32, 0x30, 0x5f, 0x69,
  0x6e, 0x69, 0x74, 0x00, 0x5f, 0x5f, 0x41, 0x44, 0x43, 0x31, 0x32, 0x4d,
  0x43, 0x54, 0x4c, 0x34, 0x00, 0x72, 0x74, 0x69, 0x6d, 0x65, 0x72, 0x5f,
  0x61, 0x72, 0x63, 0x68, 0x5f, 0x6e, 0x6f, 0x77, 0x00, 0x5f, 0x5f, 0x64,
  0x61, 0x74, 0x61, 0x5f, 0x73, 0x69, 0x7a, 0x65, 0x00, 0x5f, 0x5f, 0x41,
  0x44, 0x43, 0x31, 0x32, 0x4d, 0x45, 0x4d, 0x31, 0x33, 0x00, 0x5f, 0x5f,
  0x69, 0x73, 0x72, 0x5f, 0x31, 0x34, 0x00, 0x72, 0x70, 0x6c, 0x5f, 0x6e,
  0x65, 0x69, 0x67, 0x68, 0x62, 0x6f, 0x72, 0x5f, 0x67, 0x65, 0x74, 0x5f,
  0x66, 0x72, 0x6f, 0x6d, 0x5f, 0x6c, 0x6c, 0x61, 0x64, 0x64, 0x72, 0x00,
  0x5f, 0x5f, 0x46, 0x43, 0x54, 0x4c, 0x31, 0x00, 0x5f, 0x5f, 0x55, 0x43,
  0x42, 0x31, 0x43, 0x54, 0x4c, 0x30, 0x00, 0x75, 0x69, 0x70, 0x62, 0x75,
  0x66, 0x5f, 0x73, 0x65, 0x74, 0x5f, 0x6c, 0x65, 0x6e, 0x00, 0x75, 0x69,
  0x70, 0x5f, 0x69, 0x63, 0x6d, 0x70, 0x36, 0x5f, 0x69, 0x6e, 0x70, 0x75,
  0x74, 0x00, 0x5f, 0x5f, 0x55, 0x43, 0x41, 0x31, 0x52, 0x58, 0x42, 0x55,
  0x46, 0x00, 0x75, 0x61, 0x72, 0x74, 0x30, 0x5f, 0x77, 0x72, 0x69, 0x74,
  0x65, 0x62, 0x00, 0x6c, 0x65, 0x64, 0x73, 0x5f, 0x61, 0x72, 0x63, 0x68,
  0x5f, 0x69, 0x6e, 0x69, 0x74, 0x00, 0x5f, 0x5f, 0x50, 0x31, 0x49, 0x45,
  0x53, 0x00, 0x70, 0x61, 0x63, 0x6b, 0x65, 0x74, 0x62, 0x75, 0x66, 0x5f,
  0x63, 0x6f, 0x70, 0x79, 0x74, 0x6f, 0x00, 0x5f, 0x65, 0x66, 0x61, 0x72,
  0x64, 0x61, 0x74, 0x61, 0x00, 0x75, 0x69, 0x70, 0x5f, 0x69, 0x63, 0x6d,
  0x70, 0x36, 0x5f, 0x69, 0x6e, 0x69, 0x74, 0x00, 0x75, 0x69, 0x70, 0x5f,
  0x64, 0x73, 0x36, 0x5f, 0x74, 0x69, 0x6d, 0x65, 0x72, 0x5f, 0x72, 0x61,
  0x00, 0x63, 0x63, 0x32, 0x34, 0x32, 0x30, 0x5f, 0x6c, 0x61, 0x73, 0x74,
  0x5f, 0x72, 0x73, 0x73, 0x69, 0x00, 0x5f, 0x5f, 0x44, 0x4d, 0x41, 0x32,
  0x53, 0x5a, 0x00, 0x61, 0x63, 0x63, 0x6d, 0x5f, 0x69, 0x6e, 0x74, 0x32,
  0x5f, 0x63, 0x62, 0x00, 0x70, 0x72, 0x69, 0x6e, 0x74, 0x66, 0x00, 0x5f,
  0x5f, 0x55, 0x43, 0x42, 0x30, 0x43, 0x54, 0x4c, 0x31, 0x00, 0x61, 0x63,
  0x63, 0x6d, 0x5f, 0x73, 0x74, 0x6f, 0x70, 0x00, 0x5f, 0x5f, 0x69, 0x73,
  0x72, 0x5f, 0x32, 0x34, 0x00, 0x5f, 0x5f, 0x65, 0x78, 0x74, 0x5f, 0x64,
  0x69, 0x76, 0x6d, 0x6f, 0x64, 0x31, 0x36, 0x00, 0x75, 0x69, 0x70, 0x5f,
  0x64, 0x73, 0x36, 0x5f, 0x6d, 0x61, 0x64, 0x64, 0x72, 0x5f, 0x61, 0x64,
  0x64, 0x00, 0x67, 0x70, 0x69, 0x6f, 0x5f, 0x68, 0x61, 0x6c, 0x5f, 0x61,
  0x72, 0x63, 0x68, 0x5f, 0x70, 0x6f, 0x72, 0x74, 0x5f, 0x77, 0x72, 0x69,
  0x74, 0x65, 0x5f, 0x70, 0x69, 0x6e, 0x00, 0x6e, 0x62, 0x72, 0x5f, 0x74,
  0x61, 0x62, 0x6c, 0x65, 0x5f, 0x67, 0x65, 0x74, 0x5f, 0x66, 0x72, 0x6f,
  0x6d, 0x5f, 0x6c, 0x6c, 0x61, 0x64, 0x64, 0x72, 0x00, 0x5f, 0x5f, 0x69,
  0x73, 0x72, 0x5f, 0x34, 0x00, 0x5f, 0x5f, 0x49, 0x46, 0x47, 0x31, 0x00,
  0x70, 0x61, 0x63, 0x6b, 0x65, 0x74, 0x62, 0x75, 0x66, 0x5f, 0x61, 0x74,
  0x74, 0x72, 0x5f, 0x63, 0x6f, 0x70, 0x79, 0x74, 0x6f, 0x00, 0x5f, 0x5f,
  0x44, 0x4d, 0x41, 0x31, 0x44, 0x41, 0x4c, 0x00, 0x70, 0x6c, 0x61, 0x74,
  0x66, 0x6f, 0x72, 0x6d, 0x5f, 0x69, 0x64, 0x6c, 0x65, 0x00, 0x65, 0x74,
  0x69, 0x6d, 0x65, 0x72, 0x5f, 0x70, 0x65, 0x6e, 0x64, 0x69, 0x6e, 0x67,
  0x00, 0x6e, 0x62, 0x72, 0x5f, 0x74, 0x61, 0x62, 0x6c, 0x65, 0x5f, 0x72,
  0x65, 0x67, 0x69, 0x73, 0x74, 0x65, 0x72, 0x00, 0x6c, 0x69, 0x73, 0x74,
  0x5f, 0x70, 0x75, 0x73, 0x68, 0x00, 0x66, 0x72, 0x61, 0x6d, 0x65, 0x72,
  0x5f, 0x38, 0x30, 0x32, 0x31, 0x35, 0x34, 0x5f, 0x73, 0x65, 0x74, 0x75,
  0x70, 0x5f, 0x70, 0x61, 0x72, 0x61, 0x6d, 0x73, 0x00, 0x75, 0x69, 0x70,
  0x62, 0x75, 0x66, 0x5f, 0x63, 0x6c, 0x65, 0x61, 0x72, 0x00, 0x5f, 0x5f,
  0x55, 0x43, 0x41, 0x30, 0x43, 0x54, 0x4c, 0x30, 0x00, 0x75, 0x69, 0x70,
  0x5f, 0x64, 0x73, 0x36, 0x5f, 0x69, 0x66, 0x00, 0x72, 0x70, 0x6c, 0x5f,
  0x64, 0x61, 0x67, 0x5f, 0x72, 0x6f, 0x6f, 0x74, 0x5f, 0x70, 0x72, 0x69,
  0x6e, 0x74, 0x5f, 0x6c, 0x69, 0x6e, 0x6b, 0x73, 0x00, 0x5f, 0x5f, 0x4f,
  0x50, 0x32, 0x00, 0x75, 0x69, 0x70, 0x5f, 0x64, 0x73, 0x36, 0x5f, 0x73,
  0x65, 0x74, 0x5f, 0x6c, 0x6c, 0x61, 0x64, 0x64, 0x72, 0x5f, 0x66, 0x72,
  0x6f, 0x6d, 0x5f, 0x69, 0x69, 0x64, 0x00, 0x6c, 0x65, 0x64, 0x73, 0x5f,
  0x61, 0x72, 0x63, 0x68, 0x5f, 0x67, 0x65, 0x74, 0x00, 0x72, 0x70, 0x6c,
  0x5f, 0x6e, 0x65, 0x69, 0x67, 0x68, 0x62, 0x6f, 0x72, 0x5f, 0x73, 0x6e,
  0x70, 0x72, 0x69, 0x6e, 0x74, 0x00, 0x5f, 0x5f, 0x55, 0x43, 0x42, 0x31,
  0x54, 0x58, 0x42, 0x55, 0x46, 0x00, 0x63, 0x63, 0x32, 0x34, 0x32, 0x30,
  0x5f, 0x73, 0x65, 0x74, 0x5f, 0x70, 0x61, 0x6e, 0x5f, 0x61, 0x64, 0x64,
  0x72, 0x00, 0x75, 0x69, 0x70, 0x5f, 0x64, 0x73, 0x36, 0x5f, 0x6e, 0x65,
  0x74, 0x69, 0x66, 0x5f, 0x61, 0x64, 0x64, 0x72, 0x5f, 0x6c, 0x69, 0x73,
  0x74, 0x5f, 0x6f, 0x66, 0x66, 0x73, 0x65, 0x74, 0x00, 0x5f, 0x5f, 0x41,
  0x44, 0x43, 0x31, 0x32, 0x49, 0x46, 0x47, 0x00, 0x75, 0x69, 0x70, 0x5f,
  0x6c, 0x65, 0x6e, 0x00, 0x72, 0x70, 0x6c, 0x5f, 0x6c, 0x69, 0x74, 0x65,
  0x5f, 0x64, 0x72, 0x69, 0x76, 0x65, 0x72, 0x00, 0x72, 0x70, 0x6c, 0x5f,
  0x74, 0x69, 0x6d, 0x65, 0x72, 0x73, 0x5f, 0x73, 0x63, 0x68, 0x65, 0x64,
  0x75, 0x6c, 0x65, 0x5f, 0x64, 0x61, 0x6f, 0x00, 0x78, 0x6d, 0x65, 0x6d,
  0x5f, 0x70, 0x72, 0x65, 0x61, 0x64, 0x00, 0x72, 0x70, 0x6c, 0x5f, 0x64,
  0x61, 0x67, 0x5f, 0x69, 0x6e, 0x69, 0x74, 0x5f, 0x72, 0x6f, 0x6f, 0x74,
  0x00, 0x70, 0x61, 0x63, 0x6b, 0x65, 0x74, 0x62, 0x75, 0x66, 0x5f, 0x63,
  0x6f, 0x70, 0x79, 0x66, 0x72, 0x6f, 0x6d, 0x00, 0x75, 0x69, 0x70, 0x5f,
  0x73, 0x72, 0x5f, 0x69, 0x6e, 0x69, 0x74, 0x00, 0x6d, 0x65, 0x6d, 0x6d,
  0x6f, 0x76, 0x65, 0x00, 0x6d, 0x61, 0x63, 0x5f, 0x73, 0x65, 0x71, 0x75,
  0x65, 0x6e, 0x63, 0x65, 0x5f, 0x69, 0x73, 0x5f, 0x64, 0x75, 0x70, 0x6c,
  0x69, 0x63, 0x61, 0x74, 0x65, 0x00, 0x72, 0x70, 0x6c, 0x5f, 0x69, 0x73,
  0x5f, 0x72, 0x65, 0x61, 0x63, 0x68, 0x61, 0x62, 0x6c, 0x65, 0x00, 0x73,
  0x69, 0x63, 0x73, 0x6c, 0x6f, 0x77, 0x70, 0x61, 0x6e, 0x5f, 0x69, 0x6e,
  0x69, 0x74, 0x00, 0x5f, 0x5f, 0x54, 0x41, 0x49, 0x56, 0x00, 0x73, 0x6e,
  0x70, 0x72, 0x69, 0x6e, 0x74, 0x66, 0x00, 0x6d, 0x61, 0x63, 0x5f, 0x73,
  0x65, 0x71, 0x75, 0x65, 0x6e, 0x63, 0x65, 0x5f, 0x73, 0x65, 0x74, 0x5f,
  0x64, 0x73, 0x6e, 0x00, 0x67, 0x70, 0x69, 0x6f, 0x5f, 0x68, 0x61, 0x6c,
  0x5f, 0x61, 0x72, 0x63, 0x68, 0x5f, 0x70, 0x6f, 0x72, 0x74, 0x5f, 0x70,
  0x69, 0x6e, 0x5f, 0x63, 0x66, 0x67, 0x5f, 0x73, 0x65, 0x74, 0x00, 0x70,
  0x72, 0x6f, 0x63, 0x65, 0x73, 0x73, 0x5f, 0x70, 0x6f, 0x73, 0x74, 0x00,
  0x75, 0x69, 0x70, 0x5f, 0x64, 0x73, 0x36, 0x5f, 0x6d, 0x61, 0x64, 0x64,
  0x72, 0x5f, 0x72, 0x6d, 0x00, 0x5f, 0x5f, 0x44, 0x4d, 0x41, 0x30, 0x53,
  0x5a, 0x00, 0x5f, 0x65, 0x66, 0x61, 0x72, 0x74, 0x65, 0x78, 0x74, 0x00,
  0x65, 0x74, 0x69, 0x6d, 0x65, 0x72, 0x5f, 0x70, 0x72, 0x6f, 0x63, 0x65,
  0x73, 0x73, 0x00, 0x5f, 0x5f, 0x75, 0x64, 0x69, 0x76, 0x68, 0x69, 0x33,
  0x00, 0x72, 0x70, 0x6c, 0x5f, 0x64, 0x61, 0x67, 0x5f, 0x72, 0x6f, 0x6f,
  0x74, 0x5f, 0x69, 0x73, 0x5f, 0x72, 0x6f, 0x6f, 0x74, 0x00, 0x5f, 0x5f,
  0x4d, 0x50, 0x59, 0x00, 0x5f, 0x5f, 0x49, 0x45, 0x32, 0x00, 0x63, 0x63,
  0x32, 0x34, 0x32, 0x30, 0x5f, 0x73, 0x66, 0x64, 0x5f, 0x73, 0x74, 0x61,
  0x72, 0x74, 0x5f, 0x74, 0x69, 0x6d, 0x65, 0x00, 0x63, 0x63, 0x32, 0x34,
  0x32, 0x30, 0x5f, 0x64, 0x72, 0x69, 0x76, 0x65, 0x72, 0x00, 0x5f, 0x5f,
  0x52, 0x45, 0x53, 0x4c, 0x4f, 0x00, 0x5f, 0x5f, 0x4d, 0x41, 0x43, 0x53,
  0x00, 0x69, 0x72, 0x71, 0x5f, 0x70, 0x32, 0x00, 0x5f, 0x5f, 0x41, 0x44,
  0x43, 0x31, 0x32, 0x4d, 0x43, 0x54, 0x4c, 0x37, 0x00, 0x63, 0x74, 0x69,
  0x6d, 0x65, 0x72, 0x5f, 0x73, 0x65, 0x74, 0x00, 0x72, 0x70, 0x6c, 0x5f,
  0x6e, 0x65, 0x69, 0x67, 0x68, 0x62, 0x6f, 0x72, 0x5f, 0x69, 0x6e, 0x69,
  0x74, 0x00, 0x5f, 0x5f, 0x50, 0x32, 0x49, 0x46, 0x47, 0x00, 0x66, 0x72,
  0x61, 0x6d, 0x65, 0x38, 0x30, 0x32, 0x31, 0x35, 0x34, 0x5f, 0x63, 0x72,
  0x65, 0x61, 0x74, 0x65, 0x5f, 0x66, 0x63, 0x66, 0x00, 0x5f, 0x5f, 0x50,
  0x33, 0x44, 0x49, 0x52, 0x00, 0x5f, 0x5f, 0x46, 0x43, 0x54, 0x4c, 0x34,
  0x00, 0x70, 0x61, 0x63, 0x6b, 0x65, 0x74, 0x62, 0x75, 0x66, 0x5f, 0x61,
  0x74, 0x74, 0x72, 0x00, 0x75, 0x69, 0x70, 0x62, 0x75, 0x66, 0x5f, 0x67,
  0x65, 0x74, 0x5f, 0x6c, 0x65, 0x6e, 0x5f, 0x66, 0x69, 0x65, 0x6c, 0x64,
  0x00, 0x75, 0x69, 0x70, 0x5f, 0x64, 0x73, 0x36, 0x5f, 0x6e, 0x62, 0x72,
  0x5f, 0x67, 0x65, 0x74, 0x5f, 0x6c, 0x6c, 0x00, 0x72, 0x74, 0x69, 0x6d,
  0x65, 0x72, 0x5f, 0x72, 0x75, 0x6e, 0x5f, 0x6e, 0x65, 0x78, 0x74, 0x00,
  0x5f, 0x65, 0x74, 0x65, 0x78, 0x74, 0x00, 0x5f, 0x5f, 0x54, 0x42, 0x52,
  0x00, 0x65, 0x74, 0x69, 0x6d, 0x65, 0x72, 0x5f, 0x72, 0x65, 0x73, 0x65,
  0x74, 0x00, 0x75, 0x69, 0x70, 0x5f, 0x64, 0x73, 0x36, 0x5f, 0x6e, 0x62,
  0x72, 0x5f, 0x6c, 0x6f, 0x6f, 0x6b, 0x75, 0x70, 0x00, 0x63, 0x63, 0x32,
  0x34, 0x32, 0x30, 0x5f, 0x69, 0x6e, 0x74, 0x65, 0x72, 0x72, 0x75, 0x70,
  0x74, 0x00, 0x5f, 0x5f, 0x43, 0x41, 0x4c, 0x44, 0x43, 0x4f, 0x5f, 0x31,
  0x36, 0x4d, 0x48, 0x5a, 0x00, 0x5f, 0x5f, 0x55, 0x43, 0x41, 0x31, 0x42,
  0x52, 0x30, 0x00, 0x75, 0x69, 0x70, 0x5f, 0x64, 0x73, 0x36, 0x5f, 0x64,
  0x65, 0x66, 0x61, 0x75, 0x6c, 0x74, 0x5f, 0x70, 0x72, 0x65, 0x66, 0x69,
  0x78, 0x00, 0x62, 0x75, 0x74, 0x74, 0x6f, 0x6e, 0x5f, 0x68, 0x61, 0x6c,
  0x5f, 0x62, 0x75, 0x74, 0x74, 0x6f, 0x6e, 0x5f, 0x63, 0x6f, 0x75, 0x6e,
  0x74, 0x00, 0x72, 0x70, 0x6c, 0x5f, 0x64, 0x61, 0x67, 0x5f, 0x67, 0x65,
  0x74, 0x5f, 0x72, 0x6f, 0x6f, 0x74, 0x5f, 0x69, 0x70, 0x61, 0x64, 0x64,
  0x72, 0x00, 0x5f, 0x5f, 0x50, 0x34, 0x4f, 0x55, 0x54, 0x00, 0x72, 0x70,
  0x6c, 0x5f, 0x65, 0x78, 0x74, 0x5f, 0x68, 0x65, 0x61, 0x64, 0x65, 0x72,
  0x5f, 0x73, 0x72, 0x68, 0x5f, 0x67, 0x65, 0x74, 0x5f, 0x6e, 0x65, 0x78,
  0x74, 0x5f, 0x68, 0x6f, 0x70, 0x00, 0x67, 0x70, 0x69, 0x6f, 0x5f, 0x68,
  0x61, 0x6c, 0x5f, 0x61, 0x72, 0x63, 0x68, 0x5f, 0x70, 0x6f, 0x72, 0x74,
  0x5f, 0x72, 0x65, 0x61, 0x64, 0x5f, 0x70, 0x69, 0x6e, 0x00, 0x63, 0x75,
  0x72, 0x72, 0x5f, 0x6c, 0x6f, 0x67, 0x5f, 0x6c, 0x65, 0x76, 0x65, 0x6c,
  0x5f, 0x6d, 0x61, 0x63, 0x00, 0x70, 0x72, 0x6f, 0x63, 0x65, 0x73, 0x73,
  0x5f, 0x6e, 0x65, 0x76, 0x65, 0x6e, 0x74, 0x73, 0x00, 0x6c, 0x69, 0x73,
  0x74, 0x5f, 0x61, 0x64, 0x64, 0x00, 0x72, 0x70, 0x6c, 0x5f, 0x67, 0x6c,
  0x6f, 0x62, 0x61, 0x6c, 0x5f, 0x72, 0x65, 0x70, 0x61, 0x69, 0x72, 0x00,
  0x72, 0x70, 0x6c, 0x5f, 0x67, 0x65, 0x74, 0x5f, 0x6c, 0x65, 0x61, 0x66,
  0x5f, 0x6f, 0x6e, 0x6c, 0x79, 0x00, 0x69, 0x32, 0x63, 0x5f, 0x72, 0x78,
  0x5f, 0x69, 0x6e, 0x74, 0x65, 0x72, 0x72, 0x75, 0x70, 0x74, 0x00, 0x5f,
  0x5f, 0x44, 0x4d, 0x41, 0x32, 0x44, 0x41, 0x00, 0x75, 0x69, 0x70, 0x5f,
  0x70, 0x72, 0x6f, 0x63, 0x65, 0x73, 0x73, 0x00, 0x72, 0x70, 0x6c, 0x5f,
  0x74, 0x69, 0x6d, 0x65, 0x72, 0x73, 0x5f, 0x75, 0x6e, 0x73, 0x63, 0x68,
  0x65, 0x64, 0x75, 0x6c, 0x65, 0x5f, 0x6c, 0x65, 0x61, 0x76, 0x69, 0x6e,
  0x67, 0x00, 0x5f, 0x5f, 0x69, 0x73, 0x72, 0x5f, 0x31, 0x39, 0x00, 0x5f,
  0x5f, 0x62, 0x73, 0x73, 0x5f, 0x73, 0x69, 0x7a, 0x65, 0x00, 0x5f, 0x5f,
  0x41, 0x44, 0x43, 0x31, 0x32, 0x4d, 0x43, 0x54, 0x4c, 0x31, 0x00, 0x5f,
  0x5f, 0x55, 0x43, 0x42, 0x31, 0x49, 0x32, 0x43, 0x53, 0x41, 0x00, 0x75,
  0x69, 0x70, 0x5f, 0x73, 0x72, 0x5f, 0x70, 0x65, 0x72, 0x69, 0x6f, 0x64,
  0x69, 0x63, 0x00, 0x5f, 0x5f, 0x41, 0x44, 0x43, 0x31, 0x32, 0x4d, 0x45,
  0x4d, 0x39, 0x00, 0x6c, 0x69, 0x6e, 0x6b, 0x5f, 0x73, 0x74, 0x61, 0x74,
  0x73, 0x5f, 0x66, 0x72, 0x6f, 0x6d, 0x5f, 0x6c, 0x6c, 0x61, 0x64, 0x64,
  0x72, 0x00, 0x5f, 0x5f, 0x69, 0x73, 0x72, 0x5f, 0x32, 0x39, 0x00, 0x63,
  0x75, 0x72, 0x72, 0x5f, 0x6c, 0x6f, 0x67, 0x5f, 0x6c, 0x65, 0x76, 0x65,
  0x6c, 0x5f, 0x66, 0x72, 0x61, 0x6d, 0x65, 0x72, 0x00, 0x6c, 0x69, 0x6e,
  0x6b, 0x5f, 0x73, 0x74, 0x61, 0x74, 0x73, 0x5f, 0x69, 0x73, 0x5f, 0x66,
  0x72, 0x65, 0x73, 0x68, 0x00, 0x63, 0x63, 0x32, 0x34, 0x32, 0x30, 0x5f,
  0x73, 0x65, 0x74, 0x5f, 0x63, 0x68, 0x61, 0x6e, 0x6e, 0x65, 0x6c, 0x00,
  0x5f, 0x5f, 0x43, 0x41, 0x4c, 0x42, 0x43, 0x31, 0x5f, 0x38, 0x4d, 0x48,
  0x5a, 0x00, 0x5f, 0x5f, 0x69, 0x73, 0x72, 0x5f, 0x32, 0x33, 0x00, 0x5f,
  0x5f, 0x77, 0x61, 0x74, 0x63, 0x68, 0x64, 0x6f, 0x67, 0x5f, 0x73, 0x75,
  0x70, 0x70, 0x6f, 0x72, 0x74, 0x00, 0x5f, 0x5f, 0x73, 0x74, 0x6f, 0x70,
  0x5f, 0x70, 0x72, 0x6f, 0x67, 0x45, 0x78, 0x65, 0x63, 0x5f, 0x5f, 0x00,
  0x70, 0x72, 0x6f, 0x63, 0x65, 0x73, 0x73, 0x5f, 0x6c, 0x69, 0x73, 0x74,
  0x00, 0x6d, 0x65, 0x6d, 0x63, 0x70, 0x79, 0x00, 0x5f, 0x5f, 0x55, 0x43,
  0x41, 0x31, 0x53, 0x54, 0x41, 0x54, 0x00, 0x5f, 0x5f, 0x50, 0x32, 0x49,
  0x45, 0x00, 0x6e, 0x62, 0x72, 0x5f, 0x74, 0x61, 0x62, 0x6c, 0x65, 0x5f,
  0x61, 0x64, 0x64, 0x5f, 0x6c, 0x6c, 0x61, 0x64, 0x64, 0x72, 0x00, 0x75,
  0x69, 0x70, 0x5f, 0x64, 0x73, 0x36, 0x5f, 0x6e, 0x62, 0x72, 0x5f, 0x6c,
  0x6c, 0x61, 0x64, 0x64, 0x72, 0x5f, 0x66, 0x72, 0x6f, 0x6d, 0x5f, 0x69,
  0x70, 0x61, 0x64, 0x64, 0x72, 0x00, 0x75, 0x69, 0x70, 0x62, 0x75, 0x66,
  0x5f, 0x67, 0x65, 0x74, 0x5f, 0x6c, 0x61, 0x73, 0x74, 0x5f, 0x68, 0x65,
  0x61, 0x64, 0x65, 0x72, 0x00, 0x63, 0x63, 0x32, 0x34, 0x32, 0x30, 0x5f,
  0x73, 0x65, 0x74, 0x5f, 0x74, 0x78, 0x70, 0x6f, 0x77, 0x65, 0x72, 0x00,
  0x5f, 0x5f, 0x55, 0x43, 0x42, 0x31, 0x49, 0x32, 0x43, 0x49, 0x45, 0x00,
  0x75, 0x69, 0x70, 0x5f, 0x64, 0x73, 0x36, 0x5f, 0x61, 0x64, 0x64, 0x72,
  0x5f, 0x73, 0x69, 0x7a, 0x65, 0x00, 0x5f, 0x5f, 0x44, 0x4d, 0x41, 0x32,
  0x44, 0x41, 0x4c, 0x00, 0x74, 0x6d, 0x70, 0x31, 0x30, 0x32, 0x5f, 0x72,
  0x65, 0x61, 0x64, 0x5f, 0x74, 0x65, 0x6d, 0x70, 0x5f, 0x78, 0x31, 0x30,
  0x30, 0x00, 0x5f, 0x5f, 0x50, 0x35, 0x52, 0x45, 0x4e, 0x00, 0x5f, 0x5f,
  0x44, 0x4d, 0x41, 0x30, 0x44, 0x41, 0x00, 0x66, 0x72, 0x61, 0x6d, 0x65,
  0x38, 0x30, 0x32, 0x31, 0x35, 0x34, 0x5f, 0x63, 0x72, 0x65, 0x61, 0x74,
  0x65, 0x00, 0x72, 0x70, 0x6c, 0x5f, 0x6e, 0x65, 0x69, 0x67, 0x68, 0x62,
  0x6f, 0x72, 0x5f, 0x69, 0x73, 0x5f, 0x66, 0x72, 0x65, 0x73, 0x68, 0x00,
  0x75, 0x69, 0x70, 0x5f, 0x73, 0x72, 0x5f, 0x67, 0x65, 0x74, 0x5f, 0x6e,
  0x6f, 0x64, 0x65, 0x00, 0x75, 0x69, 0x70, 0x5f, 0x64, 0x73, 0x36, 0x5f,
  0x63, 0x6f, 0x6d, 0x70, 0x75, 0x74, 0x65, 0x5f, 0x72, 0x65, 0x61, 0x63,
  0x68, 0x61, 0x62, 0x6c, 0x65, 0x5f, 0x74, 0x69, 0x6d, 0x65, 0x00, 0x70,
  0x61, 0x63, 0x6b, 0x65, 0x74, 0x62, 0x75, 0x66, 0x5f, 0x73, 0x65, 0x74,
  0x5f, 0x64, 0x61, 0x74, 0x61, 0x6c, 0x65, 0x6e, 0x00, 0x75, 0x6e, 0x63,
  0x5f, 0x6c, 0x6c, 0x63, 0x6f, 0x6e, 0x66, 0x00, 0x75, 0x69, 0x70, 0x5f,
  0x73, 0x61, 0x70, 0x70, 0x64, 0x61, 0x74, 0x61, 0x00, 0x63, 0x75, 0x72,
  0x72, 0x5f, 0x69, 0x6e, 0x73, 0x74, 0x61, 0x6e, 0x63, 0x65, 0x00, 0x74,
  0x63, 0x70, 0x69, 0x70, 0x5f, 0x75, 0x69, 0x70, 0x63, 0x61, 0x6c, 0x6c,
  0x00, 0x5f, 0x5f, 0x50, 0x41, 0x53, 0x45, 0x4c, 0x00, 0x5f, 0x5f, 0x55,
  0x43, 0x41, 0x31, 0x49, 0x52, 0x52, 0x43, 0x54, 0x4c, 0x00, 0x70, 0x75,
  0x74, 0x73, 0x00, 0x69, 0x6e, 0x69, 0x74, 0x5f, 0x70, 0x6c, 0x61, 0x74,
  0x66, 0x6f, 0x72, 0x6d, 0x00, 0x63, 0x63, 0x32, 0x34, 0x32, 0x30, 0x5f,
  0x70, 0x72, 0x6f, 0x63, 0x65, 0x73, 0x73, 0x00, 0x70, 0x61, 0x63, 0x6b,
  0x65, 0x74, 0x62, 0x75, 0x66, 0x5f, 0x64, 0x61, 0x74, 0x61, 0x6c, 0x65,
  0x6e, 0x00, 0x70, 0x61, 0x63, 0x6b, 0x65, 0x74, 0x62, 0x75, 0x66, 0x5f,
  0x61, 0x64, 0x64, 0x72, 0x73, 0x00, 0x6c, 0x69, 0x73, 0x74, 0x5f, 0x6c,
  0x65, 0x6e, 0x67, 0x74, 0x68, 0x00, 0x75, 0x69, 0x70, 0x5f, 0x64, 0x73,
  0x36, 0x5f, 0x6e, 0x62, 0x72, 0x5f, 0x72, 0x6d, 0x00, 0x70, 0x6c, 0x61,
  0x74, 0x66, 0x6f, 0x72, 0x6d, 0x5f, 0x69, 0x6e, 0x69, 0x74, 0x5f, 0x73,
  0x74, 0x61, 0x67, 0x65, 0x5f, 0x74, 0x68, 0x72, 0x65, 0x65, 0x00, 0x5f,
  0x5f, 0x54, 0x42, 0x43, 0x43, 0x52, 0x30, 0x00, 0x66, 0x72, 0x61, 0x6d,
  0x65, 0x38, 0x30, 0x32, 0x31, 0x35, 0x34, 0x5f, 0x69, 0x73, 0x5f, 0x62,
  0x72, 0x6f, 0x61, 0x64, 0x63, 0x61, 0x73, 0x74, 0x5f, 0x61, 0x64, 0x64,
  0x72, 0x00, 0x63, 0x73, 0x6d, 0x61, 0x5f, 0x64, 0x72, 0x69, 0x76, 0x65,
  0x72, 0x00, 0x72, 0x70, 0x6c, 0x5f, 0x67, 0x65, 0x74, 0x5f, 0x67, 0x6c,
  0x6f, 0x62, 0x61, 0x6c, 0x5f, 0x61, 0x64, 0x64, 0x72, 0x65, 0x73, 0x73,
  0x00, 0x75, 0x69, 0x70, 0x62, 0x75, 0x66, 0x5f, 0x73, 0x65, 0x74, 0x5f,
  0x6c, 0x65, 0x6e, 0x5f, 0x66, 0x69, 0x65, 0x6c, 0x64, 0x00, 0x5f, 0x5f,
  0x69, 0x73, 0x72, 0x5f, 0x31, 0x31, 0x00, 0x5f, 0x5f, 0x54, 0x42, 0x43,
  0x43, 0x54, 0x4c, 0x32, 0x00, 0x72, 0x70, 0x6c, 0x5f, 0x69, 0x73, 0x5f,
  0x61, 0x64, 0x64, 0x72, 0x5f, 0x69, 0x6e, 0x5f, 0x6f, 0x75, 0x72, 0x5f,
  0x64, 0x61, 0x67, 0x00, 0x5f, 0x5f, 0x50, 0x37, 0x4f, 0x55, 0x54, 0x00,
  0x5f, 0x5f, 0x75, 0x64, 0x69, 0x76, 0x73, 0x69, 0x33, 0x00, 0x75, 0x69,
  0x70, 0x5f, 0x64, 0x73, 0x36, 0x5f, 0x70, 0x72, 0x65, 0x66, 0x69, 0x78,
  0x5f, 0x6c, 0x69, 0x73, 0x74, 0x00, 0x5f, 0x5f, 0x50, 0x41, 0x49, 0x4e,
  0x00, 0x5f, 0x5f, 0x50, 0x31, 0x49, 0x45, 0x00, 0x75, 0x69, 0x70, 0x5f,
  0x73, 0x72, 0x5f, 0x6e, 0x6f, 0x64, 0x65, 0x5f, 0x6e, 0x65, 0x78, 0x74,
  0x00, 0x5f, 0x5f, 0x55, 0x43, 0x42, 0x30, 0x42, 0x52, 0x31, 0x00, 0x70,
  0x61, 0x63, 0x6b, 0x65, 0x74, 0x62, 0x75, 0x66, 0x5f, 0x61, 0x74, 0x74,
  0x72, 0x5f, 0x63, 0x6f, 0x70, 0x79, 0x66, 0x72, 0x6f, 0x6d, 0x00, 0x73,
  0x70, 0x69, 0x5f, 0x69, 0x6e, 0x69, 0x74, 0x00, 0x70, 0x72, 0x6f, 0x63,
  0x65, 0x73, 0x73, 0x5f, 0x6d, 0x61, 0x78, 0x65, 0x76, 0x65, 0x6e, 0x74,
  0x73, 0x00, 0x5f, 0x5f, 0x55, 0x43, 0x41, 0x31, 0x4d, 0x43, 0x54, 0x4c,
  0x00, 0x5f, 0x5f, 0x55, 0x43, 0x42, 0x31, 0x53, 0x54, 0x41, 0x54, 0x00,
  0x5f, 0x5f, 0x41, 0x44, 0x43, 0x31, 0x32, 0x43, 0x54, 0x4c, 0x30, 0x00,
  0x70, 0x72, 0x6f, 0x63, 0x65, 0x73, 0x73, 0x5f, 0x73, 0x74, 0x61, 0x72,
  0x74, 0x00, 0x77, 0x61, 0x74, 0x63, 0x68, 0x64, 0x6f, 0x67, 0x5f, 0x70,
  0x65, 0x72, 0x69, 0x6f, 0x64, 0x69, 0x63, 0x00, 0x73, 0x70, 0x6c, 0x68,
  0x69, 0x67, 0x68, 0x5f, 0x00, 0x63, 0x73, 0x6d, 0x61, 0x5f, 0x73, 0x65,
  0x63, 0x75, 0x72, 0x69, 0x74, 0x79, 0x5f, 0x70, 0x61, 0x72, 0x73, 0x65,
  0x5f, 0x66, 0x72, 0x61, 0x6d, 0x65, 0x00, 0x74, 0x63, 0x70, 0x69, 0x70,
  0x5f, 0x6f, 0x75, 0x74, 0x70, 0x75, 0x74, 0x00, 0x70, 0x72, 0x6f, 0x63,
  0x65, 0x73, 0x73, 0x5f, 0x70, 0x6f, 0x73, 0x74, 0x5f, 0x73, 0x79, 0x6e,
  0x63, 0x68, 0x00, 0x67, 0x70, 0x69, 0x6f, 0x5f, 0x68, 0x61, 0x6c, 0x5f,
  0x61, 0x72, 0x63, 0x68, 0x5f, 0x70, 0x6f, 0x72, 0x74, 0x5f, 0x77, 0x72,
  0x69, 0x74, 0x65, 0x5f, 0x70, 0x69, 0x6e, 0x73, 0x00, 0x75, 0x69, 0x70,
  0x5f, 0x68, 0x74, 0x6f, 0x6e, 0x6c, 0x00, 0x6d, 0x73, 0x70, 0x34, 0x33,
  0x30, 0x5f, 0x73, 0x79, 0x6e, 0x63, 0x5f, 0x64, 0x63, 0x6f, 0x00, 0x5f,
  0x5f, 0x55, 0x43, 0x41, 0x30, 0x52, 0x58, 0x42, 0x55, 0x46, 0x00, 0x6c,
  0x69, 0x73, 0x74, 0x5f, 0x74, 0x61, 0x69, 0x6c, 0x00, 0x6e, 0x62, 0x72,
  0x5f, 0x74, 0x61, 0x62, 0x6c, 0x65, 0x5f, 0x69, 0x73, 0x5f, 0x72, 0x65,
  0x67, 0x69, 0x73, 0x74, 0x65, 0x72, 0x65, 0x64, 0x00, 0x63, 0x63, 0x32,
  0x34, 0x32, 0x30, 0x5f, 0x74, 0x69, 0x6d, 0x65, 0x72, 0x62, 0x31, 0x5f,
  0x69, 0x6e, 0x74, 0x65, 0x72, 0x72, 0x75, 0x70, 0x74, 0x00, 0x75, 0x61,
  0x72, 0x74, 0x30, 0x5f, 0x61, 0x63, 0x74, 0x69, 0x76, 0x65, 0x00, 0x5f,
  0x5f, 0x41, 0x44, 0x43, 0x31, 0x32, 0x4d, 0x43, 0x54, 0x4c, 0x32, 0x00,
  0x5f, 0x5f, 0x54, 0x42, 0x43, 0x43, 0x52, 0x35, 0x00, 0x75, 0x69, 0x70,
  0x5f, 0x64, 0x73, 0x36, 0x5f, 0x72, 0x6f, 0x75, 0x74, 0x65, 0x5f, 0x6e,
  0x65, 0x78, 0x74, 0x68, 0x6f, 0x70, 0x00, 0x5f, 0x5f, 0x55, 0x43, 0x41,
  0x30, 0x43, 0x54, 0x4c, 0x31, 0x00, 0x72, 0x70, 0x6c, 0x5f, 0x69, 0x63,
  0x6d, 0x70, 0x36, 0x5f, 0x69, 0x6e, 0x69, 0x74, 0x00, 0x5f, 0x5f, 0x69,
  0x73, 0x72, 0x5f, 0x31, 0x36, 0x00, 0x72, 0x70, 0x6c, 0x5f, 0x72, 0x65,
  0x73, 0x65, 0x74, 0x5f, 0x70, 0x72, 0x65, 0x66, 0x69, 0x78, 0x00, 0x77,
  0x61, 0x74, 0x63, 0x68, 0x64, 0x6f, 0x67, 0x5f, 0x73, 0x74, 0x61, 0x72,
  0x74, 0x00, 0x5f, 0x5f, 0x75, 0x64, 0x69, 0x76, 0x6d, 0x6f, 0x64, 0x64,
  0x69, 0x34, 0x00, 0x74, 0x6d, 0x70, 0x31, 0x30, 0x32, 0x5f, 0x73, 0x74,
  0x6f, 0x70, 0x00, 0x5f, 0x5f, 0x50, 0x37, 0x49, 0x4e, 0x00, 0x63, 0x75,
  0x72, 0x72, 0x5f, 0x6c, 0x6f, 0x67, 0x5f, 0x6c, 0x65, 0x76, 0x65, 0x6c,
  0x5f, 0x6d, 0x61, 0x69, 0x6e, 0x00, 0x72, 0x70, 0x6c, 0x5f, 0x74, 0x69,
  0x6d, 0x65, 0x72, 0x73, 0x5f, 0x69, 0x6e, 0x69, 0x74, 0x00, 0x72, 0x70,
  0x6c, 0x5f, 0x6e, 0x65, 0x69, 0x67, 0x68, 0x62, 0x6f, 0x72, 0x5f, 0x72,
  0x65, 0x6d, 0x6f, 0x76, 0x65, 0x5f, 0x61, 0x6c, 0x6c, 0x00, 0x65, 0x74,
  0x69, 0x6d, 0x65, 0x72, 0x5f, 0x73, 0x65, 0x74, 0x00, 0x5f, 0x5f, 0x55,
  0x43, 0x41, 0x31, 0x41, 0x42, 0x43, 0x54, 0x4c, 0x00, 0x63, 0x63, 0x32,
  0x34, 0x32, 0x30, 0x5f, 0x67, 0x65, 0x74, 0x5f, 0x74, 0x78, 0x70, 0x6f,
  0x77, 0x65, 0x72, 0x00, 0x5f, 0x5f, 0x50, 0x36, 0x4f, 0x55, 0x54, 0x00,
  0x72, 0x70, 0x6c, 0x5f, 0x73, 0x65, 0x74, 0x5f, 0x70, 0x72, 0x65, 0x66,
  0x69, 0x78, 0x5f, 0x66, 0x72, 0x6f, 0x6d, 0x5f, 0x61, 0x64, 0x64, 0x72,
  0x00, 0x74, 0x72, 0x61, 0x6e, 0x73, 0x6d, 0x69, 0x74, 0x5f, 0x64, 0x61,
  0x74, 0x61, 0x31, 0x00, 0x5f, 0x5f, 0x50, 0x36, 0x49, 0x4e, 0x00, 0x72,
  0x70, 0x6c, 0x5f, 0x74, 0x69, 0x6d, 0x65, 0x72, 0x73, 0x5f, 0x73, 0x63,
  0x68, 0x65, 0x64, 0x75, 0x6c, 0x65, 0x5f, 0x6c, 0x65, 0x61, 0x76, 0x69,
  0x6e, 0x67, 0x00, 0x5f, 0x5f, 0x44, 0x41, 0x43, 0x31, 0x32, 0x5f, 0x30,
  0x44, 0x41, 0x54, 0x00, 0x5f, 0x5f, 0x54, 0x42, 0x43, 0x43, 0x54, 0x4c,
  0x30, 0x00, 0x5f, 0x5f, 0x69, 0x73, 0x72, 0x5f, 0x32, 0x36, 0x00, 0x6c,
  0x69, 0x6e, 0x6b, 0x61, 0x64, 0x64, 0x72, 0x5f, 0x6e, 0x75, 0x6c, 0x6c,
  0x00, 0x67, 0x70, 0x69, 0x6f, 0x5f, 0x68, 0x61, 0x6c, 0x5f, 0x61, 0x72,
  0x63, 0x68, 0x5f, 0x69, 0x6e, 0x69, 0x74, 0x00, 0x75, 0x69, 0x70, 0x5f,
  0x64, 0x73, 0x36, 0x5f, 0x6e, 0x62, 0x72, 0x5f, 0x6c, 0x6c, 0x5f, 0x6c,
  0x6f, 0x6f, 0x6b, 0x75, 0x70, 0x00, 0x6c, 0x69, 0x6e, 0x6b, 0x61, 0x64,
  0x64, 0x72, 0x5f, 0x73, 0x65, 0x74, 0x5f, 0x6e, 0x6f, 0x64, 0x65, 0x5f,
  0x61, 0x64, 0x64, 0x72, 0x00, 0x6c, 0x65, 0x64, 0x73, 0x5f, 0x61, 0x72,
  0x63, 0x68, 0x5f, 0x73, 0x65, 0x74, 0x00, 0x72, 0x70, 0x6c, 0x5f, 0x64,
  0x61, 0x67, 0x5f, 0x72, 0x6f, 0x6f, 0x74, 0x5f, 0x73, 0x74, 0x61, 0x72,
  0x74, 0x00, 0x72, 0x70, 0x6c, 0x5f, 0x6e, 0x65, 0x69, 0x67, 0x68, 0x62,
  0x6f, 0x72, 0x5f, 0x73, 0x65, 0x74, 0x5f, 0x70, 0x72, 0x65, 0x66, 0x65,
  0x72, 0x72, 0x65, 0x64, 0x5f, 0x70, 0x61, 0x72, 0x65, 0x6e, 0x74, 0x00,
  0x75, 0x69, 0x70, 0x5f, 0x6c, 0x6c, 0x61, 0x64, 0x64, 0x72, 0x00, 0x5f,
  0x5f, 0x55, 0x43, 0x42, 0x30, 0x53, 0x54, 0x41, 0x54, 0x00, 0x73, 0x74,
  0x61, 0x63, 0x6b, 0x5f, 0x63, 0x68, 0x65, 0x63, 0x6b, 0x5f, 0x69, 0x6e,
  0x69, 0x74, 0x00, 0x63, 0x74, 0x69, 0x6d, 0x65, 0x72, 0x5f, 0x72, 0x65,
  0x73, 0x65, 0x74, 0x00, 0x5f, 0x5f, 0x54, 0x42, 0x43, 0x43, 0x52, 0x36,
  0x00, 0x5f, 0x5f, 0x69, 0x73, 0x72, 0x5f, 0x35, 0x00, 0x5f, 0x5f, 0x50,
  0x36, 0x52, 0x45, 0x4e, 0x00, 0x75, 0x69, 0x70, 0x62, 0x75, 0x66, 0x5f,
  0x67, 0x65, 0x74, 0x5f, 0x6e, 0x65, 0x78, 0x74, 0x5f, 0x68, 0x65, 0x61,
  0x64, 0x65, 0x72, 0x00, 0x72, 0x70, 0x6c, 0x5f, 0x64, 0x61, 0x67, 0x5f,
  0x69, 0x6e, 0x69, 0x74, 0x00, 0x72, 0x78, 0x5f, 0x62, 0x79, 0x74, 0x65,
  0x5f, 0x63, 0x74, 0x72, 0x00, 0x5f, 0x5f, 0x50, 0x38, 0x4f, 0x55, 0x54,
  0x00, 0x75, 0x69, 0x70, 0x5f, 0x69, 0x63, 0x6d, 0x70, 0x36, 0x63, 0x68,
  0x6b, 0x73, 0x75, 0x6d, 0x00, 0x5f, 0x5f, 0x55, 0x43, 0x41, 0x30, 0x42,
  0x52, 0x31, 0x00, 0x75, 0x69, 0x70, 0x5f, 0x61, 0x6c, 0x69, 0x67, 0x6e,
  0x65, 0x64, 0x5f, 0x62, 0x75, 0x66, 0x00, 0x75, 0x69, 0x70, 0x5f, 0x64,
  0x73, 0x36, 0x5f, 0x64, 0x65, 0x66, 0x72, 0x74, 0x5f, 0x70, 0x65, 0x72,
  0x69, 0x6f, 0x64, 0x69, 0x63, 0x00, 0x5f, 0x5f, 0x75, 0x6d, 0x6f, 0x64,
  0x64, 0x69, 0x33, 0x00, 0x5f, 0x5f, 0x64, 0x61, 0x74, 0x61, 0x5f, 0x6c,
  0x6f, 0x61, 0x64, 0x5f, 0x73, 0x74, 0x61, 0x72, 0x74, 0x00, 0x75, 0x69,
  0x70, 0x5f, 0x66, 0x6c, 0x61, 0x67, 0x73, 0x00, 0x6c, 0x65, 0x64, 0x73,
  0x5f, 0x6f, 0x6e, 0x00, 0x5f, 0x5f, 0x64, 0x74, 0x6f, 0x72, 0x73, 0x5f,
  0x65, 0x6e, 0x64, 0x00, 0x66, 0x72, 0x61, 0x6d, 0x65, 0x38, 0x30, 0x32,
  0x31, 0x35, 0x34, 0x5f, 0x67, 0x65, 0x74, 0x5f, 0x70, 0x61, 0x6e, 0x5f,
  0x69, 0x64, 0x00, 0x72, 0x70, 0x6c, 0x5f, 0x6d, 0x75, 0x6c, 0x74, 0x69,
  0x63, 0x61, 0x73, 0x74, 0x5f, 0x61, 0x64, 0x64, 0x72, 0x00, 0x70, 0x6f,
  0x72, 0x74, 0x31, 0x5f, 0x69, 0x73, 0x72, 0x00, 0x75, 0x69, 0x70, 0x5f,
  0x73, 0x72, 0x5f, 0x6e, 0x6f, 0x64, 0x65, 0x5f, 0x68, 0x65, 0x61, 0x64,
  0x00, 0x5f, 0x5f, 0x50, 0x37, 0x44, 0x49, 0x52, 0x00, 0x5f, 0x5f, 0x42,
  0x43, 0x53, 0x43, 0x54, 0x4c, 0x33, 0x00, 0x70, 0x72, 0x6f, 0x63, 0x65,
  0x73, 0x73, 0x5f, 0x70, 0x6f, 0x6c, 0x6c, 0x00, 0x71, 0x75, 0x65, 0x75,
  0x65, 0x62, 0x75, 0x66, 0x5f, 0x66, 0x72, 0x65, 0x65, 0x00, 0x5f, 0x5f,
  0x50, 0x38, 0x49, 0x4e, 0x00, 0x5f, 0x5f, 0x44, 0x4d, 0x41, 0x31, 0x53,
  0x41, 0x00, 0x5f, 0x5f, 0x62, 0x73, 0x73, 0x5f, 0x65, 0x6e, 0x64, 0x00,
  0x5f, 0x5f, 0x41, 0x44, 0x43, 0x31, 0x32, 0x4d, 0x43, 0x54, 0x4c, 0x38,
  0x00, 0x75, 0x69, 0x70, 0x5f, 0x73, 0x72, 0x5f, 0x65, 0x78, 0x70, 0x69,
  0x72, 0x65, 0x5f, 0x70, 0x61, 0x72, 0x65, 0x6e, 0x74, 0x00, 0x5f, 0x5f,
  0x54, 0x41, 0x43, 0x43, 0x54, 0x4c, 0x32, 0x00, 0x71, 0x75, 0x65, 0x75,
  0x65, 0x62, 0x75, 0x66, 0x5f, 0x69, 0x6e, 0x69, 0x74, 0x00, 0x5f, 0x5f,
  0x75, 0x64, 0x69, 0x76, 0x64, 0x69, 0x33, 0x00, 0x5f, 0x5f, 0x44, 0x4d,
  0x41, 0x32, 0x43, 0x54, 0x4c, 0x00, 0x5f, 0x5f, 0x55, 0x43, 0x41, 0x30,
  0x53, 0x54, 0x41, 0x54, 0x00, 0x6e, 0x6f, 0x64, 0x65, 0x5f, 0x69, 0x64,
  0x00, 0x5f, 0x5f, 0x44, 0x4d, 0x41, 0x30, 0x53, 0x41, 0x4c, 0x00, 0x61,
  0x64, 0x78, 0x6c, 0x33, 0x34, 0x35, 0x00, 0x6c, 0x6f, 0x67, 0x5f, 0x6c,
  0x6c, 0x61, 0x64, 0x64, 0x72, 0x00, 0x5f, 0x5f, 0x69, 0x73, 0x72, 0x5f,
  0x32, 0x00, 0x6e, 0x62, 0x72, 0x5f, 0x74, 0x61, 0x62, 0x6c, 0x65, 0x5f,
  0x6c, 0x6f, 0x63, 0x6b, 0x00, 0x5f, 0x5f, 0x41, 0x44, 0x43, 0x31, 0x32,
  0x4d, 0x45, 0x4d, 0x31, 0x31, 0x00, 0x6c, 0x69, 0x73, 0x74, 0x5f, 0x68,
  0x65, 0x61, 0x64, 0x00, 0x74, 0x6d, 0x70, 0x31, 0x30, 0x32, 0x5f, 0x69,
  0x6e, 0x69, 0x74, 0x00, 0x5f, 0x5f, 0x54, 0x41, 0x43, 0x54, 0x4c, 0x00,
  0x5f, 0x5f, 0x6d, 0x6f, 0x64, 0x68, 0x69, 0x33, 0x00, 0x5f, 0x5f, 0x41,
  0x44, 0x43, 0x31, 0x32, 0x4d, 0x45, 0x4d, 0x31, 0x32, 0x00, 0x5f, 0x5f,
  0x46, 0x43, 0x54, 0x4c, 0x33, 0x00, 0x75, 0x69, 0x70, 0x5f, 0x64, 0x73,
  0x36, 0x5f, 0x74, 0x69, 0x6d, 0x65, 0x72, 0x5f, 0x70, 0x65, 0x72, 0x69,
  0x6f, 0x64, 0x69, 0x63, 0x00, 0x6c, 0x69, 0x6e, 0x6b, 0x61, 0x64, 0x64,
  0x72, 0x5f, 0x63, 0x6f, 0x70, 0x79, 0x00, 0x5f, 0x5f, 0x69, 0x73, 0x72,
  0x5f, 0x31, 0x30, 0x00, 0x70, 0x72, 0x6f, 0x63, 0x65, 0x73, 0x73, 0x5f,
  0x61, 0x6c, 0x6c, 0x6f, 0x63, 0x5f, 0x65, 0x76, 0x65, 0x6e, 0x74, 0x00,
  0x74, 0x78, 0x5f, 0x62, 0x75, 0x66, 0x5f, 0x70, 0x74, 0x72, 0x00, 0x75,
  0x69, 0x70, 0x5f, 0x64, 0x73, 0x36, 0x5f, 0x6e, 0x62, 0x72, 0x5f, 0x75,
  0x70, 0x64, 0x61, 0x74, 0x65, 0x5f, 0x6c, 0x6c, 0x00, 0x5f, 0x5f, 0x41,
  0x44, 0x43, 0x31, 0x32, 0x4d, 0x45, 0x4d, 0x34, 0x00, 0x74, 0x78, 0x5f,
  0x62, 0x79, 0x74, 0x65, 0x5f, 0x63, 0x74, 0x72, 0x00, 0x75, 0x69, 0x70,
  0x5f, 0x6e, 0x64, 0x36, 0x5f, 0x69, 0x6e, 0x69, 0x74, 0x00, 0x74, 0x6d,
  0x70, 0x31, 0x30, 0x32, 0x5f, 0x72, 0x65, 0x61, 0x64, 0x5f, 0x72, 0x65,
  0x67, 0x00, 0x5f, 0x5f, 0x50, 0x37, 0x53, 0x45, 0x4c, 0x00, 0x5f, 0x5f,
  0x50, 0x32, 0x53, 0x45, 0x4c, 0x00, 0x6d, 0x73, 0x70, 0x34, 0x33, 0x30,
  0x5f, 0x63, 0x70, 0x75, 0x5f, 0x69, 0x6e, 0x69, 0x74, 0x00, 0x5f, 0x5f,
  0x54, 0x42, 0x43, 0x54, 0x4c, 0x00, 0x72, 0x70, 0x6c, 0x5f, 0x64, 0x61,
  0x67, 0x5f, 0x6c, 0x65, 0x61, 0x76, 0x65, 0x00, 0x75, 0x69, 0x70, 0x5f,
  0x64, 0x73, 0x36, 0x5f, 0x73, 0x65, 0x74, 0x5f, 0x61, 0x64, 0x64, 0x72,
  0x5f, 0x69, 0x69, 0x64, 0x00, 0x5f, 0x5f, 0x43, 0x41, 0x4c, 0x42, 0x43,
  0x31, 0x5f, 0x31, 0x36, 0x4d, 0x48, 0x5a, 0x00, 0x67, 0x65, 0x74, 0x5f,
  0x70, 0x72, 0x6f, 0x62, 0x69, 0x6e, 0x67, 0x5f, 0x74, 0x61, 0x72, 0x67,
  0x65, 0x74, 0x00, 0x5f, 0x5f, 0x44, 0x4d, 0x41, 0x49, 0x56, 0x00, 0x5f,
  0x5f, 0x41, 0x44, 0x43, 0x31, 0x32, 0x4d, 0x43, 0x54, 0x4c, 0x31, 0x33,
  0x00, 0x63, 0x63, 0x32, 0x34, 0x32, 0x30, 0x5f, 0x6c, 0x61, 0x73, 0x74,
  0x5f, 0x63, 0x6f, 0x72, 0x72, 0x65, 0x6c, 0x61, 0x74, 0x69, 0x6f, 0x6e,
  0x00, 0x72, 0x70, 0x6c, 0x5f, 0x73, 0x63, 0x68, 0x65, 0x64, 0x75, 0x6c,
  0x65, 0x5f, 0x70, 0x72, 0x6f, 0x62, 0x69, 0x6e, 0x67, 0x00, 0x6c, 0x69,
  0x6e, 0x6b, 0x61, 0x64, 0x64, 0x72, 0x5f, 0x6e, 0x6f, 0x64, 0x65, 0x5f,
  0x61, 0x64, 0x64, 0x72, 0x00, 0x5f, 0x5f, 0x41, 0x44, 0x43, 0x31, 0x32,
  0x4d, 0x45, 0x4d, 0x36, 0x00, 0x5f, 0x5f, 0x50, 0x31, 0x49, 0x46, 0x47,
  0x00, 0x5f, 0x5f, 0x43, 0x41, 0x4c, 0x42, 0x43, 0x31, 0x5f, 0x31, 0x32,
  0x4d, 0x48, 0x5a, 0x00, 0x75, 0x69, 0x70, 0x5f, 0x64, 0x73, 0x36, 0x5f,
  0x6e, 0x62, 0x72, 0x5f, 0x69, 0x70, 0x61, 0x64, 0x64, 0x72, 0x5f, 0x66,
  0x72, 0x6f, 0x6d, 0x5f, 0x6c, 0x6c, 0x61, 0x64, 0x64, 0x72, 0x00, 0x63,
  0x74, 0x69, 0x6d, 0x65, 0x72, 0x5f, 0x73, 0x65, 0x74, 0x5f, 0x77, 0x69,
  0x74, 0x68, 0x5f, 0x70, 0x72, 0x6f, 0x63, 0x65, 0x73, 0x73, 0x00, 0x72,
  0x70, 0x6c, 0x5f, 0x65, 0x78, 0x74, 0x5f, 0x68, 0x65, 0x61, 0x64, 0x65,
  0x72, 0x5f, 0x68, 0x62, 0x68, 0x5f, 0x75, 0x70, 0x64, 0x61, 0x74, 0x65,
  0x00, 0x72, 0x70, 0x6c, 0x5f, 0x6c, 0x6f, 0x6c, 0x6c, 0x69, 0x70, 0x6f,
  0x70, 0x5f, 0x67, 0x72, 0x65, 0x61, 0x74, 0x65, 0x72, 0x5f, 0x74, 0x68,
  0x61, 0x6e, 0x00, 0x5f, 0x5f, 0x52, 0x45, 0x53, 0x48, 0x49, 0x00, 0x5f,
  0x5f, 0x55, 0x43, 0x42, 0x30, 0x49, 0x32, 0x43, 0x53, 0x41, 0x00, 0x5f,
  0x5f, 0x55, 0x43, 0x41, 0x31, 0x49, 0x52, 0x54, 0x43, 0x54, 0x4c, 0x00,
  0x5f, 0x5f, 0x54, 0x41, 0x43, 0x43, 0x52, 0x30, 0x00, 0x72, 0x70, 0x6c,
  0x5f, 0x73, 0x63, 0x68, 0x65, 0x64, 0x75, 0x6c, 0x65, 0x5f, 0x70, 0x72,
  0x6f, 0x62, 0x69, 0x6e, 0x67, 0x5f, 0x6e, 0x6f, 0x77, 0x00, 0x6c, 0x65,
  0x64, 0x73, 0x5f, 0x6f, 0x66, 0x66, 0x00, 0x69, 0x32, 0x63, 0x5f, 0x62,
  0x75, 0x73, 0x79, 0x00, 0x5f, 0x5f, 0x44, 0x43, 0x4f, 0x43, 0x54, 0x4c,
  0x00, 0x5f, 0x5f, 0x41, 0x44, 0x43, 0x31, 0x32, 0x4d, 0x43, 0x54, 0x4c,
  0x35, 0x00, 0x72, 0x70, 0x6c, 0x5f, 0x64, 0x61, 0x67, 0x5f, 0x72, 0x6f,
  0x6f, 0x74, 0x5f, 0x73, 0x65, 0x74, 0x5f, 0x70, 0x72, 0x65, 0x66, 0x69,
  0x78, 0x00, 0x75, 0x69, 0x70, 0x5f, 0x69, 0x63, 0x6d, 0x70, 0x36, 0x5f,
  0x73, 0x65, 0x6e, 0x64, 0x00, 0x5f, 0x5f, 0x49, 0x46, 0x47, 0x32, 0x00,
  0x5f, 0x5f, 0x77, 0x64, 0x74, 0x5f, 0x63, 0x6c, 0x65, 0x61, 0x72, 0x5f,
  0x76, 0x61, 0x6c, 0x75, 0x65, 0x00, 0x61, 0x63, 0x63, 0x6d, 0x65, 0x74,
  0x65, 0x72, 0x5f, 0x70, 0x72, 0x6f, 0x63, 0x65, 0x73, 0x73, 0x00, 0x5f,
  0x5f, 0x66, 0x61, 0x72, 0x5f, 0x64, 0x61, 0x74, 0x61, 0x5f, 0x73, 0x69,
  0x7a, 0x65, 0x00, 0x63, 0x74, 0x69, 0x6d, 0x65, 0x72, 0x5f, 0x69, 0x6e,
  0x69, 0x74, 0x00, 0x69, 0x32, 0x63, 0x5f, 0x72, 0x65, 0x63, 0x65, 0x69,
  0x76, 0x65, 0x69, 0x6e, 0x69, 0x74, 0x00, 0x5f, 0x5f, 0x54, 0x4c, 0x56,
  0x5f, 0x41, 0x44, 0x43, 0x31, 0x32, 0x5f, 0x31, 0x5f, 0x54, 0x41, 0x47,
  0x00, 0x61, 0x63, 0x63, 0x6d, 0x5f, 0x69, 0x6e, 0x74, 0x31, 0x5f, 0x63,
  0x62, 0x00, 0x66, 0x72, 0x61, 0x6d, 0x65, 0x38, 0x30, 0x32, 0x31, 0x35,
  0x34, 0x5f, 0x68, 0x61, 0x73, 0x5f, 0x70, 0x61, 0x6e, 0x69, 0x64, 0x00,
  0x5f, 0x5f, 0x50, 0x33, 0x53, 0x45, 0x4c, 0x00, 0x5f, 0x5f, 0x44, 0x4d,
  0x41, 0x30, 0x43, 0x54, 0x4c, 0x00, 0x5f, 0x5f, 0x50, 0x35, 0x53, 0x45,
  0x4c, 0x32, 0x00, 0x5f, 0x5f, 0x69, 0x73, 0x72, 0x5f, 0x37, 0x00, 0x63,
  0x63, 0x32, 0x34, 0x32, 0x30, 0x5f, 0x61, 0x75, 0x74, 0x68, 0x6f, 0x72,
  0x69, 0x74, 0x79, 0x5f, 0x6c, 0x65, 0x76, 0x65, 0x6c, 0x5f, 0x6f, 0x66,
  0x5f, 0x73, 0x65, 0x6e, 0x64, 0x65, 0x72, 0x00, 0x75, 0x6e, 0x63, 0x5f,
  0x63, 0x74, 0x78, 0x63, 0x6f, 0x6e, 0x66, 0x00, 0x72, 0x70, 0x6c, 0x5f,
  0x74, 0x69, 0x6d, 0x65, 0x72, 0x73, 0x5f, 0x64, 0x69, 0x6f, 0x5f, 0x72,
  0x65, 0x73, 0x65, 0x74, 0x00, 0x63, 0x63, 0x32, 0x34, 0x32, 0x30, 0x5f,
  0x73, 0x65, 0x74, 0x5f, 0x63, 0x63, 0x61, 0x5f, 0x74, 0x68, 0x72, 0x65,
  0x73, 0x68, 0x6f, 0x6c, 0x64, 0x00, 0x5f, 0x5f, 0x69, 0x73, 0x72, 0x5f,
  0x32, 0x35, 0x00, 0x5f, 0x5f, 0x54, 0x4c, 0x56, 0x5f, 0x44, 0x43, 0x4f,
  0x5f, 0x33, 0x30, 0x5f, 0x4c, 0x45, 0x4e, 0x00, 0x5f, 0x5f, 0x55, 0x43,
  0x42, 0x30, 0x49, 0x32, 0x43, 0x49, 0x45, 0x00, 0x5f, 0x5f, 0x55, 0x43,
  0x42, 0x30, 0x42, 0x52, 0x30, 0x00, 0x63, 0x6c, 0x6f, 0x63, 0x6b, 0x5f,
  0x69, 0x6e, 0x69, 0x74, 0x00, 0x63, 0x6c, 0x6f, 0x63, 0x6b, 0x5f, 0x77,
  0x61, 0x69, 0x74, 0x00, 0x5f, 0x5f, 0x75, 0x6d, 0x6f, 0x64, 0x73, 0x69,
  0x33, 0x00, 0x70, 0x61, 0x63, 0x6b, 0x65, 0x74, 0x62, 0x75, 0x66, 0x5f,
  0x73, 0x65, 0x74, 0x5f, 0x61, 0x74, 0x74, 0x72, 0x00, 0x75, 0x69, 0x70,
  0x5f, 0x75, 0x64, 0x70, 0x5f, 0x63, 0x6f, 0x6e, 0x6e, 0x00, 0x5f, 0x5f,
  0x50, 0x32, 0x49, 0x4e, 0x00, 0x74, 0x69, 0x6d, 0x65, 0x72, 0x5f, 0x65,
  0x78, 0x70, 0x69, 0x72, 0x65, 0x64, 0x00, 0x70, 0x61, 0x63, 0x6b, 0x65,
  0x74, 0x62, 0x75, 0x66, 0x5f, 0x74, 0x6f, 0x74, 0x6c, 0x65, 0x6e, 0x00,
  0x5f, 0x5f, 0x41, 0x44, 0x43, 0x31, 0x32, 0x4d, 0x45, 0x4d, 0x37, 0x00,
  0x75, 0x69, 0x70, 0x5f, 0x64, 0x73, 0x36, 0x5f, 0x69, 0x6e, 0x69, 0x74,
  0x00, 0x5f, 0x5f, 0x55, 0x43, 0x42, 0x30, 0x49, 0x32, 0x43, 0x4f, 0x41,
  0x00, 0x5f, 0x5f, 0x54, 0x42, 0x43, 0x43, 0x54, 0x4c, 0x31, 0x00, 0x75,
  0x69, 0x70, 0x5f, 0x64, 0x73, 0x36, 0x5f, 0x6e, 0x62, 0x72, 0x5f, 0x61,
  0x64, 0x64, 0x00, 0x5f, 0x5f, 0x55, 0x43, 0x42, 0x31, 0x52, 0x58, 0x42,
  0x55, 0x46, 0x00, 0x5f, 0x5f, 0x43, 0x41, 0x50, 0x44, 0x00, 0x67, 0x65,
  0x74, 0x5f, 0x70, 0x72, 0x6f, 0x62, 0x69, 0x6e, 0x67, 0x5f, 0x64, 0x65,
  0x6c, 0x61, 0x79, 0x00, 0x5f, 0x5f, 0x75, 0x6d, 0x6f, 0x64, 0x68, 0x69,
  0x33, 0x00, 0x72, 0x74, 0x69, 0x6d, 0x65, 0x72, 0x5f, 0x61, 0x72, 0x63,
  0x68, 0x5f, 0x69, 0x6e, 0x69, 0x74, 0x00, 0x72, 0x70, 0x6c, 0x5f, 0x74,
  0x69, 0x6d, 0x65, 0x72, 0x73, 0x5f, 0x73, 0x63, 0x68, 0x65, 0x64, 0x75,
  0x6c, 0x65, 0x5f, 0x64, 0x61, 0x6f, 0x5f, 0x61, 0x63, 0x6b, 0x00, 0x5f,
  0x5f, 0x69, 0x73, 0x72, 0x5f, 0x30, 0x00, 0x69, 0x00, 0x70, 0x61, 0x63,
  0x6b, 0x65, 0x74, 0x62, 0x75, 0x66, 0x5f, 0x61, 0x74, 0x74, 0x72, 0x73,
  0x00, 0x5f, 0x5f, 0x50, 0x32, 0x4f, 0x55, 0x54, 0x00, 0x75, 0x69, 0x70,
  0x5f, 0x64, 0x73, 0x36, 0x5f, 0x6c, 0x69, 0x6e, 0x6b, 0x5f, 0x63, 0x61,
  0x6c, 0x6c, 0x62, 0x61, 0x63, 0x6b, 0x00, 0x6d, 0x61, 0x63, 0x5f, 0x73,
  0x65, 0x71, 0x75, 0x65, 0x6e, 0x63, 0x65, 0x5f, 0x69, 0x6e, 0x69, 0x74,
  0x00, 0x5f, 0x5f, 0x46, 0x43, 0x54, 0x4c, 0x32, 0x00, 0x71, 0x75, 0x65,
  0x75, 0x65, 0x62, 0x75, 0x66, 0x5f, 0x61, 0x74, 0x74, 0x72, 0x00, 0x5f,
  0x5f, 0x55, 0x43, 0x41, 0x30, 0x4d, 0x43, 0x54, 0x4c, 0x00, 0x72, 0x70,
  0x6c, 0x5f, 0x6e, 0x65, 0x69, 0x67, 0x68, 0x62, 0x6f, 0x72, 0x5f, 0x67,
  0x65, 0x74, 0x5f, 0x66, 0x72, 0x6f, 0x6d, 0x5f, 0x69, 0x70, 0x61, 0x64,
  0x64, 0x72, 0x00, 0x6d, 0x73, 0x70, 0x34, 0x33, 0x30, 0x5f, 0x64, 0x63,
  0x6f, 0x5f, 0x72, 0x65, 0x71, 0x75, 0x69, 0x72, 0x65, 0x64, 0x00, 0x69,
  0x32, 0x63, 0x5f, 0x74, 0x78, 0x5f, 0x69, 0x6e, 0x74, 0x65, 0x72, 0x72,
  0x75, 0x70, 0x74, 0x00, 0x75, 0x69, 0x70, 0x5f, 0x64, 0x73, 0x36, 0x5f,
  0x72, 0x6f, 0x75, 0x74, 0x65, 0x5f, 0x72, 0x6d, 0x00, 0x6e, 0x65, 0x74,
  0x73, 0x74, 0x61, 0x63, 0x6b, 0x5f, 0x69, 0x6e, 0x69, 0x74, 0x00, 0x5f,
  0x5f, 0x64, 0x6f, 0x5f, 0x63, 0x6c, 0x65, 0x61, 0x72, 0x5f, 0x62, 0x73,
  0x73, 0x00, 0x70, 0x72, 0x65, 0x73, 0x63, 0x61, 0x6c, 0x65, 0x5f, 0x6d,
  0x73, 0x62, 0x00, 0x5f, 0x5f, 0x50, 0x41, 0x52, 0x45, 0x4e, 0x00, 0x72,
  0x70, 0x6c, 0x5f, 0x74, 0x69, 0x6d, 0x65, 0x72, 0x73, 0x5f, 0x73, 0x63,
  0x68, 0x65, 0x64, 0x75, 0x6c, 0x65, 0x5f, 0x73, 0x74, 0x61, 0x74, 0x65,
  0x5f, 0x75, 0x70, 0x64, 0x61, 0x74, 0x65, 0x00, 0x5f, 0x5f, 0x41, 0x44,
  0x43, 0x31, 0x32, 0x4d, 0x43, 0x54, 0x4c, 0x31, 0x35, 0x00, 0x75, 0x69,
  0x70, 0x5f, 0x64, 0x73, 0x36, 0x5f, 0x64, 0x65, 0x66, 0x72, 0x74, 0x5f,
  0x72, 0x6d, 0x00, 0x63, 0x63, 0x32, 0x34, 0x32, 0x30, 0x5f, 0x6f, 0x6e,
  0x00, 0x71, 0x75, 0x65, 0x75, 0x65, 0x62, 0x75, 0x66, 0x5f, 0x6e, 0x65,
  0x77, 0x5f, 0x66, 0x72, 0x6f, 0x6d, 0x5f, 0x70, 0x61, 0x63, 0x6b, 0x65,
  0x74, 0x62, 0x75, 0x66, 0x00, 0x5f, 0x5f, 0x55, 0x43, 0x31, 0x49, 0x46,
  0x47, 0x00, 0x72, 0x70, 0x6c, 0x5f, 0x6e, 0x65, 0x69, 0x67, 0x68, 0x62,
  0x6f, 0x72, 0x5f, 0x67, 0x65, 0x74, 0x5f, 0x6c, 0x69, 0x6e, 0x6b, 0x5f,
  0x6d, 0x65, 0x74, 0x72, 0x69, 0x63, 0x00, 0x5f, 0x5f, 0x50, 0x31, 0x4f,
  0x55, 0x54, 0x00, 0x72, 0x74, 0x69, 0x6d, 0x65, 0x72, 0x5f, 0x61, 0x72,
  0x63, 0x68, 0x5f, 0x73, 0x63, 0x68, 0x65, 0x64, 0x75, 0x6c, 0x65, 0x00,
  0x63, 0x75, 0x72, 0x72, 0x5f, 0x6c, 0x6f, 0x67, 0x5f, 0x6c, 0x65, 0x76,
  0x65, 0x6c, 0x5f, 0x72, 0x70, 0x6c, 0x00, 0x77, 0x61, 0x74, 0x63, 0x68,
  0x64, 0x6f, 0x67, 0x5f, 0x69, 0x6e, 0x74, 0x65, 0x72, 0x72, 0x75, 0x70,
  0x74, 0x00, 0x5f, 0x5f, 0x50, 0x32, 0x49, 0x45, 0x53, 0x00, 0x5f, 0x5f,
  0x41, 0x44, 0x43, 0x31, 0x32, 0x4d, 0x45, 0x4d, 0x31, 0x34, 0x00, 0x5f,
  0x5f, 0x50, 0x31, 0x53, 0x45, 0x4c, 0x00, 0x75, 0x61, 0x72, 0x74, 0x30,
  0x5f, 0x69, 0x6e, 0x69, 0x74, 0x00, 0x6c, 0x69, 0x6e, 0x6b, 0x61, 0x64,
  0x64, 0x72, 0x5f, 0x63, 0x6d, 0x70, 0x00, 0x72, 0x70, 0x6c, 0x5f, 0x69,
  0x63, 0x6d, 0x70, 0x36, 0x5f, 0x64, 0x69, 0x73, 0x5f, 0x6f, 0x75, 0x74,
  0x70, 0x75, 0x74, 0x00, 0x77, 0x61, 0x74, 0x63, 0x68, 0x64, 0x6f, 0x67,
  0x5f, 0x73, 0x74, 0x6f, 0x70, 0x00, 0x5f, 0x5f, 0x54, 0x42, 0x43, 0x43,
  0x52, 0x33, 0x00, 0x5f, 0x5f, 0x50, 0x38, 0x44, 0x49, 0x52, 0x00, 0x5f,
  0x5f, 0x41, 0x44, 0x43, 0x31, 0x32, 0x4d, 0x43, 0x54, 0x4c, 0x30, 0x00,
  0x72, 0x61, 0x6e, 0x64, 0x00, 0x75, 0x69, 0x70, 0x62, 0x75, 0x66, 0x5f,
  0x67, 0x65, 0x74, 0x5f, 0x61, 0x74, 0x74, 0x72, 0x00, 0x69, 0x32, 0x63,
  0x5f, 0x74, 0x72, 0x61, 0x6e, 0x73, 0x6d, 0x69, 0x74, 0x69, 0x6e, 0x69,
  0x74, 0x00, 0x5f, 0x5f, 0x69, 0x73, 0x72, 0x5f, 0x32, 0x38, 0x00, 0x73,
  0x65, 0x6e, 0x73, 0x6f, 0x72, 0x73, 0x5f, 0x70, 0x72, 0x6f, 0x63, 0x65,
  0x73, 0x73, 0x00, 0x5f, 0x5f, 0x41, 0x44, 0x43, 0x31, 0x32, 0x4d, 0x45,
  0x4d, 0x30, 0x00, 0x71, 0x75, 0x65, 0x75, 0x65, 0x62, 0x75, 0x66, 0x5f,
  0x75, 0x70, 0x64, 0x61, 0x74, 0x65, 0x5f, 0x61, 0x74, 0x74, 0x72, 0x5f,
  0x66, 0x72, 0x6f, 0x6d, 0x5f, 0x70, 0x61, 0x63, 0x6b, 0x65, 0x74, 0x62,
  0x75, 0x66, 0x00, 0x72, 0x65, 0x63, 0x65, 0x69, 0x76, 0x65, 0x5f, 0x64,
  0x61, 0x74, 0x61, 0x00, 0x72, 0x70, 0x6c, 0x5f, 0x70, 0x72, 0x6f, 0x63,
  0x65, 0x73, 0x73, 0x5f, 0x64, 0x61, 0x6f, 0x00, 0x75, 0x69, 0x70, 0x5f,
  0x73, 0x72, 0x5f, 0x6e, 0x75, 0x6d, 0x5f, 0x6e, 0x6f, 0x64, 0x65, 0x73,
  0x00, 0x72, 0x70, 0x6c, 0x5f, 0x74, 0x69, 0x6d, 0x65, 0x72, 0x73, 0x5f,
  0x73, 0x63, 0x68, 0x65, 0x64, 0x75, 0x6c, 0x65, 0x5f, 0x75, 0x6e, 0x69,
  0x63, 0x61, 0x73, 0x74, 0x5f, 0x64, 0x69, 0x6f, 0x00, 0x63, 0x6c, 0x6f,
  0x63, 0x6b, 0x5f, 0x73, 0x65, 0x63, 0x6f, 0x6e, 0x64, 0x73, 0x00, 0x63,
  0x63, 0x32, 0x34, 0x32, 0x30, 0x5f, 0x73, 0x66, 0x64, 0x5f, 0x63, 0x6f,
  0x75, 0x6e, 0x74, 0x65, 0x72, 0x00, 0x62, 0x75, 0x74, 0x74, 0x6f, 0x6e,
  0x5f, 0x68, 0x61, 0x6c, 0x5f, 0x62, 0x75, 0x74, 0x74, 0x6f, 0x6e, 0x73,
  0x00, 0x5f, 0x5f, 0x65, 0x78, 0x74, 0x5f, 0x75, 0x64, 0x69, 0x76, 0x6d,
  0x6f, 0x64, 0x33, 0x32, 0x00, 0x67, 0x65, 0x74, 0x5f, 0x6d, 0x61, 0x74,
  0x63, 0x68, 0x5f, 0x6c, 0x65, 0x6e, 0x67, 0x74, 0x68, 0x00, 0x67, 0x70,
  0x69, 0x6f, 0x5f, 0x68, 0x61, 0x6c, 0x5f, 0x61, 0x72, 0x63, 0x68, 0x5f,
  0x70, 0x6f, 0x72, 0x74, 0x5f, 0x69, 0x6e, 0x74, 0x65, 0x72, 0x72, 0x75,
  0x70, 0x74, 0x5f, 0x65, 0x6e, 0x61, 0x62, 0x6c, 0x65, 0x00, 0x6e, 0x62,
  0x72, 0x5f, 0x74, 0x61, 0x62, 0x6c, 0x65, 0x5f, 0x68, 0x65, 0x61, 0x64,
  0x00, 0x72, 0x70, 0x6c, 0x5f, 0x70, 0x72, 0x6f, 0x63, 0x65, 0x73, 0x73,
  0x5f, 0x64, 0x69, 0x73, 0x00, 0x75, 0x69, 0x70, 0x5f, 0x64, 0x73, 0x36,
  0x5f, 0x61, 0x64, 0x64, 0x72, 0x5f, 0x61, 0x64, 0x64, 0x00, 0x5f, 0x5f,
  0x50, 0x31, 0x52, 0x45, 0x4e, 0x00, 0x5f, 0x5f, 0x6d, 0x75, 0x6c, 0x73,
  0x69, 0x33, 0x00, 0x72, 0x70, 0x6c, 0x5f, 0x6e, 0x65, 0x69, 0x67, 0x68,
  0x62, 0x6f, 0x72, 0x5f, 0x67, 0x65, 0x74, 0x5f, 0x69, 0x70, 0x61, 0x64,
  0x64, 0x72, 0x00, 0x5f, 0x5f, 0x54, 0x4c, 0x56, 0x5f, 0x43, 0x48, 0x45,
  0x43, 0x4b, 0x53, 0x55, 0x4d, 0x00, 0x72, 0x70, 0x6c, 0x5f, 0x6e, 0x65,
  0x69, 0x67, 0x68, 0x62, 0x6f, 0x72, 0x5f, 0x69, 0x73, 0x5f, 0x61, 0x63,
  0x63, 0x65, 0x70, 0x74, 0x61, 0x62, 0x6c, 0x65, 0x5f, 0x70, 0x61, 0x72,
  0x65, 0x6e, 0x74, 0x00, 0x5f, 0x75, 0x6e, 0x65, 0x78, 0x70, 0x65, 0x63,
  0x74, 0x65, 0x64, 0x5f, 0x00, 0x5f, 0x5f, 0x69, 0x73, 0x72, 0x5f, 0x38,
  0x00, 0x75, 0x69, 0x70, 0x5f, 0x61, 0x70, 0x70, 0x64, 0x61, 0x74, 0x61,
  0x00, 0x5f, 0x5f, 0x54, 0x4c, 0x56, 0x5f, 0x41, 0x44, 0x43, 0x31, 0x32,
  0x5f, 0x31, 0x5f, 0x4c, 0x45, 0x4e, 0x00, 0x5f, 0x5f, 0x41, 0x44, 0x43,
  0x31, 0x32, 0x4d, 0x45, 0x4d, 0x35, 0x00, 0x65, 0x74, 0x69, 0x6d, 0x65,
  0x72, 0x5f, 0x6e, 0x65, 0x78, 0x74, 0x5f, 0x65, 0x78, 0x70, 0x69, 0x72,
  0x61, 0x74, 0x69, 0x6f, 0x6e, 0x5f, 0x74, 0x69, 0x6d, 0x65, 0x00, 0x5f,
  0x5f, 0x54, 0x42, 0x43, 0x43, 0x54, 0x4c, 0x34, 0x00, 0x6e, 0x62, 0x72,
  0x5f, 0x74, 0x61, 0x62, 0x6c, 0x65, 0x5f, 0x72, 0x65, 0x6d, 0x6f, 0x76,
  0x65, 0x00, 0x75, 0x69, 0x70, 0x5f, 0x63, 0x6f, 0x6e, 0x6e, 0x00, 0x5f,
  0x5f, 0x69, 0x73, 0x72, 0x5f, 0x32, 0x30, 0x00, 0x74, 0x63, 0x70, 0x69,
  0x70, 0x5f, 0x65, 0x76, 0x65, 0x6e, 0x74, 0x00, 0x75, 0x69, 0x70, 0x5f,
  0x64, 0x73, 0x36, 0x5f, 0x67, 0x65, 0x74, 0x5f, 0x6c, 0x69, 0x6e, 0x6b,
  0x5f, 0x6c, 0x6f, 0x63, 0x61, 0x6c, 0x00, 0x70, 0x61, 0x63, 0x6b, 0x65,
  0x74, 0x62, 0x75, 0x66, 0x5f, 0x68, 0x64, 0x72, 0x61, 0x6c, 0x6c, 0x6f,
  0x63, 0x00, 0x5f, 0x5f, 0x41, 0x44, 0x43, 0x31, 0x32, 0x4d, 0x43, 0x54,
  0x4c, 0x31, 0x34, 0x00, 0x75, 0x69, 0x70, 0x62, 0x75, 0x66, 0x5f, 0x69,
  0x6e, 0x69, 0x74, 0x00, 0x5f, 0x5f, 0x69, 0x73, 0x72, 0x5f, 0x33, 0x00,
  0x5f, 0x5f, 0x41, 0x44, 0x43, 0x31, 0x32, 0x49, 0x45, 0x00, 0x76, 0x75,
  0x70, 0x72, 0x69, 0x6e, 0x74, 0x66, 0x00, 0x65, 0x74, 0x69, 0x6d, 0x65,
  0x72, 0x5f, 0x72, 0x65, 0x71, 0x75, 0x65, 0x73, 0x74, 0x5f, 0x70, 0x6f,
  0x6c, 0x6c, 0x00, 0x6d, 0x65, 0x6d, 0x63, 0x6d, 0x70, 0x00, 0x72, 0x70,
  0x6c, 0x5f, 0x68, 0x61, 0x73, 0x5f, 0x6a, 0x6f, 0x69, 0x6e, 0x65, 0x64,
  0x00, 0x5f, 0x5f, 0x41, 0x44, 0x43, 0x31, 0x32, 0x4d, 0x45, 0x4d, 0x32,
  0x00, 0x5f, 0x5f, 0x44, 0x4d, 0x41, 0x32, 0x53, 0x41, 0x4c, 0x00, 0x5f,
  0x5f, 0x44, 0x4d, 0x41, 0x31, 0x53, 0x5a, 0x00, 0x5f, 0x5f, 0x43, 0x41,
  0x4c, 0x44, 0x43, 0x4f, 0x5f, 0x38, 0x4d, 0x48, 0x5a, 0x00, 0x5f, 0x5f,
  0x50, 0x35, 0x53, 0x45, 0x4c, 0x00, 0x5f, 0x5f, 0x76, 0x65, 0x63, 0x74,
  0x6f, 0x72, 0x73, 0x5f, 0x73, 0x74, 0x61, 0x72, 0x74, 0x00, 0x5f, 0x5f,
  0x64, 0x69, 0x76, 0x68, 0x69, 0x33, 0x00, 0x5f, 0x5f, 0x65, 0x78, 0x74,
  0x5f, 0x75, 0x64, 0x69, 0x76, 0x6d, 0x6f, 0x64, 0x31, 0x36, 0x00, 0x74,
  0x69, 0x6d, 0x65, 0x72, 0x61, 0x31, 0x00, 0x75, 0x69, 0x70, 0x5f, 0x64,
  0x73, 0x36, 0x5f, 0x64, 0x65, 0x66, 0x72, 0x74, 0x5f, 0x61, 0x64, 0x64,
  0x00, 0x5f, 0x5f, 0x55, 0x43, 0x42, 0x31, 0x42, 0x52, 0x30, 0x00, 0x6c,
  0x6c, 0x70, 0x72, 0x65, 0x66, 0x69, 0x78, 0x00, 0x70, 0x61, 0x63, 0x6b,
  0x65, 0x74, 0x62, 0x75, 0x66, 0x5f, 0x73, 0x65, 0x74, 0x5f, 0x61, 0x64,
  0x64, 0x72, 0x00, 0x5f, 0x5f, 0x69, 0x73, 0x72, 0x5f, 0x31, 0x38, 0x00,
  0x5f, 0x5f, 0x50, 0x35, 0x49, 0x4e, 0x00, 0x5f, 0x72, 0x65, 0x73, 0x65,
  0x74, 0x5f, 0x76, 0x65, 0x63, 0x74, 0x6f, 0x72, 0x5f, 0x5f, 0x00, 0x5f,
  0x5f, 0x63, 0x74, 0x6f, 0x72, 0x73, 0x5f, 0x73, 0x74, 0x61, 0x72, 0x74,
  0x00, 0x5f, 0x5f, 0x78, 0x61, 0x62, 0x69, 0x5f, 0x75, 0x64, 0x69, 0x76,
  0x6d, 0x6f, 0x64, 0x36, 0x34, 0x00, 0x5f, 0x5f, 0x69, 0x73, 0x72, 0x5f,
  0x31, 0x32, 0x00, 0x5f, 0x5f, 0x50, 0x36, 0x44, 0x49, 0x52, 0x00, 0x72,
  0x70, 0x6c, 0x5f, 0x70, 0x72, 0x6f, 0x63, 0x65, 0x73, 0x73, 0x5f, 0x64,
  0x61, 0x6f, 0x5f, 0x61, 0x63, 0x6b, 0x00, 0x63, 0x74, 0x69, 0x6d, 0x65,
  0x72, 0x5f, 0x70, 0x72, 0x6f, 0x63, 0x65, 0x73, 0x73, 0x00, 0x5f, 0x5f,
  0x43, 0x41, 0x4c, 0x44, 0x43, 0x4f, 0x5f, 0x31, 0x32, 0x4d, 0x48, 0x5a,
  0x00, 0x75, 0x69, 0x70, 0x5f, 0x64, 0x73, 0x36, 0x5f, 0x70, 0x72, 0x65,
  0x66, 0x69, 0x78, 0x5f, 0x61, 0x64, 0x64, 0x00, 0x5f, 0x5f, 0x50, 0x38,
  0x53, 0x45, 0x4c, 0x00, 0x5f, 0x5f, 0x55, 0x43, 0x41, 0x31, 0x43, 0x54,
  0x4c, 0x30, 0x00, 0x6e, 0x62, 0x72, 0x5f, 0x74, 0x61, 0x62, 0x6c, 0x65,
  0x5f, 0x75, 0x6e, 0x6c, 0x6f, 0x63, 0x6b, 0x00, 0x63, 0x6c, 0x6f, 0x63,
  0x6b, 0x5f, 0x64, 0x65, 0x6c, 0x61, 0x79, 0x00, 0x74, 0x63, 0x70, 0x69,
  0x70, 0x5f, 0x69, 0x70, 0x76, 0x36, 0x5f, 0x6f, 0x75, 0x74, 0x70, 0x75,
  0x74, 0x00, 0x6e, 0x65, 0x74, 0x73, 0x74, 0x61, 0x63, 0x6b, 0x5f, 0x70,
  0x72, 0x6f, 0x63, 0x65, 0x73, 0x73, 0x5f, 0x69, 0x70, 0x5f, 0x63, 0x61,
  0x6c, 0x6c, 0x62, 0x61, 0x63, 0x6b, 0x00, 0x5f, 0x5f, 0x50, 0x33, 0x49,
  0x4e, 0x00, 0x5f, 0x5f, 0x64, 0x6f, 0x5f, 0x63, 0x6f, 0x70, 0x79, 0x5f,
  0x64, 0x61, 0x74, 0x61, 0x00, 0x75, 0x69, 0x70, 0x6c, 0x69, 0x62, 0x5f,
  0x69, 0x70, 0x61, 0x64, 0x64, 0x72, 0x5f, 0x73, 0x6e, 0x70, 0x72, 0x69,
  0x6e, 0x74, 0x00, 0x72, 0x70, 0x6c, 0x5f, 0x69, 0x63, 0x6d, 0x70, 0x36,
  0x5f, 0x64, 0x69, 0x6f, 0x5f, 0x6f, 0x75, 0x74, 0x70, 0x75, 0x74, 0x00,
  0x70, 0x61, 0x63, 0x6b, 0x65, 0x74, 0x62, 0x75, 0x66, 0x5f, 0x68, 0x64,
  0x72, 0x6c, 0x65, 0x6e, 0x00, 0x5f, 0x5f, 0x41, 0x44, 0x43, 0x31, 0x32,
  0x4d, 0x45, 0x4d, 0x38, 0x00, 0x72, 0x78, 0x5f, 0x62, 0x75, 0x66, 0x00,
  0x72, 0x70, 0x6c, 0x5f, 0x65, 0x78, 0x74, 0x5f, 0x68, 0x65, 0x61, 0x64,
  0x65, 0x72, 0x5f, 0x73, 0x72, 0x68, 0x5f, 0x75, 0x70, 0x64, 0x61, 0x74,
  0x65, 0x00, 0x5f, 0x5f, 0x41, 0x44, 0x43, 0x31, 0x32, 0x4d, 0x45, 0x4d,
  0x31, 0x00, 0x5f, 0x5f, 0x55, 0x43, 0x41, 0x31, 0x54, 0x58, 0x42, 0x55,
  0x46, 0x00, 0x5f, 0x5f, 0x62, 0x73, 0x73, 0x5f, 0x73, 0x74, 0x61, 0x72,
  0x74, 0x00, 0x5f, 0x5f, 0x50, 0x37, 0x52, 0x45, 0x4e, 0x00, 0x70, 0x72,
  0x6f, 0x63, 0x65, 0x73, 0x73, 0x5f, 0x69, 0x6e, 0x69, 0x74, 0x00, 0x6d,
  0x65, 0x6d, 0x73, 0x65, 0x74, 0x00, 0x75, 0x69, 0x70, 0x5f, 0x64, 0x73,
  0x36, 0x5f, 0x6c, 0x69, 0x73, 0x74, 0x5f, 0x6c, 0x6f, 0x6f, 0x70, 0x00,
  0x6d, 0x61, 0x69, 0x6e, 0x00, 0x5f, 0x5f, 0x54, 0x41, 0x43, 0x43, 0x52,
  0x32, 0x00, 0x70, 0x61, 0x63, 0x6b, 0x65, 0x74, 0x62, 0x75, 0x66, 0x5f,
  0x61, 0x64, 0x64, 0x72, 0x00, 0x5f, 0x5f, 0x54, 0x42, 0x43, 0x43, 0x52,
  0x34, 0x00, 0x78, 0x6d, 0x65, 0x6d, 0x5f, 0x69, 0x6e, 0x69, 0x74, 0x00,
  0x70, 0x61, 0x63, 0x6b, 0x65, 0x74, 0x62, 0x75, 0x66, 0x5f, 0x68, 0x6f,
  0x6c, 0x64, 0x73, 0x5f, 0x62, 0x72, 0x6f, 0x61, 0x64, 0x63, 0x61, 0x73,
  0x74, 0x00, 0x73, 0x72, 0x61, 0x6e, 0x64, 0x00, 0x5f, 0x5f, 0x69, 0x73,
  0x72, 0x5f, 0x31, 0x33, 0x00, 0x72, 0x70, 0x6c, 0x5f, 0x70, 0x72, 0x6f,
  0x63, 0x65, 0x73, 0x73, 0x5f, 0x64, 0x69, 0x6f, 0x00, 0x72, 0x70, 0x6c,
  0x5f, 0x65, 0x78, 0x74, 0x5f, 0x68, 0x65, 0x61, 0x64, 0x65, 0x72, 0x5f,
  0x72, 0x65, 0x6d, 0x6f, 0x76, 0x65, 0x00, 0x75, 0x69, 0x70, 0x5f, 0x72,
  0x65, 0x6d, 0x6f, 0x76, 0x65, 0x5f, 0x65, 0x78, 0x74, 0x5f, 0x68, 0x64,
  0x72, 0x00, 0x63, 0x75, 0x72, 0x72, 0x5f, 0x6c, 0x6f, 0x67, 0x5f, 0x6c,
  0x65, 0x76, 0x65, 0x6c, 0x5f, 0x74, 0x63, 0x70, 0x69, 0x70, 0x00, 0x67,
  0x70, 0x69, 0x6f, 0x5f, 0x68, 0x61, 0x6c, 0x5f, 0x61, 0x72, 0x63, 0x68,
  0x5f, 0x70, 0x6f, 0x72, 0x74, 0x5f, 0x63, 0x6c, 0x65, 0x61, 0x72, 0x5f,
  0x70, 0x69, 0x6e, 0x00, 0x5f, 0x5f, 0x44, 0x4d, 0x41, 0x30, 0x53, 0x41,
  0x00, 0x5f, 0x5f, 0x54, 0x41, 0x52, 0x00, 0x5f, 0x5f, 0x44, 0x4d, 0x41,
  0x43, 0x54, 0x4c, 0x31, 0x00, 0x5f, 0x5f, 0x50, 0x34, 0x44, 0x49, 0x52,
  0x00, 0x5f, 0x5f, 0x65, 0x78, 0x74, 0x5f, 0x64, 0x69, 0x76, 0x6d, 0x6f,
  0x64, 0x33, 0x32, 0x00, 0x6c, 0x69, 0x73, 0x74, 0x5f, 0x69, 0x74, 0x65,
  0x6d, 0x5f, 0x6e, 0x65, 0x78, 0x74, 0x00, 0x63, 0x75, 0x72, 0x72, 0x5f,
  0x6c, 0x6f, 0x67, 0x5f, 0x6c, 0x65, 0x76, 0x65, 0x6c, 0x5f, 0x36, 0x6c,
  0x6f, 0x77, 0x70, 0x61, 0x6e, 0x00, 0x6d, 0x65, 0x6d, 0x62, 0x5f, 0x61,
  0x6c, 0x6c, 0x6f, 0x63, 0x00, 0x5f, 0x5f, 0x69, 0x73, 0x72, 0x5f, 0x32,
  0x37, 0x00, 0x6e, 0x6f, 0x64, 0x65, 0x5f, 0x69, 0x64, 0x5f, 0x7a, 0x31,
  0x5f, 0x72, 0x65, 0x73, 0x74, 0x6f, 0x72, 0x65, 0x00, 0x75, 0x69, 0x70,
  0x5f, 0x64, 0x73, 0x36, 0x5f, 0x6e, 0x65, 0x69, 0x67, 0x68, 0x62, 0x6f,
  0x72, 0x73, 0x5f, 0x69, 0x6e, 0x69, 0x74, 0x00, 0x69, 0x32, 0x63, 0x5f,
  0x72, 0x65, 0x63, 0x65, 0x69, 0x76, 0x65, 0x5f, 0x6e, 0x00, 0x75, 0x69,
  0x70, 0x5f, 0x64, 0x73, 0x36, 0x5f, 0x61, 0x64, 0x64, 0x72, 0x5f, 0x72,
  0x6d, 0x00, 0x5f, 0x5f, 0x64, 0x69, 0x76, 0x73, 0x69, 0x33, 0x00, 0x5f,
  0x5f, 0x54, 0x41, 0x43, 0x43, 0x54, 0x4c, 0x30, 0x00, 0x5f, 0x76, 0x65,
  0x63, 0x74, 0x6f, 0x72, 0x73, 0x5f, 0x65, 0x6e, 0x64, 0x00, 0x5f, 0x5f,
  0x41, 0x44, 0x43, 0x31, 0x32, 0x4d, 0x45, 0x4d, 0x31, 0x30, 0x00, 0x75,
  0x69, 0x70, 0x5f, 0x64, 0x73, 0x36, 0x5f, 0x6d, 0x61, 0x64, 0x64, 0x72,
  0x5f, 0x6c, 0x6f, 0x6f, 0x6b, 0x75, 0x70, 0x00, 0x73, 0x74, 0x61, 0x63,
  0x6b, 0x5f, 0x63, 0x68, 0x65, 0x63, 0x6b, 0x5f, 0x70, 0x72, 0x6f, 0x63,
  0x65, 0x73, 0x73, 0x00, 0x75, 0x69, 0x70, 0x5f, 0x65, 0x78, 0x74, 0x5f,
  0x62, 0x69, 0x74, 0x6d, 0x61, 0x70, 0x00, 0x63, 0x73, 0x6d, 0x61, 0x5f,
  0x6f, 0x75, 0x74, 0x70, 0x75, 0x74, 0x5f, 0x69, 0x6e, 0x69, 0x74, 0x00,
  0x6e, 0x6f, 0x64, 0x65, 0x5f, 0x6d, 0x61, 0x63, 0x00, 0x75, 0x69, 0x70,
  0x5f, 0x64, 0x73, 0x36, 0x5f, 0x64, 0x65, 0x66, 0x72, 0x74, 0x5f, 0x6c,
  0x6f, 0x6f, 0x6b, 0x75, 0x70, 0x00, 0x5f, 0x5f, 0x44, 0x4d, 0x41, 0x32,
  0x53, 0x41, 0x00, 0x70, 0x61, 0x63, 0x6b, 0x65, 0x74, 0x62, 0x75, 0x66,
  0x5f, 0x68, 0x64, 0x72, 0x70, 0x74, 0x72, 0x00, 0x5f, 0x5f, 0x50, 0x32,
  0x44, 0x49, 0x52, 0x00, 0x6d, 0x65, 0x6d, 0x62, 0x5f, 0x66, 0x72, 0x65,
  0x65, 0x00, 0x5f, 0x5f, 0x41, 0x44, 0x43, 0x31, 0x32, 0x4d, 0x43, 0x54,
  0x4c, 0x39, 0x00, 0x5f, 0x5f, 0x55, 0x43, 0x42, 0x31, 0x49, 0x32, 0x43,
  0x4f, 0x41, 0x00, 0x5f, 0x5f, 0x41, 0x44, 0x43, 0x31, 0x32, 0x4d, 0x43,
  0x54, 0x4c, 0x31, 0x30, 0x00, 0x72, 0x70, 0x6c, 0x5f, 0x6e, 0x65, 0x69,
  0x67, 0x68, 0x62, 0x6f, 0x72, 0x5f, 0x70, 0x72, 0x69, 0x6e, 0x74, 0x5f,
  0x6c, 0x69, 0x73, 0x74, 0x00, 0x5f, 0x5f, 0x55, 0x43, 0x42, 0x31, 0x42,
  0x52, 0x31, 0x00, 0x65, 0x74, 0x69, 0x6d, 0x65, 0x72, 0x5f, 0x73, 0x74,
  0x6f, 0x70, 0x00, 0x6c, 0x69, 0x73, 0x74, 0x5f, 0x69, 0x6e, 0x69, 0x74,
  0x00, 0x75, 0x61, 0x72, 0x74, 0x30, 0x5f, 0x72, 0x78, 0x5f, 0x69, 0x6e,
  0x74, 0x65, 0x72, 0x72, 0x75, 0x70, 0x74, 0x00, 0x6e, 0x6f, 0x64, 0x65,
  0x5f, 0x69, 0x64, 0x5f, 0x69, 0x6e, 0x69, 0x74, 0x00, 0x5f, 0x5f, 0x55,
  0x43, 0x42, 0x30, 0x43, 0x54, 0x4c, 0x30, 0x00, 0x5f, 0x5f, 0x50, 0x32,
  0x52, 0x45, 0x4e, 0x00, 0x75, 0x69, 0x70, 0x5f, 0x64, 0x73, 0x36, 0x5f,
  0x72, 0x6f, 0x75, 0x74, 0x65, 0x5f, 0x6c, 0x6f, 0x6f, 0x6b, 0x75, 0x70,
  0x00, 0x5f, 0x5f, 0x50, 0x35, 0x44, 0x49, 0x52, 0x00, 0x63, 0x63, 0x32,
  0x34, 0x32, 0x30, 0x5f, 0x61, 0x72, 0x63, 0x68, 0x5f, 0x69, 0x6e, 0x69,
  0x74, 0x00, 0x5f, 0x5f, 0x44, 0x41, 0x43, 0x31, 0x32, 0x5f, 0x31, 0x43,
  0x54, 0x4c, 0x00, 0x65, 0x6e, 0x65, 0x72, 0x67, 0x65, 0x73, 0x74, 0x5f,
  0x66, 0x6c, 0x75, 0x73, 0x68, 0x00, 0x75, 0x69, 0x70, 0x5f, 0x73, 0x72,
  0x5f, 0x75, 0x70, 0x64, 0x61, 0x74, 0x65, 0x5f, 0x6e, 0x6f, 0x64, 0x65,
  0x00, 0x5f, 0x5f, 0x50, 0x41, 0x4f, 0x55, 0x54, 0x00, 0x5f, 0x5f, 0x41,
  0x44, 0x43, 0x31, 0x32, 0x43, 0x54, 0x4c, 0x31, 0x00, 0x5f, 0x5f, 0x50,
  0x41, 0x44, 0x49, 0x52, 0x00, 0x6c, 0x69, 0x6e, 0x6b, 0x5f, 0x73, 0x74,
  0x61, 0x74, 0x73, 0x5f, 0x70, 0x61, 0x63, 0x6b, 0x65, 0x74, 0x5f, 0x73,
  0x65, 0x6e, 0x74, 0x00, 0x71, 0x75, 0x65, 0x75, 0x65, 0x62, 0x75, 0x66,
  0x5f, 0x74, 0x6f, 0x5f, 0x70, 0x61, 0x63, 0x6b, 0x65, 0x74, 0x62, 0x75,
  0x66, 0x00, 0x75, 0x69, 0x70, 0x62, 0x75, 0x66, 0x5f, 0x73, 0x65, 0x61,
  0x72, 0x63, 0x68, 0x5f, 0x68, 0x65, 0x61, 0x64, 0x65, 0x72, 0x00, 0x6c,
  0x69, 0x6e, 0x6b, 0x5f, 0x73, 0x74, 0x61, 0x74, 0x73, 0x5f, 0x72, 0x65,
  0x73, 0x65, 0x74, 0x00, 0x75, 0x69, 0x70, 0x5f, 0x69, 0x63, 0x6d, 0x70,
  0x36, 0x5f, 0x72, 0x65, 0x67, 0x69, 0x73, 0x74, 0x65, 0x72, 0x5f, 0x69,
  0x6e, 0x70, 0x75, 0x74, 0x5f, 0x68, 0x61, 0x6e, 0x64, 0x6c, 0x65, 0x72,
  0x00, 0x5f, 0x5f, 0x55, 0x43, 0x42, 0x30, 0x52, 0x58, 0x42, 0x55, 0x46,
  0x00, 0x72, 0x61, 0x6e, 0x64, 0x6f, 0x6d, 0x5f, 0x69, 0x6e, 0x69, 0x74,
  0x00, 0x5f, 0x5f, 0x66, 0x61, 0x72, 0x5f, 0x62, 0x73, 0x73, 0x5f, 0x73,
  0x74, 0x61, 0x72, 0x74, 0x00, 0x63, 0x74, 0x69, 0x6d, 0x65, 0x72, 0x5f,
  0x65, 0x78, 0x70, 0x69, 0x72, 0x65, 0x64, 0x00, 0x5f, 0x5f, 0x41, 0x44,
  0x43, 0x31, 0x32, 0x49, 0x56, 0x00, 0x75, 0x6e, 0x63, 0x5f, 0x6d, 0x78,
  0x63, 0x6f, 0x6e, 0x66, 0x00, 0x5f, 0x5f, 0x44, 0x4d, 0x41, 0x31, 0x43,
  0x54, 0x4c, 0x00, 0x5f, 0x5f, 0x6e, 0x6f, 0x69, 0x6e, 0x69, 0x74, 0x5f,
  0x73, 0x74, 0x61, 0x72, 0x74, 0x00, 0x73, 0x69, 0x63, 0x73, 0x6c, 0x6f,
  0x77, 0x70, 0x61, 0x6e, 0x5f, 0x64, 0x72, 0x69, 0x76, 0x65, 0x72, 0x00,
  0x72, 0x70, 0x6c, 0x5f, 0x6e, 0x65, 0x69, 0x67, 0x68, 0x62, 0x6f, 0x72,
  0x5f, 0x72, 0x61, 0x6e, 0x6b, 0x5f, 0x76, 0x69, 0x61, 0x5f, 0x6e, 0x62,
  0x72, 0x00, 0x6d, 0x65, 0x6d, 0x62, 0x5f, 0x69, 0x6e, 0x69, 0x74, 0x00,
  0x75, 0x69, 0x70, 0x62, 0x75, 0x66, 0x5f, 0x73, 0x65, 0x74, 0x5f, 0x61,
  0x74, 0x74, 0x72, 0x00, 0x6d, 0x65, 0x6d, 0x62, 0x5f, 0x69, 0x6e, 0x6d,
  0x65, 0x6d, 0x62, 0x00, 0x75, 0x69, 0x70, 0x5f, 0x64, 0x73, 0x36, 0x5f,
  0x6e, 0x62, 0x72, 0x5f, 0x6e, 0x65, 0x78, 0x74, 0x00, 0x5f, 0x5f, 0x69,
  0x73, 0x72, 0x5f, 0x39, 0x00, 0x5f, 0x5f, 0x55, 0x43, 0x41, 0x30, 0x49,
  0x52, 0x54, 0x43, 0x54, 0x4c, 0x00, 0x67, 0x70, 0x69, 0x6f, 0x5f, 0x68,
  0x61, 0x6c, 0x5f, 0x61, 0x72, 0x63, 0x68, 0x5f, 0x70, 0x6f, 0x72, 0x74,
  0x5f, 0x73, 0x65, 0x74, 0x5f, 0x70, 0x69, 0x6e, 0x00, 0x63, 0x73, 0x6d,
  0x61, 0x5f, 0x73, 0x65, 0x63, 0x75, 0x72, 0x69, 0x74, 0x79, 0x5f, 0x63,
  0x72, 0x65, 0x61, 0x74, 0x65, 0x5f, 0x66, 0x72, 0x61, 0x6d, 0x65, 0x00,
  0x5f, 0x5f, 0x64, 0x61, 0x74, 0x61, 0x5f, 0x73, 0x74, 0x61, 0x72, 0x74,
  0x5f, 0x72, 0x6f, 0x6d, 0x00, 0x5f, 0x5f, 0x50, 0x38, 0x52, 0x45, 0x4e,
  0x00, 0x5f, 0x5f, 0x6e, 0x6f, 0x69, 0x6e, 0x69, 0x74, 0x5f, 0x65, 0x6e,
  0x64, 0x00, 0x5f, 0x5f, 0x43, 0x41, 0x4c, 0x44, 0x43, 0x4f, 0x5f, 0x31,
  0x4d, 0x48, 0x5a, 0x00, 0x5f, 0x5f, 0x55, 0x43, 0x41, 0x30, 0x54, 0x58,
  0x42, 0x55, 0x46, 0x00, 0x72, 0x70, 0x6c, 0x5f, 0x65, 0x78, 0x74, 0x5f,
  0x68, 0x65, 0x61, 0x64, 0x65, 0x72, 0x5f, 0x75, 0x70, 0x64, 0x61, 0x74,
  0x65, 0x00, 0x5f, 0x5f, 0x54, 0x42, 0x43, 0x43, 0x54, 0x4c, 0x35, 0x00,
  0x72, 0x70, 0x6c, 0x5f, 0x6e, 0x65, 0x69, 0x67, 0x68, 0x62, 0x6f, 0x72,
  0x5f, 0x67, 0x65, 0x74, 0x5f, 0x6c, 0x6c, 0x61, 0x64, 0x64, 0x72, 0x00,
  0x72, 0x70, 0x6c, 0x5f, 0x74, 0x69, 0x6d, 0x65, 0x72, 0x73, 0x5f, 0x73,
  0x74, 0x6f, 0x70, 0x5f, 0x64, 0x61, 0x67, 0x5f, 0x74, 0x69, 0x6d, 0x65,
  0x72, 0x73, 0x00, 0x5f, 0x5f, 0x44, 0x4d, 0x41, 0x31, 0x53, 0x41, 0x4c,
  0x00, 0x75, 0x69, 0x70, 0x5f, 0x69, 0x63, 0x6d, 0x70, 0x36, 0x5f, 0x65,
  0x72, 0x72, 0x6f, 0x72, 0x5f, 0x6f, 0x75, 0x74, 0x70, 0x75, 0x74, 0x00,
  0x73, 0x70, 0x69, 0x5f, 0x61, 0x72, 0x63, 0x68, 0x5f, 0x68, 0x61, 0x73,
  0x5f, 0x6c, 0x6f, 0x63, 0x6b, 0x00, 0x61, 0x63, 0x63, 0x6d, 0x5f, 0x69,
  0x6e, 0x69, 0x74, 0x00, 0x5f, 0x5f, 0x66, 0x61, 0x72, 0x5f, 0x62, 0x73,
  0x73, 0x5f, 0x65, 0x6e, 0x64, 0x00, 0x5f, 0x5f, 0x69, 0x6e, 0x69, 0x74,
  0x5f, 0x73, 0x74, 0x61, 0x63, 0x6b, 0x00, 0x6d, 0x61, 0x63, 0x5f, 0x73,
  0x65, 0x71, 0x75, 0x65, 0x6e, 0x63, 0x65, 0x5f, 0x72, 0x65, 0x67, 0x69,
  0x73, 0x74, 0x65, 0x72, 0x5f, 0x73, 0x65, 0x71, 0x6e, 0x6f, 0x00, 0x72,
  0x70, 0x6c, 0x5f, 0x74, 0x69, 0x6d, 0x65, 0x72, 0x73, 0x5f, 0x73, 0x63,
  0x68, 0x65, 0x64, 0x75, 0x6c, 0x65, 0x5f, 0x70, 0x65, 0x72, 0x69, 0x6f,
  0x64, 0x69, 0x63, 0x5f, 0x64, 0x69, 0x73, 0x00, 0x5f, 0x5f, 0x55, 0x43,
  0x41, 0x30, 0x41, 0x42, 0x43, 0x54, 0x4c, 0x00, 0x5f, 0x5f, 0x41, 0x44,
  0x43, 0x31, 0x32, 0x4d, 0x43, 0x54, 0x4c, 0x36, 0x00, 0x75, 0x69, 0x70,
  0x5f, 0x73, 0x72, 0x5f, 0x69, 0x73, 0x5f, 0x61, 0x64, 0x64, 0x72, 0x5f,
  0x72, 0x65, 0x61, 0x63, 0x68, 0x61, 0x62, 0x6c, 0x65, 0x00, 0x72, 0x70,
  0x6c, 0x5f, 0x6d, 0x72, 0x68, 0x6f, 0x66, 0x00, 0x65, 0x6e, 0x65, 0x72,
  0x67, 0x65, 0x73, 0x74, 0x5f, 0x69, 0x6e, 0x69, 0x74, 0x00, 0x63, 0x74,
  0x69, 0x6d, 0x65, 0x72, 0x5f, 0x73, 0x74, 0x6f, 0x70, 0x00, 0x74, 0x69,
  0x6d, 0x65, 0x72, 0x5f, 0x73, 0x65, 0x74, 0x00, 0x5f, 0x5f, 0x54, 0x42,
  0x43, 0x43, 0x54, 0x4c, 0x33, 0x00, 0x73, 0x74, 0x61, 0x63, 0x6b, 0x5f,
  0x63, 0x68, 0x65, 0x63, 0x6b, 0x5f, 0x67, 0x65, 0x74, 0x5f, 0x75, 0x73,
  0x61, 0x67, 0x65, 0x00, 0x74, 0x63, 0x70, 0x69, 0x70, 0x5f, 0x70, 0x72,
  0x6f, 0x63, 0x65, 0x73, 0x73, 0x00, 0x63, 0x63, 0x32, 0x34, 0x32, 0x30,
  0x5f, 0x6f, 0x66, 0x66, 0x00, 0x5f, 0x5f, 0x50, 0x33, 0x4f, 0x55, 0x54,
  0x00, 0x72, 0x70, 0x6c, 0x5f, 0x6c, 0x6f, 0x63, 0x61, 0x6c, 0x5f, 0x72,
  0x65, 0x70, 0x61, 0x69, 0x72, 0x00, 0x74, 0x69, 0x6d, 0x65, 0x72, 0x5f,
  0x72, 0x65, 0x73, 0x65, 0x74, 0x00, 0x5f, 0x5f, 0x69, 0x73, 0x72, 0x5f,
  0x33, 0x30, 0x00, 0x5f, 0x5f, 0x44, 0x41, 0x43, 0x31, 0x32, 0x5f, 0x31,
  0x44, 0x41, 0x54, 0x00, 0x72, 0x70, 0x6c, 0x5f, 0x69, 0x63, 0x6d, 0x70,
  0x36, 0x5f, 0x64, 0x61, 0x6f, 0x5f, 0x6f, 0x75, 0x74, 0x70, 0x75, 0x74,
  0x00, 0x72, 0x70, 0x6c, 0x5f, 0x74, 0x69, 0x6d, 0x65, 0x72, 0x73, 0x5f,
  0x75, 0x6e, 0x73, 0x63, 0x68, 0x65, 0x64, 0x75, 0x6c, 0x65, 0x5f, 0x73,
  0x74, 0x61, 0x74, 0x65, 0x5f, 0x75, 0x70, 0x64, 0x61, 0x74, 0x65, 0x00,
  0x5f, 0x5f, 0x69, 0x76, 0x74, 0x62, 0x6c, 0x5f, 0x33, 0x32, 0x00, 0x66,
  0x72, 0x61, 0x6d, 0x65, 0x38, 0x30, 0x32, 0x31, 0x35, 0x34, 0x5f, 0x70,
  0x61, 0x72, 0x73, 0x65, 0x00, 0x5f, 0x5f, 0x64, 0x74, 0x6f, 0x72, 0x73,
  0x5f, 0x73, 0x74, 0x61, 0x72, 0x74, 0x00, 0x5f, 0x5f, 0x69, 0x73, 0x72,
  0x5f, 0x36, 0x00, 0x5f, 0x5f, 0x63, 0x74, 0x6f, 0x72, 0x73, 0x5f, 0x65,
  0x6e, 0x64, 0x00, 0x5f, 0x5f, 0x4d, 0x50, 0x59, 0x53, 0x00, 0x74, 0x63,
  0x70, 0x69, 0x70, 0x5f, 0x69, 0x6e, 0x70, 0x75, 0x74, 0x00, 0x5f, 0x5f,
  0x55, 0x43, 0x41, 0x30, 0x42, 0x52, 0x30, 0x00, 0x6e, 0x62, 0x72, 0x5f,
  0x74, 0x61, 0x62, 0x6c, 0x65, 0x5f, 0x6e, 0x65, 0x78, 0x74, 0x00, 0x5f,
  0x5f, 0x69, 0x73, 0x72, 0x5f, 0x32, 0x32, 0x00, 0x72, 0x70, 0x6c, 0x5f,
  0x69, 0x63, 0x6d, 0x70, 0x36, 0x5f, 0x64, 0x61, 0x6f, 0x5f, 0x61, 0x63,
  0x6b, 0x5f, 0x6f, 0x75, 0x74, 0x70, 0x75, 0x74, 0x00, 0x75, 0x69, 0x70,
  0x5f, 0x64, 0x73, 0x36, 0x5f, 0x64, 0x65, 0x66, 0x72, 0x74, 0x5f, 0x63,
  0x68, 0x6f, 0x6f, 0x73, 0x65, 0x00, 0x66, 0x72, 0x61, 0x6d, 0x65, 0x38,
  0x30, 0x32, 0x31, 0x35, 0x34, 0x5f, 0x68, 0x64, 0x72, 0x6c, 0x65, 0x6e,
  0x00, 0x5f, 0x5f, 0x73, 0x74, 0x61, 0x63, 0x6b, 0x00, 0x73, 0x65, 0x6e,
  0x73, 0x6f, 0x72, 0x73, 0x5f, 0x63, 0x68, 0x61, 0x6e, 0x67, 0x65, 0x64,
  0x00, 0x74, 0x72, 0x61, 0x6e, 0x73, 0x6d, 0x69, 0x74, 0x5f, 0x64, 0x61,
  0x74, 0x61, 0x32, 0x00, 0x72, 0x70, 0x6c, 0x5f, 0x69, 0x63, 0x6d, 0x70,
  0x36, 0x5f, 0x75, 0x70, 0x64, 0x61, 0x74, 0x65, 0x5f, 0x6e, 0x62, 0x72,
  0x5f, 0x74, 0x61, 0x62, 0x6c, 0x65, 0x00, 0x5f, 0x5f, 0x50, 0x36, 0x53,
  0x45, 0x4c, 0x00, 0x5f, 0x5f, 0x69, 0x73, 0x72, 0x5f, 0x31, 0x00, 0x70,
  0x72, 0x6f, 0x63, 0x65, 0x73, 0x73, 0x5f, 0x72, 0x75, 0x6e, 0x00, 0x72,
  0x70, 0x6c, 0x5f, 0x6e, 0x65, 0x69, 0x67, 0x68, 0x62, 0x6f, 0x72, 0x5f,
  0x67, 0x65, 0x74, 0x5f, 0x6c, 0x69, 0x6e, 0x6b, 0x5f, 0x73, 0x74, 0x61,
  0x74, 0x73, 0x00, 0x5f, 0x5f, 0x41, 0x44, 0x43, 0x31, 0x32, 0x4d, 0x43,
  0x54, 0x4c, 0x31, 0x32, 0x00, 0x75, 0x69, 0x70, 0x5f, 0x6c, 0x61, 0x73,
  0x74, 0x5f, 0x70, 0x72, 0x6f, 0x74, 0x6f, 0x00, 0x63, 0x75, 0x72, 0x72,
  0x5f, 0x6c, 0x6f, 0x67, 0x5f, 0x6c, 0x65, 0x76, 0x65, 0x6c, 0x5f, 0x69,
  0x70, 0x76, 0x36, 0x00, 0x66, 0x72, 0x61, 0x6d, 0x65, 0x38, 0x30, 0x32,
  0x31, 0x35, 0x34, 0x5f, 0x70, 0x61, 0x72, 0x73, 0x65, 0x5f, 0x66, 0x63,
  0x66, 0x00, 0x66, 0x72, 0x61, 0x6d, 0x65, 0x72, 0x5f, 0x38, 0x30, 0x32,
  0x31, 0x35, 0x34, 0x00, 0x5f, 0x5f, 0x66, 0x61, 0x72, 0x5f, 0x64, 0x61,
  0x74, 0x61, 0x5f, 0x73, 0x74, 0x61, 0x72, 0x74, 0x00, 0x75, 0x69, 0x70,
  0x62, 0x75, 0x66, 0x5f, 0x63, 0x6c, 0x65, 0x61, 0x72, 0x5f, 0x61, 0x74,
  0x74, 0x72, 0x00, 0x5f, 0x65, 0x64, 0x61, 0x74, 0x61, 0x00, 0x70, 0x72,
  0x6f, 0x63, 0x65, 0x73, 0x73, 0x5f, 0x63, 0x75, 0x72, 0x72, 0x65, 0x6e,
  0x74, 0x00, 0x75, 0x69, 0x70, 0x5f, 0x64, 0x73, 0x36, 0x5f, 0x69, 0x73,
  0x5f, 0x61, 0x64, 0x64, 0x72, 0x5f, 0x6f, 0x6e, 0x6c, 0x69, 0x6e, 0x6b,
  0x00, 0x5f, 0x65, 0x6e, 0x64, 0x00, 0x5f, 0x5f, 0x55, 0x43, 0x31, 0x49,
  0x45, 0x00, 0x72, 0x78, 0x5f, 0x62, 0x75, 0x66, 0x5f, 0x70, 0x74, 0x72,
  0x00, 0x75, 0x69, 0x70, 0x5f, 0x65, 0x78, 0x74, 0x5f, 0x6c, 0x65, 0x6e,
  0x00, 0x69, 0x32, 0x63, 0x5f, 0x74, 0x72, 0x61, 0x6e, 0x73, 0x6d, 0x69,
  0x74, 0x5f, 0x6e, 0x00, 0x67, 0x70, 0x69, 0x6f, 0x5f, 0x68, 0x61, 0x6c,
  0x5f, 0x61, 0x72, 0x63, 0x68, 0x5f, 0x70, 0x6f, 0x72, 0x74, 0x5f, 0x72,
  0x65, 0x61, 0x64, 0x5f, 0x70, 0x69, 0x6e, 0x73, 0x00, 0x74, 0x69, 0x6d,
  0x65, 0x72, 0x61, 0x30, 0x00, 0x65, 0x74, 0x69, 0x6d, 0x65, 0x72, 0x5f,
  0x65, 0x78, 0x70, 0x69, 0x72, 0x65, 0x64, 0x00, 0x63, 0x73, 0x6d, 0x61,
  0x5f, 0x6f, 0x75, 0x74, 0x70, 0x75, 0x74, 0x5f, 0x70, 0x61, 0x63, 0x6b,
  0x65, 0x74, 0x00, 0x5f, 0x5f, 0x54, 0x42, 0x43, 0x43, 0x52, 0x31, 0x00,
  0x73, 0x65, 0x6e, 0x73, 0x6f, 0x72, 0x73, 0x5f, 0x66, 0x6c, 0x61, 0x67,
  0x73, 0x00, 0x75, 0x69, 0x70, 0x5f, 0x64, 0x73, 0x36, 0x5f, 0x70, 0x65,
  0x72, 0x69, 0x6f, 0x64, 0x69, 0x63, 0x00, 0x61, 0x75, 0x74, 0x6f, 0x73,
  0x74, 0x61, 0x72, 0x74, 0x5f, 0x70, 0x72, 0x6f, 0x63, 0x65, 0x73, 0x73,
  0x65, 0x73, 0x00, 0x72, 0x70, 0x6c, 0x5f, 0x64, 0x61, 0x67, 0x5f, 0x72,
  0x65, 0x61, 0x64, 0x79, 0x5f, 0x74, 0x6f, 0x5f, 0x61, 0x64, 0x76, 0x65,
  0x72, 0x74, 0x69, 0x73, 0x65, 0x00, 0x6c, 0x69, 0x6e, 0x6b, 0x5f, 0x73,
  0x74, 0x61, 0x74, 0x73, 0x5f, 0x69, 0x6e, 0x69, 0x74, 0x00, 0x72, 0x70,
  0x6c, 0x5f, 0x64, 0x61, 0x67, 0x5f, 0x70, 0x65, 0x72, 0x69, 0x6f, 0x64,
  0x69, 0x63, 0x00, 0x63, 0x63, 0x32, 0x34, 0x32, 0x30, 0x5f, 0x72, 0x73,
  0x73, 0x69, 0x00, 0x5f, 0x5f, 0x54, 0x42, 0x49, 0x56, 0x00, 0x70, 0x61,
  0x63, 0x6b, 0x65, 0x74, 0x62, 0x75, 0x66, 0x5f, 0x68, 0x64, 0x72, 0x72,
  0x65, 0x64, 0x75, 0x63, 0x65, 0x00, 0x5f, 0x5f, 0x44, 0x41, 0x43, 0x31,
  0x32, 0x5f, 0x30, 0x43, 0x54, 0x4c, 0x00, 0x5f, 0x5f, 0x66, 0x61, 0x72,
  0x5f, 0x64, 0x61, 0x74, 0x61, 0x5f, 0x6c, 0x6f, 0x61, 0x64, 0x5f, 0x73,
  0x74, 0x61, 0x72, 0x74, 0x00, 0x6e, 0x62, 0x72, 0x5f, 0x74, 0x61, 0x62,
  0x6c, 0x65, 0x5f, 0x67, 0x65, 0x74, 0x5f, 0x6c, 0x6c, 0x61, 0x64, 0x64,
  0x72, 0x00, 0x74, 0x6d, 0x70, 0x31, 0x30, 0x32, 0x00, 0x72, 0x70, 0x6c,
  0x5f, 0x64, 0x61, 0x67, 0x5f, 0x70, 0x6f, 0x69, 0x73, 0x6f, 0x6e, 0x5f,
  0x61, 0x6e, 0x64, 0x5f, 0x6c, 0x65, 0x61, 0x76, 0x65, 0x00, 0x5f, 0x5f,
  0x41, 0x44, 0x43, 0x31, 0x32, 0x4d, 0x45, 0x4d, 0x31, 0x35, 0x00, 0x5f,
  0x5f, 0x64, 0x61, 0x74, 0x61, 0x5f, 0x65, 0x6e, 0x64, 0x5f, 0x72, 0x6f,
  0x6d, 0x00, 0x5f, 0x5f, 0x6d, 0x6f, 0x64, 0x73, 0x69, 0x33, 0x00, 0x70,
  0x61, 0x63, 0x6b, 0x65, 0x74, 0x62, 0x75, 0x66, 0x5f, 0x64, 0x61, 0x74,
  0x61, 0x70, 0x74, 0x72, 0x00, 0x5f, 0x5f, 0x4d, 0x41, 0x43, 0x00, 0x73,
  0x74, 0x69, 0x6d, 0x65, 0x72, 0x5f, 0x65, 0x78, 0x70, 0x69, 0x72, 0x65,
  0x64, 0x00, 0x5f, 0x5f, 0x42, 0x43, 0x53, 0x43, 0x54, 0x4c, 0x32, 0x00,
  0x72, 0x70, 0x6c, 0x5f, 0x6e, 0x62, 0x72, 0x5f, 0x67, 0x63, 0x5f, 0x67,
  0x65, 0x74, 0x5f, 0x77, 0x6f, 0x72, 0x73, 0x74, 0x00, 0x5f, 0x65, 0x6e,
  0x64, 0x6c, 0x65, 0x73, 0x73, 0x5f, 0x6c, 0x6f, 0x6f, 0x70, 0x5f, 0x5f,
  0x00, 0x72, 0x70, 0x6c, 0x5f, 0x6e, 0x65, 0x69, 0x67, 0x68, 0x62, 0x6f,
  0x72, 0x5f, 0x73, 0x65, 0x6c, 0x65, 0x63, 0x74, 0x5f, 0x62, 0x65, 0x73,
  0x74, 0x00, 0x5f, 0x5f, 0x44, 0x4d, 0x41, 0x43, 0x54, 0x4c, 0x30, 0x00,
  0x5f, 0x5f, 0x50, 0x34, 0x53, 0x45, 0x4c, 0x00, 0x5f, 0x5f, 0x54, 0x42,
  0x43, 0x43, 0x52, 0x32, 0x00, 0x5f, 0x5f, 0x50, 0x31, 0x53, 0x45, 0x4c,
  0x32, 0x00, 0x5f, 0x5f, 0x69, 0x73, 0x72, 0x5f, 0x31, 0x35, 0x00, 0x5f,
  0x5f, 0x50, 0x31, 0x44, 0x49, 0x52, 0x00, 0x5f, 0x5f, 0x41, 0x44, 0x43,
  0x31, 0x32, 0x4d, 0x45, 0x4d, 0x33, 0x00, 0x70, 0x72, 0x65, 0x73, 0x63,
  0x61, 0x6c, 0x65, 0x5f, 0x6c, 0x73, 0x62, 0x00, 0x75, 0x69, 0x70, 0x5f,
  0x69, 0x6e, 0x69, 0x74, 0x00, 0x75, 0x69, 0x70, 0x5f, 0x64, 0x73, 0x36,
  0x5f, 0x73, 0x65, 0x6c, 0x65, 0x63, 0x74, 0x5f, 0x73, 0x72, 0x63, 0x00,
  0x72, 0x70, 0x6c, 0x5f, 0x6e, 0x65, 0x69, 0x67, 0x68, 0x62, 0x6f, 0x72,
  0x5f, 0x63, 0x6f, 0x75, 0x6e, 0x74, 0x00, 0x63, 0x6c, 0x6f, 0x63, 0x6b,
  0x5f, 0x74, 0x69, 0x6d, 0x65, 0x00, 0x5f, 0x5f, 0x55, 0x43, 0x41, 0x30,
  0x49, 0x52, 0x52, 0x43, 0x54, 0x4c, 0x00, 0x5f, 0x5f, 0x50, 0x33, 0x52,
  0x45, 0x4e, 0x00, 0x69, 0x32, 0x63, 0x5f, 0x65, 0x6e, 0x61, 0x62, 0x6c,
  0x65, 0x00, 0x5f, 0x5f, 0x54, 0x41, 0x43, 0x43, 0x54, 0x4c, 0x31, 0x00,
  0x75, 0x69, 0x70, 0x5f, 0x64, 0x73, 0x36, 0x5f, 0x6e, 0x62, 0x72, 0x5f,
  0x68, 0x65, 0x61, 0x64, 0x00, 0x70, 0x6c, 0x61, 0x74, 0x66, 0x6f, 0x72,
  0x6d, 0x5f, 0x69, 0x6e, 0x69, 0x74, 0x5f, 0x73, 0x74, 0x61, 0x67, 0x65,
  0x5f, 0x74, 0x77, 0x6f, 0x00, 0x63, 0x63, 0x32, 0x34, 0x32, 0x30, 0x5f,
  0x73, 0x66, 0x64, 0x5f, 0x65, 0x6e, 0x64, 0x5f, 0x74, 0x69, 0x6d, 0x65,
  0x00, 0x5f, 0x5f, 0x55, 0x43, 0x41, 0x31, 0x42, 0x52, 0x31, 0x00, 0x5f,
  0x5f, 0x66, 0x61, 0x72, 0x5f, 0x62, 0x73, 0x73, 0x5f, 0x73, 0x69, 0x7a,
  0x65, 0x00, 0x5f, 0x5f, 0x55, 0x43, 0x42, 0x30, 0x54, 0x58, 0x42, 0x55,
  0x46, 0x00, 0x72, 0x70, 0x6c, 0x5f, 0x70, 0x72, 0x6f, 0x63, 0x65, 0x73,
  0x73, 0x5f, 0x68, 0x62, 0x68, 0x00, 0x72, 0x70, 0x6c, 0x5f, 0x64, 0x61,
  0x67, 0x5f, 0x73, 0x74, 0x61, 0x74, 0x65, 0x5f, 0x74, 0x6f, 0x5f, 0x73,
  0x74, 0x72, 0x00, 0x75, 0x69, 0x70, 0x5f, 0x64, 0x73, 0x36, 0x5f, 0x61,
  0x64, 0x64, 0x72, 0x5f, 0x6c, 0x6f, 0x6f, 0x6b, 0x75, 0x70, 0x00, 0x5f,
  0x5f, 0x43, 0x41, 0x4c, 0x42, 0x43, 0x31, 0x5f, 0x31, 0x4d, 0x48, 0x5a,
  0x00, 0x68, 0x65, 0x6c, 0x6c, 0x6f, 0x5f, 0x77, 0x6f, 0x72, 0x6c, 0x64,
  0x5f, 0x70, 0x72, 0x6f, 0x63, 0x65, 0x73, 0x73, 0x00, 0x5f, 0x5f, 0x53,
  0x56, 0x53, 0x43, 0x54, 0x4c, 0x00, 0x73, 0x74, 0x69, 0x6d, 0x65, 0x72,
  0x5f, 0x73, 0x65, 0x74, 0x00, 0x5f, 0x73, 0x74, 0x61, 0x63, 0x6b, 0x00,
  0x5f, 0x5f, 0x6c, 0x6f, 0x77, 0x5f, 0x6c, 0x65, 0x76, 0x65, 0x6c, 0x5f,
  0x69, 0x6e, 0x69, 0x74, 0x00, 0x75, 0x69, 0x70, 0x5f, 0x75, 0x64, 0x70,
  0x63, 0x68, 0x6b, 0x73, 0x75, 0x6d, 0x00, 0x70, 0x61, 0x63, 0x6b, 0x65,
  0x74, 0x62, 0x75, 0x66, 0x5f, 0x63, 0x6c, 0x65, 0x61, 0x72, 0x00, 0x72,
  0x70, 0x6c, 0x5f, 0x64, 0x61, 0x67, 0x5f, 0x75, 0x70, 0x64, 0x61, 0x74,
  0x65, 0x5f, 0x73, 0x74, 0x61, 0x74, 0x65, 0x00, 0x72, 0x70, 0x6c, 0x5f,
  0x6e, 0x65, 0x69, 0x67, 0x68, 0x62, 0x6f, 0x72, 0x73, 0x00, 0x5f, 0x5f,
  0x69, 0x73, 0x72, 0x5f, 0x31, 0x37, 0x00, 0x6d, 0x65, 0x6d, 0x62, 0x5f,
  0x6e, 0x75, 0x6d, 0x66, 0x72, 0x65, 0x65, 0x00, 0x73, 0x65, 0x6e, 0x73,
  0x6f, 0x72, 0x73, 0x5f, 0x65, 0x76, 0x65, 0x6e, 0x74, 0x00, 0x5f, 0x5f,
  0x50, 0x34, 0x52, 0x45, 0x4e, 0x00, 0x72, 0x74, 0x69, 0x6d, 0x65, 0x72,
  0x5f, 0x69, 0x6e, 0x69, 0x74, 0x00, 0x5f, 0x5f, 0x64, 0x61, 0x74, 0x61,
  0x5f, 0x73, 0x74, 0x61, 0x72, 0x74, 0x00, 0x5f, 0x5f, 0x55, 0x43, 0x41,
  0x31, 0x43, 0x54, 0x4c, 0x31, 0x00, 0x5f, 0x5f, 0x54, 0x42, 0x43, 0x43,
  0x54, 0x4c, 0x36, 0x00, 0x5f, 0x5f, 0x69, 0x73, 0x72, 0x5f, 0x32, 0x31,
  0x00, 0x62, 0x75, 0x74, 0x74, 0x6f, 0x6e, 0x5f, 0x73, 0x65, 0x6e, 0x73,
  0x6f, 0x72, 0x00, 0x6d, 0x73, 0x70, 0x34, 0x33, 0x30, 0x5f, 0x69, 0x6e,
  0x69, 0x74, 0x5f, 0x64, 0x63, 0x6f, 0x00, 0x77, 0x61, 0x74, 0x63, 0x68,
  0x64, 0x6f, 0x67, 0x5f, 0x69, 0x6e, 0x69, 0x74, 0x00, 0x6c, 0x6f, 0x67,
  0x5f, 0x36, 0x61, 0x64, 0x64, 0x72, 0x00, 0x75, 0x69, 0x70, 0x5f, 0x64,
  0x73, 0x36, 0x5f, 0x72, 0x6f, 0x75, 0x74, 0x65, 0x5f, 0x69, 0x6e, 0x69,
  0x74, 0x00, 0x5f, 0x5f, 0x44, 0x4d, 0x41, 0x31, 0x44, 0x41, 0x00, 0x5f,
  0x5f, 0x57, 0x44, 0x54, 0x43, 0x54, 0x4c, 0x00, 0x61, 0x75, 0x74, 0x6f,
  0x73, 0x74, 0x61, 0x72, 0x74, 0x5f, 0x73, 0x74, 0x61, 0x72, 0x74, 0x00,
  0x5f, 0x5f, 0x41, 0x44, 0x43, 0x31, 0x32, 0x4d, 0x43, 0x54, 0x4c, 0x33,
  0x00, 0x5f, 0x5f, 0x49, 0x45, 0x31, 0x00, 0x72, 0x70, 0x6c, 0x5f, 0x6c,
  0x69, 0x6e, 0x6b, 0x5f, 0x63, 0x61, 0x6c, 0x6c, 0x62, 0x61, 0x63, 0x6b,
  0x00, 0x72, 0x70, 0x6c, 0x5f, 0x74, 0x69, 0x6d, 0x65, 0x72, 0x73, 0x5f,
  0x6e, 0x6f, 0x74, 0x69, 0x66, 0x79, 0x5f, 0x64, 0x61, 0x6f, 0x5f, 0x61,
  0x63, 0x6b, 0x00, 0x6c, 0x69, 0x73, 0x74, 0x5f, 0x72, 0x65, 0x6d, 0x6f,
  0x76, 0x65, 0x00, 0x5f, 0x5f, 0x55, 0x43, 0x42, 0x31, 0x43, 0x54, 0x4c,
  0x31, 0x00, 0x73, 0x65, 0x6e, 0x73, 0x6f, 0x72, 0x73, 0x00, 0x5f, 0x5f,
  0x43, 0x41, 0x43, 0x54, 0x4c, 0x31, 0x00, 0x5f, 0x5f, 0x54, 0x4c, 0x56,
  0x5f, 0x44, 0x43, 0x4f, 0x5f, 0x33, 0x30, 0x5f, 0x54, 0x41, 0x47, 0x00,
  0x5f, 0x5f, 0x50, 0x31, 0x49, 0x4e, 0x00, 0x5f, 0x5f, 0x50, 0x34, 0x49,
  0x4e, 0x00, 0x70, 0x61, 0x63, 0x6b, 0x65, 0x74, 0x62, 0x75, 0x66, 0x5f,
  0x61, 0x74, 0x74, 0x72, 0x5f, 0x63, 0x6c, 0x65, 0x61, 0x72, 0x00, 0x5f,
  0x5f, 0x41, 0x44, 0x43, 0x31, 0x32, 0x4d, 0x43, 0x54, 0x4c, 0x31, 0x31,
  0x00, 0x75, 0x69, 0x70, 0x5f, 0x73, 0x72, 0x5f, 0x6c, 0x69, 0x6e, 0x6b,
  0x5f, 0x73, 0x6e, 0x70, 0x72, 0x69, 0x6e, 0x74, 0x00, 0x6c, 0x69, 0x6e,
  0x6b, 0x5f, 0x73, 0x74, 0x61, 0x74, 0x73, 0x5f, 0x69, 0x6e, 0x70, 0x75,
  0x74, 0x5f, 0x63, 0x61, 0x6c, 0x6c, 0x62, 0x61, 0x63, 0x6b, 0x00, 0x5f,
  0x5f, 0x53, 0x55, 0x4d, 0x45, 0x58, 0x54, 0x00, 0x75, 0x69, 0x70, 0x5f,
  0x73, 0x6c, 0x65, 0x6e, 0x00, 0x5f, 0x5f, 0x50, 0x35, 0x4f, 0x55, 0x54,
  0x00, 0x71, 0x75, 0x65, 0x75, 0x65, 0x62, 0x75, 0x66, 0x5f, 0x6e, 0x75,
  0x6d, 0x66, 0x72, 0x65, 0x65, 0x00, 0x75, 0x69, 0x70, 0x5f, 0x75, 0x64,
  0x70, 0x5f, 0x63, 0x6f, 0x6e, 0x6e, 0x73, 0x00, 0x75, 0x69, 0x70, 0x62,
  0x75, 0x66, 0x5f, 0x61, 0x64, 0x64, 0x5f, 0x65, 0x78, 0x74, 0x5f, 0x68,
  0x64, 0x72, 0x00, 0x6d, 0x61, 0x63, 0x5f, 0x63, 0x61, 0x6c, 0x6c, 0x5f,
  0x73, 0x65, 0x6e, 0x74, 0x5f, 0x63, 0x61, 0x6c, 0x6c, 0x62, 0x61, 0x63,
  0x6b, 0x00, 0x75, 0x69, 0x70, 0x5f, 0x73, 0x72, 0x5f, 0x66, 0x72, 0x65,
  0x65, 0x5f, 0x61, 0x6c, 0x6c, 0x00, 0x6c, 0x65, 0x64, 0x73, 0x5f, 0x69,
  0x6e, 0x69, 0x74, 0x00, 0x70, 0x6c, 0x61, 0x74, 0x66, 0x6f, 0x72, 0x6d,
  0x5f, 0x69, 0x6e, 0x69, 0x74, 0x5f, 0x73, 0x74, 0x61, 0x67, 0x65, 0x5f,
  0x6f, 0x6e, 0x65, 0x00
};
unsigned int new_firmware_z1_len = 129760;
